{"type": "FeatureCollection", "features": [{"type": "Feature", "properties": {"REGION": "Autonomous Region of Muslim Mindanao (ARMM)"}, "geometry": {"type": "MultiPolygon", "coordinates": [[[[119.4561, 4.9139], [119.495, 4.8356], [119.5072, 4.7603], [119.4819, 4.6683], [119.4589, 4.6419], [119.4658, 4.7908], [119.4447, 4.9022], [119.4561, 4.9139]]], [[[120.2106, 5.3492], [120.2214, 5.3294], [120.2153, 5.3019], [120.2539, 5.2761], [120.2305, 5.2338], [120.2394, 5.1822], [120.2189, 5.1472], [120.2236, 5.1244], [120.1661, 5.1447], [120.1934, 5.1836], [120.1697, 5.1936], [120.1581, 5.1636], [120.1181, 5.2144], [120.1242, 5.2411], [120.115, 5.2186], [120.1222, 5.1867], [120.0972, 5.1511], [120.0867, 5.1608], [120.072, 5.1461], [120.0744, 5.1683], [120.0566, 5.1488], [120.0422, 5.15], [120.0594, 5.1625], [120.0571, 5.1802], [120.04, 5.1814], [119.9961, 5.1549], [120.0003, 5.1314], [119.9877, 5.1402], [119.9912, 5.1228], [119.9781, 5.1176], [119.982, 5.1024], [119.9613, 5.077], [119.931, 5.0879], [119.8896, 5.0641], [119.8803, 5.0719], [119.8813, 5.0595], [119.8507, 5.0621], [119.8608, 5.0471], [119.8204, 5.056], [119.814, 5.0785], [119.8251, 5.1111], [119.8111, 5.1251], [119.8301, 5.1493], [119.8575, 5.1465], [119.9415, 5.1889], [119.9794, 5.2372], [120.0297, 5.2322], [120.0697, 5.2703], [120.0789, 5.2575], [120.0917, 5.2675], [120.0772, 5.2619], [120.0775, 5.2806], [120.1688, 5.3308], [120.1718, 5.3432], [120.2106, 5.3492]]], [[[120.851, 5.5873], [120.8671, 5.5848], [120.8822, 5.5528], [120.9058, 5.5402], [120.8827, 5.5006], [120.858, 5.4893], [120.817, 5.5262], [120.814, 5.5453], [120.8231, 5.5746], [120.851, 5.5873]]], [[[121.1111, 6.0914], [121.1542, 6.0778], [121.2063, 5.9961], [121.2797, 6.0194], [121.3172, 6.002], [121.3633, 6.0056], [121.3569, 5.9952], [121.3674, 5.9901], [121.37, 6.0063], [121.3933, 6.0106], [121.4184, 5.9952], [121.4252, 5.959], [121.4069, 5.9408], [121.3875, 5.9403], [121.3847, 5.9037], [121.3533, 5.9169], [121.2838, 5.8556], [121.2703, 5.8683], [121.2816, 5.8761], [121.2368, 5.8924], [121.2322, 5.9061], [121.2459, 5.92], [121.2369, 5.9365], [121.1956, 5.9535], [121.1822, 5.9344], [121.1714, 5.9433], [121.1622, 5.9244], [121.138, 5.9225], [121.1386, 5.9103], [121.0722, 5.8958], [121.0856, 5.8917], [121.0756, 5.8776], [121.0248, 5.9295], [120.9403, 5.8897], [120.8794, 5.9208], [120.8733, 5.9553], [120.9203, 6.0269], [120.9983, 6.055], [121.0192, 6.0881], [121.1111, 6.0914]]], [[[121.7686, 6.0934], [121.8172, 6.0408], [121.863, 6.0201], [121.9492, 6.0524], [121.911, 6.0184], [121.8556, 5.9981], [121.7761, 6.0533], [121.7558, 6.0781], [121.7686, 6.0934]]], [[[120.5963, 6.3948], [120.5783, 6.2506], [120.5331, 6.2389], [120.4786, 6.2539], [120.4806, 6.2719], [120.5197, 6.2653], [120.5561, 6.3733], [120.5963, 6.3948]]], [[[122.0628, 6.7517], [122.0969, 6.7133], [122.1364, 6.7169], [122.1438, 6.67], [122.2361, 6.6658], [122.2658, 6.6425], [122.3067, 6.6453], [122.3269, 6.6169], [122.3042, 6.5903], [122.2386, 6.5947], [122.2128, 6.5803], [122.1914, 6.5208], [122.1961, 6.4667], [122.1711, 6.4539], [122.1817, 6.4525], [122.0909, 6.4351], [122.0383, 6.4114], [121.9564, 6.4063], [121.9578, 6.43], [121.9192, 6.4464], [121.9027, 6.4828], [121.8702, 6.5039], [121.8742, 6.5372], [121.8649, 6.5429], [121.8794, 6.5589], [121.8511, 6.5881], [121.8244, 6.5831], [121.7979, 6.5982], [121.7936, 6.6281], [121.8331, 6.68], [121.8583, 6.6784], [121.8853, 6.6567], [121.9079, 6.6733], [121.9292, 6.6689], [121.9917, 6.7367], [122.0628, 6.7517]]], [[[118.5061, 7.0494], [118.5272, 7.0283], [118.5097, 6.9925], [118.5357, 6.9639], [118.5126, 6.9738], [118.4836, 6.9672], [118.4825, 6.9824], [118.4756, 6.9733], [118.4306, 6.9889], [118.43, 7.0072], [118.4081, 7.0206], [118.4536, 7.0364], [118.4769, 7.0286], [118.5061, 7.0494]]], [[[124.554, 8.0156], [124.5573, 7.984], [124.5974, 7.9066], [124.6248, 7.8895], [124.6173, 7.8708], [124.6312, 7.8464], [124.6612, 7.8353], [124.7076, 7.7551], [124.7349, 7.7312], [124.7289, 7.7012], [124.7531, 7.6799], [124.7538, 7.6532], [124.7972, 7.628], [124.8077, 7.607], [124.7003, 7.6398], [124.6486, 7.6131], [124.6081, 7.6224], [124.5684, 7.6731], [124.538, 7.6819], [124.4961, 7.6786], [124.4406, 7.652], [124.4337, 7.5202], [124.4865, 7.444], [124.4248, 7.3251], [124.4213, 7.2961], [124.4074, 7.3027], [124.3287, 7.1719], [124.3731, 7.1656], [124.4145, 7.2256], [124.4315, 7.2224], [124.4694, 7.2427], [124.5087, 7.2324], [124.4284, 7.0867], [124.4473, 7.0827], [124.4557, 7.0567], [124.5012, 7.0285], [124.5329, 7.0383], [124.5861, 6.9696], [124.6254, 6.9734], [124.664, 6.9461], [124.6887, 6.9521], [124.6849, 6.9706], [124.7183, 6.9968], [124.7047, 7.0046], [124.7137, 7.0154], [124.6992, 7.0489], [124.6778, 7.0603], [124.689, 7.0678], [124.684, 7.0796], [124.6981, 7.0821], [124.7014, 7.0673], [124.713, 7.0969], [124.7321, 7.0777], [124.7259, 7.1033], [124.7445, 7.1023], [124.7288, 7.1274], [124.6929, 7.1451], [124.6959, 7.1797], [124.7132, 7.1794], [124.709, 7.1905], [124.7943, 7.1095], [124.7937, 7.0849], [124.8224, 7.0837], [124.8203, 7.058], [124.7935, 7.0592], [124.79, 7.0112], [124.7897, 7.0003], [124.8077, 7.0004], [124.8143, 6.7809], [124.8428, 6.7682], [124.8975, 6.7832], [124.9481, 6.7573], [124.9601, 6.7368], [125.0037, 6.7206], [124.8776, 6.6544], [124.7993, 6.6494], [124.7783, 6.6729], [124.7459, 6.782], [124.6663, 6.7837], [124.6958, 6.8682], [124.6556, 6.8704], [124.6583, 6.8834], [124.5563, 6.8617], [124.5798, 6.7956], [124.5109, 6.7232], [124.2825, 6.724], [124.2653, 6.7535], [124.0413, 6.7504], [124.0106, 6.7942], [123.9704, 6.769], [123.9756, 6.7933], [123.9601, 6.7878], [123.9617, 6.8128], [123.9433, 6.8183], [123.9622, 6.8283], [123.9578, 6.855], [123.9753, 6.8672], [123.9564, 6.8947], [123.9694, 6.962], [124.0525, 7.1294], [124.0664, 7.1453], [124.1031, 7.1472], [124.1544, 7.1728], [124.1667, 7.195], [124.2122, 7.1944], [124.2394, 7.1728], [124.2139, 7.1956], [124.1608, 7.2031], [124.1717, 7.2247], [124.1878, 7.2211], [124.1806, 7.2297], [124.1975, 7.2426], [124.19, 7.2508], [124.2187, 7.2449], [124.2033, 7.2622], [124.2192, 7.3], [124.2139, 7.3447], [124.2022, 7.3508], [124.2561, 7.3481], [124.2603, 7.3742], [124.2483, 7.3772], [124.2497, 7.4064], [124.2353, 7.4175], [124.2236, 7.4053], [124.1961, 7.4214], [124.1553, 7.4022], [124.1797, 7.4147], [124.1281, 7.4464], [124.1444, 7.4503], [124.1447, 7.4639], [124.0311, 7.6317], [124.0128, 7.6472], [123.9789, 7.6456], [123.9731, 7.6645], [123.9167, 7.6923], [123.8193, 7.6972], [123.8391, 7.7268], [123.8354, 7.7413], [124.0009, 7.6942], [124.0143, 7.7226], [124.009, 7.7532], [124.0453, 7.8251], [124.0443, 7.8589], [124.0234, 7.8996], [124.1116, 7.9048], [124.1383, 7.9651], [124.1275, 8.002], [124.1589, 8.0154], [124.2141, 8.0158], [124.2793, 8.0823], [124.2759, 8.1318], [124.2984, 8.2078], [124.3318, 8.2122], [124.3463, 8.1958], [124.4662, 8.1603], [124.5049, 8.1329], [124.5426, 8.069], [124.554, 8.0156]]]]}}, {"type": "Feature", "properties": {"REGION": "Bicol Region (Region V)"}, "geometry": {"type": "MultiPolygon", "coordinates": [[[[123.2372, 12.6012], [123.3789, 12.5417], [123.3394, 12.5392], [123.3608, 12.4842], [123.3239, 12.4675], [123.3297, 12.4328], [123.3339, 12.4481], [123.3481, 12.4389], [123.3625, 12.4714], [123.3858, 12.4664], [123.3678, 12.4936], [123.3747, 12.5086], [123.4047, 12.5233], [123.4453, 12.5169], [123.5369, 12.4486], [123.5558, 12.4614], [123.5706, 12.4117], [123.61, 12.3831], [123.5742, 12.3547], [123.5847, 12.3475], [123.6211, 12.3614], [123.615, 12.3717], [123.6342, 12.3778], [123.6322, 12.3594], [123.6511, 12.3419], [123.6697, 12.3492], [123.695, 12.3325], [123.7833, 12.1956], [123.7939, 12.2011], [123.7811, 12.2264], [123.8, 12.2442], [123.8228, 12.2364], [123.8547, 12.1944], [123.8692, 12.2006], [123.8728, 12.2222], [123.895, 12.2089], [123.9189, 12.1522], [124.052, 11.968], [124.0484, 11.9474], [124.0125, 12.0083], [123.9976, 12.0114], [123.9925, 11.9878], [124.0133, 11.9683], [124.0127, 11.9512], [124.0247, 11.9519], [124.0699, 11.8536], [124.0553, 11.7952], [124.0744, 11.7448], [124.0702, 11.7218], [124.0497, 11.7273], [124.0136, 11.7864], [123.9194, 11.8656], [123.9376, 11.8931], [123.905, 11.8626], [123.8603, 11.8992], [123.8637, 11.9131], [123.8577, 11.9001], [123.7215, 11.9317], [123.7275, 11.9465], [123.7112, 11.9565], [123.7308, 11.9809], [123.75, 11.9831], [123.7214, 11.9994], [123.7297, 11.9856], [123.6994, 12.0197], [123.6497, 12.0475], [123.6408, 12.0661], [123.6672, 12.0723], [123.6639, 12.08], [123.647, 12.0844], [123.6411, 12.0692], [123.6006, 12.0747], [123.6144, 12.0956], [123.5319, 12.2172], [123.5403, 12.2294], [123.5306, 12.2197], [123.5375, 12.2106], [123.5, 12.2242], [123.485, 12.2106], [123.4289, 12.2011], [123.3683, 12.1083], [123.3361, 12.0933], [123.3244, 12.0706], [123.315, 12.0756], [123.3214, 12.0669], [123.2969, 12.0228], [123.2647, 12.0058], [123.2317, 11.9572], [123.2036, 11.9547], [123.1794, 11.9119], [123.1594, 11.9061], [123.1419, 11.9317], [123.1958, 12.0194], [123.1911, 12.0442], [123.2056, 12.0586], [123.2172, 12.1319], [123.2303, 12.1195], [123.2569, 12.1211], [123.2397, 12.1375], [123.2817, 12.1622], [123.2689, 12.1975], [123.2844, 12.2142], [123.2844, 12.1925], [123.2942, 12.2064], [123.3042, 12.1986], [123.2944, 12.2264], [123.3061, 12.2514], [123.2892, 12.2439], [123.2878, 12.2156], [123.2625, 12.2458], [123.2289, 12.2169], [123.2167, 12.2375], [123.2344, 12.2397], [123.2228, 12.2681], [123.2664, 12.3342], [123.2592, 12.3772], [123.2744, 12.3869], [123.2878, 12.4211], [123.2761, 12.4272], [123.2892, 12.4397], [123.2506, 12.4572], [123.2392, 12.56], [123.2494, 12.5619], [123.2319, 12.5797], [123.2372, 12.6012]]], [[[123.6247, 12.6936], [123.6553, 12.6497], [123.7097, 12.6239], [123.6978, 12.6161], [123.7078, 12.5978], [123.7042, 12.6117], [123.7267, 12.6119], [123.7361, 12.5831], [123.7208, 12.5769], [123.737, 12.5697], [123.7486, 12.5375], [123.7361, 12.5325], [123.7517, 12.5303], [123.7703, 12.4928], [123.7831, 12.4239], [123.7747, 12.4144], [123.7922, 12.4083], [123.7853, 12.3725], [123.8006, 12.3706], [123.7889, 12.3383], [123.7275, 12.4025], [123.7231, 12.4228], [123.6847, 12.4633], [123.6861, 12.4822], [123.6339, 12.5431], [123.6108, 12.6069], [123.5992, 12.6006], [123.5789, 12.6308], [123.5819, 12.6531], [123.5917, 12.6325], [123.6022, 12.6447], [123.615, 12.635], [123.5969, 12.6747], [123.6247, 12.6936]]], [[[122.9957, 13.1589], [123.012, 13.1377], [123.0449, 13.1357], [123.0399, 13.1136], [123.025, 13.1137], [123.028, 13.0981], [123.0545, 13.1207], [123.1833, 12.9144], [123.2386, 12.9106], [123.2758, 12.8908], [123.2878, 12.8185], [123.3847, 12.6934], [123.3594, 12.6961], [123.3344, 12.7219], [123.2619, 12.8322], [123.1992, 12.8414], [123.1706, 12.8845], [123.1386, 12.8919], [123.1475, 12.9056], [123.1078, 12.9244], [123.1081, 12.9431], [123.0856, 12.9522], [123.0903, 12.9633], [123.0772, 12.9569], [123.0636, 12.9981], [123.05, 12.9908], [123.0092, 13.0118], [122.9852, 13.0062], [122.9647, 13.0386], [122.9453, 13.0257], [122.9457, 13.0657], [122.9598, 13.0842], [122.9282, 13.1131], [122.9669, 13.1195], [122.9686, 13.1288], [122.9803, 13.1169], [122.9754, 13.1326], [122.9957, 13.1589]]], [[[124.1293, 13.2361], [124.2038, 13.2117], [124.2171, 13.1755], [124.1053, 13.1871], [124.0583, 13.207], [124.1293, 13.2361]]], [[[123.9768, 13.2807], [123.9849, 13.2603], [124.0034, 13.2876], [124.0292, 13.2592], [124.0447, 13.2797], [124.0993, 13.2588], [124.0663, 13.252], [124.0714, 13.2378], [124.023, 13.2165], [123.9933, 13.2261], [123.9925, 13.2383], [123.951, 13.2337], [123.9153, 13.2636], [123.9217, 13.2784], [123.9085, 13.287], [123.9504, 13.2909], [123.9699, 13.2806], [123.9816, 13.2905], [123.9768, 13.2807]]], [[[123.8545, 13.354], [123.9303, 13.3278], [123.8852, 13.2809], [123.9105, 13.2392], [123.8841, 13.2245], [123.8722, 13.2232], [123.8698, 13.2539], [123.8624, 13.2415], [123.8389, 13.2732], [123.8518, 13.2783], [123.8523, 13.3136], [123.8621, 13.3155], [123.84, 13.3362], [123.8545, 13.354]]], [[[124.2072, 14.099], [124.2715, 14.0168], [124.2853, 13.9438], [124.3145, 13.9341], [124.3093, 13.8943], [124.3237, 13.8995], [124.3294, 13.9327], [124.3541, 13.9397], [124.3573, 13.9057], [124.3849, 13.8929], [124.3886, 13.8714], [124.3957, 13.8992], [124.3981, 13.8764], [124.4033, 13.887], [124.4149, 13.8666], [124.3998, 13.8606], [124.4215, 13.8471], [124.3995, 13.8359], [124.4152, 13.8354], [124.41, 13.814], [124.4261, 13.7964], [124.4187, 13.7823], [124.3936, 13.7797], [124.4105, 13.7522], [124.3943, 13.7492], [124.4011, 13.7399], [124.385, 13.7161], [124.4163, 13.6644], [124.3783, 13.6438], [124.378, 13.6619], [124.3658, 13.6592], [124.3422, 13.6399], [124.351, 13.5955], [124.3267, 13.5572], [124.3454, 13.549], [124.3174, 13.5521], [124.3148, 13.5854], [124.2874, 13.5931], [124.2951, 13.605], [124.2146, 13.5652], [124.2082, 13.5164], [124.1717, 13.5311], [124.1084, 13.5919], [124.0478, 13.6017], [124.0638, 13.6163], [124.0571, 13.6111], [124.0232, 13.6627], [124.0951, 13.7046], [124.1358, 13.7954], [124.128, 13.8848], [124.1481, 13.9266], [124.1278, 13.977], [124.1256, 14.0025], [124.1395, 14.0147], [124.1262, 14.0606], [124.1708, 14.0512], [124.2072, 14.099]]], [[[122.5227, 14.345], [122.6102, 14.3144], [122.5968, 14.3033], [122.6203, 14.2891], [122.6314, 14.3216], [122.6398, 14.3006], [122.6314, 14.2849], [122.6501, 14.277], [122.6375, 14.2903], [122.6527, 14.3034], [122.649, 14.3149], [122.6589, 14.2898], [122.6648, 14.3008], [122.6936, 14.2849], [122.6704, 14.3415], [122.7134, 14.3399], [122.7238, 14.3114], [122.7511, 14.328], [122.7744, 14.3205], [122.7952, 14.305], [122.7862, 14.2857], [122.8074, 14.2835], [122.8034, 14.26], [122.7843, 14.2542], [122.8089, 14.2549], [122.804, 14.278], [122.8483, 14.2811], [122.9143, 14.2203], [122.8894, 14.2212], [122.9125, 14.2144], [122.9146, 14.1936], [122.938, 14.1905], [122.9886, 14.1236], [123.0143, 14.1118], [122.9931, 14.1015], [122.9956, 14.0839], [122.9802, 14.0761], [123.013, 14.1003], [123.0008, 14.0925], [123.0125, 14.0953], [123.0128, 14.0844], [123.0242, 14.1133], [123.0428, 14.1], [123.0488, 14.0686], [123.0322, 14.0647], [123.0303, 14.034], [123.057, 13.993], [123.0839, 13.9817], [123.0957, 13.8926], [123.0825, 13.8719], [123.0675, 13.8741], [123.0459, 13.7767], [123.1229, 13.7264], [123.2336, 13.7306], [123.2743, 13.7489], [123.3218, 13.8014], [123.3286, 13.7853], [123.3262, 13.8272], [123.2842, 13.8964], [123.3325, 13.9393], [123.3411, 13.9717], [123.3342, 13.9768], [123.3252, 13.9535], [123.3259, 13.9681], [123.3122, 13.9303], [123.2945, 13.9268], [123.2602, 13.948], [123.265, 13.9622], [123.2324, 13.9676], [123.2271, 13.9878], [123.2372, 13.9907], [123.2286, 14.0034], [123.259, 14.0015], [123.2642, 14.0117], [123.2322, 14.0264], [123.2872, 14.0317], [123.2551, 14.0723], [123.2767, 14.0722], [123.3178, 14.0344], [123.3086, 14.0675], [123.3467, 14.0686], [123.3286, 14.0908], [123.3411, 14.1056], [123.36, 14.0767], [123.3554, 14.0544], [123.3744, 14.0411], [123.3528, 14.0386], [123.3433, 14.0136], [123.3536, 14.0197], [123.3519, 14.0069], [123.3642, 14.0094], [123.388, 14.0351], [123.3939, 14.0211], [123.383, 14.0082], [123.3983, 14.0111], [123.4055, 13.9975], [123.3939, 13.987], [123.4162, 13.9844], [123.4082, 13.9446], [123.4296, 13.9147], [123.4165, 13.8858], [123.4301, 13.9261], [123.444, 13.9182], [123.4563, 13.9329], [123.4454, 13.9399], [123.4483, 13.9701], [123.5018, 13.941], [123.4895, 13.9127], [123.5165, 13.9303], [123.5206, 13.9145], [123.5427, 13.9088], [123.5447, 13.9329], [123.5736, 13.9167], [123.5794, 13.9044], [123.5669, 13.9019], [123.5806, 13.9025], [123.5826, 13.9144], [123.6023, 13.8931], [123.6435, 13.8823], [123.6638, 13.8934], [123.6797, 13.8777], [123.7061, 13.8907], [123.7141, 13.8833], [123.7017, 13.8913], [123.7028, 13.913], [123.7172, 13.9221], [123.7076, 13.943], [123.7305, 13.9202], [123.7384, 13.8847], [123.7424, 13.8932], [123.7597, 13.8643], [123.7816, 13.8604], [123.7756, 13.8505], [123.8024, 13.8469], [123.8475, 13.8107], [123.8671, 13.8257], [123.8992, 13.7963], [123.9417, 13.7954], [123.949, 13.7846], [123.9384, 13.7719], [123.9545, 13.768], [123.9484, 13.7539], [123.9668, 13.7571], [123.9755, 13.7398], [123.9692, 13.7087], [123.9642, 13.7263], [123.937, 13.7355], [123.9324, 13.7191], [123.8732, 13.7375], [123.8363, 13.6976], [123.8023, 13.6877], [123.7502, 13.7107], [123.6741, 13.721], [123.6574, 13.7069], [123.5603, 13.7361], [123.5701, 13.7173], [123.5839, 13.7234], [123.5506, 13.6754], [123.5348, 13.6209], [123.5452, 13.6038], [123.53, 13.6043], [123.5523, 13.6018], [123.5304, 13.5759], [123.548, 13.5522], [123.5675, 13.5624], [123.5839, 13.5538], [123.6248, 13.4918], [123.6773, 13.478], [123.7133, 13.4174], [123.7044, 13.4064], [123.7137, 13.4141], [123.7255, 13.3901], [123.7451, 13.3235], [123.8141, 13.289], [123.8165, 13.2547], [123.8315, 13.236], [123.832, 13.2674], [123.867, 13.2409], [123.8615, 13.2243], [123.8015, 13.2378], [123.7747, 13.228], [123.7542, 13.1683], [123.7568, 13.1447], [123.7823, 13.1307], [123.7858, 13.1143], [123.7758, 13.0894], [123.7513, 13.0895], [123.7652, 13.0754], [123.7527, 13.0673], [123.7596, 13.0594], [123.7924, 13.046], [123.8122, 13.0542], [123.8361, 13.0834], [123.839, 13.1106], [123.8563, 13.1092], [123.8628, 13.1354], [123.879, 13.1432], [123.9063, 13.141], [123.9116, 13.1223], [123.9374, 13.1203], [123.9535, 13.1037], [123.9724, 13.109], [124.0225, 13.0521], [124.0655, 13.0332], [124.0764, 13.0042], [124.095, 13.0119], [124.115, 13.0673], [124.1382, 13.0764], [124.1907, 13.0658], [124.1967, 13.0389], [124.1764, 13.0244], [124.1886, 13.0302], [124.1985, 13.0187], [124.1729, 13.0032], [124.1619, 13.0103], [124.1664, 13.0267], [124.1575, 13.0184], [124.1623, 13.0044], [124.1421, 12.9802], [124.1412, 12.9692], [124.1536, 12.9697], [124.1425, 12.9339], [124.1169, 12.9103], [124.1261, 12.8925], [124.1472, 12.8965], [124.1412, 12.8742], [124.1586, 12.8561], [124.1476, 12.8446], [124.156, 12.8099], [124.1314, 12.7322], [124.1425, 12.7006], [124.13, 12.6908], [124.1361, 12.6706], [124.0946, 12.636], [124.1103, 12.5947], [124.0853, 12.5825], [124.0994, 12.5658], [124.0822, 12.5533], [124.0812, 12.5359], [123.9897, 12.5444], [123.9372, 12.5994], [123.9355, 12.6267], [123.9181, 12.6175], [123.91, 12.6397], [123.8753, 12.6561], [123.8489, 12.7222], [123.8453, 12.7994], [123.8303, 12.8281], [123.8486, 12.8239], [123.8669, 12.8364], [123.8417, 12.8275], [123.8356, 12.8369], [123.855, 12.8489], [123.8469, 12.8569], [123.8636, 12.86], [123.8586, 12.8753], [123.9344, 12.8444], [123.9492, 12.8761], [123.9856, 12.88], [123.9953, 12.8633], [124.017, 12.8767], [124.0414, 12.9249], [124.0286, 12.9675], [123.9444, 12.9561], [123.9217, 12.9789], [123.885, 12.9775], [123.8825, 12.9489], [123.8681, 12.9425], [123.8822, 12.9375], [123.8594, 12.9211], [123.8553, 12.8978], [123.8372, 12.9042], [123.8292, 12.8756], [123.8172, 12.89], [123.7961, 12.8625], [123.7625, 12.8869], [123.7617, 12.8636], [123.7339, 12.8447], [123.7281, 12.8708], [123.7103, 12.8764], [123.7442, 12.8819], [123.7319, 12.885], [123.7333, 12.8972], [123.7081, 12.8831], [123.6889, 12.8967], [123.7058, 12.875], [123.6922, 12.865], [123.6825, 12.8756], [123.6722, 12.9089], [123.6822, 12.9039], [123.7042, 12.9342], [123.7181, 12.9258], [123.7072, 12.9353], [123.7236, 12.9497], [123.6981, 12.9336], [123.6889, 12.9647], [123.697, 12.9297], [123.6867, 12.9164], [123.6697, 12.9289], [123.682, 12.9228], [123.6475, 12.8967], [123.6619, 12.8892], [123.6522, 12.87], [123.5922, 12.9042], [123.5886, 12.9356], [123.5892, 12.9042], [123.555, 12.9464], [123.5381, 12.9489], [123.5292, 12.9372], [123.4292, 13.0386], [123.3757, 13.0386], [123.3198, 13.0066], [123.2981, 13.0542], [123.2808, 13.0582], [123.2961, 13.0833], [123.2887, 13.1479], [123.3104, 13.1669], [123.3045, 13.1873], [123.3273, 13.1986], [123.2915, 13.2541], [123.2384, 13.2905], [123.2043, 13.3607], [123.2072, 13.3959], [123.1911, 13.4311], [123.0484, 13.5081], [123.0358, 13.5011], [123.0021, 13.5223], [122.9755, 13.5213], [122.9486, 13.5501], [122.8877, 13.5763], [122.8323, 13.6395], [122.7982, 13.6505], [122.8237, 13.65], [122.8414, 13.6811], [122.8614, 13.6903], [122.8358, 13.7349], [122.7718, 13.7767], [122.7423, 13.7771], [122.7779, 13.7871], [122.7493, 13.7908], [122.7264, 13.8203], [122.7006, 13.8149], [122.6804, 13.8279], [122.6803, 13.8079], [122.6681, 13.8102], [122.6372, 13.8387], [122.6508, 13.8518], [122.6399, 13.883], [122.5665, 13.9054], [122.5617, 13.9178], [122.5772, 13.9058], [122.5817, 13.9297], [122.5544, 13.9221], [122.5686, 13.9339], [122.5483, 13.9495], [122.7926, 14.0145], [122.4442, 14.1486], [122.3852, 14.0747], [122.3579, 14.0637], [122.2995, 14.0702], [122.3116, 14.1049], [122.3417, 14.1171], [122.3444, 14.0924], [122.3519, 14.1159], [122.343, 14.1129], [122.36, 14.118], [122.3489, 14.1237], [122.3506, 14.1414], [122.3609, 14.1282], [122.3605, 14.1513], [122.3478, 14.141], [122.337, 14.1552], [122.3325, 14.1986], [122.3484, 14.2027], [122.3484, 14.1813], [122.3651, 14.1966], [122.3461, 14.2106], [122.3489, 14.2263], [122.3594, 14.2144], [122.3824, 14.2159], [122.359, 14.2486], [122.3795, 14.258], [122.3848, 14.2872], [122.4093, 14.2851], [122.4161, 14.315], [122.4303, 14.3007], [122.4326, 14.3155], [122.456, 14.3178], [122.4692, 14.3401], [122.4838, 14.3282], [122.4975, 14.3381], [122.5396, 14.3097], [122.5151, 14.3305], [122.5103, 14.345], [122.5227, 14.345]]]]}}, {"type": "Feature", "properties": {"REGION": "CALABARZON (Region IV-A)"}, "geometry": {"type": "MultiPolygon", "coordinates": [[[[121.9653, 14.2028], [122.0483, 14.134], [122.1282, 14.0873], [122.1718, 14.0463], [122.1909, 14.0082], [122.1585, 14.0014], [122.0572, 14.0635], [122.0377, 14.09], [121.9854, 14.1115], [121.9279, 14.1895], [121.9125, 14.1939], [121.9294, 14.2361], [121.9653, 14.2028]]], [[[122.4101, 14.7297], [122.4384, 14.7021], [122.424, 14.6882], [122.307, 14.6771], [122.3354, 14.7123], [122.4101, 14.7297]]], [[[122.1412, 14.845], [122.1336, 14.829], [122.1835, 14.8452], [122.1982, 14.8309], [122.213, 14.844], [122.1908, 14.8082], [122.2336, 14.7865], [122.2577, 14.791], [122.2579, 14.7266], [122.2432, 14.7202], [122.2296, 14.7508], [122.1075, 14.8045], [122.0942, 14.8415], [122.1186, 14.8313], [122.1412, 14.845]]], [[[121.9501, 15.0578], [121.9748, 15.0503], [121.9708, 15.0381], [121.993, 15.0457], [122.02, 15.0306], [122.0099, 15.0083], [122.0503, 15.0064], [122.0566, 14.963], [122.0544, 14.9521], [122.0312, 14.9924], [122.0105, 14.988], [121.9914, 14.958], [121.9978, 14.9515], [122.0191, 14.9684], [122.0117, 14.95], [122.021, 14.9205], [121.9799, 14.9008], [121.9679, 14.9077], [121.9815, 14.8416], [122.0096, 14.8336], [122.0232, 14.8104], [122.0218, 14.7645], [122.0372, 14.7148], [122.0032, 14.6662], [121.9387, 14.6261], [121.915, 14.6398], [121.9034, 14.6758], [121.905, 14.7241], [121.9183, 14.7064], [121.9376, 14.7117], [121.9085, 14.8025], [121.8781, 14.8356], [121.8724, 14.8747], [121.8492, 14.9089], [121.8538, 14.9214], [121.8341, 14.932], [121.8341, 14.9551], [121.8238, 14.956], [121.8305, 14.9275], [121.8207, 14.9362], [121.8098, 14.9231], [121.8009, 14.9361], [121.8188, 15.0008], [121.8358, 15.0075], [121.837, 15.0392], [121.8568, 15.0396], [121.8662, 15.0217], [121.9318, 15.0566], [121.9367, 15.0404], [121.9458, 15.0429], [121.9501, 15.0578]]], [[[121.413, 15.2164], [121.4474, 15.1963], [121.4617, 15.2034], [121.4822, 15.1806], [121.5069, 15.0547], [121.5676, 14.9682], [121.5825, 14.8889], [121.6137, 14.8532], [121.6022, 14.8267], [121.6236, 14.7931], [121.7344, 14.6953], [121.7017, 14.7016], [121.7069, 14.7103], [121.6866, 14.701], [121.6865, 14.7126], [121.6264, 14.6578], [121.6198, 14.6637], [121.6355, 14.6664], [121.6162, 14.6767], [121.6197, 14.6857], [121.604, 14.6522], [121.624, 14.5228], [121.6438, 14.4841], [121.6606, 14.3969], [121.7274, 14.327], [121.7292, 14.2737], [121.7592, 14.2453], [121.7544, 14.2047], [121.729, 14.1786], [121.7728, 14.1201], [121.7636, 14.1308], [121.9458, 13.9881], [122.0991, 13.9228], [122.1899, 13.9152], [122.2326, 13.8956], [122.2438, 13.9427], [122.2224, 13.9422], [122.1996, 13.9596], [122.1824, 13.9947], [122.2998, 13.9578], [122.3065, 13.9725], [122.2938, 13.9914], [122.3167, 14.0], [122.3099, 14.0058], [122.3232, 14.0207], [122.2897, 14.0173], [122.2874, 14.0389], [122.2762, 14.0354], [122.1974, 14.0885], [122.1636, 14.1578], [122.1885, 14.1386], [122.1828, 14.1626], [122.2158, 14.19], [122.2339, 14.1942], [122.2355, 14.1776], [122.246, 14.177], [122.2482, 14.2406], [122.2728, 14.2456], [122.2597, 14.173], [122.2741, 14.1619], [122.2709, 14.1225], [122.3109, 14.1373], [122.2985, 14.0993], [122.3031, 14.0681], [122.3579, 14.0637], [122.3852, 14.0747], [122.4442, 14.1486], [122.7926, 14.0145], [122.5483, 13.9495], [122.5332, 13.9649], [122.5249, 13.9228], [122.5089, 13.9322], [122.4498, 13.926], [122.4181, 13.9525], [122.4861, 13.8481], [122.5248, 13.8165], [122.5106, 13.8101], [122.5095, 13.7709], [122.5243, 13.7328], [122.492, 13.7328], [122.4805, 13.7128], [122.5033, 13.6647], [122.4973, 13.6471], [122.5461, 13.6013], [122.5458, 13.5841], [122.6341, 13.529], [122.6351, 13.5147], [122.6179, 13.5134], [122.5827, 13.5609], [122.5645, 13.5611], [122.6508, 13.4457], [122.6766, 13.3788], [122.6766, 13.2743], [122.6907, 13.2682], [122.703, 13.2244], [122.6579, 13.2089], [122.6228, 13.1715], [122.5991, 13.1621], [122.5642, 13.1788], [122.5382, 13.2195], [122.5045, 13.2428], [122.523, 13.2801], [122.5096, 13.295], [122.5226, 13.311], [122.5163, 13.3491], [122.4882, 13.4089], [122.4128, 13.4851], [122.4013, 13.5243], [122.3312, 13.5603], [122.3376, 13.5763], [122.3213, 13.5901], [122.2896, 13.5912], [122.2817, 13.5745], [122.2607, 13.5818], [122.2773, 13.5932], [122.2656, 13.606], [122.2093, 13.6005], [122.2022, 13.6375], [122.1501, 13.7193], [122.1378, 13.72], [122.1378, 13.7452], [122.1036, 13.7674], [122.0985, 13.7849], [122.0726, 13.7905], [122.0741, 13.7803], [122.0542, 13.7748], [122.0243, 13.7962], [122.0272, 13.8066], [121.9809, 13.8058], [121.972, 13.8403], [121.8912, 13.8622], [121.8718, 13.8957], [121.8555, 13.8855], [121.8493, 13.9013], [121.8428, 13.8896], [121.8354, 13.9024], [121.8254, 13.8913], [121.8095, 13.9143], [121.8168, 13.9407], [121.8056, 13.9492], [121.7839, 13.9396], [121.7511, 13.968], [121.6958, 13.9613], [121.6897, 13.9494], [121.707, 13.9224], [121.6245, 13.9079], [121.6158, 13.8897], [121.6022, 13.9031], [121.4814, 13.8445], [121.4606, 13.8156], [121.4626, 13.8259], [121.4503, 13.8242], [121.4577, 13.8111], [121.4373, 13.7884], [121.4343, 13.7419], [121.4494, 13.7205], [121.443, 13.6959], [121.4567, 13.7012], [121.4694, 13.6845], [121.4227, 13.6547], [121.3837, 13.668], [121.2855, 13.5968], [121.2601, 13.5973], [121.2333, 13.6274], [121.2025, 13.6276], [121.1835, 13.6447], [121.0789, 13.619], [121.0695, 13.6307], [121.0363, 13.6337], [121.0533, 13.6664], [121.0612, 13.7208], [121.0513, 13.7373], [121.063, 13.7506], [121.0555, 13.7365], [121.0361, 13.765], [121.0008, 13.7819], [120.9638, 13.7721], [120.9176, 13.6999], [120.8928, 13.6825], [120.873, 13.7194], [120.9071, 13.755], [120.9261, 13.7584], [120.928, 13.7806], [120.9017, 13.8219], [120.915, 13.8303], [120.9118, 13.8767], [120.8707, 13.9048], [120.7442, 13.9361], [120.7183, 13.9289], [120.6975, 13.8983], [120.7225, 13.8581], [120.7179, 13.8415], [120.6528, 13.86], [120.6514, 13.8303], [120.6764, 13.7891], [120.6664, 13.7714], [120.6533, 13.7711], [120.6219, 13.8117], [120.6311, 13.8231], [120.6181, 13.8347], [120.6192, 13.9528], [120.6025, 13.9739], [120.6303, 13.9761], [120.6136, 14.0328], [120.6271, 14.0574], [120.6417, 14.0547], [120.6237, 14.0551], [120.6199, 14.116], [120.5669, 14.1372], [120.5933, 14.1333], [120.5869, 14.1442], [120.6098, 14.1456], [120.5728, 14.1711], [120.6131, 14.1781], [120.5828, 14.1936], [120.5933, 14.2036], [120.5825, 14.2111], [120.5875, 14.2294], [120.6239, 14.2229], [120.6222, 14.2661], [120.655, 14.2861], [120.6931, 14.281], [120.7142, 14.2956], [120.7147, 14.2806], [120.7306, 14.3142], [120.7683, 14.332], [120.8695, 14.4306], [120.8928, 14.4914], [120.9111, 14.5003], [120.9192, 14.4961], [120.9033, 14.485], [120.9211, 14.4806], [120.8986, 14.4781], [120.8856, 14.4533], [120.9053, 14.4592], [120.914, 14.4493], [120.9181, 14.4622], [120.9696, 14.4755], [120.9686, 14.4472], [121.0126, 14.3814], [121.007, 14.3493], [121.0514, 14.3706], [121.0619, 14.4942], [121.0726, 14.5132], [121.0851, 14.509], [121.1093, 14.5258], [121.0934, 14.5682], [121.1095, 14.5914], [121.1017, 14.627], [121.1276, 14.6351], [121.1318, 14.6556], [121.1279, 14.6693], [121.1038, 14.6759], [121.1314, 14.7394], [121.1144, 14.7405], [121.1139, 14.7597], [121.1251, 14.7575], [121.1349, 14.7793], [121.1776, 14.8039], [121.1824, 14.8266], [121.2585, 14.8413], [121.3454, 14.8923], [121.3513, 15.0306], [121.3417, 15.0438], [121.3733, 15.0804], [121.3696, 15.0978], [121.3927, 15.109], [121.3999, 15.1552], [121.3807, 15.1701], [121.4061, 15.1819], [121.4013, 15.2005], [121.413, 15.2164]]]]}}, {"type": "Feature", "properties": {"REGION": "Cagayan Valley (Region II)"}, "geometry": {"type": "MultiPolygon", "coordinates": [[[[121.1246, 18.628], [121.1977, 18.6083], [121.304, 18.5268], [121.3928, 18.4858], [121.3783, 18.4828], [121.4106, 18.4783], [121.4185, 18.459], [121.4477, 18.4542], [121.4455, 18.4441], [121.4553, 18.454], [121.608, 18.3711], [121.6236, 18.35], [121.6046, 18.3699], [121.5882, 18.368], [121.6044, 18.3686], [121.6214, 18.35], [121.6537, 18.2913], [121.6497, 18.327], [121.6286, 18.3627], [121.9003, 18.2703], [121.8623, 18.2691], [121.822, 18.2869], [121.8644, 18.2642], [121.8928, 18.2703], [121.9015, 18.2607], [122.0113, 18.2878], [122.0906, 18.3564], [122.1006, 18.3828], [122.13, 18.3817], [122.1245, 18.424], [122.1442, 18.4647], [122.1472, 18.5074], [122.1661, 18.5217], [122.2358, 18.5163], [122.2495, 18.4494], [122.3139, 18.3922], [122.3389, 18.3081], [122.3023, 18.2179], [122.2664, 18.1858], [122.263, 18.1689], [122.2167, 18.152], [122.1675, 18.0872], [122.1656, 18.0688], [122.1853, 18.0604], [122.1744, 18.033], [122.1902, 18.017], [122.178, 17.9511], [122.1661, 17.9465], [122.185, 17.9436], [122.178, 17.9329], [122.1889, 17.902], [122.1631, 17.8775], [122.1692, 17.8453], [122.1497, 17.8353], [122.1571, 17.8167], [122.1372, 17.7931], [122.1442, 17.7389], [122.1685, 17.6986], [122.1561, 17.6822], [122.1672, 17.6691], [122.1628, 17.6114], [122.1878, 17.5606], [122.19, 17.5061], [122.2285, 17.4303], [122.2499, 17.4121], [122.2364, 17.4036], [122.2539, 17.3878], [122.2462, 17.365], [122.2656, 17.3544], [122.2847, 17.3622], [122.2864, 17.3403], [122.3103, 17.3325], [122.3222, 17.3425], [122.3534, 17.3352], [122.37, 17.3536], [122.3936, 17.325], [122.3728, 17.3222], [122.3978, 17.3108], [122.3897, 17.3011], [122.3985, 17.2904], [122.4125, 17.2989], [122.3925, 17.3403], [122.4074, 17.3333], [122.4436, 17.2639], [122.4403, 17.2411], [122.4284, 17.2816], [122.4147, 17.2792], [122.425, 17.2567], [122.4192, 17.2222], [122.4302, 17.2131], [122.4277, 17.1925], [122.4122, 17.1835], [122.4181, 17.1388], [122.4369, 17.1229], [122.4708, 17.1219], [122.4478, 17.1197], [122.4503, 17.0958], [122.4481, 17.1153], [122.4833, 17.1161], [122.5099, 17.1422], [122.5289, 17.0981], [122.5106, 17.0375], [122.4992, 17.0344], [122.5012, 17.0193], [122.4878, 17.0203], [122.4666, 16.9766], [122.4769, 16.9511], [122.4567, 16.9031], [122.4667, 16.8878], [122.4292, 16.8269], [122.4367, 16.7992], [122.4192, 16.7881], [122.2797, 16.5253], [122.1313, 16.5301], [122.065, 16.4879], [121.8353, 16.2279], [121.2817, 15.7705], [121.198, 15.9081], [121.1862, 16.0724], [121.1754, 16.0908], [121.0265, 16.1261], [120.88, 16.1059], [120.8414, 16.1715], [120.7689, 16.2014], [120.759, 16.243], [120.8059, 16.3231], [120.8455, 16.3209], [120.8605, 16.3545], [120.8913, 16.4339], [120.8838, 16.506], [120.9052, 16.5959], [121.1765, 16.6448], [121.2036, 16.6372], [121.2783, 16.6694], [121.2922, 16.6589], [121.2907, 16.6894], [121.3161, 16.6979], [121.3307, 16.755], [121.3462, 16.7618], [121.3388, 16.7803], [121.3548, 16.7764], [121.3563, 16.7885], [121.3714, 16.7895], [121.3674, 16.7998], [121.4057, 16.8037], [121.4352, 16.839], [121.4553, 16.8284], [121.5092, 16.8382], [121.5661, 16.8714], [121.5911, 16.9168], [121.556, 17.0488], [121.5498, 17.2792], [121.6045, 17.3966], [121.675, 17.4448], [121.6675, 17.4951], [121.5531, 17.612], [121.4762, 17.6746], [121.4402, 17.6662], [121.4316, 17.7356], [121.3768, 17.7936], [121.3078, 17.8165], [121.3251, 17.8263], [121.4154, 18.0311], [121.4609, 18.0504], [121.4894, 18.2262], [121.4669, 18.3083], [121.3187, 18.3887], [121.2856, 18.3901], [121.249, 18.4307], [121.0895, 18.4861], [121.0852, 18.5411], [121.0436, 18.5292], [121.0395, 18.5061], [121.0033, 18.4673], [120.9611, 18.4475], [120.9731, 18.5828], [121.0344, 18.6204], [121.0591, 18.6071], [121.0911, 18.6145], [121.0883, 18.6011], [121.0968, 18.6264], [121.1246, 18.628]]], [[[121.4175, 18.9062], [121.4618, 18.8814], [121.4815, 18.8836], [121.4811, 18.8741], [121.4516, 18.8547], [121.3453, 18.8411], [121.2922, 18.8431], [121.2751, 18.8576], [121.2819, 18.8835], [121.3103, 18.877], [121.4175, 18.9062]]], [[[121.9172, 19.0043], [121.9456, 19.0036], [121.9653, 18.9732], [121.9921, 18.96], [121.9888, 18.9415], [121.9594, 18.9344], [121.9529, 18.9028], [121.8934, 18.8708], [121.8771, 18.8257], [121.8548, 18.8118], [121.8372, 18.8205], [121.8272, 18.875], [121.8681, 18.8872], [121.8635, 18.9129], [121.8497, 18.9217], [121.8703, 18.9478], [121.8662, 18.9736], [121.9172, 19.0043]]], [[[121.2183, 19.1711], [121.2486, 19.1047], [121.2494, 19.0129], [121.1961, 19.0672], [121.1953, 19.1077], [121.2183, 19.1711]]], [[[121.4093, 19.3927], [121.4882, 19.3669], [121.5244, 19.3881], [121.5317, 19.35], [121.5221, 19.3217], [121.5422, 19.2736], [121.5108, 19.2589], [121.5119, 19.2439], [121.403, 19.283], [121.39, 19.3297], [121.3461, 19.357], [121.3797, 19.3644], [121.3909, 19.3896], [121.4093, 19.3927]]], [[[121.9697, 19.574], [121.9925, 19.5538], [121.9947, 19.5122], [121.9592, 19.4753], [121.9022, 19.5139], [121.8919, 19.5406], [121.9697, 19.574]]], [[[122.0036, 20.489], [122.0271, 20.4815], [122.0353, 20.4642], [121.9631, 20.4119], [121.9807, 20.3915], [121.9731, 20.3672], [121.9497, 20.3478], [121.915, 20.3472], [121.9264, 20.41], [121.966, 20.4457], [121.9564, 20.4692], [122.0036, 20.489]]], [[[121.8637, 20.8341], [121.8834, 20.8096], [121.8683, 20.7825], [121.8769, 20.7584], [121.8575, 20.7506], [121.8461, 20.7133], [121.8003, 20.6881], [121.7814, 20.7203], [121.8142, 20.7603], [121.8358, 20.8244], [121.8637, 20.8341]]]]}}, {"type": "Feature", "properties": {"REGION": "Caraga (Region XIII)"}, "geometry": {"type": "MultiPolygon", "coordinates": [[[[125.9424, 9.7588], [125.9391, 9.7344], [125.9603, 9.7344], [125.9619, 9.7461], [125.9711, 9.7283], [125.9597, 9.7219], [125.962, 9.6878], [125.9856, 9.6839], [125.9905, 9.6625], [125.9672, 9.6231], [125.9625, 9.5674], [125.9386, 9.5592], [125.9381, 9.5742], [125.9035, 9.5974], [125.9291, 9.5983], [125.8878, 9.6119], [125.9062, 9.6234], [125.9011, 9.6322], [125.9103, 9.6264], [125.907, 9.6539], [125.9265, 9.6549], [125.9156, 9.6953], [125.9247, 9.7028], [125.9058, 9.72], [125.9204, 9.7274], [125.9136, 9.755], [125.9424, 9.7588]]], [[[125.447, 9.8211], [125.4589, 9.8089], [125.4501, 9.7907], [125.4711, 9.7936], [125.4569, 9.7939], [125.4603, 9.8014], [125.4967, 9.7939], [125.4983, 9.7686], [125.5605, 9.7764], [125.5613, 9.7672], [125.5467, 9.7692], [125.5592, 9.7519], [125.5765, 9.7582], [125.5669, 9.7411], [125.5902, 9.7197], [125.5862, 9.7026], [125.6066, 9.6769], [125.5972, 9.6614], [125.6061, 9.64], [125.618, 9.6425], [125.6093, 9.6307], [125.6546, 9.5992], [125.6842, 9.6019], [125.667, 9.5893], [125.6876, 9.6028], [125.7099, 9.5975], [125.7128, 9.5847], [125.74, 9.5917], [125.7408, 9.5656], [125.7669, 9.5531], [125.7892, 9.5572], [125.8606, 9.5347], [125.8778, 9.5139], [125.875, 9.4991], [125.9178, 9.4953], [125.9172, 9.4761], [125.9431, 9.4457], [125.9384, 9.4746], [125.9464, 9.4657], [125.9489, 9.485], [125.9625, 9.4797], [125.9497, 9.457], [125.955, 9.4424], [125.9225, 9.4437], [125.896, 9.4284], [125.8943, 9.4138], [125.9176, 9.3895], [125.9317, 9.3956], [125.9336, 9.3747], [125.9539, 9.3725], [125.9482, 9.3644], [125.9762, 9.3777], [125.9717, 9.3939], [125.9874, 9.4041], [125.9867, 9.3803], [125.9689, 9.3684], [125.987, 9.3411], [125.9711, 9.3264], [125.9856, 9.3381], [125.9847, 9.32], [126.0195, 9.2685], [126.0063, 9.2675], [126.0219, 9.2658], [126.0486, 9.2343], [126.1185, 9.2567], [126.1683, 9.3084], [126.2071, 9.3069], [126.1912, 9.2881], [126.1974, 9.2707], [126.1736, 9.2027], [126.1794, 9.1608], [126.1584, 9.1037], [126.1898, 9.0746], [126.1972, 9.09], [126.2123, 9.0481], [126.2374, 9.0211], [126.203, 9.0304], [126.2039, 9.0075], [126.2108, 9.0265], [126.2616, 8.985], [126.2426, 9.0147], [126.2764, 8.9814], [126.2719, 8.9703], [126.2894, 8.9769], [126.3078, 8.9561], [126.3111, 8.9347], [126.2914, 8.9258], [126.3258, 8.9189], [126.3255, 8.8969], [126.3078, 8.8803], [126.3356, 8.84], [126.3156, 8.8364], [126.3278, 8.8247], [126.3008, 8.805], [126.3019, 8.7817], [126.2544, 8.7728], [126.2386, 8.7625], [126.2375, 8.74], [126.2139, 8.7342], [126.2122, 8.7111], [126.2445, 8.6947], [126.1872, 8.6978], [126.105, 8.6503], [126.0828, 8.6114], [126.1253, 8.5825], [126.1139, 8.5656], [126.1472, 8.5286], [126.1636, 8.5308], [126.16, 8.5414], [126.2192, 8.5231], [126.2253, 8.5325], [126.1864, 8.5497], [126.2086, 8.5581], [126.262, 8.5505], [126.2889, 8.5294], [126.3142, 8.5389], [126.3375, 8.5301], [126.3542, 8.5486], [126.3636, 8.5373], [126.3522, 8.5189], [126.3917, 8.5164], [126.3972, 8.4925], [126.3839, 8.4825], [126.3978, 8.4675], [126.3633, 8.4722], [126.3486, 8.4289], [126.3742, 8.4314], [126.3811, 8.41], [126.3572, 8.3695], [126.3197, 8.3566], [126.3382, 8.3343], [126.3067, 8.3259], [126.3273, 8.3301], [126.3308, 8.3142], [126.3764, 8.31], [126.39, 8.2919], [126.315, 8.2278], [126.3444, 8.1839], [126.3908, 8.2036], [126.4403, 8.2469], [126.4569, 8.2445], [126.4402, 8.2016], [126.4398, 8.1249], [126.4289, 8.1128], [126.4528, 8.0983], [126.4159, 8.0548], [126.4231, 8.0139], [126.407, 8.0098], [126.4162, 7.9848], [126.45, 7.9883], [126.4239, 7.9786], [126.4069, 7.9542], [126.3875, 7.9542], [126.362, 7.9102], [126.3497, 7.9304], [126.3512, 8.0009], [126.154, 7.9995], [126.0684, 7.959], [126.0457, 7.935], [125.9981, 7.9625], [125.9808, 7.9982], [125.3817, 7.9855], [125.3753, 8.0256], [125.3879, 8.0775], [125.3684, 8.0999], [125.3722, 8.1525], [125.3526, 8.1944], [125.3628, 8.2391], [125.3443, 8.2507], [125.3309, 8.3001], [125.3125, 8.3029], [125.2977, 8.3337], [125.2779, 8.3365], [125.2601, 8.3753], [125.2463, 8.4992], [125.2411, 8.8406], [125.2315, 8.8552], [125.2556, 8.8743], [125.2191, 8.9235], [125.2362, 8.9572], [125.2057, 9.0925], [125.2197, 9.087], [125.2375, 9.0306], [125.2793, 8.9921], [125.3313, 8.9906], [125.3319, 8.969], [125.3356, 8.9878], [125.3547, 8.9931], [125.4333, 8.9772], [125.5193, 9.0106], [125.534, 9.0306], [125.5197, 9.0158], [125.5114, 9.0281], [125.535, 9.0722], [125.5219, 9.1197], [125.5314, 9.1256], [125.5228, 9.1226], [125.5192, 9.1419], [125.5302, 9.1941], [125.5047, 9.2447], [125.5061, 9.2906], [125.4911, 9.3358], [125.4614, 9.3842], [125.4481, 9.4739], [125.3909, 9.6561], [125.4008, 9.7672], [125.4386, 9.7914], [125.4353, 9.8228], [125.447, 9.8211]]], [[[125.6426, 9.9157], [125.6442, 9.8619], [125.6525, 9.8664], [125.6591, 9.849], [125.6892, 9.8508], [125.6589, 9.8267], [125.6221, 9.8269], [125.5914, 9.8044], [125.5844, 9.815], [125.5964, 9.8314], [125.5806, 9.82], [125.5786, 9.8394], [125.5993, 9.8787], [125.6142, 9.8817], [125.6211, 9.9089], [125.6426, 9.9157]]], [[[126.0619, 10.0639], [126.1211, 9.8775], [126.112, 9.8642], [126.0873, 9.8659], [126.0987, 9.858], [126.0817, 9.8434], [126.1003, 9.8542], [126.1234, 9.8371], [126.142, 9.8453], [126.1483, 9.8066], [126.1689, 9.8103], [126.1637, 9.786], [126.1143, 9.7582], [126.1137, 9.7475], [126.0514, 9.7542], [126.0251, 9.7711], [126.0368, 9.751], [126.027, 9.7472], [125.9715, 9.8119], [125.9871, 9.819], [125.9486, 9.8347], [125.9591, 9.8551], [125.9934, 9.8564], [125.9597, 9.8803], [125.9818, 9.9125], [125.9714, 9.9075], [125.9733, 9.9228], [126.0217, 9.9765], [126.0363, 10.0057], [126.0294, 10.0292], [126.0619, 10.0639]]], [[[125.6423, 10.4719], [125.6812, 10.392], [125.6468, 10.3056], [125.6528, 10.2506], [125.6051, 10.2747], [125.6217, 10.2683], [125.6253, 10.2458], [125.633, 10.2527], [125.6476, 10.241], [125.6625, 10.1976], [125.6283, 10.1836], [125.5903, 10.1422], [125.6047, 10.1425], [125.6289, 10.1811], [125.6493, 10.1854], [125.6545, 10.1647], [125.6763, 10.1674], [125.6755, 10.1539], [125.6586, 10.1486], [125.6608, 10.1208], [125.6981, 10.0589], [125.6722, 9.9931], [125.6793, 9.9621], [125.6567, 9.9481], [125.6765, 9.9351], [125.6728, 9.9178], [125.6947, 9.9147], [125.7075, 9.8917], [125.7011, 9.8656], [125.6774, 9.867], [125.6669, 9.8517], [125.6426, 9.8822], [125.6412, 9.9376], [125.5914, 9.9544], [125.5906, 9.9628], [125.6167, 9.9604], [125.5914, 9.9761], [125.6056, 9.9783], [125.6061, 9.9933], [125.5775, 9.9758], [125.5594, 9.9902], [125.5797, 9.9988], [125.5689, 10.0075], [125.5733, 10.0283], [125.5892, 10.0269], [125.5753, 10.0433], [125.604, 10.0438], [125.5906, 10.0514], [125.5989, 10.0606], [125.5892, 10.0772], [125.5714, 10.0875], [125.5761, 10.0644], [125.5478, 10.0833], [125.5283, 10.0624], [125.5097, 10.0622], [125.4732, 10.1346], [125.4997, 10.1344], [125.4873, 10.1436], [125.4994, 10.1558], [125.4984, 10.1842], [125.5251, 10.1837], [125.4979, 10.2095], [125.5158, 10.2083], [125.5256, 10.1917], [125.5426, 10.2034], [125.5125, 10.2428], [125.5215, 10.2458], [125.5208, 10.2767], [125.5363, 10.2804], [125.5181, 10.2856], [125.5136, 10.3211], [125.5583, 10.3206], [125.5495, 10.3822], [125.5806, 10.3591], [125.5959, 10.3656], [125.612, 10.4419], [125.6423, 10.4719]]]]}}, {"type": "Feature", "properties": {"REGION": "Central Luzon (Region III)"}, "geometry": {"type": "MultiPolygon", "coordinates": [[[[119.9244, 15.8066], [119.9493, 15.8106], [119.9592, 15.7923], [119.9908, 15.7923], [120.0288, 15.8453], [120.0854, 15.8109], [120.1487, 15.824], [120.1625, 15.8114], [120.186, 15.7268], [120.2539, 15.6185], [120.3239, 15.65], [120.3167, 15.6681], [120.3518, 15.6976], [120.3586, 15.7299], [120.3926, 15.7655], [120.4811, 15.7298], [120.5479, 15.7707], [120.588, 15.8891], [120.609, 15.8614], [120.6128, 15.8321], [120.6519, 15.8299], [120.6807, 15.8457], [120.7436, 15.8526], [120.8234, 15.7932], [120.8608, 15.8252], [120.9223, 15.9789], [120.8797, 16.0792], [120.88, 16.1059], [120.988, 16.1276], [121.1355, 16.1072], [121.1754, 16.0908], [121.1862, 16.0724], [121.198, 15.9081], [121.2817, 15.7705], [121.8353, 16.2279], [122.065, 16.4879], [122.1313, 16.5301], [122.2734, 16.5245], [122.2489, 16.5144], [122.2292, 16.4592], [122.1995, 16.435], [122.2003, 16.4154], [122.2233, 16.3895], [122.2397, 16.4297], [122.2436, 16.4206], [122.2248, 16.3563], [122.1918, 16.3349], [122.1798, 16.3033], [122.1956, 16.29], [122.2381, 16.3122], [122.2067, 16.2683], [122.2056, 16.2408], [122.0703, 16.12], [122.0728, 16.0908], [122.032, 16.05], [121.9893, 16.0291], [122.0272, 16.1043], [122.093, 16.168], [122.095, 16.2041], [122.1289, 16.2256], [122.1397, 16.2561], [122.1311, 16.2614], [122.0936, 16.2639], [122.0857, 16.244], [122.0711, 16.2417], [122.0636, 16.2167], [122.0783, 16.1899], [122.0394, 16.1746], [122.0186, 16.1797], [121.9361, 16.1256], [121.8706, 16.1215], [121.7797, 16.062], [121.76, 16.0769], [121.7415, 16.0687], [121.6648, 16.005], [121.6507, 15.9699], [121.6268, 15.9657], [121.6264, 15.9511], [121.5795, 15.9271], [121.5548, 15.8984], [121.5532, 15.7874], [121.5716, 15.7516], [121.5996, 15.7626], [121.6374, 15.7491], [121.6395, 15.7041], [121.6103, 15.707], [121.6118, 15.6841], [121.5882, 15.6715], [121.6139, 15.6711], [121.6167, 15.6481], [121.5837, 15.6324], [121.5304, 15.5451], [121.4934, 15.5236], [121.4752, 15.4168], [121.4542, 15.4104], [121.4316, 15.3638], [121.3972, 15.3816], [121.3735, 15.3374], [121.3843, 15.2785], [121.4195, 15.2152], [121.4013, 15.2005], [121.4043, 15.1796], [121.3807, 15.1701], [121.3999, 15.1552], [121.3927, 15.109], [121.3696, 15.0978], [121.3733, 15.0804], [121.3417, 15.0438], [121.3513, 15.0306], [121.3454, 14.8923], [121.2585, 14.8413], [121.1824, 14.8266], [121.1776, 14.8039], [121.1349, 14.7793], [121.1251, 14.7575], [121.0738, 14.7642], [121.06, 14.7813], [121.045, 14.777], [121.041, 14.756], [121.0044, 14.7466], [120.9898, 14.7123], [120.9704, 14.7096], [120.9664, 14.7284], [120.9484, 14.7359], [120.9355, 14.7305], [120.9585, 14.6934], [120.9452, 14.6811], [120.9351, 14.6986], [120.9169, 14.6919], [120.8983, 14.7128], [120.9008, 14.7464], [120.9156, 14.7475], [120.8972, 14.7506], [120.9014, 14.7206], [120.8839, 14.7097], [120.8381, 14.7436], [120.8413, 14.766], [120.8259, 14.7717], [120.83, 14.7578], [120.8203, 14.7589], [120.8184, 14.7783], [120.8172, 14.76], [120.8014, 14.7547], [120.7894, 14.7636], [120.7567, 14.7558], [120.76, 14.7804], [120.7484, 14.7762], [120.75, 14.7581], [120.7381, 14.7731], [120.7392, 14.7631], [120.6839, 14.7703], [120.6843, 14.7839], [120.6825, 14.7733], [120.6544, 14.7678], [120.6642, 14.8133], [120.7061, 14.8614], [120.6633, 14.8156], [120.6519, 14.7672], [120.6267, 14.805], [120.6208, 14.7972], [120.635, 14.8653], [120.6142, 14.8036], [120.5853, 14.8161], [120.5942, 14.8264], [120.5828, 14.8261], [120.5735, 14.852], [120.5675, 14.8401], [120.5853, 14.8211], [120.5564, 14.8145], [120.5586, 14.7886], [120.5472, 14.7897], [120.5481, 14.7186], [120.5825, 14.6503], [120.5789, 14.6142], [120.601, 14.5391], [120.6129, 14.5334], [120.6025, 14.4626], [120.5628, 14.4231], [120.5192, 14.4225], [120.4953, 14.4367], [120.4846, 14.4281], [120.5, 14.406], [120.4901, 14.4164], [120.4769, 14.4089], [120.4793, 14.4192], [120.4697, 14.4142], [120.4462, 14.4463], [120.4247, 14.4406], [120.4227, 14.453], [120.3892, 14.459], [120.3742, 14.5247], [120.39, 14.537], [120.3808, 14.5486], [120.3931, 14.5875], [120.3672, 14.6264], [120.3483, 14.6195], [120.3322, 14.6363], [120.3126, 14.6256], [120.3125, 14.6396], [120.3017, 14.6342], [120.2919, 14.6573], [120.2484, 14.6919], [120.2542, 14.7347], [120.2794, 14.7356], [120.2414, 14.7608], [120.2764, 14.7756], [120.2567, 14.7919], [120.267, 14.802], [120.288, 14.794], [120.298, 14.8163], [120.2682, 14.824], [120.2672, 14.8464], [120.2433, 14.8478], [120.2339, 14.8761], [120.2008, 14.8658], [120.2133, 14.8158], [120.178, 14.7406], [120.1702, 14.748], [120.1592, 14.7378], [120.1487, 14.756], [120.1148, 14.7619], [120.1347, 14.7661], [120.1197, 14.7831], [120.0828, 14.7872], [120.1095, 14.822], [120.0792, 14.8142], [120.0839, 14.8537], [120.0707, 14.8534], [120.0717, 14.8783], [120.058, 14.8793], [120.0517, 14.8961], [120.0625, 14.9175], [120.0656, 15.0164], [120.0536, 15.1019], [120.0111, 15.2344], [120.0158, 15.2669], [119.9883, 15.2997], [119.9994, 15.3092], [119.9872, 15.3014], [119.9648, 15.3261], [119.9663, 15.347], [119.9289, 15.3856], [119.9375, 15.3911], [119.9056, 15.4006], [119.9075, 15.4175], [119.8897, 15.4308], [119.9168, 15.4486], [119.901, 15.4718], [119.905, 15.4936], [119.9186, 15.477], [119.9427, 15.4781], [119.9461, 15.4971], [119.9681, 15.5078], [119.9364, 15.5553], [119.9484, 15.5722], [119.9278, 15.5711], [119.9288, 15.5552], [119.9164, 15.5597], [119.9156, 15.5922], [119.9247, 15.5949], [119.9037, 15.6213], [119.925, 15.6433], [119.9336, 15.6927], [119.9168, 15.706], [119.9001, 15.7008], [119.8686, 15.7348], [119.9094, 15.7547], [119.8883, 15.8067], [119.9049, 15.8079], [119.9128, 15.7944], [119.9244, 15.8066]]]]}}, {"type": "Feature", "properties": {"REGION": "Central Visayas (Region VII)"}, "geometry": {"type": "MultiPolygon", "coordinates": [[[[123.6045, 9.3006], [123.6333, 9.2947], [123.6612, 9.2366], [123.686, 9.2227], [123.6562, 9.1889], [123.6738, 9.1609], [123.6957, 9.1608], [123.7019, 9.1449], [123.681, 9.121], [123.6566, 9.115], [123.6405, 9.1258], [123.6227, 9.1018], [123.5883, 9.0946], [123.5594, 9.1011], [123.4521, 9.1932], [123.4698, 9.2244], [123.5004, 9.2139], [123.5597, 9.2267], [123.5919, 9.2517], [123.6045, 9.3006]]], [[[123.8371, 9.6441], [123.8721, 9.6257], [123.8697, 9.6042], [123.7988, 9.5518], [123.7527, 9.5463], [123.7434, 9.5533], [123.7498, 9.5665], [123.7529, 9.5523], [123.7481, 9.5741], [123.7181, 9.5876], [123.8371, 9.6441]]], [[[124.2912, 10.1735], [124.3403, 10.1394], [124.3414, 10.1147], [124.369, 10.1541], [124.3921, 10.1304], [124.3981, 10.0883], [124.3942, 10.1061], [124.4161, 10.1022], [124.4804, 10.0564], [124.505, 10.0762], [124.5296, 10.044], [124.5473, 10.0403], [124.57, 9.9764], [124.5575, 9.9733], [124.5619, 9.995], [124.5455, 9.9894], [124.5546, 9.9294], [124.5372, 9.9225], [124.5765, 9.9118], [124.5593, 9.8723], [124.5137, 9.8495], [124.5967, 9.8051], [124.5906, 9.7533], [124.5708, 9.7321], [124.52, 9.7217], [124.4972, 9.7618], [124.4844, 9.7606], [124.4471, 9.7213], [124.4081, 9.7097], [124.3991, 9.6524], [124.3689, 9.6498], [124.358, 9.629], [124.2577, 9.598], [124.1865, 9.6097], [124.0583, 9.5886], [123.9674, 9.6013], [123.8536, 9.6364], [123.8442, 9.6674], [123.8699, 9.7172], [123.8487, 9.719], [123.8626, 9.724], [123.8385, 9.7416], [123.787, 9.7393], [123.7845, 9.7931], [123.8058, 9.8331], [123.7872, 9.8472], [123.7886, 9.8631], [123.8158, 9.8547], [123.8102, 9.8409], [123.8358, 9.861], [123.84, 9.8835], [123.8721, 9.8956], [123.8665, 9.9112], [123.8806, 9.9286], [123.8927, 9.9264], [123.8917, 9.9118], [123.9604, 9.9566], [124.0261, 9.9675], [124.0433, 9.9886], [124.0621, 10.0681], [124.0745, 10.0744], [124.0694, 10.0624], [124.0798, 10.0761], [124.0828, 10.0631], [124.0987, 10.0664], [124.0989, 10.0798], [124.1369, 10.1131], [124.1344, 10.1291], [124.1525, 10.1536], [124.2783, 10.1551], [124.2912, 10.1735]]], [[[123.9882, 10.3345], [124.0074, 10.313], [124.046, 10.3334], [123.9835, 10.2582], [123.97, 10.2542], [123.9598, 10.2715], [123.9679, 10.2591], [123.9437, 10.2427], [123.9334, 10.2565], [123.9575, 10.2745], [123.9533, 10.2831], [123.9381, 10.2653], [123.9442, 10.2839], [123.9304, 10.2759], [123.937, 10.3057], [123.9882, 10.3345]]], [[[123.2516, 10.4134], [123.336, 10.3826], [123.3255, 10.3453], [123.3314, 10.2778], [123.2856, 10.1854], [123.2817, 10.1301], [123.2283, 10.005], [123.1484, 9.8974], [123.1512, 9.8547], [123.1315, 9.8394], [123.1611, 9.708], [123.1497, 9.6658], [123.1558, 9.6352], [123.1239, 9.6562], [123.1064, 9.6297], [123.1229, 9.5999], [123.1275, 9.6078], [123.1569, 9.5962], [123.164, 9.5768], [123.1504, 9.5617], [123.1522, 9.5786], [123.1377, 9.5853], [123.12, 9.5491], [123.1541, 9.5483], [123.1844, 9.48], [123.2302, 9.4634], [123.2352, 9.4256], [123.2675, 9.3706], [123.3075, 9.3417], [123.3116, 9.3005], [123.2847, 9.2092], [123.202, 9.0937], [123.1516, 9.0751], [123.1275, 9.0456], [123.1176, 9.0536], [123.1304, 9.0627], [123.1119, 9.0536], [123.0747, 9.0666], [123.0159, 9.0382], [122.9355, 9.0839], [122.8783, 9.2247], [122.8756, 9.3119], [122.8646, 9.3289], [122.7947, 9.3631], [122.6747, 9.3797], [122.6261, 9.4214], [122.6129, 9.4203], [122.6481, 9.5001], [122.737, 9.589], [122.9912, 9.9099], [123.0206, 10.0106], [123.1141, 10.1641], [123.2009, 10.2679], [123.1291, 10.4103], [123.2516, 10.4134]]], [[[124.4388, 10.7178], [124.5093, 10.6799], [124.5143, 10.6556], [124.4425, 10.6273], [124.4014, 10.6284], [124.3843, 10.6443], [124.381, 10.6237], [124.3117, 10.5864], [124.2753, 10.5906], [124.3041, 10.6447], [124.3159, 10.7094], [124.3447, 10.7087], [124.3745, 10.6903], [124.3844, 10.6491], [124.4126, 10.706], [124.4388, 10.7178]]], [[[124.0622, 11.2789], [124.0563, 11.2602], [124.0702, 11.2553], [124.0375, 11.2067], [124.0355, 11.1485], [123.9828, 11.0733], [123.9969, 11.0708], [123.998, 11.0517], [124.0423, 11.0546], [124.0446, 10.9763], [124.0303, 10.9289], [124.0548, 10.8816], [124.0321, 10.8389], [124.029, 10.7822], [124.0047, 10.7559], [124.0337, 10.5814], [124.019, 10.5862], [124.0233, 10.5678], [124.03, 10.5736], [124.0258, 10.5528], [124.0342, 10.5618], [124.0371, 10.5513], [124.0326, 10.4971], [123.9983, 10.4131], [124.0214, 10.3834], [123.9794, 10.3475], [123.9686, 10.3508], [123.9786, 10.3774], [123.9621, 10.3565], [123.9639, 10.3439], [123.9744, 10.3452], [123.9601, 10.3374], [123.9659, 10.328], [123.9399, 10.3222], [123.9086, 10.2917], [123.8842, 10.289], [123.8629, 10.2479], [123.7654, 10.2254], [123.7562, 10.196], [123.6855, 10.1271], [123.6808, 10.0854], [123.6596, 10.0817], [123.6614, 10.0928], [123.641, 10.0839], [123.615, 9.9956], [123.6252, 9.9491], [123.6074, 9.9104], [123.6088, 9.8745], [123.574, 9.8577], [123.5597, 9.8163], [123.5361, 9.8031], [123.5377, 9.7578], [123.5097, 9.7313], [123.5102, 9.6963], [123.467, 9.5713], [123.3524, 9.4235], [123.3314, 9.4123], [123.302, 9.4164], [123.2981, 9.5003], [123.3442, 9.7856], [123.3711, 9.8174], [123.3708, 9.8691], [123.391, 9.8674], [123.4014, 9.9042], [123.3931, 9.9352], [123.3753, 9.9336], [123.3661, 9.9465], [123.3693, 9.9886], [123.3827, 9.9976], [123.3954, 9.9448], [123.3895, 9.9674], [123.4027, 9.9761], [123.4147, 10.0511], [123.4473, 10.064], [123.4495, 10.0816], [123.5174, 10.1528], [123.5276, 10.1945], [123.5824, 10.2643], [123.5814, 10.3296], [123.6676, 10.4143], [123.6757, 10.4557], [123.714, 10.4975], [123.704, 10.5439], [123.7437, 10.6064], [123.7418, 10.6337], [123.8008, 10.7213], [123.8318, 10.7351], [123.867, 10.831], [123.8791, 10.8255], [123.8685, 10.8348], [123.8815, 10.8765], [123.9337, 10.9935], [123.9331, 11.0106], [123.9217, 11.0022], [123.9011, 11.0339], [123.9333, 11.0656], [123.9347, 11.1078], [123.9664, 11.0842], [123.9439, 11.1867], [123.9905, 11.2294], [123.9992, 11.2719], [124.0622, 11.2789]]], [[[123.73, 11.3006], [123.7503, 11.2842], [123.7681, 11.2094], [123.8083, 11.1661], [123.8075, 11.1514], [123.7208, 11.1375], [123.7318, 11.1644], [123.7167, 11.165], [123.6876, 11.228], [123.73, 11.3006]]]]}}, {"type": "Feature", "properties": {"REGION": "Cordillera Administrative Region (CAR)"}, "geometry": {"type": "MultiPolygon", "coordinates": [[[[121.3768, 17.9547], [121.3251, 17.8263], [121.3079, 17.8161], [121.328, 17.803], [121.3627, 17.8066], [121.4316, 17.7356], [121.4402, 17.6662], [121.4747, 17.6753], [121.5137, 17.6467], [121.6703, 17.4903], [121.675, 17.4448], [121.6045, 17.3966], [121.5498, 17.2792], [121.556, 17.0488], [121.5785, 16.9877], [121.5892, 16.9048], [121.545, 16.8541], [121.4581, 16.8285], [121.4352, 16.839], [121.4057, 16.8037], [121.3674, 16.7998], [121.3714, 16.7895], [121.3563, 16.7885], [121.3548, 16.7764], [121.3388, 16.7803], [121.3462, 16.7618], [121.3307, 16.755], [121.3161, 16.6979], [121.2907, 16.6894], [121.2922, 16.6589], [121.2783, 16.6694], [121.2036, 16.6372], [121.1765, 16.6448], [120.9052, 16.5959], [120.8838, 16.506], [120.8913, 16.4339], [120.8455, 16.3209], [120.8059, 16.3231], [120.759, 16.243], [120.7689, 16.2014], [120.6553, 16.1877], [120.5125, 16.237], [120.4698, 16.4996], [120.4966, 16.5412], [120.5588, 16.597], [120.5419, 16.6075], [120.6079, 16.6914], [120.6434, 16.8957], [120.6715, 16.9105], [120.7434, 16.9137], [120.7755, 16.9348], [120.7868, 16.9721], [120.7805, 17.1104], [120.8144, 17.1564], [120.8583, 17.1882], [120.7989, 17.1879], [120.7568, 17.1579], [120.6892, 17.1635], [120.6674, 17.1939], [120.6817, 17.1988], [120.6872, 17.2241], [120.674, 17.2423], [120.6826, 17.2557], [120.6143, 17.3107], [120.558, 17.3078], [120.5399, 17.349], [120.5787, 17.4305], [120.5856, 17.4763], [120.5253, 17.4998], [120.479, 17.4819], [120.4681, 17.5148], [120.4876, 17.545], [120.5046, 17.6455], [120.5818, 17.7993], [120.6902, 17.8349], [120.7275, 17.8929], [120.7832, 17.9117], [120.8332, 17.96], [120.9097, 17.9506], [120.9252, 17.9647], [120.9405, 17.9971], [120.9365, 18.1], [120.976, 18.1674], [120.9581, 18.2041], [120.9461, 18.3963], [120.9611, 18.4475], [121.0033, 18.4673], [121.0623, 18.5402], [121.0852, 18.5411], [121.0895, 18.4861], [121.249, 18.4307], [121.2856, 18.3901], [121.3187, 18.3887], [121.4669, 18.3083], [121.4894, 18.2262], [121.4609, 18.0504], [121.4154, 18.0311], [121.3768, 17.9547]]]]}}, {"type": "Feature", "properties": {"REGION": "Davao Region (Region XI)"}, "geometry": {"type": "MultiPolygon", "coordinates": [[[[125.3978, 5.4358], [125.4286, 5.42], [125.4242, 5.3694], [125.407, 5.3772], [125.35, 5.3675], [125.3483, 5.3858], [125.3289, 5.3919], [125.3453, 5.3936], [125.3697, 5.4292], [125.3978, 5.4358]]], [[[125.7074, 7.1974], [125.733, 7.1689], [125.7619, 7.1629], [125.7974, 7.1173], [125.776, 7.0317], [125.7933, 6.9383], [125.7654, 6.8922], [125.75, 6.9013], [125.7231, 6.9645], [125.7119, 7.0689], [125.6955, 7.0764], [125.6793, 7.0633], [125.6637, 7.0951], [125.6863, 7.1365], [125.6942, 7.1884], [125.7074, 7.1974]]], [[[126.3512, 8.0009], [126.3497, 7.9304], [126.3602, 7.8835], [126.3845, 7.8675], [126.3738, 7.8522], [126.3831, 7.8303], [126.4252, 7.8284], [126.4237, 7.811], [126.4519, 7.8053], [126.4575, 7.7639], [126.4583, 7.7886], [126.5011, 7.7378], [126.5331, 7.7411], [126.56, 7.7314], [126.5599, 7.7144], [126.5703, 7.7183], [126.5514, 7.6969], [126.5611, 7.6731], [126.5525, 7.6364], [126.5775, 7.6058], [126.562, 7.6061], [126.5578, 7.5779], [126.5825, 7.5681], [126.5991, 7.4832], [126.595, 7.4489], [126.5579, 7.4472], [126.5509, 7.4349], [126.5529, 7.4022], [126.5786, 7.3955], [126.5564, 7.3738], [126.5542, 7.3505], [126.5701, 7.3265], [126.5511, 7.3121], [126.5666, 7.2878], [126.6053, 7.2887], [126.5655, 7.2337], [126.5617, 7.2028], [126.5341, 7.2069], [126.5378, 7.1852], [126.5238, 7.1695], [126.532, 7.1471], [126.5162, 7.1431], [126.5169, 7.1243], [126.4885, 7.1175], [126.4668, 7.0867], [126.474, 7.0644], [126.4518, 7.0563], [126.4457, 7.0189], [126.4587, 6.9945], [126.4142, 7.0039], [126.3986, 6.9905], [126.366, 6.9923], [126.34, 7.0064], [126.3164, 6.9778], [126.3097, 6.9389], [126.2819, 6.9283], [126.2906, 6.9044], [126.3454, 6.8578], [126.3499, 6.8021], [126.3124, 6.8028], [126.288, 6.822], [126.2852, 6.8452], [126.3005, 6.8627], [126.2771, 6.8841], [126.2603, 6.93], [126.2636, 6.9116], [126.2424, 6.9355], [126.1971, 6.9513], [126.1775, 6.8998], [126.195, 6.8844], [126.1821, 6.8761], [126.1553, 6.9056], [126.2611, 6.754], [126.2198, 6.6348], [126.2322, 6.5511], [126.2129, 6.5136], [126.2136, 6.4777], [126.228, 6.435], [126.1981, 6.3894], [126.205, 6.2894], [126.1926, 6.2691], [126.1869, 6.3364], [126.1666, 6.3704], [126.1359, 6.387], [126.1502, 6.4187], [126.1108, 6.4653], [126.0836, 6.5311], [126.0927, 6.5982], [126.0686, 6.656], [126.0927, 6.6836], [126.0831, 6.6986], [126.0969, 6.7375], [126.0751, 6.7619], [126.0858, 6.8047], [126.0733, 6.8236], [126.0775, 6.8508], [126.0231, 6.875], [125.9767, 6.9286], [125.9719, 6.9542], [125.99, 7.0125], [125.9501, 7.0477], [125.9571, 7.0651], [125.9089, 7.0928], [125.8842, 7.1254], [125.8925, 7.1656], [125.8378, 7.2535], [125.8556, 7.3483], [125.8504, 7.3621], [125.8117, 7.3653], [125.7344, 7.3189], [125.7122, 7.2892], [125.697, 7.2925], [125.6792, 7.2522], [125.6536, 7.2469], [125.6456, 7.2159], [125.6642, 7.1253], [125.6493, 7.0956], [125.6278, 7.0827], [125.6091, 7.0469], [125.6044, 7.0578], [125.605, 7.0467], [125.58, 7.0405], [125.5764, 7.0242], [125.5581, 7.0464], [125.5239, 7.0269], [125.4867, 6.98], [125.4894, 6.9201], [125.457, 6.8967], [125.4523, 6.8709], [125.4198, 6.8483], [125.4231, 6.8383], [125.3922, 6.8031], [125.377, 6.8091], [125.3928, 6.7936], [125.3836, 6.7678], [125.3913, 6.7546], [125.3729, 6.726], [125.385, 6.635], [125.3603, 6.5986], [125.3842, 6.5989], [125.3828, 6.6161], [125.3875, 6.5997], [125.4024, 6.6036], [125.4433, 6.5781], [125.4477, 6.5953], [125.4208, 6.6219], [125.4297, 6.6339], [125.4638, 6.5945], [125.4845, 6.5987], [125.4824, 6.5714], [125.5197, 6.5551], [125.5189, 6.5194], [125.5514, 6.535], [125.5822, 6.5152], [125.564, 6.5061], [125.572, 6.4964], [125.5856, 6.4906], [125.5938, 6.501], [125.5808, 6.428], [125.6066, 6.4193], [125.5839, 6.4392], [125.6178, 6.4111], [125.6715, 6.2601], [125.7029, 6.2144], [125.7127, 6.1705], [125.7034, 6.1219], [125.7151, 6.1028], [125.6908, 5.9861], [125.6642, 5.9472], [125.6619, 5.9208], [125.65, 5.9197], [125.6253, 5.8711], [125.6028, 5.8603], [125.5651, 5.8002], [125.5132, 5.7503], [125.4978, 5.703], [125.4134, 5.5721], [125.3281, 5.5557], [125.3082, 5.5888], [125.3945, 5.6535], [125.4688, 5.8106], [125.4701, 5.8385], [125.4876, 5.8506], [125.48, 5.9079], [125.5341, 6.0575], [125.5376, 6.1074], [125.5097, 6.1383], [125.5037, 6.2343], [125.4467, 6.3226], [125.4219, 6.3327], [125.3996, 6.3199], [125.385, 6.3307], [125.2614, 6.3343], [125.2051, 6.3962], [125.1823, 6.404], [125.1673, 6.4528], [125.1987, 6.5102], [125.1929, 6.5933], [125.175, 6.6348], [125.1333, 6.6808], [125.1321, 6.7234], [125.152, 6.7325], [125.1208, 6.7563], [125.1006, 6.8187], [125.1247, 6.8335], [125.144, 6.8214], [125.1601, 6.8394], [125.1649, 6.8815], [125.255, 6.9567], [125.2767, 7.021], [125.3123, 7.0203], [125.2892, 7.0603], [125.2842, 7.1229], [125.2286, 7.1811], [125.2452, 7.252], [125.2257, 7.3444], [125.2472, 7.3782], [125.2419, 7.4635], [125.2647, 7.5037], [125.2524, 7.6437], [125.3009, 7.6489], [125.302, 7.6347], [125.3211, 7.6276], [125.3665, 7.6385], [125.3959, 7.6214], [125.4307, 7.6556], [125.4428, 7.7649], [125.4174, 7.8173], [125.4209, 7.9119], [125.3817, 7.9855], [125.9808, 7.9982], [125.9981, 7.9625], [126.0457, 7.935], [126.0684, 7.959], [126.154, 7.9995], [126.3512, 8.0009]]]]}}, {"type": "Feature", "properties": {"REGION": "Eastern Visayas (Region VIII)"}, "geometry": {"type": "MultiPolygon", "coordinates": [[[[125.695, 10.8239], [125.7278, 10.7978], [125.7108, 10.7636], [125.7181, 10.7464], [125.8119, 10.7306], [125.8206, 10.7169], [125.8094, 10.6953], [125.7522, 10.6886], [125.7244, 10.7178], [125.6986, 10.7236], [125.7017, 10.7356], [125.67, 10.7447], [125.6583, 10.785], [125.695, 10.8239]]], [[[124.315, 11.5636], [124.4374, 11.4425], [124.4698, 11.3899], [124.4803, 11.3403], [124.4805, 11.4074], [124.4629, 11.4461], [124.4788, 11.4554], [124.537, 11.425], [124.5517, 11.3396], [124.5848, 11.305], [124.6078, 11.3122], [124.6494, 11.2939], [124.7104, 11.3075], [124.8016, 11.3753], [124.8155, 11.4324], [124.8628, 11.426], [124.8667, 11.4167], [124.8548, 11.4149], [124.8789, 11.4097], [124.8799, 11.442], [124.8958, 11.3983], [124.9032, 11.4227], [124.9143, 11.4085], [124.942, 11.428], [124.9561, 11.3941], [124.9797, 11.3988], [124.9685, 11.3793], [124.9789, 11.3694], [124.9624, 11.3525], [124.9627, 11.2803], [124.9775, 11.2533], [124.9873, 11.2614], [124.9985, 11.2465], [125.0083, 11.2514], [125.0055, 11.2197], [125.0203, 11.2081], [125.0214, 11.2366], [125.0311, 11.2373], [125.0075, 11.155], [125.0397, 11.0653], [125.0347, 10.9331], [125.0028, 10.8428], [125.0095, 10.7625], [125.0231, 10.7372], [125.0011, 10.7281], [125.005, 10.7175], [125.0039, 10.7317], [125.0264, 10.7367], [125.0419, 10.7169], [125.0844, 10.7133], [125.1159, 10.6956], [125.1053, 10.6739], [125.1128, 10.6592], [125.1919, 10.5772], [125.1647, 10.5342], [125.1917, 10.4739], [125.1792, 10.4293], [125.2146, 10.3853], [125.2397, 10.3947], [125.2578, 10.3722], [125.2681, 10.2989], [125.2543, 10.2592], [125.2203, 10.2472], [125.1321, 10.2764], [125.1253, 10.2514], [125.1397, 10.1731], [125.1292, 10.1622], [125.1639, 10.1336], [125.2133, 10.1272], [125.2445, 10.0417], [125.2806, 9.9942], [125.2717, 9.9703], [125.2989, 9.9269], [125.2889, 9.9125], [125.256, 9.9138], [125.2483, 9.9483], [125.223, 9.9627], [125.1855, 10.0381], [125.135, 10.0622], [125.1164, 10.1131], [125.1222, 10.1778], [125.0833, 10.2175], [125.0247, 10.3683], [125.0081, 10.3803], [124.9687, 10.373], [124.987, 10.2544], [124.9775, 10.2131], [125.0239, 10.0878], [125.0187, 10.0298], [125.0286, 10.0052], [125.0092, 10.0295], [124.9648, 10.0462], [124.9369, 10.0808], [124.905, 10.0895], [124.89, 10.1209], [124.7778, 10.1331], [124.7576, 10.1561], [124.7534, 10.1875], [124.7905, 10.3177], [124.7655, 10.3575], [124.7326, 10.3763], [124.7201, 10.4844], [124.7661, 10.5369], [124.7707, 10.6213], [124.8036, 10.6598], [124.7827, 10.7759], [124.707, 10.8801], [124.6839, 10.9381], [124.6537, 10.9512], [124.5952, 11.0136], [124.5708, 11.0094], [124.5383, 10.9775], [124.551, 10.9297], [124.5166, 10.8675], [124.4772, 10.8657], [124.4492, 10.8974], [124.4326, 10.8889], [124.4379, 10.9185], [124.4225, 10.9265], [124.4196, 10.948], [124.4153, 10.9129], [124.3754, 10.9231], [124.4093, 10.9824], [124.4047, 11.0331], [124.3692, 11.0643], [124.4013, 11.1106], [124.3838, 11.2031], [124.3856, 11.2265], [124.4027, 11.24], [124.3876, 11.243], [124.376, 11.274], [124.3891, 11.2987], [124.367, 11.2887], [124.3714, 11.3049], [124.3589, 11.3005], [124.3419, 11.3147], [124.3413, 11.3624], [124.3609, 11.3658], [124.3313, 11.378], [124.3255, 11.3957], [124.3487, 11.4062], [124.3167, 11.4147], [124.2993, 11.4895], [124.2894, 11.4935], [124.2887, 11.5385], [124.315, 11.5636]]], [[[124.4263, 11.7068], [124.4664, 11.7055], [124.5367, 11.6753], [124.5828, 11.5688], [124.6174, 11.5435], [124.6057, 11.4885], [124.5775, 11.4725], [124.512, 11.4691], [124.5039, 11.4792], [124.48, 11.4626], [124.4423, 11.4876], [124.4221, 11.5406], [124.4061, 11.5361], [124.3912, 11.5593], [124.3954, 11.5948], [124.3562, 11.6436], [124.3603, 11.6578], [124.3339, 11.6761], [124.3456, 11.6811], [124.3451, 11.6704], [124.3739, 11.6939], [124.4263, 11.7068]]], [[[124.7322, 11.7263], [124.7395, 11.7016], [124.757, 11.6951], [124.7552, 11.6775], [124.7822, 11.6912], [124.7677, 11.6692], [124.8072, 11.6455], [124.7878, 11.6194], [124.7956, 11.6006], [124.8065, 11.6095], [124.85, 11.6006], [124.8311, 11.5787], [124.8391, 11.5467], [124.8232, 11.5295], [124.7912, 11.5484], [124.8056, 11.5661], [124.7658, 11.5743], [124.7613, 11.6082], [124.7824, 11.5956], [124.7886, 11.6069], [124.7488, 11.6498], [124.7363, 11.6403], [124.7306, 11.675], [124.7203, 11.6677], [124.7244, 11.6952], [124.7167, 11.7056], [124.7094, 11.6967], [124.7058, 11.7136], [124.7206, 11.7053], [124.73, 11.7144], [124.7162, 11.7263], [124.7322, 11.7263]]], [[[124.9905, 12.6431], [125.0108, 12.6253], [125.0169, 12.5961], [125.0697, 12.5739], [125.056, 12.5552], [125.0284, 12.5511], [125.0517, 12.5536], [125.0475, 12.5422], [125.0633, 12.5475], [125.0558, 12.5411], [125.0742, 12.5358], [125.0731, 12.5789], [125.0967, 12.5828], [125.1122, 12.5636], [125.1458, 12.585], [125.2678, 12.4925], [125.2606, 12.4733], [125.2917, 12.4689], [125.2955, 12.4283], [125.3378, 12.4058], [125.2992, 12.3975], [125.3164, 12.3867], [125.2983, 12.3844], [125.3056, 12.3639], [125.2858, 12.3556], [125.2864, 12.3381], [125.3208, 12.3269], [125.2869, 12.3058], [125.2939, 12.2903], [125.335, 12.3186], [125.33, 12.2989], [125.3419, 12.2853], [125.318, 12.2731], [125.3375, 12.2694], [125.3578, 12.2878], [125.3569, 12.3056], [125.3822, 12.3022], [125.38, 12.2883], [125.3575, 12.2792], [125.3672, 12.2706], [125.3839, 12.2656], [125.3983, 12.2811], [125.4053, 12.2692], [125.4122, 12.2853], [125.4383, 12.2736], [125.4642, 12.2439], [125.4553, 12.2278], [125.4778, 12.2311], [125.4797, 12.2122], [125.4947, 12.2025], [125.4942, 12.2172], [125.515, 12.1922], [125.5106, 12.1708], [125.4983, 12.1828], [125.4968, 12.1697], [125.4817, 12.1761], [125.455, 12.1647], [125.4739, 12.1517], [125.4667, 12.1375], [125.4247, 12.1442], [125.4442, 12.1361], [125.4447, 12.1033], [125.4811, 12.1056], [125.4897, 12.0944], [125.4689, 12.09], [125.48, 12.0906], [125.498, 12.0608], [125.5161, 12.0606], [125.4606, 11.9986], [125.433, 11.9847], [125.4558, 11.9927], [125.4481, 11.9694], [125.4264, 11.9558], [125.4332, 11.9362], [125.4203, 11.8943], [125.4294, 11.8725], [125.4436, 11.87], [125.4353, 11.8275], [125.4633, 11.8172], [125.4741, 11.7919], [125.4622, 11.7719], [125.4403, 11.7811], [125.4136, 11.7567], [125.4325, 11.7586], [125.4267, 11.7486], [125.4406, 11.7394], [125.4622, 11.7586], [125.483, 11.6947], [125.4713, 11.6849], [125.4926, 11.672], [125.4815, 11.6618], [125.4524, 11.6686], [125.4467, 11.6553], [125.4633, 11.6433], [125.4386, 11.6119], [125.4483, 11.5899], [125.4736, 11.5917], [125.4693, 11.5454], [125.5156, 11.4939], [125.5186, 11.4733], [125.494, 11.4473], [125.5225, 11.4539], [125.5444, 11.4381], [125.5525, 11.4061], [125.568, 11.4061], [125.5633, 11.3942], [125.5836, 11.3994], [125.6031, 11.3661], [125.6203, 11.3697], [125.6331, 11.3569], [125.6142, 11.3017], [125.5733, 11.2858], [125.5469, 11.2592], [125.5336, 11.1989], [125.5572, 11.1822], [125.5972, 11.1789], [125.5883, 11.1883], [125.615, 11.1886], [125.6192, 11.2], [125.5875, 11.2256], [125.5997, 11.2331], [125.6656, 11.1981], [125.6953, 11.1311], [125.7506, 11.0653], [125.7633, 11.0328], [125.7558, 11.0156], [125.7244, 11.0236], [125.7025, 11.0667], [125.6722, 11.0836], [125.7022, 11.1139], [125.6658, 11.1167], [125.6606, 11.1417], [125.5828, 11.1131], [125.5775, 11.0925], [125.5678, 11.1022], [125.5753, 11.1172], [125.5586, 11.1267], [125.5705, 11.1479], [125.5303, 11.1497], [125.5111, 11.0814], [125.4905, 11.1006], [125.483, 11.0933], [125.4892, 11.1097], [125.4764, 11.1069], [125.4622, 11.1258], [125.4494, 11.1178], [125.4547, 11.0986], [125.4353, 11.1108], [125.4328, 11.0914], [125.4081, 11.0819], [125.4053, 11.1003], [125.3836, 11.1079], [125.3738, 11.0994], [125.3603, 11.1195], [125.3172, 11.1167], [125.2969, 11.1431], [125.2469, 11.1222], [125.234, 11.0857], [125.2089, 11.0981], [125.1947, 11.1825], [125.1511, 11.275], [125.0708, 11.2861], [125.0068, 11.2677], [124.9785, 11.2834], [124.9729, 11.3222], [124.9963, 11.3527], [124.9842, 11.4214], [124.9958, 11.4302], [124.9637, 11.4317], [124.9597, 11.4537], [124.941, 11.4486], [124.903, 11.4701], [124.8984, 11.4945], [124.9178, 11.48], [124.9062, 11.5098], [124.9072, 11.4969], [124.8878, 11.5075], [124.8895, 11.4628], [124.8783, 11.4729], [124.8404, 11.4654], [124.821, 11.4897], [124.8315, 11.4979], [124.8187, 11.5162], [124.8316, 11.5106], [124.8304, 11.5255], [124.8578, 11.5553], [124.8715, 11.534], [124.8929, 11.5382], [124.8986, 11.5533], [124.8772, 11.5584], [124.8815, 11.5775], [124.9472, 11.5717], [124.9658, 11.5841], [124.9575, 11.5974], [124.986, 11.6181], [124.9913, 11.6083], [124.975, 11.6727], [125.0297, 11.715], [125.0178, 11.7192], [125.0442, 11.7494], [124.9963, 11.7791], [124.9083, 11.74], [124.9009, 11.7538], [124.8854, 11.7535], [124.8796, 11.7781], [124.8567, 11.7914], [124.8654, 11.7937], [124.8575, 11.8127], [124.8384, 11.8155], [124.8211, 11.8445], [124.7739, 11.8628], [124.7982, 11.8709], [124.7767, 11.878], [124.799, 11.8875], [124.7894, 11.9041], [124.8264, 11.8833], [124.8095, 11.9061], [124.7858, 11.912], [124.7716, 11.9083], [124.776, 11.8994], [124.7616, 11.9086], [124.7674, 11.8978], [124.7369, 11.8959], [124.7493, 11.914], [124.7421, 11.927], [124.7679, 11.9369], [124.7128, 11.9472], [124.7192, 11.9742], [124.7306, 11.9714], [124.7356, 11.9836], [124.73, 11.9728], [124.7003, 11.9743], [124.7094, 11.9789], [124.6955, 11.9812], [124.6897, 12.0011], [124.7214, 12.0072], [124.7167, 12.0187], [124.6869, 12.0086], [124.6369, 12.0519], [124.5956, 12.0653], [124.5354, 12.0576], [124.5368, 12.0707], [124.5278, 12.0631], [124.4823, 12.1005], [124.4667, 12.1314], [124.4505, 12.1375], [124.45, 12.1542], [124.3897, 12.1959], [124.3382, 12.3146], [124.3345, 12.3652], [124.3447, 12.3866], [124.337, 12.3924], [124.3298, 12.3765], [124.3103, 12.4393], [124.3201, 12.4477], [124.3088, 12.4437], [124.2847, 12.4674], [124.282, 12.5188], [124.2609, 12.5493], [124.2894, 12.5839], [124.298, 12.5626], [124.3252, 12.5552], [124.3297, 12.5356], [124.3415, 12.5466], [124.3571, 12.5383], [124.3556, 12.5564], [124.3795, 12.5538], [124.3723, 12.5483], [124.3922, 12.5386], [124.3919, 12.5668], [124.4064, 12.5608], [124.4006, 12.55], [124.4211, 12.5447], [124.4208, 12.5295], [124.443, 12.534], [124.43, 12.5228], [124.4375, 12.5344], [124.4499, 12.5253], [124.4457, 12.5341], [124.4666, 12.5457], [124.4547, 12.5275], [124.4622, 12.5111], [124.4753, 12.5125], [124.4664, 12.5206], [124.4738, 12.537], [124.5108, 12.5197], [124.5574, 12.5194], [124.5658, 12.5303], [124.6514, 12.5102], [124.6422, 12.5014], [124.6524, 12.4903], [124.6437, 12.5002], [124.6615, 12.518], [124.6765, 12.5085], [124.7347, 12.5146], [124.7986, 12.543], [124.8392, 12.5261], [124.867, 12.5333], [124.8827, 12.565], [124.8584, 12.5841], [124.8881, 12.5771], [124.8983, 12.5603], [124.9141, 12.5638], [124.8921, 12.5717], [124.9322, 12.5672], [124.9567, 12.5844], [124.9642, 12.5645], [124.9518, 12.5582], [124.9903, 12.5523], [125.0142, 12.5661], [124.9979, 12.5885], [124.9905, 12.6431]]]]}}, {"type": "Feature", "properties": {"REGION": "Ilocos Region (Region I)"}, "geometry": {"type": "MultiPolygon", "coordinates": [[[[119.9897, 16.3489], [119.9994, 16.3222], [120.0219, 16.3136], [119.9981, 16.2767], [120.0179, 16.2408], [119.9931, 16.2218], [119.9643, 16.2681], [119.9483, 16.267], [119.9516, 16.2814], [119.9357, 16.2956], [119.9223, 16.2849], [119.9175, 16.2987], [119.9433, 16.3097], [119.9375, 16.3228], [119.9497, 16.3331], [119.9467, 16.3125], [119.9625, 16.3047], [119.9656, 16.3439], [119.9897, 16.3489]]], [[[119.9244, 15.8066], [119.9128, 15.7944], [119.8817, 15.8133], [119.9139, 15.8394], [119.8469, 15.9706], [119.8444, 15.9589], [119.8125, 15.9555], [119.8049, 15.9221], [119.7839, 15.9311], [119.7728, 15.9139], [119.7495, 15.9645], [119.7625, 15.9867], [119.7592, 16.0111], [119.774, 16.0247], [119.7555, 16.0478], [119.7686, 16.0867], [119.762, 16.1064], [119.7817, 16.1333], [119.7714, 16.1636], [119.7533, 16.1708], [119.7833, 16.2394], [119.7725, 16.2489], [119.7789, 16.3089], [119.8169, 16.3603], [119.855, 16.3581], [119.8822, 16.3936], [119.9119, 16.3783], [119.925, 16.3836], [119.9176, 16.3709], [119.9286, 16.3323], [119.912, 16.2952], [119.9239, 16.2539], [119.9144, 16.2419], [119.9283, 16.25], [119.9553, 16.2358], [119.9578, 16.2203], [119.9628, 16.2317], [119.9789, 16.2246], [119.9747, 16.2064], [120.0037, 16.1937], [120.0197, 16.1683], [120.03, 16.1919], [120.0433, 16.1836], [120.0444, 16.1925], [120.0475, 16.178], [120.0728, 16.1786], [120.0728, 16.1631], [120.0875, 16.1706], [120.1111, 16.1452], [120.1058, 16.135], [120.0872, 16.145], [120.1058, 16.1257], [120.0931, 16.1242], [120.0888, 16.1076], [120.1142, 16.0792], [120.0994, 16.0807], [120.0971, 16.0691], [120.1408, 16.0403], [120.1556, 16.0129], [120.1442, 16.0393], [120.1916, 16.0451], [120.2236, 16.0347], [120.325, 16.0678], [120.3278, 16.0583], [120.375, 16.1119], [120.3958, 16.1106], [120.3775, 16.1155], [120.4244, 16.166], [120.3995, 16.2517], [120.3644, 16.2726], [120.3783, 16.2394], [120.3475, 16.282], [120.3446, 16.347], [120.3223, 16.3901], [120.3344, 16.3906], [120.3239, 16.3956], [120.3345, 16.4201], [120.3294, 16.4691], [120.3034, 16.5017], [120.3094, 16.5203], [120.3297, 16.5173], [120.3097, 16.5243], [120.32, 16.5734], [120.3, 16.5826], [120.2997, 16.6014], [120.2775, 16.6194], [120.2969, 16.6081], [120.3097, 16.6145], [120.308, 16.6447], [120.3379, 16.6845], [120.3414, 16.7336], [120.3239, 16.8004], [120.335, 16.8362], [120.4, 16.8814], [120.4032, 16.9097], [120.446, 16.9766], [120.4383, 17.0764], [120.4508, 17.0906], [120.4375, 17.0795], [120.4261, 17.1768], [120.4033, 17.2111], [120.4194, 17.2278], [120.4189, 17.2667], [120.435, 17.2867], [120.4225, 17.2883], [120.4267, 17.3353], [120.4444, 17.3383], [120.4561, 17.3886], [120.4644, 17.3781], [120.4789, 17.3931], [120.4631, 17.3811], [120.4647, 17.4078], [120.4486, 17.4453], [120.4317, 17.4506], [120.4361, 17.4778], [120.4231, 17.4967], [120.3994, 17.4917], [120.4239, 17.5078], [120.4056, 17.5144], [120.4125, 17.5267], [120.3903, 17.517], [120.3944, 17.5306], [120.3867, 17.5194], [120.38, 17.5292], [120.3892, 17.5331], [120.3683, 17.5333], [120.345, 17.5614], [120.3528, 17.6347], [120.3714, 17.6706], [120.3514, 17.6817], [120.3572, 17.6933], [120.3764, 17.6833], [120.4361, 17.7331], [120.4297, 17.7544], [120.4067, 17.7576], [120.4264, 17.7744], [120.4062, 17.7806], [120.4028, 17.7974], [120.43, 17.8051], [120.4355, 17.8239], [120.4581, 17.825], [120.4399, 17.8653], [120.4497, 17.8747], [120.4449, 17.9014], [120.4292, 17.9155], [120.4661, 17.9433], [120.4744, 17.9764], [120.4986, 17.9975], [120.4739, 18.03], [120.4775, 18.0817], [120.4894, 18.0681], [120.4697, 18.0869], [120.5117, 18.1339], [120.5181, 18.1844], [120.5472, 18.205], [120.5286, 18.1911], [120.5219, 18.2008], [120.5353, 18.2006], [120.5236, 18.2047], [120.5967, 18.3281], [120.5953, 18.4117], [120.5625, 18.4925], [120.6247, 18.5461], [120.7147, 18.5286], [120.7722, 18.5431], [120.7881, 18.5711], [120.7819, 18.6217], [120.8472, 18.6514], [120.9117, 18.5633], [120.9536, 18.5586], [120.9793, 18.5807], [120.9616, 18.4303], [120.9422, 18.3682], [120.9544, 18.3343], [120.9589, 18.1987], [120.976, 18.1674], [120.9365, 18.1], [120.9405, 17.9971], [120.9148, 17.9528], [120.8332, 17.96], [120.7832, 17.9117], [120.7275, 17.8929], [120.6902, 17.8349], [120.5818, 17.7993], [120.5046, 17.6455], [120.4876, 17.545], [120.4672, 17.5018], [120.4825, 17.481], [120.5253, 17.4998], [120.5856, 17.4763], [120.5787, 17.4305], [120.5399, 17.349], [120.558, 17.3078], [120.6143, 17.3107], [120.6826, 17.2557], [120.674, 17.2423], [120.6872, 17.2241], [120.6817, 17.1988], [120.6674, 17.1939], [120.6892, 17.1635], [120.7568, 17.1579], [120.7989, 17.1879], [120.8583, 17.1882], [120.8144, 17.1564], [120.7805, 17.1104], [120.7868, 16.9721], [120.7755, 16.9348], [120.7434, 16.9137], [120.6715, 16.9105], [120.6434, 16.8957], [120.6079, 16.6914], [120.5419, 16.6075], [120.5588, 16.597], [120.4966, 16.5412], [120.4691, 16.4957], [120.5125, 16.237], [120.6553, 16.1877], [120.7689, 16.2014], [120.8414, 16.1715], [120.88, 16.1059], [120.8797, 16.0792], [120.9223, 15.9789], [120.9063, 15.9191], [120.8778, 15.888], [120.8587, 15.8216], [120.8227, 15.7928], [120.7436, 15.8526], [120.6807, 15.8457], [120.6519, 15.8299], [120.6128, 15.8321], [120.609, 15.8614], [120.588, 15.8891], [120.5479, 15.7707], [120.4811, 15.7298], [120.3926, 15.7655], [120.3586, 15.7299], [120.3518, 15.6976], [120.3167, 15.6681], [120.3239, 15.65], [120.2539, 15.6185], [120.186, 15.7268], [120.1625, 15.8114], [120.1487, 15.824], [120.0854, 15.8109], [120.0288, 15.8453], [119.9908, 15.7923], [119.9592, 15.7923], [119.9493, 15.8106], [119.9244, 15.8066]]]]}}, {"type": "Feature", "properties": {"REGION": "MIMAROPA (Region IV-B)"}, "geometry": {"type": "MultiPolygon", "coordinates": [[[[117.0728, 8.075], [117.0786, 8.0186], [117.0661, 8.0145], [117.0783, 8.0042], [117.0525, 7.9903], [117.0753, 7.9908], [117.0867, 7.9058], [117.0686, 7.8975], [117.0792, 7.8806], [117.0617, 7.8428], [117.0278, 7.8122], [117.0161, 7.8225], [117.0258, 7.8072], [117.0117, 7.8036], [116.9928, 7.815], [116.9996, 7.8506], [116.9825, 7.8539], [116.9558, 7.9133], [116.935, 7.9142], [116.9283, 7.9369], [116.9444, 7.9308], [116.9667, 7.9519], [116.95, 7.9997], [116.9669, 8.055], [116.9686, 8.0172], [117.004, 8.0437], [116.9967, 8.0628], [117.0728, 8.075]]], [[[117.3226, 8.3239], [117.3521, 8.2904], [117.3463, 8.2097], [117.2935, 8.1786], [117.2629, 8.2091], [117.2678, 8.3039], [117.2786, 8.3225], [117.3226, 8.3239]]], [[[119.8289, 10.6506], [119.8622, 10.6208], [119.8686, 10.6342], [119.9047, 10.5981], [119.9388, 10.6076], [119.983, 10.6], [120.0042, 10.565], [120.0016, 10.5525], [119.986, 10.5504], [119.9897, 10.5631], [119.9782, 10.5695], [119.9703, 10.5459], [119.9834, 10.531], [119.9476, 10.5186], [119.9444, 10.5356], [119.9301, 10.5046], [119.924, 10.5176], [119.91, 10.5167], [119.904, 10.5462], [119.885, 10.55], [119.8999, 10.5417], [119.8952, 10.5239], [119.924, 10.4836], [119.9129, 10.4745], [119.8564, 10.4847], [119.8745, 10.4614], [119.805, 10.4413], [119.7624, 10.464], [119.7646, 10.5275], [119.7549, 10.5318], [119.7487, 10.5181], [119.7497, 10.5525], [119.742, 10.5478], [119.7635, 10.5651], [119.7923, 10.5467], [119.8033, 10.5853], [119.8334, 10.6141], [119.8289, 10.6506]]], [[[121.0709, 10.9079], [121.08, 10.8944], [121.0614, 10.8767], [121.0819, 10.8561], [121.0592, 10.8397], [121.0656, 10.8086], [121.0224, 10.7992], [120.9985, 10.8301], [121.0045, 10.8563], [121.0458, 10.8728], [121.0514, 10.9042], [121.0709, 10.9079]]], [[[119.5842, 11.1003], [119.5894, 11.0878], [119.6247, 11.0856], [119.6181, 11.0606], [119.6431, 11.0247], [119.6336, 10.9947], [119.6289, 11.0228], [119.6092, 11.005], [119.5972, 11.0117], [119.5975, 11.0336], [119.5608, 11.0436], [119.5603, 11.0636], [119.5842, 11.1003]]], [[[119.4783, 11.4242], [119.505, 11.4152], [119.5106, 11.3322], [119.5375, 11.3219], [119.5536, 11.3403], [119.5684, 11.2916], [119.5383, 11.1746], [119.5008, 11.1331], [119.5372, 11.0694], [119.5611, 11.0847], [119.5511, 11.0617], [119.5697, 11.0069], [119.5619, 10.9958], [119.5374, 11.0133], [119.5028, 11.0078], [119.4837, 10.875], [119.509, 10.8614], [119.5109, 10.8294], [119.5348, 10.813], [119.5747, 10.8382], [119.5994, 10.8225], [119.5986, 10.8089], [119.5794, 10.8125], [119.5952, 10.7983], [119.5877, 10.7816], [119.5772, 10.7833], [119.5953, 10.7703], [119.5869, 10.7447], [119.6008, 10.7247], [119.5704, 10.6648], [119.6114, 10.6646], [119.6356, 10.6917], [119.6578, 10.6742], [119.6494, 10.6653], [119.6681, 10.6561], [119.6386, 10.6494], [119.6242, 10.6607], [119.64, 10.6344], [119.626, 10.6207], [119.6396, 10.6223], [119.6408, 10.6042], [119.6547, 10.6075], [119.6704, 10.5442], [119.7033, 10.5424], [119.6928, 10.5272], [119.7083, 10.5317], [119.7166, 10.5077], [119.6769, 10.4927], [119.6331, 10.4428], [119.5857, 10.4225], [119.57, 10.3725], [119.5105, 10.3609], [119.4564, 10.3751], [119.4272, 10.3515], [119.3721, 10.3454], [119.352, 10.3148], [119.3232, 10.3117], [119.2433, 10.2014], [119.2182, 10.0776], [119.197, 10.0475], [118.9731, 9.9839], [118.8997, 9.9747], [118.9007, 9.9893], [118.8936, 9.9779], [118.8523, 9.9713], [118.8219, 9.9385], [118.7727, 9.9388], [118.7646, 9.9131], [118.7514, 9.9286], [118.7417, 9.8408], [118.7742, 9.7972], [118.7703, 9.7228], [118.7314, 9.7317], [118.7381, 9.7547], [118.735, 9.7742], [118.7222, 9.7728], [118.7244, 9.7892], [118.7153, 9.7708], [118.6977, 9.777], [118.6914, 9.7639], [118.695, 9.7125], [118.7292, 9.7081], [118.7053, 9.6803], [118.7306, 9.7003], [118.7356, 9.6808], [118.7617, 9.6875], [118.7608, 9.6667], [118.7192, 9.6531], [118.7361, 9.6503], [118.7314, 9.6369], [118.6797, 9.5672], [118.6528, 9.5525], [118.6386, 9.5058], [118.6222, 9.5053], [118.6211, 9.4889], [118.5661, 9.4219], [118.5547, 9.4287], [118.5639, 9.4158], [118.5381, 9.3897], [118.5406, 9.3597], [118.4883, 9.3084], [118.4889, 9.2936], [118.466, 9.3016], [118.4427, 9.2758], [118.431, 9.2791], [118.421, 9.2448], [118.3959, 9.2423], [118.3442, 9.1778], [118.2947, 9.1824], [118.2216, 9.1572], [118.2097, 9.1689], [118.1543, 9.1472], [118.1488, 9.1346], [118.1246, 9.145], [118.1051, 9.1021], [118.1028, 9.0519], [118.0696, 9.0468], [118.0858, 9.0308], [118.0814, 9.0147], [118.0591, 9.0089], [118.0669, 8.9947], [118.0562, 8.995], [118.0167, 8.9051], [118.0011, 8.9053], [118.0032, 8.8801], [117.9638, 8.8724], [117.8868, 8.8286], [117.8396, 8.7701], [117.8075, 8.7665], [117.7799, 8.715], [117.7418, 8.6872], [117.6924, 8.6855], [117.6726, 8.6684], [117.6233, 8.6571], [117.5654, 8.6736], [117.5354, 8.6422], [117.5313, 8.6255], [117.5472, 8.5958], [117.5005, 8.5004], [117.4868, 8.4939], [117.4563, 8.5209], [117.4392, 8.5002], [117.4233, 8.513], [117.4316, 8.494], [117.3731, 8.4938], [117.3684, 8.4753], [117.3209, 8.4527], [117.2842, 8.4109], [117.263, 8.4075], [117.2375, 8.3683], [117.2083, 8.3609], [117.2188, 8.3501], [117.2083, 8.3343], [117.1811, 8.3331], [117.1779, 8.3693], [117.2147, 8.4307], [117.2178, 8.5222], [117.2403, 8.5404], [117.2381, 8.5679], [117.265, 8.5795], [117.2547, 8.6092], [117.2723, 8.6019], [117.2952, 8.6564], [117.3336, 8.6737], [117.3436, 8.6986], [117.3227, 8.6964], [117.3446, 8.7109], [117.3593, 8.7442], [117.4245, 8.7583], [117.4307, 8.7692], [117.4186, 8.7854], [117.4553, 8.8112], [117.467, 8.8552], [117.484, 8.8604], [117.4912, 8.8882], [117.53, 8.9335], [117.543, 8.9341], [117.5484, 8.9573], [117.5837, 8.9619], [117.6217, 9.0], [117.6297, 9.0481], [117.6644, 9.0747], [117.6869, 9.0731], [117.6911, 9.0897], [117.7009, 9.0637], [117.7467, 9.0678], [117.7595, 9.1242], [117.78, 9.1439], [117.7753, 9.1647], [117.8111, 9.1981], [117.8261, 9.1886], [117.8492, 9.2142], [117.8614, 9.2092], [117.9056, 9.2611], [117.9522, 9.2517], [117.981, 9.2807], [117.9839, 9.2449], [118.02, 9.2437], [118.0238, 9.2655], [118.0483, 9.2787], [118.0518, 9.3002], [118.0694, 9.2984], [118.0871, 9.3168], [118.0876, 9.3339], [118.107, 9.3292], [118.1267, 9.3428], [118.1158, 9.3744], [118.127, 9.3972], [118.1851, 9.4105], [118.1972, 9.4711], [118.2255, 9.4959], [118.2371, 9.4926], [118.2833, 9.5338], [118.2978, 9.5639], [118.3288, 9.5814], [118.34, 9.6492], [118.3564, 9.6575], [118.3747, 9.6453], [118.4061, 9.6635], [118.4195, 9.705], [118.5109, 9.7601], [118.568, 9.8447], [118.6052, 9.8701], [118.6144, 9.8896], [118.6047, 9.9148], [118.6447, 9.9343], [118.6433, 9.9599], [118.6633, 9.9754], [118.6444, 10.0042], [118.6599, 9.9986], [118.7042, 10.0386], [118.7228, 10.0364], [118.7264, 10.0708], [118.7456, 10.0842], [118.7619, 10.1333], [118.7739, 10.0699], [118.7419, 10.0753], [118.7758, 10.0594], [118.7756, 10.0239], [118.7942, 10.0231], [118.7944, 10.0367], [118.8086, 10.0303], [118.8097, 10.0697], [118.8386, 10.1058], [118.8067, 10.1167], [118.806, 10.1923], [118.8386, 10.1872], [118.865, 10.2106], [118.8953, 10.1964], [118.9392, 10.2086], [118.9522, 10.2517], [118.9372, 10.2648], [118.9619, 10.2705], [118.9322, 10.2894], [118.9428, 10.3], [118.9656, 10.2847], [118.9781, 10.2997], [118.9714, 10.3103], [118.9897, 10.3014], [119.0044, 10.3125], [118.9945, 10.3219], [119.0062, 10.3434], [119.0266, 10.3398], [119.0157, 10.3755], [118.975, 10.3461], [118.9656, 10.3708], [118.9922, 10.3917], [118.9861, 10.4075], [118.9953, 10.4147], [119.0118, 10.4042], [119.0247, 10.4167], [119.0356, 10.3985], [119.0474, 10.404], [119.0498, 10.3898], [119.0631, 10.3883], [119.0758, 10.4096], [119.0636, 10.4228], [119.0911, 10.4181], [119.1047, 10.4339], [119.0865, 10.443], [119.0922, 10.4511], [119.0738, 10.4509], [119.0893, 10.4621], [119.0772, 10.4633], [119.0825, 10.4806], [119.0916, 10.4711], [119.0972, 10.4856], [119.1144, 10.4853], [119.1217, 10.4728], [119.1067, 10.4711], [119.1055, 10.4596], [119.1245, 10.4459], [119.1137, 10.4113], [119.1268, 10.3839], [119.1392, 10.382], [119.142, 10.3997], [119.176, 10.4116], [119.216, 10.4813], [119.2559, 10.4838], [119.2688, 10.5135], [119.2294, 10.5472], [119.2664, 10.5383], [119.3186, 10.5911], [119.3433, 10.7356], [119.3066, 10.7744], [119.2746, 10.7648], [119.2624, 10.8315], [119.2092, 10.8489], [119.2113, 10.8608], [119.2452, 10.8597], [119.2225, 10.8793], [119.241, 10.8715], [119.2442, 10.8858], [119.2591, 10.885], [119.2403, 10.9081], [119.2136, 10.9053], [119.2321, 10.9337], [119.2147, 10.9389], [119.2204, 10.9542], [119.2422, 10.9507], [119.235, 10.93], [119.2442, 10.9106], [119.2583, 10.9167], [119.2506, 10.9325], [119.2661, 10.9478], [119.2847, 10.9362], [119.2754, 10.9244], [119.2939, 10.9114], [119.2778, 10.8935], [119.299, 10.8915], [119.2657, 10.8706], [119.3083, 10.8711], [119.2832, 10.8474], [119.3122, 10.8297], [119.3172, 10.8467], [119.3322, 10.8106], [119.3446, 10.8274], [119.3567, 10.8214], [119.3453, 10.8003], [119.3864, 10.7939], [119.4039, 10.773], [119.3914, 10.7644], [119.3969, 10.7558], [119.4111, 10.7545], [119.4156, 10.7663], [119.4307, 10.7193], [119.4619, 10.7247], [119.4336, 10.7994], [119.432, 10.8306], [119.4508, 10.8283], [119.453, 10.8434], [119.4408, 10.8386], [119.4153, 10.8561], [119.413, 10.8716], [119.3719, 10.8581], [119.3643, 10.873], [119.3486, 10.8711], [119.3486, 10.8942], [119.3337, 10.8932], [119.3612, 10.9371], [119.3499, 10.9478], [119.3274, 10.9337], [119.3094, 10.9436], [119.3272, 10.9481], [119.3126, 10.9529], [119.303, 11.0075], [119.32, 11.0345], [119.3409, 10.9937], [119.3739, 11.005], [119.3278, 11.0381], [119.3439, 11.0558], [119.3231, 11.0561], [119.3258, 11.1064], [119.3406, 11.0853], [119.3544, 11.0889], [119.3474, 11.0738], [119.3723, 11.0438], [119.4162, 11.0374], [119.4137, 11.1099], [119.4233, 11.1105], [119.4268, 11.1387], [119.4099, 11.1456], [119.4, 11.1325], [119.3957, 11.1681], [119.3755, 11.1839], [119.3904, 11.1815], [119.4166, 11.2101], [119.4188, 11.3075], [119.4101, 11.3121], [119.4259, 11.3177], [119.4317, 11.3464], [119.4509, 11.3323], [119.4517, 11.3481], [119.4733, 11.3635], [119.4783, 11.4242]]], [[[119.8147, 11.5197], [119.8631, 11.5097], [119.8717, 11.4922], [119.8697, 11.4522], [119.8319, 11.3786], [119.8197, 11.3764], [119.8015, 11.4005], [119.8244, 11.4136], [119.8228, 11.4281], [119.8047, 11.4156], [119.7858, 11.4253], [119.7722, 11.4153], [119.7811, 11.4047], [119.7733, 11.3947], [119.7574, 11.4219], [119.7471, 11.4168], [119.727, 11.4334], [119.7343, 11.4533], [119.7117, 11.4642], [119.7283, 11.4794], [119.7275, 11.4661], [119.7697, 11.4381], [119.7663, 11.4583], [119.7858, 11.4581], [119.7631, 11.4764], [119.7769, 11.4786], [119.7764, 11.4933], [119.8011, 11.4522], [119.814, 11.4551], [119.8085, 11.4722], [119.8346, 11.4574], [119.8238, 11.4829], [119.8433, 11.4767], [119.8472, 11.4856], [119.8153, 11.5075], [119.8147, 11.5197]]], [[[119.9061, 11.9761], [119.9267, 11.9553], [119.975, 11.9458], [119.9444, 11.9406], [119.9553, 11.9142], [119.945, 11.91], [119.9631, 11.9044], [119.9622, 11.9272], [119.9642, 11.9164], [119.9786, 11.9172], [119.9758, 11.9039], [119.9945, 11.9331], [120.0036, 11.9239], [120.0244, 11.9297], [120.0289, 11.9141], [119.9884, 11.8967], [120.0239, 11.8928], [120.02, 11.8836], [120.0419, 11.8764], [120.0421, 11.8629], [120.0488, 11.8754], [120.0748, 11.8619], [120.0496, 11.8542], [120.0526, 11.8452], [120.0357, 11.8562], [120.0214, 11.8428], [120.0519, 11.8398], [120.0302, 11.8251], [120.03, 11.8058], [120.0428, 11.8139], [120.0736, 11.7881], [120.0351, 11.7572], [120.0583, 11.7561], [120.0495, 11.7181], [119.9804, 11.6665], [119.9583, 11.6933], [119.9693, 11.6652], [119.9569, 11.6589], [119.9428, 11.6617], [119.9528, 11.6725], [119.9397, 11.6778], [119.9387, 11.7311], [119.9479, 11.7399], [119.9483, 11.7244], [119.9665, 11.7293], [119.9772, 11.7133], [119.9542, 11.7422], [120.0031, 11.7868], [119.9856, 11.7847], [119.9883, 11.8014], [119.9739, 11.7903], [119.9639, 11.8], [119.9631, 11.7642], [119.9303, 11.76], [119.9067, 11.7925], [119.9117, 11.8047], [119.8932, 11.83], [119.9141, 11.8438], [119.8692, 11.8956], [119.871, 11.9283], [119.8457, 11.9477], [119.8531, 11.9556], [119.8904, 11.9243], [119.8938, 11.9442], [119.8742, 11.9535], [119.8722, 11.9706], [119.9061, 11.9761]]], [[[120.2486, 11.9842], [120.2724, 11.9692], [120.2772, 11.9356], [120.2489, 11.9075], [120.2884, 11.9067], [120.2939, 11.8844], [120.2589, 11.8815], [120.2599, 11.8707], [120.292, 11.8709], [120.2919, 11.8584], [120.2569, 11.8565], [120.2874, 11.8466], [120.2469, 11.8481], [120.2564, 11.8144], [120.2247, 11.8919], [120.1911, 11.9367], [120.1928, 11.9528], [120.2059, 11.9451], [120.2486, 11.9842]]], [[[121.0703, 12.2981], [121.1047, 12.2342], [121.0972, 12.1917], [121.1147, 12.2], [121.1364, 12.1656], [121.1195, 12.1528], [121.0858, 12.1739], [121.0742, 12.2125], [121.0372, 12.2253], [121.0422, 12.2894], [121.0703, 12.2981]]], [[[119.897, 12.3278], [119.9264, 12.3181], [119.9236, 12.2975], [119.9395, 12.2822], [119.93, 12.2703], [119.9733, 12.2711], [120.0147, 12.2544], [120.0481, 12.2277], [120.063, 12.1906], [120.1002, 12.2009], [120.1089, 12.1878], [120.0939, 12.1932], [120.099, 12.1821], [120.0872, 12.1725], [120.099, 12.1763], [120.1633, 12.1211], [120.1865, 12.1178], [120.1791, 12.1295], [120.1881, 12.1378], [120.2133, 12.1323], [120.2057, 12.1608], [120.2191, 12.197], [120.2044, 12.22], [120.2177, 12.2264], [120.2235, 12.1985], [120.2433, 12.1997], [120.2468, 12.1317], [120.2599, 12.1253], [120.2751, 12.1442], [120.2866, 12.1149], [120.3017, 12.1192], [120.3076, 12.0987], [120.3328, 12.0916], [120.3262, 12.0833], [120.3413, 12.0556], [120.3094, 12.0308], [120.3249, 12.0376], [120.3406, 12.0127], [120.3364, 11.9922], [120.3191, 12.0007], [120.2998, 11.9813], [120.2529, 12.0063], [120.2249, 11.9823], [120.1778, 12.0081], [120.17, 12.0289], [120.1567, 12.0208], [120.1322, 12.0317], [120.1239, 12.0186], [120.1375, 12.0025], [120.1266, 11.9904], [120.0964, 12.0023], [120.1195, 11.9786], [120.0997, 11.9603], [120.08, 11.9862], [120.0881, 11.9982], [120.0544, 12.0178], [120.0475, 11.9947], [120.0209, 11.9877], [120.0144, 12.0054], [119.9789, 12.0086], [119.9806, 12.0219], [119.9953, 12.0231], [119.9728, 12.0236], [119.9689, 12.0636], [119.9528, 12.0557], [119.9378, 12.0733], [119.9503, 12.0786], [119.9331, 12.0875], [119.9311, 12.1364], [119.9003, 12.1628], [119.8961, 12.2014], [119.8803, 12.2028], [119.8522, 12.1478], [119.8486, 12.1761], [119.875, 12.2228], [119.8586, 12.2336], [119.8589, 12.2515], [119.9161, 12.2747], [119.8669, 12.2682], [119.8791, 12.289], [119.8678, 12.2894], [119.8639, 12.3097], [119.8797, 12.3277], [119.897, 12.3278]]], [[[122.5469, 12.5056], [122.6556, 12.4836], [122.6992, 12.4017], [122.6855, 12.3789], [122.6828, 12.3292], [122.6345, 12.2839], [122.635, 12.2675], [122.61, 12.2964], [122.5625, 12.3125], [122.5411, 12.3615], [122.4496, 12.3974], [122.4245, 12.4337], [122.4283, 12.4563], [122.4613, 12.4872], [122.4933, 12.4987], [122.5158, 12.4902], [122.5469, 12.5056]]], [[[122.2847, 12.6253], [122.2972, 12.6183], [122.3072, 12.5594], [122.3275, 12.5411], [122.3283, 12.5056], [122.3025, 12.4778], [122.2718, 12.4895], [122.2493, 12.5302], [122.2622, 12.5429], [122.2445, 12.5726], [122.2677, 12.5768], [122.2686, 12.6048], [122.2847, 12.6253]]], [[[122.1161, 12.6744], [122.1542, 12.6596], [122.1626, 12.6317], [122.1298, 12.6349], [122.1222, 12.6183], [122.1397, 12.5814], [122.14, 12.5381], [122.1125, 12.4983], [122.0983, 12.3561], [122.0814, 12.3197], [122.0886, 12.3131], [122.0417, 12.2281], [122.0439, 12.1919], [122.0558, 12.1978], [122.0694, 12.1806], [122.0603, 12.1708], [122.0467, 12.18], [122.025, 12.1561], [122.0153, 12.0986], [121.9842, 12.1417], [121.9911, 12.1603], [121.9667, 12.1564], [121.9589, 12.1889], [121.9681, 12.2386], [121.9756, 12.1978], [121.9892, 12.1897], [122.0182, 12.2338], [121.9806, 12.2639], [121.9675, 12.2575], [121.9675, 12.2769], [121.95, 12.2783], [121.9447, 12.2981], [121.9278, 12.2872], [121.9217, 12.3186], [121.9386, 12.3347], [121.9278, 12.345], [121.9408, 12.3575], [121.9428, 12.3933], [121.9875, 12.4083], [122.0059, 12.4435], [122.0161, 12.4934], [122.0053, 12.4998], [122.009, 12.5453], [121.9925, 12.5697], [122.002, 12.5973], [122.0409, 12.6211], [122.0767, 12.6228], [122.119, 12.6569], [122.1161, 12.6744]]], [[[120.4253, 13.5264], [120.4771, 13.5045], [120.5594, 13.5083], [120.6165, 13.4885], [120.6713, 13.4922], [120.7527, 13.464], [120.8614, 13.4869], [120.908, 13.511], [120.9436, 13.5036], [120.9448, 13.5214], [120.9544, 13.5028], [120.9719, 13.5153], [120.9614, 13.5253], [120.9925, 13.5231], [120.9558, 13.495], [121.0362, 13.4186], [121.062, 13.4042], [121.0909, 13.4158], [121.0943, 13.4064], [121.0964, 13.4169], [121.1213, 13.4044], [121.1049, 13.4178], [121.1373, 13.4102], [121.146, 13.3967], [121.1306, 13.3707], [121.1392, 13.3619], [121.1431, 13.4084], [121.183, 13.4173], [121.2004, 13.4374], [121.2646, 13.3556], [121.2669, 13.3658], [121.3035, 13.3458], [121.3789, 13.2396], [121.4141, 13.242], [121.4414, 13.2278], [121.4497, 13.1899], [121.4344, 13.1623], [121.4439, 13.1303], [121.4433, 13.1442], [121.4694, 13.1349], [121.5089, 13.1512], [121.5569, 13.1197], [121.557, 13.0889], [121.5049, 13.0543], [121.4865, 13.0179], [121.4989, 12.9381], [121.4828, 12.9028], [121.4942, 12.8481], [121.4761, 12.7739], [121.4886, 12.7447], [121.5142, 12.7333], [121.5489, 12.6694], [121.555, 12.6231], [121.5467, 12.6556], [121.5483, 12.6314], [121.5275, 12.5957], [121.5551, 12.6155], [121.5578, 12.6061], [121.5267, 12.5903], [121.5064, 12.5477], [121.4631, 12.5175], [121.4378, 12.5167], [121.4453, 12.4767], [121.4264, 12.4703], [121.4264, 12.4542], [121.4097, 12.4439], [121.4131, 12.3972], [121.4528, 12.3594], [121.3839, 12.3617], [121.3964, 12.2856], [121.3831, 12.295], [121.373, 12.2817], [121.3819, 12.2975], [121.3675, 12.2989], [121.3658, 12.3267], [121.3447, 12.3253], [121.3323, 12.2942], [121.2761, 12.2842], [121.2445, 12.2072], [121.2086, 12.2392], [121.1611, 12.2447], [121.1636, 12.2589], [121.1378, 12.2556], [121.1361, 12.2464], [121.1544, 12.2558], [121.1578, 12.2442], [121.1111, 12.2439], [121.1122, 12.266], [121.0986, 12.2694], [121.0928, 12.2883], [121.1078, 12.2994], [121.1289, 12.2864], [121.1425, 12.3339], [121.1268, 12.3254], [121.1308, 12.3144], [121.1197, 12.3136], [121.1214, 12.325], [121.1144, 12.315], [121.1192, 12.3456], [121.0889, 12.3625], [121.0728, 12.3461], [121.0828, 12.3294], [121.0336, 12.3669], [121.0072, 12.4117], [120.9758, 12.4281], [120.9206, 12.5238], [120.9383, 12.5714], [120.9266, 12.6166], [120.8653, 12.6883], [120.8572, 12.7157], [120.8347, 12.7278], [120.803, 12.7203], [120.7909, 12.7324], [120.7835, 12.8244], [120.7616, 12.8386], [120.7804, 12.8617], [120.7835, 12.9046], [120.7933, 12.9053], [120.7822, 12.9067], [120.7758, 12.9311], [120.7893, 12.9191], [120.7676, 12.9673], [120.7697, 13.0028], [120.7596, 13.0206], [120.7667, 12.9781], [120.7364, 13.0571], [120.6528, 13.1889], [120.6085, 13.1998], [120.5708, 13.2289], [120.5228, 13.2239], [120.5239, 13.2655], [120.5046, 13.2653], [120.4821, 13.2927], [120.487, 13.3183], [120.4664, 13.3743], [120.474, 13.3977], [120.4617, 13.415], [120.4357, 13.4269], [120.3911, 13.4106], [120.3952, 13.3864], [120.3819, 13.375], [120.3452, 13.3821], [120.3098, 13.4204], [120.2989, 13.4458], [120.3269, 13.4906], [120.3641, 13.515], [120.4253, 13.5264]]], [[[121.8705, 13.5707], [121.8748, 13.553], [121.8897, 13.5586], [121.8958, 13.5367], [121.9167, 13.5264], [121.9295, 13.5444], [121.9646, 13.5299], [121.9724, 13.5601], [121.9671, 13.5321], [121.9983, 13.5231], [122.0097, 13.5494], [122.0332, 13.5291], [122.0237, 13.5135], [122.0483, 13.5128], [122.0584, 13.4867], [122.044, 13.4844], [122.0753, 13.4762], [122.0869, 13.4894], [122.1277, 13.4552], [122.1177, 13.4257], [122.1024, 13.4347], [122.1011, 13.4216], [122.1228, 13.3927], [122.1442, 13.3892], [122.139, 13.3797], [122.1505, 13.3711], [122.1278, 13.3616], [122.1204, 13.3392], [122.0695, 13.3066], [122.047, 13.2767], [122.0533, 13.241], [122.0293, 13.1995], [121.982, 13.2075], [121.9509, 13.2483], [121.8658, 13.2847], [121.8426, 13.3294], [121.8203, 13.3444], [121.8247, 13.4031], [121.8104, 13.4472], [121.8233, 13.4502], [121.8106, 13.4534], [121.8377, 13.4831], [121.8502, 13.5212], [121.8739, 13.5401], [121.862, 13.5313], [121.8542, 13.5403], [121.8647, 13.5499], [121.8557, 13.5641], [121.8705, 13.5707]]], [[[120.0924, 13.8646], [120.1378, 13.8556], [120.2028, 13.8106], [120.2232, 13.8214], [120.2886, 13.7347], [120.2622, 13.7361], [120.2508, 13.7203], [120.2714, 13.7044], [120.2886, 13.7105], [120.2958, 13.6858], [120.2783, 13.6867], [120.2678, 13.6703], [120.2539, 13.7022], [120.2219, 13.7092], [120.2033, 13.7337], [120.1746, 13.7362], [120.1006, 13.7842], [120.0944, 13.8353], [120.0764, 13.8483], [120.0924, 13.8646]]]]}}, {"type": "Feature", "properties": {"REGION": "Metropolitan Manila"}, "geometry": {"type": "MultiPolygon", "coordinates": [[[[121.0605, 14.7802], [121.0738, 14.7642], [121.114, 14.7602], [121.1144, 14.7405], [121.1314, 14.7396], [121.1038, 14.6759], [121.1279, 14.6693], [121.1318, 14.6556], [121.1276, 14.6351], [121.1017, 14.627], [121.1095, 14.5914], [121.0934, 14.5682], [121.1093, 14.5258], [121.0851, 14.509], [121.0726, 14.5132], [121.0619, 14.4942], [121.0507, 14.4495], [121.0568, 14.3807], [121.007, 14.3493], [121.0126, 14.3814], [120.9646, 14.4656], [120.9892, 14.5018], [120.9743, 14.5086], [120.9853, 14.5167], [120.985, 14.5625], [120.9635, 14.5928], [120.9547, 14.5753], [120.9599, 14.5951], [121.0148, 14.5939], [120.9437, 14.5947], [120.9539, 14.6019], [120.9483, 14.6136], [120.9599, 14.6011], [120.9625, 14.6381], [120.9514, 14.6356], [120.9169, 14.6919], [120.9279, 14.7023], [120.9452, 14.6811], [120.9578, 14.6875], [120.9355, 14.7305], [120.9484, 14.7359], [120.9664, 14.7284], [120.9704, 14.7096], [120.9898, 14.7123], [121.0044, 14.7466], [121.041, 14.756], [121.045, 14.777], [121.0605, 14.7802]]]]}}, {"type": "Feature", "properties": {"REGION": "Northern Mindanao (Region X)"}, "geometry": {"type": "MultiPolygon", "coordinates": [[[[123.6116, 8.6694], [123.6224, 8.6612], [123.6153, 8.6503], [123.6385, 8.6416], [123.6315, 8.6331], [123.6867, 8.6415], [123.7397, 8.59], [123.7344, 8.6116], [123.7579, 8.5983], [123.7453, 8.6], [123.7434, 8.5797], [123.7833, 8.5352], [123.7802, 8.5056], [123.8171, 8.4765], [123.816, 8.4544], [123.8378, 8.4271], [123.8468, 8.3479], [123.8637, 8.3242], [123.8481, 8.3124], [123.8472, 8.2828], [123.8642, 8.2237], [123.8653, 8.1581], [123.7878, 8.1011], [123.7599, 8.0503], [123.6935, 8.0485], [123.6449, 8.0127], [123.634, 8.0206], [123.6378, 8.01], [123.6357, 8.0319], [123.6021, 8.0248], [123.5882, 8.0421], [123.5635, 8.0453], [123.5482, 8.1957], [123.5544, 8.6213], [123.5652, 8.6159], [123.5567, 8.5951], [123.5687, 8.5967], [123.5667, 8.5722], [123.5778, 8.6325], [123.5862, 8.6276], [123.6029, 8.6518], [123.5796, 8.6592], [123.6116, 8.6694]]], [[[125.2221, 9.0172], [125.2362, 8.9572], [125.2191, 8.9235], [125.2556, 8.8743], [125.2315, 8.8552], [125.2411, 8.8406], [125.2463, 8.4992], [125.2601, 8.3753], [125.2779, 8.3365], [125.2977, 8.3337], [125.3125, 8.3029], [125.3309, 8.3001], [125.3443, 8.2507], [125.3635, 8.2367], [125.3526, 8.1944], [125.3722, 8.1525], [125.3684, 8.0999], [125.3879, 8.0775], [125.3754, 8.0204], [125.3817, 7.9855], [125.4027, 7.96], [125.4005, 7.9339], [125.4209, 7.9119], [125.4174, 7.8173], [125.4441, 7.7556], [125.4429, 7.7165], [125.4258, 7.6818], [125.4307, 7.6556], [125.4075, 7.6262], [125.3914, 7.6216], [125.3665, 7.6385], [125.3211, 7.6276], [125.302, 7.6347], [125.3009, 7.6489], [125.2524, 7.6437], [125.252, 7.5798], [125.2189, 7.592], [125.2166, 7.5705], [125.1933, 7.5721], [125.1659, 7.523], [125.1553, 7.4654], [125.0678, 7.4518], [125.058, 7.416], [125.0339, 7.4015], [124.9719, 7.4007], [124.9288, 7.4321], [124.8997, 7.4136], [124.8802, 7.4155], [124.8784, 7.4326], [124.8402, 7.451], [124.8406, 7.4772], [124.8269, 7.49], [124.8147, 7.496], [124.7882, 7.4802], [124.7998, 7.5173], [124.8251, 7.5415], [124.8117, 7.5757], [124.8179, 7.5923], [124.8044, 7.5985], [124.8026, 7.6232], [124.7538, 7.6532], [124.7531, 7.6799], [124.7289, 7.7012], [124.7349, 7.7312], [124.7076, 7.7551], [124.6612, 7.8353], [124.6312, 7.8464], [124.6173, 7.8708], [124.6241, 7.8908], [124.5982, 7.9052], [124.5573, 7.984], [124.5426, 8.069], [124.5173, 8.1192], [124.4662, 8.1603], [124.3463, 8.1958], [124.3318, 8.2122], [124.2984, 8.2078], [124.2759, 8.1318], [124.2848, 8.0885], [124.2478, 8.0473], [124.2141, 8.0158], [124.1589, 8.0154], [124.1275, 8.002], [124.1383, 7.9651], [124.1116, 7.9048], [124.0234, 7.8996], [124.0443, 7.8589], [124.0453, 7.8251], [124.009, 7.7532], [124.0143, 7.7226], [124.0009, 7.6942], [123.8372, 7.7443], [123.8391, 7.7268], [123.8154, 7.7001], [123.7743, 7.7035], [123.7639, 7.7323], [123.7362, 7.7318], [123.7394, 7.7622], [123.7207, 7.7907], [123.6917, 7.7978], [123.6908, 7.8133], [123.6225, 7.829], [123.6212, 7.8439], [123.6543, 7.8885], [123.6691, 7.9521], [123.6956, 7.9806], [123.7484, 7.9993], [123.7867, 8.0574], [123.8341, 8.0857], [123.8481, 8.1121], [123.8687, 8.1038], [123.8991, 8.1145], [123.932, 8.1533], [124.0175, 8.1978], [124.1547, 8.185], [124.2294, 8.2175], [124.2639, 8.2786], [124.2464, 8.3328], [124.2622, 8.3778], [124.2828, 8.3958], [124.2836, 8.4622], [124.3117, 8.5361], [124.3853, 8.5936], [124.465, 8.6244], [124.4794, 8.6189], [124.4704, 8.5903], [124.5114, 8.5736], [124.5436, 8.5411], [124.5694, 8.5389], [124.5778, 8.5192], [124.6539, 8.51], [124.6417, 8.4889], [124.6617, 8.5072], [124.6667, 8.4836], [124.7017, 8.4728], [124.745, 8.4964], [124.7531, 8.5139], [124.7414, 8.555], [124.7528, 8.5464], [124.742, 8.5578], [124.7711, 8.5944], [124.7619, 8.6417], [124.742, 8.651], [124.7403, 8.6933], [124.7581, 8.7178], [124.7775, 8.7181], [124.7636, 8.7614], [124.7886, 8.8186], [124.7889, 8.8856], [124.7717, 8.9656], [124.8019, 8.9981], [124.8675, 9.0085], [124.8983, 8.9956], [125.0241, 8.9191], [125.0703, 8.8343], [125.0919, 8.8275], [125.1672, 8.8517], [125.1874, 8.9277], [125.1715, 9.0103], [125.185, 9.0283], [125.1875, 9.0792], [125.2057, 9.0925], [125.2221, 9.0172]]], [[[124.7101, 9.2574], [124.7788, 9.2037], [124.7983, 9.1467], [124.7916, 9.1314], [124.8066, 9.1211], [124.7756, 9.0801], [124.7431, 9.103], [124.6767, 9.1189], [124.6352, 9.1699], [124.643, 9.2329], [124.7101, 9.2574]]]]}}, {"type": "Feature", "properties": {"REGION": "SOCCSKSARGEN (Region XII)"}, "geometry": {"type": "MultiPolygon", "coordinates": [[[[124.538, 7.6819], [124.5684, 7.6731], [124.6081, 7.6224], [124.6486, 7.6131], [124.7003, 7.6398], [124.8025, 7.6074], [124.8179, 7.5923], [124.8117, 7.5757], [124.8251, 7.5415], [124.7998, 7.5173], [124.7882, 7.4802], [124.8173, 7.4958], [124.8397, 7.4795], [124.8402, 7.451], [124.8784, 7.4326], [124.8802, 7.4155], [124.8997, 7.4136], [124.9288, 7.4321], [124.9733, 7.4004], [125.0491, 7.4056], [125.0678, 7.4518], [125.1553, 7.4654], [125.1659, 7.523], [125.1933, 7.5721], [125.2166, 7.5705], [125.2189, 7.592], [125.2504, 7.5794], [125.2647, 7.5037], [125.2419, 7.4635], [125.2472, 7.3782], [125.2257, 7.3444], [125.2452, 7.252], [125.2262, 7.1919], [125.2412, 7.1584], [125.2842, 7.1229], [125.2892, 7.0603], [125.3134, 7.0249], [125.2767, 7.021], [125.255, 6.9567], [125.1649, 6.8815], [125.1601, 6.8394], [125.144, 6.8214], [125.1247, 6.8335], [125.1006, 6.8187], [125.1208, 6.7563], [125.152, 6.7325], [125.1321, 6.7234], [125.1333, 6.6808], [125.175, 6.6348], [125.1929, 6.5933], [125.1987, 6.5102], [125.1673, 6.4528], [125.1823, 6.404], [125.2051, 6.3962], [125.2614, 6.3343], [125.385, 6.3307], [125.3996, 6.3199], [125.4219, 6.3327], [125.4467, 6.3226], [125.5037, 6.2343], [125.5097, 6.1383], [125.5376, 6.1074], [125.5341, 6.0575], [125.48, 5.9079], [125.4876, 5.8506], [125.4701, 5.8385], [125.4688, 5.8106], [125.3945, 5.6535], [125.3082, 5.5888], [125.3191, 5.5666], [125.294, 5.5825], [125.3089, 5.6307], [125.2872, 5.6923], [125.2723, 5.7103], [125.2383, 5.7181], [125.2121, 5.7733], [125.1823, 5.7745], [125.1895, 5.7869], [125.1723, 5.8122], [125.1806, 5.8383], [125.2072, 5.8255], [125.2214, 5.8613], [125.2148, 5.8867], [125.2729, 5.919], [125.2652, 5.9351], [125.2917, 5.9907], [125.2706, 6.0856], [125.1637, 6.105], [125.1417, 6.02], [125.0981, 5.9489], [125.098, 5.9137], [125.076, 5.8936], [125.0879, 5.8732], [125.076, 5.8599], [125.0396, 5.8509], [124.9239, 5.8589], [124.8231, 5.8889], [124.8022, 5.9081], [124.6583, 5.9658], [124.6406, 5.9842], [124.6032, 5.9858], [124.5792, 6.0147], [124.5178, 6.0231], [124.4242, 6.0881], [124.393, 6.0917], [124.3572, 6.1181], [124.3251, 6.1136], [124.2767, 6.1575], [124.2486, 6.1603], [124.1844, 6.2108], [124.1678, 6.2722], [124.1553, 6.2717], [124.1078, 6.3194], [124.0769, 6.39], [124.0665, 6.3952], [124.0564, 6.3762], [124.0354, 6.4242], [124.0439, 6.4381], [124.0272, 6.4575], [124.0417, 6.4525], [124.0394, 6.4858], [124.0203, 6.5306], [124.0636, 6.5436], [124.0353, 6.5531], [124.0339, 6.5717], [124.0553, 6.6011], [124.0522, 6.6272], [124.0153, 6.7183], [124.0411, 6.7508], [124.2653, 6.7535], [124.2825, 6.724], [124.5109, 6.7232], [124.5798, 6.7956], [124.5563, 6.8617], [124.6583, 6.8834], [124.6556, 6.8704], [124.6958, 6.8682], [124.6663, 6.7837], [124.7459, 6.782], [124.7783, 6.6729], [124.7993, 6.6494], [124.8855, 6.6565], [125.0037, 6.7206], [124.9601, 6.7368], [124.9481, 6.7573], [124.8975, 6.7832], [124.8428, 6.7682], [124.8143, 6.7809], [124.8077, 7.0004], [124.7897, 7.0003], [124.79, 7.0112], [124.7935, 7.0592], [124.8203, 7.058], [124.8224, 7.0837], [124.7937, 7.0849], [124.7943, 7.1095], [124.709, 7.1905], [124.7132, 7.1794], [124.6916, 7.1729], [124.6929, 7.1451], [124.7288, 7.1274], [124.7445, 7.1023], [124.7259, 7.1033], [124.7321, 7.0777], [124.713, 7.0969], [124.7014, 7.0673], [124.6981, 7.0821], [124.684, 7.0796], [124.689, 7.0678], [124.6778, 7.0603], [124.6992, 7.0489], [124.7137, 7.0154], [124.7047, 7.0046], [124.7183, 6.9968], [124.6849, 6.9706], [124.6887, 6.9521], [124.6768, 6.9457], [124.6254, 6.9734], [124.5861, 6.9696], [124.5329, 7.0383], [124.5012, 7.0285], [124.4557, 7.0567], [124.4473, 7.0827], [124.4284, 7.0867], [124.5087, 7.2324], [124.4694, 7.2427], [124.4315, 7.2224], [124.4145, 7.2256], [124.3731, 7.1656], [124.3287, 7.1719], [124.4074, 7.3027], [124.4213, 7.2961], [124.4248, 7.3251], [124.4865, 7.444], [124.4337, 7.5202], [124.4406, 7.652], [124.4961, 7.6786], [124.538, 7.6819]]]]}}, {"type": "Feature", "properties": {"REGION": "Western Visayas (Region VI)"}, "geometry": {"type": "MultiPolygon", "coordinates": [[[[122.6602, 10.7535], [122.7138, 10.7159], [122.7221, 10.6925], [122.7272, 10.6161], [122.6843, 10.5312], [122.6817, 10.5], [122.6639, 10.4714], [122.6453, 10.4711], [122.6472, 10.4508], [122.6275, 10.4344], [122.5814, 10.4286], [122.5789, 10.4428], [122.5928, 10.4444], [122.5822, 10.4533], [122.5428, 10.407], [122.5147, 10.4061], [122.5086, 10.4506], [122.4742, 10.4804], [122.4828, 10.5064], [122.5225, 10.5161], [122.5106, 10.5329], [122.5449, 10.5413], [122.5347, 10.5501], [122.5224, 10.54], [122.5095, 10.581], [122.5275, 10.6148], [122.5621, 10.6418], [122.5606, 10.6642], [122.5803, 10.659], [122.609, 10.6757], [122.6142, 10.7183], [122.6602, 10.7535]]], [[[123.1959, 11.0036], [123.2461, 10.9978], [123.2387, 10.9871], [123.2673, 10.9855], [123.3185, 10.9491], [123.373, 10.9614], [123.4004, 10.955], [123.3907, 10.9353], [123.3733, 10.9386], [123.3816, 10.9314], [123.4094, 10.9529], [123.4697, 10.9191], [123.4931, 10.9363], [123.515, 10.9181], [123.4953, 10.9074], [123.521, 10.901], [123.5335, 10.8362], [123.5661, 10.8436], [123.5566, 10.8183], [123.5406, 10.8236], [123.5247, 10.8114], [123.5423, 10.8211], [123.5688, 10.7943], [123.5421, 10.7501], [123.5267, 10.7611], [123.5312, 10.7402], [123.509, 10.7056], [123.4889, 10.5969], [123.4699, 10.5639], [123.4724, 10.5448], [123.4589, 10.5392], [123.4647, 10.5225], [123.4447, 10.4981], [123.4331, 10.4997], [123.4231, 10.4763], [123.358, 10.4419], [123.3394, 10.3847], [123.2516, 10.4134], [123.1291, 10.4103], [123.2009, 10.2679], [123.1141, 10.1641], [123.0206, 10.0106], [122.9912, 9.9099], [122.737, 9.589], [122.6481, 9.5001], [122.6114, 9.4197], [122.5378, 9.4917], [122.5192, 9.5431], [122.4806, 9.5647], [122.4603, 9.6094], [122.4656, 9.6243], [122.4433, 9.6206], [122.4578, 9.66], [122.4422, 9.6575], [122.4308, 9.6714], [122.408, 9.6594], [122.3983, 9.6728], [122.4217, 9.6994], [122.4142, 9.7061], [122.3967, 9.6917], [122.3805, 9.7078], [122.3986, 9.7439], [122.3883, 9.7892], [122.4008, 9.8156], [122.3758, 9.8367], [122.432, 9.8992], [122.4505, 9.9761], [122.5064, 9.9867], [122.6639, 9.9778], [122.7008, 9.9956], [122.7787, 10.0673], [122.8244, 10.0636], [122.8675, 10.0961], [122.8653, 10.1475], [122.8628, 10.1106], [122.8406, 10.2264], [122.8414, 10.2977], [122.8642, 10.3711], [122.7955, 10.5227], [122.827, 10.5523], [122.8451, 10.5138], [122.8314, 10.5522], [122.8541, 10.5485], [122.8803, 10.5647], [122.8822, 10.5811], [122.9178, 10.6094], [122.943, 10.6811], [122.9348, 10.6859], [122.9502, 10.6833], [122.9453, 10.7242], [122.9625, 10.7305], [122.9676, 10.7927], [122.95, 10.8073], [122.9428, 10.8542], [122.9572, 10.8689], [122.9528, 10.895], [123.0397, 10.9236], [123.0614, 10.9056], [123.1294, 10.9703], [123.1565, 10.9728], [123.1959, 11.0036]]], [[[121.9585, 11.9372], [122.0803, 11.8378], [122.1636, 11.8261], [122.1977, 11.8075], [122.2222, 11.8139], [122.2389, 11.7867], [122.2583, 11.795], [122.2911, 11.7503], [122.2902, 11.7338], [122.2914, 11.7455], [122.3054, 11.7395], [122.3086, 11.723], [122.3095, 11.7348], [122.3379, 11.7353], [122.3455, 11.7199], [122.3409, 11.7367], [122.3639, 11.7381], [122.3445, 11.6717], [122.3029, 11.632], [122.3144, 11.6354], [122.3128, 11.5987], [122.3108, 11.6398], [122.3454, 11.6723], [122.3556, 11.7115], [122.3846, 11.7257], [122.4181, 11.6678], [122.4949, 11.6054], [122.4817, 11.5956], [122.4056, 11.6636], [122.3875, 11.6511], [122.3981, 11.6314], [122.4197, 11.6242], [122.4208, 11.5933], [122.4433, 11.5882], [122.4481, 11.6089], [122.4675, 11.5997], [122.4875, 11.5694], [122.4769, 11.5619], [122.4614, 11.5803], [122.4433, 11.5786], [122.4583, 11.5517], [122.4815, 11.5548], [122.4961, 11.5956], [122.5342, 11.5769], [122.5119, 11.5617], [122.5292, 11.5642], [122.5364, 11.5797], [122.5717, 11.5669], [122.5751, 11.5533], [122.5658, 11.5669], [122.5375, 11.5581], [122.5854, 11.5506], [122.5869, 11.5231], [122.5803, 11.5133], [122.5739, 11.5289], [122.5645, 11.5039], [122.5725, 11.4945], [122.59, 11.5186], [122.6267, 11.5181], [122.6553, 11.5369], [122.6333, 11.5469], [122.6486, 11.5744], [122.6658, 11.5467], [122.6586, 11.5425], [122.6787, 11.5461], [122.6697, 11.5436], [122.6831, 11.5281], [122.6853, 11.5453], [122.7005, 11.5278], [122.7022, 11.5492], [122.6832, 11.547], [122.6783, 11.5656], [122.7222, 11.5803], [122.7133, 11.5979], [122.7264, 11.6019], [122.7049, 11.6083], [122.7142, 11.6133], [122.7927, 11.608], [122.7939, 11.595], [122.7997, 11.6069], [122.8275, 11.6103], [122.8288, 11.5774], [122.8304, 11.5959], [122.8575, 11.5675], [122.8602, 11.5422], [122.8569, 11.5594], [122.8653, 11.5558], [122.856, 11.5344], [122.8769, 11.5291], [122.8669, 11.5394], [122.8778, 11.5447], [122.9308, 11.5161], [122.9158, 11.5031], [122.8978, 11.5186], [122.9094, 11.4989], [122.8828, 11.4886], [122.8917, 11.4878], [122.8906, 11.4678], [122.8614, 11.4544], [122.8761, 11.4458], [122.8639, 11.4431], [122.8717, 11.4353], [122.8911, 11.4389], [122.8797, 11.4308], [122.8922, 11.4342], [122.8958, 11.4236], [122.9172, 11.4317], [122.9039, 11.4353], [122.9144, 11.4525], [122.9245, 11.4461], [122.9181, 11.4836], [122.9353, 11.4764], [122.9247, 11.4628], [122.9425, 11.48], [123.0078, 11.4919], [123.105, 11.5488], [123.1489, 11.5989], [123.1631, 11.5617], [123.138, 11.5075], [123.1214, 11.5275], [123.1144, 11.5158], [123.0967, 11.5203], [123.1139, 11.4961], [123.1408, 11.4919], [123.1279, 11.4768], [123.1528, 11.4878], [123.1655, 11.4689], [123.1283, 11.4156], [123.1522, 11.3931], [123.1422, 11.3656], [123.1267, 11.3611], [123.1336, 11.3433], [123.1089, 11.3428], [123.0997, 11.33], [123.1089, 11.2972], [123.095, 11.2753], [123.0931, 11.2281], [123.1178, 11.2112], [123.1266, 11.1712], [123.1039, 11.1553], [123.0619, 11.1858], [123.0672, 11.1681], [123.0953, 11.1625], [123.0923, 11.1479], [123.0725, 11.1517], [123.0683, 11.1667], [123.0306, 11.1678], [123.0097, 11.0933], [122.9764, 11.0592], [122.9739, 11.0697], [122.9517, 11.0656], [122.9639, 11.0494], [122.9525, 11.0333], [122.9361, 11.0322], [122.9433, 11.057], [122.9242, 11.0664], [122.9061, 11.0208], [122.8719, 11.0319], [122.8514, 11.0178], [122.8513, 10.9912], [122.8306, 11.0025], [122.7817, 10.9869], [122.76, 10.9469], [122.7822, 10.9236], [122.7858, 10.8614], [122.7597, 10.8456], [122.7669, 10.8286], [122.7344, 10.7853], [122.7089, 10.7783], [122.6714, 10.7956], [122.6639, 10.7778], [122.6128, 10.7753], [122.5889, 10.7456], [122.6006, 10.7272], [122.5808, 10.687], [122.5285, 10.6788], [122.4572, 10.688], [122.395, 10.6703], [122.3386, 10.6702], [122.3225, 10.6569], [122.2738, 10.6576], [122.245, 10.6352], [122.2069, 10.6382], [122.1429, 10.5843], [122.0952, 10.5744], [122.0508, 10.4873], [121.961, 10.4061], [121.9116, 10.4466], [121.9218, 10.4826], [121.9142, 10.5047], [121.9582, 10.5512], [121.9784, 10.6728], [121.9651, 10.7166], [121.9357, 10.7374], [121.9233, 10.7638], [121.9502, 10.8098], [121.984, 10.9303], [122.0539, 11.0322], [122.0328, 11.1906], [122.0525, 11.2253], [122.0517, 11.2625], [122.0269, 11.3006], [122.0581, 11.3431], [122.0625, 11.3753], [122.05, 11.4106], [122.0611, 11.4472], [122.0519, 11.4681], [122.0747, 11.4783], [122.0856, 11.5019], [122.0781, 11.5425], [122.1019, 11.6489], [122.0998, 11.7057], [122.0636, 11.7425], [122.0444, 11.7322], [121.9178, 11.7674], [121.8845, 11.7561], [121.8434, 11.7626], [121.8802, 11.8153], [121.8845, 11.899], [121.945, 11.9161], [121.9585, 11.9372]]], [[[121.3542, 12.1167], [121.3869, 12.1115], [121.4103, 12.0406], [121.4276, 12.0302], [121.3892, 11.9828], [121.3628, 12.0322], [121.3653, 12.0531], [121.3561, 12.0536], [121.3817, 12.0692], [121.3722, 12.0769], [121.3642, 12.0678], [121.3611, 12.0858], [121.3439, 12.0869], [121.3542, 12.1167]]]]}}, {"type": "Feature", "properties": {"REGION": "Zamboanga Peninsula (Region IX)"}, "geometry": {"type": "MultiPolygon", "coordinates": [[[[122.8994, 7.4417], [122.9303, 7.4272], [122.9464, 7.4083], [122.9372, 7.4011], [122.975, 7.3625], [122.9245, 7.3708], [122.9269, 7.3567], [122.9528, 7.3489], [122.9497, 7.3383], [122.9189, 7.3483], [122.8997, 7.3194], [122.8469, 7.3078], [122.8308, 7.2769], [122.8053, 7.2964], [122.8097, 7.3375], [122.7875, 7.3456], [122.8022, 7.4225], [122.8244, 7.4392], [122.8369, 7.4347], [122.8783, 7.3692], [122.8911, 7.3789], [122.8872, 7.4275], [122.8994, 7.4417]]], [[[123.3924, 8.7267], [123.4361, 8.7158], [123.4517, 8.683], [123.4565, 8.6915], [123.475, 8.6822], [123.5015, 8.7007], [123.508, 8.6819], [123.4856, 8.6567], [123.4886, 8.6422], [123.5128, 8.6214], [123.5344, 8.6316], [123.5359, 8.6194], [123.5546, 8.6213], [123.5482, 8.1957], [123.5635, 8.0453], [123.5882, 8.0421], [123.6021, 8.0248], [123.6357, 8.0319], [123.6342, 8.0072], [123.6496, 8.0196], [123.6637, 7.9968], [123.6019, 7.9922], [123.6439, 7.9925], [123.6451, 7.9759], [123.6346, 7.9879], [123.6278, 7.9714], [123.6339, 7.9794], [123.6539, 7.955], [123.6704, 7.9535], [123.6543, 7.8885], [123.6217, 7.8285], [123.5658, 7.8517], [123.4615, 7.8114], [123.4241, 7.8154], [123.4313, 7.7818], [123.4212, 7.769], [123.4464, 7.764], [123.444, 7.7471], [123.4714, 7.7433], [123.4824, 7.7286], [123.4782, 7.669], [123.4634, 7.6296], [123.3847, 7.6069], [123.3886, 7.5561], [123.3561, 7.5794], [123.3394, 7.5711], [123.3369, 7.5511], [123.3817, 7.535], [123.3805, 7.4918], [123.3957, 7.4591], [123.4122, 7.4675], [123.4467, 7.4419], [123.4373, 7.4107], [123.4517, 7.3726], [123.4231, 7.3733], [123.4053, 7.3578], [123.3811, 7.3761], [123.3755, 7.3988], [123.3306, 7.4161], [123.3214, 7.4419], [123.2824, 7.473], [123.2949, 7.4941], [123.2896, 7.5095], [123.307, 7.5217], [123.3013, 7.5303], [123.2247, 7.5389], [123.1824, 7.5046], [123.1984, 7.485], [123.1769, 7.4658], [123.1618, 7.4818], [123.17, 7.4948], [123.1158, 7.5139], [123.103, 7.5597], [123.1286, 7.5658], [123.1304, 7.5801], [123.0972, 7.6025], [123.1217, 7.6047], [123.1367, 7.577], [123.1753, 7.5753], [123.1962, 7.5914], [123.1744, 7.6249], [123.1772, 7.6406], [123.1397, 7.6436], [123.1433, 7.6553], [123.1288, 7.6597], [123.1263, 7.6734], [123.1453, 7.6924], [123.116, 7.7341], [123.0845, 7.6768], [123.0619, 7.6797], [123.0605, 7.6606], [123.0507, 7.6676], [123.0358, 7.6564], [123.0536, 7.6529], [123.0581, 7.6264], [123.0269, 7.6261], [123.0356, 7.5783], [122.9964, 7.4997], [123.0039, 7.4792], [122.9921, 7.4573], [122.9731, 7.4869], [122.9597, 7.4737], [122.9503, 7.4793], [122.9206, 7.5369], [122.9035, 7.5443], [122.8894, 7.5397], [122.8848, 7.5087], [122.8563, 7.4951], [122.8751, 7.4863], [122.8752, 7.4643], [122.8422, 7.4356], [122.8327, 7.446], [122.8145, 7.4337], [122.8182, 7.4784], [122.8, 7.4892], [122.7808, 7.4703], [122.7792, 7.4869], [122.7942, 7.5225], [122.7882, 7.5391], [122.7984, 7.5458], [122.8119, 7.5222], [122.8224, 7.5397], [122.8283, 7.5296], [122.8117, 7.58], [122.7885, 7.5922], [122.8072, 7.6203], [122.7864, 7.615], [122.7959, 7.6381], [122.7819, 7.675], [122.7972, 7.7044], [122.8139, 7.7022], [122.7983, 7.7072], [122.8, 7.7256], [122.82, 7.7131], [122.8125, 7.7444], [122.7516, 7.7831], [122.7678, 7.7622], [122.745, 7.7494], [122.719, 7.7835], [122.6928, 7.7882], [122.6725, 7.7658], [122.6583, 7.7889], [122.6406, 7.7708], [122.6247, 7.7764], [122.62, 7.7592], [122.5435, 7.7351], [122.5258, 7.6933], [122.5098, 7.6907], [122.4827, 7.6525], [122.4903, 7.6319], [122.4747, 7.6306], [122.4315, 7.588], [122.4339, 7.5719], [122.4515, 7.5672], [122.4708, 7.5797], [122.483, 7.5698], [122.5066, 7.5784], [122.4581, 7.5068], [122.435, 7.4997], [122.4671, 7.5383], [122.4472, 7.5481], [122.4223, 7.5034], [122.4035, 7.4894], [122.4084, 7.5058], [122.3544, 7.4669], [122.3448, 7.397], [122.3935, 7.39], [122.3409, 7.3138], [122.3259, 7.3067], [122.3292, 7.3292], [122.3111, 7.3192], [122.3305, 7.3633], [122.3186, 7.3364], [122.2908, 7.3211], [122.28, 7.2311], [122.2668, 7.2273], [122.2628, 7.2039], [122.2492, 7.2067], [122.2653, 7.1947], [122.2469, 7.1892], [122.2602, 7.1593], [122.2412, 7.1311], [122.2567, 7.1287], [122.2572, 7.1111], [122.2045, 7.0672], [122.2133, 7.0483], [122.1981, 7.0397], [122.2125, 7.0364], [122.1928, 7.0038], [122.1853, 6.9522], [122.1514, 6.9292], [122.1569, 6.9228], [122.1419, 6.9278], [122.1594, 6.9161], [122.1083, 6.8876], [121.9739, 6.9543], [121.9484, 6.9551], [121.9223, 6.9897], [121.8975, 7.0769], [121.9014, 7.1461], [121.9289, 7.1994], [121.9736, 7.2486], [122.0071, 7.2617], [122.0122, 7.2789], [122.0633, 7.2945], [122.065, 7.3133], [122.0371, 7.3264], [122.0297, 7.3583], [122.0471, 7.3699], [122.0436, 7.3856], [122.0571, 7.4001], [122.055, 7.4468], [122.0748, 7.4884], [122.0902, 7.4962], [122.0736, 7.5236], [122.1019, 7.525], [122.113, 7.5513], [122.1431, 7.5742], [122.1353, 7.5894], [122.1227, 7.5814], [122.1053, 7.5962], [122.1342, 7.6399], [122.1349, 7.6675], [122.1165, 7.7224], [122.0853, 7.7361], [122.1033, 7.7625], [122.1118, 7.7487], [122.1243, 7.7568], [122.1023, 7.7767], [122.1047, 7.7881], [122.1197, 7.7769], [122.1214, 7.8009], [122.1414, 7.8059], [122.1602, 7.8585], [122.2264, 7.9083], [122.2242, 7.9583], [122.2686, 7.9983], [122.3453, 8.0383], [122.4619, 8.0722], [122.5103, 8.065], [122.5258, 8.0772], [122.5836, 8.0831], [122.6282, 8.1126], [122.6614, 8.1622], [122.6747, 8.1572], [122.6858, 8.1208], [122.7197, 8.1119], [122.8131, 8.1208], [122.8592, 8.1469], [122.9125, 8.1467], [122.9958, 8.2142], [122.9947, 8.25], [122.9667, 8.2608], [122.9364, 8.3072], [122.9828, 8.3275], [122.9799, 8.4139], [123.0084, 8.4283], [123.0308, 8.4903], [123.0637, 8.5155], [123.1827, 8.5331], [123.2694, 8.512], [123.2995, 8.5194], [123.3305, 8.5629], [123.3502, 8.635], [123.3706, 8.6436], [123.3926, 8.625], [123.4144, 8.6331], [123.4204, 8.6625], [123.3978, 8.6753], [123.4022, 8.7038], [123.3939, 8.6838], [123.3785, 8.7046], [123.3787, 8.7261], [123.3924, 8.7267]]]]}}]}