date,region,disease,cases
2016-01-10,BARMM,Dengue,28
2016-01-17,BARMM,Dengue,32
2016-01-24,BARMM,Dengue,30
2016-01-31,BARMM,Dengue,36
2016-02-07,BARMM,Dengue,27
2016-02-14,BARMM,Dengue,27
2016-02-21,BARMM,Dengue,27
2016-02-28,BARMM,Dengue,11
2016-03-06,BARMM,Dengue,20
2016-03-13,BARMM,Dengue,33
2016-03-20,BARMM,Dengue,26
2016-03-27,BARMM,Dengue,28
2016-04-03,BARMM,Dengue,18
2016-04-10,BARMM,Dengue,33
2016-04-17,BARMM,Dengue,23
2016-04-24,BARMM,Dengue,35
2016-05-01,BARMM,Dengue,32
2016-05-08,BARMM,Dengue,29
2016-05-15,BARMM,Dengue,37
2016-05-22,BARMM,Dengue,30
2016-05-29,BARMM,Dengue,37
2016-06-05,BARMM,Dengue,53
2016-06-12,BARMM,Dengue,59
2016-06-19,BARMM,Dengue,84
2016-06-26,BARMM,Dengue,67
2016-07-03,BARMM,Dengue,110
2016-07-10,BARMM,Dengue,84
2016-07-17,BARMM,Dengue,125
2016-07-24,BARMM,Dengue,81
2016-07-31,BARMM,Dengue,91
2016-08-07,BARMM,Dengue,113
2016-08-14,BARMM,Dengue,79
2016-08-21,BARMM,Dengue,69
2016-08-28,BARMM,Dengue,66
2016-09-04,BARMM,Dengue,55
2016-09-11,BARMM,Dengue,75
2016-09-18,BARMM,Dengue,47
2016-09-25,BARMM,Dengue,49
2016-10-02,BARMM,Dengue,34
2016-10-09,BARMM,Dengue,46
2016-10-16,BARMM,Dengue,37
2016-10-23,BARMM,Dengue,35
2016-10-30,BARMM,Dengue,38
2016-11-06,BARMM,Dengue,37
2016-11-13,BARMM,Dengue,38
2016-11-20,BARMM,Dengue,68
2016-11-27,BARMM,Dengue,37
2016-12-04,BARMM,Dengue,50
2016-12-11,BARMM,Dengue,36
2016-12-18,BARMM,Dengue,39
2016-12-25,BARMM,Dengue,22
2017-01-01,BARMM,Dengue,11
2017-01-08,BARMM,Dengue,23
2017-01-15,BARMM,Dengue,24
2017-01-22,BARMM,Dengue,24
2017-01-29,BARMM,Dengue,20
2017-02-05,BARMM,Dengue,22
2017-02-12,BARMM,Dengue,15
2017-02-19,BARMM,Dengue,19
2017-02-26,BARMM,Dengue,16
2017-03-05,BARMM,Dengue,11
2017-03-12,BARMM,Dengue,11
2017-03-19,BARMM,Dengue,8
2017-03-26,BARMM,Dengue,5
2017-04-02,BARMM,Dengue,4
2017-04-09,BARMM,Dengue,11
2017-04-16,BARMM,Dengue,9
2017-04-23,BARMM,Dengue,19
2017-04-30,BARMM,Dengue,5
2017-05-07,BARMM,Dengue,12
2017-05-14,BARMM,Dengue,7
2017-05-21,BARMM,Dengue,7
2017-05-28,BARMM,Dengue,22
2017-06-04,BARMM,Dengue,19
2017-06-11,BARMM,Dengue,9
2017-06-18,BARMM,Dengue,28
2017-06-25,BARMM,Dengue,16
2017-07-02,BARMM,Dengue,28
2017-07-09,BARMM,Dengue,20
2017-07-16,BARMM,Dengue,14
2017-07-23,BARMM,Dengue,13
2017-07-30,BARMM,Dengue,15
2017-08-06,BARMM,Dengue,12
2017-08-13,BARMM,Dengue,12
2017-08-20,BARMM,Dengue,16
2017-08-27,BARMM,Dengue,18
2017-09-03,BARMM,Dengue,14
2017-09-10,BARMM,Dengue,9
2017-09-17,BARMM,Dengue,6
2017-09-24,BARMM,Dengue,13
2017-10-01,BARMM,Dengue,6
2017-10-08,BARMM,Dengue,9
2017-10-15,BARMM,Dengue,10
2017-10-22,BARMM,Dengue,11
2017-10-29,BARMM,Dengue,11
2017-11-05,BARMM,Dengue,9
2017-11-12,BARMM,Dengue,6
2017-11-19,BARMM,Dengue,5
2017-11-26,BARMM,Dengue,5
2017-12-03,BARMM,Dengue,3
2017-12-10,BARMM,Dengue,1
2017-12-17,BARMM,Dengue,7
2017-12-24,BARMM,Dengue,11
2017-12-31,BARMM,Dengue,19
2018-01-07,BARMM,Dengue,45
2018-01-14,BARMM,Dengue,42
2018-01-21,BARMM,Dengue,44
2018-01-28,BARMM,Dengue,33
2018-02-04,BARMM,Dengue,38
2018-02-11,BARMM,Dengue,51
2018-02-18,BARMM,Dengue,33
2018-02-25,BARMM,Dengue,15
2018-03-04,BARMM,Dengue,31
2018-03-11,BARMM,Dengue,24
2018-03-18,BARMM,Dengue,24
2018-03-25,BARMM,Dengue,24
2018-04-01,BARMM,Dengue,24
2018-04-08,BARMM,Dengue,23
2018-04-15,BARMM,Dengue,32
2018-04-22,BARMM,Dengue,26
2018-04-29,BARMM,Dengue,34
2018-05-06,BARMM,Dengue,40
2018-05-13,BARMM,Dengue,48
2018-05-20,BARMM,Dengue,62
2018-05-27,BARMM,Dengue,50
2018-06-03,BARMM,Dengue,66
2018-06-10,BARMM,Dengue,77
2018-06-17,BARMM,Dengue,90
2018-06-24,BARMM,Dengue,117
2018-07-01,BARMM,Dengue,91
2018-07-08,BARMM,Dengue,132
2018-07-15,BARMM,Dengue,121
2018-07-22,BARMM,Dengue,113
2018-07-29,BARMM,Dengue,97
2018-08-05,BARMM,Dengue,76
2018-08-12,BARMM,Dengue,84
2018-08-19,BARMM,Dengue,96
2018-08-26,BARMM,Dengue,81
2018-09-02,BARMM,Dengue,80
2018-09-09,BARMM,Dengue,66
2018-09-16,BARMM,Dengue,62
2018-09-23,BARMM,Dengue,69
2018-09-30,BARMM,Dengue,82
2018-10-07,BARMM,Dengue,109
2018-10-14,BARMM,Dengue,74
2018-10-21,BARMM,Dengue,68
2018-10-28,BARMM,Dengue,65
2018-11-04,BARMM,Dengue,57
2018-11-11,BARMM,Dengue,66
2018-11-18,BARMM,Dengue,71
2018-11-25,BARMM,Dengue,66
2018-12-02,BARMM,Dengue,50
2018-12-09,BARMM,Dengue,69
2018-12-16,BARMM,Dengue,69
2018-12-23,BARMM,Dengue,51
2018-12-30,BARMM,Dengue,76
2019-01-06,BARMM,Dengue,124
2019-01-13,BARMM,Dengue,90
2019-01-20,BARMM,Dengue,85
2019-01-27,BARMM,Dengue,93
2019-02-03,BARMM,Dengue,104
2019-02-10,BARMM,Dengue,93
2019-02-17,BARMM,Dengue,92
2019-02-24,BARMM,Dengue,89
2019-03-03,BARMM,Dengue,79
2019-03-10,BARMM,Dengue,69
2019-03-17,BARMM,Dengue,54
2019-03-24,BARMM,Dengue,64
2019-03-31,BARMM,Dengue,74
2019-04-07,BARMM,Dengue,57
2019-04-14,BARMM,Dengue,71
2019-04-21,BARMM,Dengue,86
2019-04-28,BARMM,Dengue,54
2019-05-05,BARMM,Dengue,77
2019-05-12,BARMM,Dengue,104
2019-05-19,BARMM,Dengue,108
2019-05-26,BARMM,Dengue,115
2019-06-02,BARMM,Dengue,120
2019-06-09,BARMM,Dengue,118
2019-06-16,BARMM,Dengue,162
2019-06-23,BARMM,Dengue,161
2019-06-30,BARMM,Dengue,231
2019-07-07,BARMM,Dengue,192
2019-07-14,BARMM,Dengue,292
2019-07-21,BARMM,Dengue,246
2019-07-28,BARMM,Dengue,286
2019-08-04,BARMM,Dengue,261
2019-08-11,BARMM,Dengue,199
2019-08-18,BARMM,Dengue,238
2019-08-25,BARMM,Dengue,198
2019-09-01,BARMM,Dengue,209
2019-09-08,BARMM,Dengue,166
2019-09-15,BARMM,Dengue,151
2019-09-22,BARMM,Dengue,113
2019-09-29,BARMM,Dengue,137
2019-10-06,BARMM,Dengue,143
2019-10-13,BARMM,Dengue,158
2019-10-20,BARMM,Dengue,120
2019-10-27,BARMM,Dengue,106
2019-11-03,BARMM,Dengue,82
2019-11-10,BARMM,Dengue,77
2019-11-17,BARMM,Dengue,76
2019-11-24,BARMM,Dengue,77
2019-12-01,BARMM,Dengue,63
2019-12-08,BARMM,Dengue,66
2019-12-15,BARMM,Dengue,38
2019-12-22,BARMM,Dengue,46
2019-12-29,BARMM,Dengue,58
2022-01-09,BARMM,Dengue,62
2022-01-16,BARMM,Dengue,35
2022-01-23,BARMM,Dengue,33
2022-01-30,BARMM,Dengue,21
2022-02-06,BARMM,Dengue,38
2022-02-13,BARMM,Dengue,44
2022-02-20,BARMM,Dengue,45
2022-02-27,BARMM,Dengue,45
2022-03-06,BARMM,Dengue,60
2022-03-13,BARMM,Dengue,63
2022-03-20,BARMM,Dengue,73
2022-03-27,BARMM,Dengue,70
2022-04-03,BARMM,Dengue,63
2022-04-10,BARMM,Dengue,104
2022-04-17,BARMM,Dengue,91
2022-04-24,BARMM,Dengue,122
2022-05-01,BARMM,Dengue,101
2022-05-08,BARMM,Dengue,107
2022-05-15,BARMM,Dengue,138
2022-05-22,BARMM,Dengue,181
2022-05-29,BARMM,Dengue,176
2022-06-05,BARMM,Dengue,196
2022-06-12,BARMM,Dengue,169
2022-06-19,BARMM,Dengue,186
2022-06-26,BARMM,Dengue,193
2022-07-03,BARMM,Dengue,192
2022-07-10,BARMM,Dengue,208
2022-07-17,BARMM,Dengue,221
2022-07-24,BARMM,Dengue,176
2022-07-31,BARMM,Dengue,165
2022-08-07,BARMM,Dengue,171
2022-08-14,BARMM,Dengue,149
2022-08-21,BARMM,Dengue,196
2022-08-28,BARMM,Dengue,180
2022-09-04,BARMM,Dengue,144
2022-09-11,BARMM,Dengue,174
2022-09-18,BARMM,Dengue,155
2022-09-25,BARMM,Dengue,147
2022-10-02,BARMM,Dengue,145
2022-10-09,BARMM,Dengue,116
2022-10-16,BARMM,Dengue,115
2022-10-23,BARMM,Dengue,107
2022-10-30,BARMM,Dengue,106
2022-11-06,BARMM,Dengue,124
2022-11-13,BARMM,Dengue,160
2022-11-20,BARMM,Dengue,115
2022-11-27,BARMM,Dengue,100
2022-12-04,BARMM,Dengue,108
2022-12-11,BARMM,Dengue,81
2022-12-18,BARMM,Dengue,90
2022-12-25,BARMM,Dengue,61
2023-01-01,BARMM,Dengue,46
2023-01-08,BARMM,Dengue,116
2023-01-15,BARMM,Dengue,103
2023-01-22,BARMM,Dengue,87
2023-01-29,BARMM,Dengue,91
2023-02-05,BARMM,Dengue,130
2023-02-12,BARMM,Dengue,81
2023-02-19,BARMM,Dengue,98
2023-02-26,BARMM,Dengue,72
2023-03-05,BARMM,Dengue,105
2023-03-12,BARMM,Dengue,76
2023-03-19,BARMM,Dengue,68
2023-03-26,BARMM,Dengue,82
2023-04-02,BARMM,Dengue,70
2023-04-09,BARMM,Dengue,72
2023-04-16,BARMM,Dengue,72
2023-04-23,BARMM,Dengue,68
2023-04-30,BARMM,Dengue,96
2023-05-07,BARMM,Dengue,108
2023-05-14,BARMM,Dengue,99
2023-05-21,BARMM,Dengue,114
2023-05-28,BARMM,Dengue,102
2023-06-04,BARMM,Dengue,154
2023-06-11,BARMM,Dengue,141
2023-06-18,BARMM,Dengue,131
2023-06-25,BARMM,Dengue,141
2023-07-02,BARMM,Dengue,158
2023-07-09,BARMM,Dengue,189
2023-07-16,BARMM,Dengue,222
2023-07-23,BARMM,Dengue,186
2023-07-30,BARMM,Dengue,171
2023-08-06,BARMM,Dengue,195
2023-08-13,BARMM,Dengue,219
2023-08-20,BARMM,Dengue,273
2023-08-27,BARMM,Dengue,215
2023-09-03,BARMM,Dengue,275
2023-09-10,BARMM,Dengue,237
2023-09-17,BARMM,Dengue,266
2023-09-24,BARMM,Dengue,219
2023-10-01,BARMM,Dengue,185
2023-10-08,BARMM,Dengue,198
2023-10-15,BARMM,Dengue,178
2023-10-22,BARMM,Dengue,194
2023-10-29,BARMM,Dengue,171
2023-11-05,BARMM,Dengue,190
2023-11-12,BARMM,Dengue,208
2023-11-19,BARMM,Dengue,188
2023-11-26,BARMM,Dengue,205
2023-12-03,BARMM,Dengue,186
2023-12-10,BARMM,Dengue,153
2023-12-17,BARMM,Dengue,165
2023-12-24,BARMM,Dengue,106
2023-12-31,BARMM,Dengue,130
2024-01-07,BARMM,Dengue,170
2024-01-14,BARMM,Dengue,166
2024-01-21,BARMM,Dengue,149
2024-01-28,BARMM,Dengue,157
2024-02-04,BARMM,Dengue,165
2024-02-11,BARMM,Dengue,175
2024-02-18,BARMM,Dengue,163
2024-02-25,BARMM,Dengue,184
2024-03-03,BARMM,Dengue,173
2024-03-10,BARMM,Dengue,160
2024-03-17,BARMM,Dengue,157
2024-03-24,BARMM,Dengue,186
2024-03-31,BARMM,Dengue,177
2024-04-07,BARMM,Dengue,203
2024-04-14,BARMM,Dengue,182
2024-04-21,BARMM,Dengue,168
2024-04-28,BARMM,Dengue,173
2024-05-05,BARMM,Dengue,212
2024-05-12,BARMM,Dengue,180
2024-05-19,BARMM,Dengue,193
2024-05-26,BARMM,Dengue,201
2024-06-02,BARMM,Dengue,272
2024-06-09,BARMM,Dengue,263
2024-06-16,BARMM,Dengue,262
2024-06-23,BARMM,Dengue,264
2024-06-30,BARMM,Dengue,370
2024-07-07,BARMM,Dengue,384
2024-07-14,BARMM,Dengue,339
2024-07-21,BARMM,Dengue,383
2024-07-28,BARMM,Dengue,401
2024-08-04,BARMM,Dengue,365
2024-08-11,BARMM,Dengue,429
2024-08-18,BARMM,Dengue,380
2024-08-25,BARMM,Dengue,330
2024-09-01,BARMM,Dengue,324
2024-09-08,BARMM,Dengue,364
2024-09-15,BARMM,Dengue,258
2024-09-22,BARMM,Dengue,307
2024-09-29,BARMM,Dengue,246
2024-10-06,BARMM,Dengue,264
2024-10-13,BARMM,Dengue,210
2024-10-20,BARMM,Dengue,221
2024-10-27,BARMM,Dengue,184
2024-11-03,BARMM,Dengue,171
2024-11-10,BARMM,Dengue,179
2024-11-17,BARMM,Dengue,180
2024-11-24,BARMM,Dengue,117
2024-12-01,BARMM,Dengue,136
2024-12-08,BARMM,Dengue,114
2024-12-15,BARMM,Dengue,103
2024-12-22,BARMM,Dengue,91
2024-12-29,BARMM,Dengue,115
2025-01-05,BARMM,Dengue,106
2025-01-12,BARMM,Dengue,154
2025-01-19,BARMM,Dengue,126
2025-01-26,BARMM,Dengue,139
2025-02-02,BARMM,Dengue,122
2025-02-09,BARMM,Dengue,114
2025-02-16,BARMM,Dengue,133
2025-02-23,BARMM,Dengue,113
2025-03-02,BARMM,Dengue,131
2025-03-09,BARMM,Dengue,127
2025-03-16,BARMM,Dengue,99
2025-03-23,BARMM,Dengue,98
2025-03-30,BARMM,Dengue,107
2025-04-06,BARMM,Dengue,95
2025-04-13,BARMM,Dengue,100
2025-04-20,BARMM,Dengue,112
2025-04-27,BARMM,Dengue,121
2025-05-04,BARMM,Dengue,115
2025-05-11,BARMM,Dengue,101
2025-05-18,BARMM,Dengue,118
2025-05-25,BARMM,Dengue,133
2025-06-01,BARMM,Dengue,143
2025-06-08,BARMM,Dengue,167
2025-06-15,BARMM,Dengue,189
2025-06-22,BARMM,Dengue,159
2025-06-29,BARMM,Dengue,157
2025-07-06,BARMM,Dengue,171
2025-07-13,BARMM,Dengue,153
2025-07-20,BARMM,Dengue,172
2025-07-27,BARMM,Dengue,185
2025-08-03,BARMM,Dengue,186
2025-08-10,BARMM,Dengue,178
2025-08-17,BARMM,Dengue,158
2025-08-24,BARMM,Dengue,153
2025-08-31,BARMM,Dengue,130
2025-09-07,BARMM,Dengue,127
2025-09-14,BARMM,Dengue,93
2025-09-21,BARMM,Dengue,104
2025-09-28,BARMM,Dengue,97
2025-10-05,BARMM,Dengue,93
2025-10-12,BARMM,Dengue,103
2025-10-19,BARMM,Dengue,102
2025-10-26,BARMM,Dengue,82
2025-11-02,BARMM,Dengue,63
2025-11-09,BARMM,Dengue,49
2025-11-16,BARMM,Dengue,35
2025-11-23,BARMM,Dengue,36
2025-11-30,BARMM,Dengue,43
2025-12-07,BARMM,Dengue,50
2025-12-14,BARMM,Dengue,45
2025-12-21,BARMM,Dengue,41
2025-12-28,BARMM,Dengue,23
2016-01-10,CAR,Dengue,201
2016-01-17,CAR,Dengue,161
2016-01-24,CAR,Dengue,102
2016-01-31,CAR,Dengue,115
2016-02-07,CAR,Dengue,80
2016-02-14,CAR,Dengue,80
2016-02-21,CAR,Dengue,75
2016-02-28,CAR,Dengue,41
2016-03-06,CAR,Dengue,41
2016-03-13,CAR,Dengue,55
2016-03-20,CAR,Dengue,59
2016-03-27,CAR,Dengue,36
2016-04-03,CAR,Dengue,49
2016-04-10,CAR,Dengue,51
2016-04-17,CAR,Dengue,59
2016-04-24,CAR,Dengue,67
2016-05-01,CAR,Dengue,76
2016-05-08,CAR,Dengue,69
2016-05-15,CAR,Dengue,85
2016-05-22,CAR,Dengue,120
2016-05-29,CAR,Dengue,154
2016-06-05,CAR,Dengue,209
2016-06-12,CAR,Dengue,317
2016-06-19,CAR,Dengue,388
2016-06-26,CAR,Dengue,444
2016-07-03,CAR,Dengue,466
2016-07-10,CAR,Dengue,372
2016-07-17,CAR,Dengue,576
2016-07-24,CAR,Dengue,580
2016-07-31,CAR,Dengue,775
2016-08-07,CAR,Dengue,654
2016-08-14,CAR,Dengue,561
2016-08-21,CAR,Dengue,516
2016-08-28,CAR,Dengue,448
2016-09-04,CAR,Dengue,280
2016-09-11,CAR,Dengue,273
2016-09-18,CAR,Dengue,267
2016-09-25,CAR,Dengue,264
2016-10-02,CAR,Dengue,167
2016-10-09,CAR,Dengue,181
2016-10-16,CAR,Dengue,84
2016-10-23,CAR,Dengue,80
2016-10-30,CAR,Dengue,68
2016-11-06,CAR,Dengue,68
2016-11-13,CAR,Dengue,53
2016-11-20,CAR,Dengue,40
2016-11-27,CAR,Dengue,39
2016-12-04,CAR,Dengue,17
2016-12-11,CAR,Dengue,31
2016-12-18,CAR,Dengue,35
2016-12-25,CAR,Dengue,14
2017-01-01,CAR,Dengue,31
2017-01-08,CAR,Dengue,33
2017-01-15,CAR,Dengue,40
2017-01-22,CAR,Dengue,45
2017-01-29,CAR,Dengue,43
2017-02-05,CAR,Dengue,31
2017-02-12,CAR,Dengue,30
2017-02-19,CAR,Dengue,29
2017-02-26,CAR,Dengue,20
2017-03-05,CAR,Dengue,34
2017-03-12,CAR,Dengue,19
2017-03-19,CAR,Dengue,13
2017-03-26,CAR,Dengue,10
2017-04-02,CAR,Dengue,17
2017-04-09,CAR,Dengue,15
2017-04-16,CAR,Dengue,21
2017-04-23,CAR,Dengue,10
2017-04-30,CAR,Dengue,12
2017-05-07,CAR,Dengue,16
2017-05-14,CAR,Dengue,13
2017-05-21,CAR,Dengue,12
2017-05-28,CAR,Dengue,22
2017-06-04,CAR,Dengue,46
2017-06-11,CAR,Dengue,34
2017-06-18,CAR,Dengue,43
2017-06-25,CAR,Dengue,35
2017-07-02,CAR,Dengue,68
2017-07-09,CAR,Dengue,108
2017-07-16,CAR,Dengue,126
2017-07-23,CAR,Dengue,143
2017-07-30,CAR,Dengue,130
2017-08-06,CAR,Dengue,229
2017-08-13,CAR,Dengue,277
2017-08-20,CAR,Dengue,186
2017-08-27,CAR,Dengue,185
2017-09-03,CAR,Dengue,125
2017-09-10,CAR,Dengue,127
2017-09-17,CAR,Dengue,122
2017-09-24,CAR,Dengue,161
2017-10-01,CAR,Dengue,146
2017-10-08,CAR,Dengue,145
2017-10-15,CAR,Dengue,130
2017-10-22,CAR,Dengue,113
2017-10-29,CAR,Dengue,95
2017-11-05,CAR,Dengue,96
2017-11-12,CAR,Dengue,98
2017-11-19,CAR,Dengue,112
2017-11-26,CAR,Dengue,84
2017-12-03,CAR,Dengue,111
2017-12-10,CAR,Dengue,77
2017-12-17,CAR,Dengue,78
2017-12-24,CAR,Dengue,40
2017-12-31,CAR,Dengue,56
2018-01-07,CAR,Dengue,78
2018-01-14,CAR,Dengue,74
2018-01-21,CAR,Dengue,81
2018-01-28,CAR,Dengue,80
2018-02-04,CAR,Dengue,60
2018-02-11,CAR,Dengue,58
2018-02-18,CAR,Dengue,52
2018-02-25,CAR,Dengue,61
2018-03-04,CAR,Dengue,55
2018-03-11,CAR,Dengue,38
2018-03-18,CAR,Dengue,51
2018-03-25,CAR,Dengue,41
2018-04-01,CAR,Dengue,21
2018-04-08,CAR,Dengue,26
2018-04-15,CAR,Dengue,25
2018-04-22,CAR,Dengue,28
2018-04-29,CAR,Dengue,33
2018-05-06,CAR,Dengue,22
2018-05-13,CAR,Dengue,37
2018-05-20,CAR,Dengue,64
2018-05-27,CAR,Dengue,74
2018-06-03,CAR,Dengue,85
2018-06-10,CAR,Dengue,131
2018-06-17,CAR,Dengue,136
2018-06-24,CAR,Dengue,157
2018-07-01,CAR,Dengue,169
2018-07-08,CAR,Dengue,207
2018-07-15,CAR,Dengue,273
2018-07-22,CAR,Dengue,361
2018-07-29,CAR,Dengue,364
2018-08-05,CAR,Dengue,355
2018-08-12,CAR,Dengue,316
2018-08-19,CAR,Dengue,333
2018-08-26,CAR,Dengue,242
2018-09-02,CAR,Dengue,244
2018-09-09,CAR,Dengue,264
2018-09-16,CAR,Dengue,234
2018-09-23,CAR,Dengue,251
2018-09-30,CAR,Dengue,225
2018-10-07,CAR,Dengue,253
2018-10-14,CAR,Dengue,240
2018-10-21,CAR,Dengue,223
2018-10-28,CAR,Dengue,208
2018-11-04,CAR,Dengue,159
2018-11-11,CAR,Dengue,153
2018-11-18,CAR,Dengue,181
2018-11-25,CAR,Dengue,83
2018-12-02,CAR,Dengue,120
2018-12-09,CAR,Dengue,145
2018-12-16,CAR,Dengue,168
2018-12-23,CAR,Dengue,135
2018-12-30,CAR,Dengue,165
2019-01-06,CAR,Dengue,205
2019-01-13,CAR,Dengue,181
2019-01-20,CAR,Dengue,152
2019-01-27,CAR,Dengue,170
2019-02-03,CAR,Dengue,212
2019-02-10,CAR,Dengue,166
2019-02-17,CAR,Dengue,123
2019-02-24,CAR,Dengue,68
2019-03-03,CAR,Dengue,93
2019-03-10,CAR,Dengue,66
2019-03-17,CAR,Dengue,59
2019-03-24,CAR,Dengue,38
2019-03-31,CAR,Dengue,60
2019-04-07,CAR,Dengue,37
2019-04-14,CAR,Dengue,32
2019-04-21,CAR,Dengue,36
2019-04-28,CAR,Dengue,49
2019-05-05,CAR,Dengue,56
2019-05-12,CAR,Dengue,46
2019-05-19,CAR,Dengue,59
2019-05-26,CAR,Dengue,73
2019-06-02,CAR,Dengue,73
2019-06-09,CAR,Dengue,138
2019-06-16,CAR,Dengue,190
2019-06-23,CAR,Dengue,214
2019-06-30,CAR,Dengue,318
2019-07-07,CAR,Dengue,344
2019-07-14,CAR,Dengue,311
2019-07-21,CAR,Dengue,455
2019-07-28,CAR,Dengue,401
2019-08-04,CAR,Dengue,404
2019-08-11,CAR,Dengue,317
2019-08-18,CAR,Dengue,353
2019-08-25,CAR,Dengue,341
2019-09-01,CAR,Dengue,327
2019-09-08,CAR,Dengue,247
2019-09-15,CAR,Dengue,223
2019-09-22,CAR,Dengue,301
2019-09-29,CAR,Dengue,216
2019-10-06,CAR,Dengue,248
2019-10-13,CAR,Dengue,237
2019-10-20,CAR,Dengue,255
2019-10-27,CAR,Dengue,184
2019-11-03,CAR,Dengue,178
2019-11-10,CAR,Dengue,148
2019-11-17,CAR,Dengue,102
2019-11-24,CAR,Dengue,74
2019-12-01,CAR,Dengue,68
2019-12-08,CAR,Dengue,61
2019-12-15,CAR,Dengue,69
2019-12-22,CAR,Dengue,64
2019-12-29,CAR,Dengue,50
2022-01-09,CAR,Dengue,102
2022-01-16,CAR,Dengue,68
2022-01-23,CAR,Dengue,40
2022-01-30,CAR,Dengue,40
2022-02-06,CAR,Dengue,56
2022-02-13,CAR,Dengue,55
2022-02-20,CAR,Dengue,59
2022-02-27,CAR,Dengue,63
2022-03-06,CAR,Dengue,49
2022-03-13,CAR,Dengue,62
2022-03-20,CAR,Dengue,66
2022-03-27,CAR,Dengue,68
2022-04-03,CAR,Dengue,74
2022-04-10,CAR,Dengue,61
2022-04-17,CAR,Dengue,89
2022-04-24,CAR,Dengue,121
2022-05-01,CAR,Dengue,143
2022-05-08,CAR,Dengue,204
2022-05-15,CAR,Dengue,251
2022-05-22,CAR,Dengue,275
2022-05-29,CAR,Dengue,354
2022-06-05,CAR,Dengue,471
2022-06-12,CAR,Dengue,592
2022-06-19,CAR,Dengue,672
2022-06-26,CAR,Dengue,821
2022-07-03,CAR,Dengue,827
2022-07-10,CAR,Dengue,775
2022-07-17,CAR,Dengue,949
2022-07-24,CAR,Dengue,874
2022-07-31,CAR,Dengue,928
2022-08-07,CAR,Dengue,897
2022-08-14,CAR,Dengue,800
2022-08-21,CAR,Dengue,706
2022-08-28,CAR,Dengue,673
2022-09-04,CAR,Dengue,616
2022-09-11,CAR,Dengue,563
2022-09-18,CAR,Dengue,592
2022-09-25,CAR,Dengue,483
2022-10-02,CAR,Dengue,361
2022-10-09,CAR,Dengue,317
2022-10-16,CAR,Dengue,306
2022-10-23,CAR,Dengue,268
2022-10-30,CAR,Dengue,180
2022-11-06,CAR,Dengue,220
2022-11-13,CAR,Dengue,243
2022-11-20,CAR,Dengue,236
2022-11-27,CAR,Dengue,183
2022-12-04,CAR,Dengue,236
2022-12-11,CAR,Dengue,129
2022-12-18,CAR,Dengue,93
2022-12-25,CAR,Dengue,87
2023-01-01,CAR,Dengue,46
2023-01-08,CAR,Dengue,100
2023-01-15,CAR,Dengue,121
2023-01-22,CAR,Dengue,79
2023-01-29,CAR,Dengue,76
2023-02-05,CAR,Dengue,67
2023-02-12,CAR,Dengue,87
2023-02-19,CAR,Dengue,70
2023-02-26,CAR,Dengue,57
2023-03-05,CAR,Dengue,56
2023-03-12,CAR,Dengue,44
2023-03-19,CAR,Dengue,41
2023-03-26,CAR,Dengue,54
2023-04-02,CAR,Dengue,61
2023-04-09,CAR,Dengue,45
2023-04-16,CAR,Dengue,63
2023-04-23,CAR,Dengue,54
2023-04-30,CAR,Dengue,70
2023-05-07,CAR,Dengue,89
2023-05-14,CAR,Dengue,97
2023-05-21,CAR,Dengue,114
2023-05-28,CAR,Dengue,121
2023-06-04,CAR,Dengue,122
2023-06-11,CAR,Dengue,163
2023-06-18,CAR,Dengue,225
2023-06-25,CAR,Dengue,229
2023-07-02,CAR,Dengue,278
2023-07-09,CAR,Dengue,260
2023-07-16,CAR,Dengue,226
2023-07-23,CAR,Dengue,257
2023-07-30,CAR,Dengue,271
2023-08-06,CAR,Dengue,226
2023-08-13,CAR,Dengue,275
2023-08-20,CAR,Dengue,310
2023-08-27,CAR,Dengue,342
2023-09-03,CAR,Dengue,330
2023-09-10,CAR,Dengue,335
2023-09-17,CAR,Dengue,367
2023-09-24,CAR,Dengue,428
2023-10-01,CAR,Dengue,422
2023-10-08,CAR,Dengue,445
2023-10-15,CAR,Dengue,331
2023-10-22,CAR,Dengue,349
2023-10-29,CAR,Dengue,304
2023-11-05,CAR,Dengue,249
2023-11-12,CAR,Dengue,289
2023-11-19,CAR,Dengue,214
2023-11-26,CAR,Dengue,145
2023-12-03,CAR,Dengue,185
2023-12-10,CAR,Dengue,177
2023-12-17,CAR,Dengue,169
2023-12-24,CAR,Dengue,147
2023-12-31,CAR,Dengue,159
2024-01-07,CAR,Dengue,163
2024-01-14,CAR,Dengue,105
2024-01-21,CAR,Dengue,107
2024-01-28,CAR,Dengue,79
2024-02-04,CAR,Dengue,84
2024-02-11,CAR,Dengue,74
2024-02-18,CAR,Dengue,76
2024-02-25,CAR,Dengue,81
2024-03-03,CAR,Dengue,47
2024-03-10,CAR,Dengue,50
2024-03-17,CAR,Dengue,48
2024-03-24,CAR,Dengue,37
2024-03-31,CAR,Dengue,37
2024-04-07,CAR,Dengue,65
2024-04-14,CAR,Dengue,63
2024-04-21,CAR,Dengue,69
2024-04-28,CAR,Dengue,80
2024-05-05,CAR,Dengue,82
2024-05-12,CAR,Dengue,168
2024-05-19,CAR,Dengue,172
2024-05-26,CAR,Dengue,230
2024-06-02,CAR,Dengue,298
2024-06-09,CAR,Dengue,522
2024-06-16,CAR,Dengue,603
2024-06-23,CAR,Dengue,827
2024-06-30,CAR,Dengue,988
2024-07-07,CAR,Dengue,1324
2024-07-14,CAR,Dengue,1460
2024-07-21,CAR,Dengue,1786
2024-07-28,CAR,Dengue,1612
2024-08-04,CAR,Dengue,1922
2024-08-11,CAR,Dengue,2459
2024-08-18,CAR,Dengue,2545
2024-08-25,CAR,Dengue,1976
2024-09-01,CAR,Dengue,1757
2024-09-08,CAR,Dengue,1613
2024-09-15,CAR,Dengue,1196
2024-09-22,CAR,Dengue,1089
2024-09-29,CAR,Dengue,781
2024-10-06,CAR,Dengue,640
2024-10-13,CAR,Dengue,551
2024-10-20,CAR,Dengue,482
2024-10-27,CAR,Dengue,358
2024-11-03,CAR,Dengue,276
2024-11-10,CAR,Dengue,290
2024-11-17,CAR,Dengue,265
2024-11-24,CAR,Dengue,220
2024-12-01,CAR,Dengue,256
2024-12-08,CAR,Dengue,228
2024-12-15,CAR,Dengue,184
2024-12-22,CAR,Dengue,129
2024-12-29,CAR,Dengue,176
2025-01-05,CAR,Dengue,95
2025-01-12,CAR,Dengue,149
2025-01-19,CAR,Dengue,149
2025-01-26,CAR,Dengue,133
2025-02-02,CAR,Dengue,120
2025-02-09,CAR,Dengue,129
2025-02-16,CAR,Dengue,128
2025-02-23,CAR,Dengue,154
2025-03-02,CAR,Dengue,150
2025-03-09,CAR,Dengue,143
2025-03-16,CAR,Dengue,145
2025-03-23,CAR,Dengue,95
2025-03-30,CAR,Dengue,122
2025-04-06,CAR,Dengue,106
2025-04-13,CAR,Dengue,99
2025-04-20,CAR,Dengue,71
2025-04-27,CAR,Dengue,112
2025-05-04,CAR,Dengue,88
2025-05-11,CAR,Dengue,90
2025-05-18,CAR,Dengue,97
2025-05-25,CAR,Dengue,120
2025-06-01,CAR,Dengue,119
2025-06-08,CAR,Dengue,176
2025-06-15,CAR,Dengue,197
2025-06-22,CAR,Dengue,214
2025-06-29,CAR,Dengue,183
2025-07-06,CAR,Dengue,214
2025-07-13,CAR,Dengue,227
2025-07-20,CAR,Dengue,189
2025-07-27,CAR,Dengue,183
2025-08-03,CAR,Dengue,180
2025-08-10,CAR,Dengue,231
2025-08-17,CAR,Dengue,235
2025-08-24,CAR,Dengue,207
2025-08-31,CAR,Dengue,248
2025-09-07,CAR,Dengue,224
2025-09-14,CAR,Dengue,238
2025-09-21,CAR,Dengue,247
2025-09-28,CAR,Dengue,260
2025-10-05,CAR,Dengue,345
2025-10-12,CAR,Dengue,346
2025-10-19,CAR,Dengue,342
2025-10-26,CAR,Dengue,287
2025-11-02,CAR,Dengue,173
2025-11-09,CAR,Dengue,104
2025-11-16,CAR,Dengue,55
2025-11-23,CAR,Dengue,72
2025-11-30,CAR,Dengue,75
2025-12-07,CAR,Dengue,86
2025-12-14,CAR,Dengue,60
2025-12-21,CAR,Dengue,46
2025-12-28,CAR,Dengue,69
2016-01-10,Caraga,Dengue,333
2016-01-17,Caraga,Dengue,257
2016-01-24,Caraga,Dengue,284
2016-01-31,Caraga,Dengue,242
2016-02-07,Caraga,Dengue,162
2016-02-14,Caraga,Dengue,167
2016-02-21,Caraga,Dengue,179
2016-02-28,Caraga,Dengue,171
2016-03-06,Caraga,Dengue,171
2016-03-13,Caraga,Dengue,167
2016-03-20,Caraga,Dengue,124
2016-03-27,Caraga,Dengue,107
2016-04-03,Caraga,Dengue,99
2016-04-10,Caraga,Dengue,119
2016-04-17,Caraga,Dengue,116
2016-04-24,Caraga,Dengue,86
2016-05-01,Caraga,Dengue,98
2016-05-08,Caraga,Dengue,98
2016-05-15,Caraga,Dengue,104
2016-05-22,Caraga,Dengue,152
2016-05-29,Caraga,Dengue,114
2016-06-05,Caraga,Dengue,123
2016-06-12,Caraga,Dengue,134
2016-06-19,Caraga,Dengue,165
2016-06-26,Caraga,Dengue,193
2016-07-03,Caraga,Dengue,189
2016-07-10,Caraga,Dengue,181
2016-07-17,Caraga,Dengue,184
2016-07-24,Caraga,Dengue,174
2016-07-31,Caraga,Dengue,169
2016-08-07,Caraga,Dengue,199
2016-08-14,Caraga,Dengue,219
2016-08-21,Caraga,Dengue,226
2016-08-28,Caraga,Dengue,207
2016-09-04,Caraga,Dengue,171
2016-09-11,Caraga,Dengue,177
2016-09-18,Caraga,Dengue,136
2016-09-25,Caraga,Dengue,148
2016-10-02,Caraga,Dengue,121
2016-10-09,Caraga,Dengue,129
2016-10-16,Caraga,Dengue,165
2016-10-23,Caraga,Dengue,145
2016-10-30,Caraga,Dengue,193
2016-11-06,Caraga,Dengue,122
2016-11-13,Caraga,Dengue,156
2016-11-20,Caraga,Dengue,118
2016-11-27,Caraga,Dengue,141
2016-12-04,Caraga,Dengue,113
2016-12-11,Caraga,Dengue,135
2016-12-18,Caraga,Dengue,109
2016-12-25,Caraga,Dengue,81
2017-01-01,Caraga,Dengue,145
2017-01-08,Caraga,Dengue,135
2017-01-15,Caraga,Dengue,125
2017-01-22,Caraga,Dengue,115
2017-01-29,Caraga,Dengue,68
2017-02-05,Caraga,Dengue,83
2017-02-12,Caraga,Dengue,74
2017-02-19,Caraga,Dengue,73
2017-02-26,Caraga,Dengue,59
2017-03-05,Caraga,Dengue,55
2017-03-12,Caraga,Dengue,62
2017-03-19,Caraga,Dengue,59
2017-03-26,Caraga,Dengue,56
2017-04-02,Caraga,Dengue,39
2017-04-09,Caraga,Dengue,49
2017-04-16,Caraga,Dengue,38
2017-04-23,Caraga,Dengue,38
2017-04-30,Caraga,Dengue,33
2017-05-07,Caraga,Dengue,39
2017-05-14,Caraga,Dengue,40
2017-05-21,Caraga,Dengue,47
2017-05-28,Caraga,Dengue,35
2017-06-04,Caraga,Dengue,38
2017-06-11,Caraga,Dengue,56
2017-06-18,Caraga,Dengue,36
2017-06-25,Caraga,Dengue,35
2017-07-02,Caraga,Dengue,29
2017-07-09,Caraga,Dengue,40
2017-07-16,Caraga,Dengue,49
2017-07-23,Caraga,Dengue,28
2017-07-30,Caraga,Dengue,60
2017-08-06,Caraga,Dengue,57
2017-08-13,Caraga,Dengue,52
2017-08-20,Caraga,Dengue,40
2017-08-27,Caraga,Dengue,61
2017-09-03,Caraga,Dengue,56
2017-09-10,Caraga,Dengue,33
2017-09-17,Caraga,Dengue,46
2017-09-24,Caraga,Dengue,51
2017-10-01,Caraga,Dengue,63
2017-10-08,Caraga,Dengue,50
2017-10-15,Caraga,Dengue,56
2017-10-22,Caraga,Dengue,38
2017-10-29,Caraga,Dengue,39
2017-11-05,Caraga,Dengue,18
2017-11-12,Caraga,Dengue,34
2017-11-19,Caraga,Dengue,30
2017-11-26,Caraga,Dengue,48
2017-12-03,Caraga,Dengue,48
2017-12-10,Caraga,Dengue,46
2017-12-17,Caraga,Dengue,44
2017-12-24,Caraga,Dengue,35
2017-12-31,Caraga,Dengue,32
2018-01-07,Caraga,Dengue,80
2018-01-14,Caraga,Dengue,63
2018-01-21,Caraga,Dengue,75
2018-01-28,Caraga,Dengue,86
2018-02-04,Caraga,Dengue,92
2018-02-11,Caraga,Dengue,76
2018-02-18,Caraga,Dengue,74
2018-02-25,Caraga,Dengue,61
2018-03-04,Caraga,Dengue,54
2018-03-11,Caraga,Dengue,67
2018-03-18,Caraga,Dengue,31
2018-03-25,Caraga,Dengue,46
2018-04-01,Caraga,Dengue,34
2018-04-08,Caraga,Dengue,36
2018-04-15,Caraga,Dengue,57
2018-04-22,Caraga,Dengue,41
2018-04-29,Caraga,Dengue,67
2018-05-06,Caraga,Dengue,43
2018-05-13,Caraga,Dengue,47
2018-05-20,Caraga,Dengue,66
2018-05-27,Caraga,Dengue,82
2018-06-03,Caraga,Dengue,78
2018-06-10,Caraga,Dengue,101
2018-06-17,Caraga,Dengue,112
2018-06-24,Caraga,Dengue,122
2018-07-01,Caraga,Dengue,146
2018-07-08,Caraga,Dengue,131
2018-07-15,Caraga,Dengue,199
2018-07-22,Caraga,Dengue,241
2018-07-29,Caraga,Dengue,221
2018-08-05,Caraga,Dengue,221
2018-08-12,Caraga,Dengue,206
2018-08-19,Caraga,Dengue,204
2018-08-26,Caraga,Dengue,174
2018-09-02,Caraga,Dengue,209
2018-09-09,Caraga,Dengue,197
2018-09-16,Caraga,Dengue,224
2018-09-23,Caraga,Dengue,286
2018-09-30,Caraga,Dengue,207
2018-10-07,Caraga,Dengue,299
2018-10-14,Caraga,Dengue,261
2018-10-21,Caraga,Dengue,284
2018-10-28,Caraga,Dengue,298
2018-11-04,Caraga,Dengue,299
2018-11-11,Caraga,Dengue,355
2018-11-18,Caraga,Dengue,382
2018-11-25,Caraga,Dengue,386
2018-12-02,Caraga,Dengue,371
2018-12-09,Caraga,Dengue,457
2018-12-16,Caraga,Dengue,514
2018-12-23,Caraga,Dengue,414
2018-12-30,Caraga,Dengue,636
2019-01-06,Caraga,Dengue,931
2019-01-13,Caraga,Dengue,774
2019-01-20,Caraga,Dengue,671
2019-01-27,Caraga,Dengue,631
2019-02-03,Caraga,Dengue,484
2019-02-10,Caraga,Dengue,351
2019-02-17,Caraga,Dengue,300
2019-02-24,Caraga,Dengue,258
2019-03-03,Caraga,Dengue,218
2019-03-10,Caraga,Dengue,177
2019-03-17,Caraga,Dengue,139
2019-03-24,Caraga,Dengue,84
2019-03-31,Caraga,Dengue,103
2019-04-07,Caraga,Dengue,78
2019-04-14,Caraga,Dengue,65
2019-04-21,Caraga,Dengue,78
2019-04-28,Caraga,Dengue,70
2019-05-05,Caraga,Dengue,93
2019-05-12,Caraga,Dengue,82
2019-05-19,Caraga,Dengue,106
2019-05-26,Caraga,Dengue,74
2019-06-02,Caraga,Dengue,86
2019-06-09,Caraga,Dengue,115
2019-06-16,Caraga,Dengue,120
2019-06-23,Caraga,Dengue,117
2019-06-30,Caraga,Dengue,155
2019-07-07,Caraga,Dengue,188
2019-07-14,Caraga,Dengue,274
2019-07-21,Caraga,Dengue,290
2019-07-28,Caraga,Dengue,304
2019-08-04,Caraga,Dengue,269
2019-08-11,Caraga,Dengue,268
2019-08-18,Caraga,Dengue,253
2019-08-25,Caraga,Dengue,272
2019-09-01,Caraga,Dengue,257
2019-09-08,Caraga,Dengue,222
2019-09-15,Caraga,Dengue,194
2019-09-22,Caraga,Dengue,184
2019-09-29,Caraga,Dengue,249
2019-10-06,Caraga,Dengue,245
2019-10-13,Caraga,Dengue,223
2019-10-20,Caraga,Dengue,224
2019-10-27,Caraga,Dengue,157
2019-11-03,Caraga,Dengue,162
2019-11-10,Caraga,Dengue,190
2019-11-17,Caraga,Dengue,127
2019-11-24,Caraga,Dengue,173
2019-12-01,Caraga,Dengue,249
2019-12-08,Caraga,Dengue,238
2019-12-15,Caraga,Dengue,228
2019-12-22,Caraga,Dengue,220
2019-12-29,Caraga,Dengue,202
2022-01-09,Caraga,Dengue,45
2022-01-16,Caraga,Dengue,33
2022-01-23,Caraga,Dengue,27
2022-01-30,Caraga,Dengue,26
2022-02-06,Caraga,Dengue,47
2022-02-13,Caraga,Dengue,37
2022-02-20,Caraga,Dengue,48
2022-02-27,Caraga,Dengue,65
2022-03-06,Caraga,Dengue,64
2022-03-13,Caraga,Dengue,47
2022-03-20,Caraga,Dengue,79
2022-03-27,Caraga,Dengue,104
2022-04-03,Caraga,Dengue,93
2022-04-10,Caraga,Dengue,112
2022-04-17,Caraga,Dengue,89
2022-04-24,Caraga,Dengue,104
2022-05-01,Caraga,Dengue,96
2022-05-08,Caraga,Dengue,111
2022-05-15,Caraga,Dengue,113
2022-05-22,Caraga,Dengue,110
2022-05-29,Caraga,Dengue,118
2022-06-05,Caraga,Dengue,127
2022-06-12,Caraga,Dengue,128
2022-06-19,Caraga,Dengue,164
2022-06-26,Caraga,Dengue,168
2022-07-03,Caraga,Dengue,135
2022-07-10,Caraga,Dengue,149
2022-07-17,Caraga,Dengue,166
2022-07-24,Caraga,Dengue,176
2022-07-31,Caraga,Dengue,183
2022-08-07,Caraga,Dengue,154
2022-08-14,Caraga,Dengue,140
2022-08-21,Caraga,Dengue,190
2022-08-28,Caraga,Dengue,150
2022-09-04,Caraga,Dengue,162
2022-09-11,Caraga,Dengue,168
2022-09-18,Caraga,Dengue,169
2022-09-25,Caraga,Dengue,168
2022-10-02,Caraga,Dengue,143
2022-10-09,Caraga,Dengue,108
2022-10-16,Caraga,Dengue,108
2022-10-23,Caraga,Dengue,133
2022-10-30,Caraga,Dengue,113
2022-11-06,Caraga,Dengue,116
2022-11-13,Caraga,Dengue,137
2022-11-20,Caraga,Dengue,105
2022-11-27,Caraga,Dengue,178
2022-12-04,Caraga,Dengue,155
2022-12-11,Caraga,Dengue,149
2022-12-18,Caraga,Dengue,136
2022-12-25,Caraga,Dengue,108
2023-01-01,Caraga,Dengue,57
2023-01-08,Caraga,Dengue,165
2023-01-15,Caraga,Dengue,145
2023-01-22,Caraga,Dengue,128
2023-01-29,Caraga,Dengue,125
2023-02-05,Caraga,Dengue,80
2023-02-12,Caraga,Dengue,97
2023-02-19,Caraga,Dengue,98
2023-02-26,Caraga,Dengue,93
2023-03-05,Caraga,Dengue,78
2023-03-12,Caraga,Dengue,93
2023-03-19,Caraga,Dengue,74
2023-03-26,Caraga,Dengue,68
2023-04-02,Caraga,Dengue,67
2023-04-09,Caraga,Dengue,78
2023-04-16,Caraga,Dengue,76
2023-04-23,Caraga,Dengue,68
2023-04-30,Caraga,Dengue,67
2023-05-07,Caraga,Dengue,87
2023-05-14,Caraga,Dengue,77
2023-05-21,Caraga,Dengue,74
2023-05-28,Caraga,Dengue,81
2023-06-04,Caraga,Dengue,71
2023-06-11,Caraga,Dengue,76
2023-06-18,Caraga,Dengue,100
2023-06-25,Caraga,Dengue,82
2023-07-02,Caraga,Dengue,84
2023-07-09,Caraga,Dengue,71
2023-07-16,Caraga,Dengue,89
2023-07-23,Caraga,Dengue,116
2023-07-30,Caraga,Dengue,88
2023-08-06,Caraga,Dengue,81
2023-08-13,Caraga,Dengue,109
2023-08-20,Caraga,Dengue,107
2023-08-27,Caraga,Dengue,104
2023-09-03,Caraga,Dengue,128
2023-09-10,Caraga,Dengue,103
2023-09-17,Caraga,Dengue,117
2023-09-24,Caraga,Dengue,124
2023-10-01,Caraga,Dengue,150
2023-10-08,Caraga,Dengue,154
2023-10-15,Caraga,Dengue,139
2023-10-22,Caraga,Dengue,136
2023-10-29,Caraga,Dengue,144
2023-11-05,Caraga,Dengue,130
2023-11-12,Caraga,Dengue,167
2023-11-19,Caraga,Dengue,179
2023-11-26,Caraga,Dengue,166
2023-12-03,Caraga,Dengue,194
2023-12-10,Caraga,Dengue,187
2023-12-17,Caraga,Dengue,188
2023-12-24,Caraga,Dengue,181
2023-12-31,Caraga,Dengue,242
2024-01-07,Caraga,Dengue,256
2024-01-14,Caraga,Dengue,219
2024-01-21,Caraga,Dengue,271
2024-01-28,Caraga,Dengue,278
2024-02-04,Caraga,Dengue,234
2024-02-11,Caraga,Dengue,219
2024-02-18,Caraga,Dengue,181
2024-02-25,Caraga,Dengue,158
2024-03-03,Caraga,Dengue,154
2024-03-10,Caraga,Dengue,106
2024-03-17,Caraga,Dengue,162
2024-03-24,Caraga,Dengue,154
2024-03-31,Caraga,Dengue,131
2024-04-07,Caraga,Dengue,136
2024-04-14,Caraga,Dengue,124
2024-04-21,Caraga,Dengue,110
2024-04-28,Caraga,Dengue,151
2024-05-05,Caraga,Dengue,181
2024-05-12,Caraga,Dengue,184
2024-05-19,Caraga,Dengue,181
2024-05-26,Caraga,Dengue,179
2024-06-02,Caraga,Dengue,218
2024-06-09,Caraga,Dengue,236
2024-06-16,Caraga,Dengue,230
2024-06-23,Caraga,Dengue,235
2024-06-30,Caraga,Dengue,229
2024-07-07,Caraga,Dengue,295
2024-07-14,Caraga,Dengue,349
2024-07-21,Caraga,Dengue,379
2024-07-28,Caraga,Dengue,491
2024-08-04,Caraga,Dengue,534
2024-08-11,Caraga,Dengue,614
2024-08-18,Caraga,Dengue,679
2024-08-25,Caraga,Dengue,674
2024-09-01,Caraga,Dengue,667
2024-09-08,Caraga,Dengue,650
2024-09-15,Caraga,Dengue,554
2024-09-22,Caraga,Dengue,490
2024-09-29,Caraga,Dengue,423
2024-10-06,Caraga,Dengue,404
2024-10-13,Caraga,Dengue,433
2024-10-20,Caraga,Dengue,361
2024-10-27,Caraga,Dengue,381
2024-11-03,Caraga,Dengue,333
2024-11-10,Caraga,Dengue,342
2024-11-17,Caraga,Dengue,410
2024-11-24,Caraga,Dengue,396
2024-12-01,Caraga,Dengue,368
2024-12-08,Caraga,Dengue,354
2024-12-15,Caraga,Dengue,231
2024-12-22,Caraga,Dengue,235
2024-12-29,Caraga,Dengue,373
2025-01-05,Caraga,Dengue,275
2025-01-12,Caraga,Dengue,406
2025-01-19,Caraga,Dengue,352
2025-01-26,Caraga,Dengue,343
2025-02-02,Caraga,Dengue,302
2025-02-09,Caraga,Dengue,290
2025-02-16,Caraga,Dengue,290
2025-02-23,Caraga,Dengue,251
2025-03-02,Caraga,Dengue,238
2025-03-09,Caraga,Dengue,226
2025-03-16,Caraga,Dengue,194
2025-03-23,Caraga,Dengue,156
2025-03-30,Caraga,Dengue,151
2025-04-06,Caraga,Dengue,163
2025-04-13,Caraga,Dengue,153
2025-04-20,Caraga,Dengue,121
2025-04-27,Caraga,Dengue,121
2025-05-04,Caraga,Dengue,132
2025-05-11,Caraga,Dengue,123
2025-05-18,Caraga,Dengue,119
2025-05-25,Caraga,Dengue,114
2025-06-01,Caraga,Dengue,96
2025-06-08,Caraga,Dengue,107
2025-06-15,Caraga,Dengue,110
2025-06-22,Caraga,Dengue,75
2025-06-29,Caraga,Dengue,97
2025-07-06,Caraga,Dengue,95
2025-07-13,Caraga,Dengue,92
2025-07-20,Caraga,Dengue,96
2025-07-27,Caraga,Dengue,70
2025-08-03,Caraga,Dengue,61
2025-08-10,Caraga,Dengue,59
2025-08-17,Caraga,Dengue,55
2025-08-24,Caraga,Dengue,47
2025-08-31,Caraga,Dengue,47
2025-09-07,Caraga,Dengue,60
2025-09-14,Caraga,Dengue,55
2025-09-21,Caraga,Dengue,33
2025-09-28,Caraga,Dengue,44
2025-10-05,Caraga,Dengue,51
2025-10-12,Caraga,Dengue,61
2025-10-19,Caraga,Dengue,63
2025-10-26,Caraga,Dengue,54
2025-11-02,Caraga,Dengue,49
2025-11-09,Caraga,Dengue,40
2025-11-16,Caraga,Dengue,55
2025-11-23,Caraga,Dengue,40
2025-11-30,Caraga,Dengue,32
2025-12-07,Caraga,Dengue,36
2025-12-14,Caraga,Dengue,27
2025-12-21,Caraga,Dengue,31
2025-12-28,Caraga,Dengue,26
2016-01-10,NCR,Dengue,307
2016-01-17,NCR,Dengue,332
2016-01-24,NCR,Dengue,353
2016-01-31,NCR,Dengue,269
2016-02-07,NCR,Dengue,250
2016-02-14,NCR,Dengue,250
2016-02-21,NCR,Dengue,265
2016-02-28,NCR,Dengue,234
2016-03-06,NCR,Dengue,234
2016-03-13,NCR,Dengue,184
2016-03-20,NCR,Dengue,165
2016-03-27,NCR,Dengue,147
2016-04-03,NCR,Dengue,153
2016-04-10,NCR,Dengue,115
2016-04-17,NCR,Dengue,83
2016-04-24,NCR,Dengue,97
2016-05-01,NCR,Dengue,88
2016-05-08,NCR,Dengue,80
2016-05-15,NCR,Dengue,93
2016-05-22,NCR,Dengue,73
2016-05-29,NCR,Dengue,80
2016-06-05,NCR,Dengue,68
2016-06-12,NCR,Dengue,97
2016-06-19,NCR,Dengue,107
2016-06-26,NCR,Dengue,134
2016-07-03,NCR,Dengue,168
2016-07-10,NCR,Dengue,212
2016-07-17,NCR,Dengue,246
2016-07-24,NCR,Dengue,371
2016-07-31,NCR,Dengue,439
2016-08-07,NCR,Dengue,584
2016-08-14,NCR,Dengue,556
2016-08-21,NCR,Dengue,501
2016-08-28,NCR,Dengue,650
2016-09-04,NCR,Dengue,688
2016-09-11,NCR,Dengue,604
2016-09-18,NCR,Dengue,594
2016-09-25,NCR,Dengue,679
2016-10-02,NCR,Dengue,603
2016-10-09,NCR,Dengue,578
2016-10-16,NCR,Dengue,445
2016-10-23,NCR,Dengue,450
2016-10-30,NCR,Dengue,602
2016-11-06,NCR,Dengue,509
2016-11-13,NCR,Dengue,560
2016-11-20,NCR,Dengue,403
2016-11-27,NCR,Dengue,355
2016-12-04,NCR,Dengue,302
2016-12-11,NCR,Dengue,301
2016-12-18,NCR,Dengue,263
2016-12-25,NCR,Dengue,232
2017-01-01,NCR,Dengue,310
2017-01-08,NCR,Dengue,499
2017-01-15,NCR,Dengue,389
2017-01-22,NCR,Dengue,332
2017-01-29,NCR,Dengue,328
2017-02-05,NCR,Dengue,307
2017-02-12,NCR,Dengue,301
2017-02-19,NCR,Dengue,289
2017-02-26,NCR,Dengue,233
2017-03-05,NCR,Dengue,272
2017-03-12,NCR,Dengue,240
2017-03-19,NCR,Dengue,215
2017-03-26,NCR,Dengue,210
2017-04-02,NCR,Dengue,185
2017-04-09,NCR,Dengue,145
2017-04-16,NCR,Dengue,151
2017-04-23,NCR,Dengue,126
2017-04-30,NCR,Dengue,103
2017-05-07,NCR,Dengue,124
2017-05-14,NCR,Dengue,141
2017-05-21,NCR,Dengue,161
2017-05-28,NCR,Dengue,156
2017-06-04,NCR,Dengue,185
2017-06-11,NCR,Dengue,275
2017-06-18,NCR,Dengue,324
2017-06-25,NCR,Dengue,341
2017-07-02,NCR,Dengue,403
2017-07-09,NCR,Dengue,438
2017-07-16,NCR,Dengue,773
2017-07-23,NCR,Dengue,897
2017-07-30,NCR,Dengue,785
2017-08-06,NCR,Dengue,1117
2017-08-13,NCR,Dengue,1286
2017-08-20,NCR,Dengue,1232
2017-08-27,NCR,Dengue,1099
2017-09-03,NCR,Dengue,952
2017-09-10,NCR,Dengue,1011
2017-09-17,NCR,Dengue,859
2017-09-24,NCR,Dengue,868
2017-10-01,NCR,Dengue,741
2017-10-08,NCR,Dengue,755
2017-10-15,NCR,Dengue,694
2017-10-22,NCR,Dengue,791
2017-10-29,NCR,Dengue,728
2017-11-05,NCR,Dengue,672
2017-11-12,NCR,Dengue,670
2017-11-19,NCR,Dengue,621
2017-11-26,NCR,Dengue,585
2017-12-03,NCR,Dengue,438
2017-12-10,NCR,Dengue,437
2017-12-17,NCR,Dengue,453
2017-12-24,NCR,Dengue,338
2017-12-31,NCR,Dengue,397
2018-01-07,NCR,Dengue,456
2018-01-14,NCR,Dengue,510
2018-01-21,NCR,Dengue,610
2018-01-28,NCR,Dengue,523
2018-02-04,NCR,Dengue,513
2018-02-11,NCR,Dengue,476
2018-02-18,NCR,Dengue,419
2018-02-25,NCR,Dengue,414
2018-03-04,NCR,Dengue,432
2018-03-11,NCR,Dengue,364
2018-03-18,NCR,Dengue,261
2018-03-25,NCR,Dengue,218
2018-04-01,NCR,Dengue,173
2018-04-08,NCR,Dengue,200
2018-04-15,NCR,Dengue,168
2018-04-22,NCR,Dengue,171
2018-04-29,NCR,Dengue,151
2018-05-06,NCR,Dengue,144
2018-05-13,NCR,Dengue,130
2018-05-20,NCR,Dengue,161
2018-05-27,NCR,Dengue,176
2018-06-03,NCR,Dengue,191
2018-06-10,NCR,Dengue,199
2018-06-17,NCR,Dengue,193
2018-06-24,NCR,Dengue,372
2018-07-01,NCR,Dengue,383
2018-07-08,NCR,Dengue,458
2018-07-15,NCR,Dengue,578
2018-07-22,NCR,Dengue,646
2018-07-29,NCR,Dengue,701
2018-08-05,NCR,Dengue,847
2018-08-12,NCR,Dengue,762
2018-08-19,NCR,Dengue,824
2018-08-26,NCR,Dengue,1035
2018-09-02,NCR,Dengue,1045
2018-09-09,NCR,Dengue,1034
2018-09-16,NCR,Dengue,933
2018-09-23,NCR,Dengue,994
2018-09-30,NCR,Dengue,1123
2018-10-07,NCR,Dengue,1281
2018-10-14,NCR,Dengue,1278
2018-10-21,NCR,Dengue,1026
2018-10-28,NCR,Dengue,737
2018-11-04,NCR,Dengue,855
2018-11-11,NCR,Dengue,938
2018-11-18,NCR,Dengue,815
2018-11-25,NCR,Dengue,666
2018-12-02,NCR,Dengue,660
2018-12-09,NCR,Dengue,529
2018-12-16,NCR,Dengue,551
2018-12-23,NCR,Dengue,458
2018-12-30,NCR,Dengue,642
2019-01-06,NCR,Dengue,964
2019-01-13,NCR,Dengue,744
2019-01-20,NCR,Dengue,670
2019-01-27,NCR,Dengue,666
2019-02-03,NCR,Dengue,558
2019-02-10,NCR,Dengue,441
2019-02-17,NCR,Dengue,404
2019-02-24,NCR,Dengue,294
2019-03-03,NCR,Dengue,297
2019-03-10,NCR,Dengue,214
2019-03-17,NCR,Dengue,198
2019-03-24,NCR,Dengue,177
2019-03-31,NCR,Dengue,146
2019-04-07,NCR,Dengue,123
2019-04-14,NCR,Dengue,107
2019-04-21,NCR,Dengue,104
2019-04-28,NCR,Dengue,143
2019-05-05,NCR,Dengue,110
2019-05-12,NCR,Dengue,91
2019-05-19,NCR,Dengue,108
2019-05-26,NCR,Dengue,123
2019-06-02,NCR,Dengue,172
2019-06-09,NCR,Dengue,179
2019-06-16,NCR,Dengue,214
2019-06-23,NCR,Dengue,329
2019-06-30,NCR,Dengue,308
2019-07-07,NCR,Dengue,494
2019-07-14,NCR,Dengue,635
2019-07-21,NCR,Dengue,1088
2019-07-28,NCR,Dengue,1147
2019-08-04,NCR,Dengue,1372
2019-08-11,NCR,Dengue,1751
2019-08-18,NCR,Dengue,2088
2019-08-25,NCR,Dengue,2500
2019-09-01,NCR,Dengue,2436
2019-09-08,NCR,Dengue,2109
2019-09-15,NCR,Dengue,1966
2019-09-22,NCR,Dengue,1951
2019-09-29,NCR,Dengue,1714
2019-10-06,NCR,Dengue,1708
2019-10-13,NCR,Dengue,1465
2019-10-20,NCR,Dengue,1232
2019-10-27,NCR,Dengue,1113
2019-11-03,NCR,Dengue,1122
2019-11-10,NCR,Dengue,1058
2019-11-17,NCR,Dengue,848
2019-11-24,NCR,Dengue,756
2019-12-01,NCR,Dengue,685
2019-12-08,NCR,Dengue,635
2019-12-15,NCR,Dengue,412
2019-12-22,NCR,Dengue,176
2019-12-29,NCR,Dengue,424
2022-01-09,NCR,Dengue,120
2022-01-16,NCR,Dengue,154
2022-01-23,NCR,Dengue,200
2022-01-30,NCR,Dengue,138
2022-02-06,NCR,Dengue,165
2022-02-13,NCR,Dengue,201
2022-02-20,NCR,Dengue,172
2022-02-27,NCR,Dengue,157
2022-03-06,NCR,Dengue,182
2022-03-13,NCR,Dengue,192
2022-03-20,NCR,Dengue,172
2022-03-27,NCR,Dengue,161
2022-04-03,NCR,Dengue,154
2022-04-10,NCR,Dengue,181
2022-04-17,NCR,Dengue,184
2022-04-24,NCR,Dengue,198
2022-05-01,NCR,Dengue,177
2022-05-08,NCR,Dengue,232
2022-05-15,NCR,Dengue,257
2022-05-22,NCR,Dengue,284
2022-05-29,NCR,Dengue,379
2022-06-05,NCR,Dengue,478
2022-06-12,NCR,Dengue,537
2022-06-19,NCR,Dengue,704
2022-06-26,NCR,Dengue,828
2022-07-03,NCR,Dengue,762
2022-07-10,NCR,Dengue,956
2022-07-17,NCR,Dengue,1199
2022-07-24,NCR,Dengue,1191
2022-07-31,NCR,Dengue,1210
2022-08-07,NCR,Dengue,1527
2022-08-14,NCR,Dengue,1418
2022-08-21,NCR,Dengue,1395
2022-08-28,NCR,Dengue,1347
2022-09-04,NCR,Dengue,1277
2022-09-11,NCR,Dengue,1511
2022-09-18,NCR,Dengue,1411
2022-09-25,NCR,Dengue,1196
2022-10-02,NCR,Dengue,1058
2022-10-09,NCR,Dengue,1001
2022-10-16,NCR,Dengue,906
2022-10-23,NCR,Dengue,815
2022-10-30,NCR,Dengue,647
2022-11-06,NCR,Dengue,633
2022-11-13,NCR,Dengue,658
2022-11-20,NCR,Dengue,613
2022-11-27,NCR,Dengue,560
2022-12-04,NCR,Dengue,640
2022-12-11,NCR,Dengue,534
2022-12-18,NCR,Dengue,500
2022-12-25,NCR,Dengue,390
2023-01-01,NCR,Dengue,194
2023-01-08,NCR,Dengue,422
2023-01-15,NCR,Dengue,476
2023-01-22,NCR,Dengue,423
2023-01-29,NCR,Dengue,374
2023-02-05,NCR,Dengue,455
2023-02-12,NCR,Dengue,426
2023-02-19,NCR,Dengue,398
2023-02-26,NCR,Dengue,298
2023-03-05,NCR,Dengue,325
2023-03-12,NCR,Dengue,295
2023-03-19,NCR,Dengue,237
2023-03-26,NCR,Dengue,239
2023-04-02,NCR,Dengue,225
2023-04-09,NCR,Dengue,228
2023-04-16,NCR,Dengue,195
2023-04-23,NCR,Dengue,213
2023-04-30,NCR,Dengue,181
2023-05-07,NCR,Dengue,200
2023-05-14,NCR,Dengue,197
2023-05-21,NCR,Dengue,234
2023-05-28,NCR,Dengue,273
2023-06-04,NCR,Dengue,354
2023-06-11,NCR,Dengue,395
2023-06-18,NCR,Dengue,546
2023-06-25,NCR,Dengue,574
2023-07-02,NCR,Dengue,495
2023-07-09,NCR,Dengue,463
2023-07-16,NCR,Dengue,415
2023-07-23,NCR,Dengue,353
2023-07-30,NCR,Dengue,361
2023-08-06,NCR,Dengue,387
2023-08-13,NCR,Dengue,493
2023-08-20,NCR,Dengue,528
2023-08-27,NCR,Dengue,556
2023-09-03,NCR,Dengue,561
2023-09-10,NCR,Dengue,652
2023-09-17,NCR,Dengue,747
2023-09-24,NCR,Dengue,728
2023-10-01,NCR,Dengue,770
2023-10-08,NCR,Dengue,751
2023-10-15,NCR,Dengue,789
2023-10-22,NCR,Dengue,713
2023-10-29,NCR,Dengue,648
2023-11-05,NCR,Dengue,785
2023-11-12,NCR,Dengue,826
2023-11-19,NCR,Dengue,794
2023-11-26,NCR,Dengue,658
2023-12-03,NCR,Dengue,607
2023-12-10,NCR,Dengue,523
2023-12-17,NCR,Dengue,535
2023-12-24,NCR,Dengue,377
2023-12-31,NCR,Dengue,426
2024-01-07,NCR,Dengue,443
2024-01-14,NCR,Dengue,484
2024-01-21,NCR,Dengue,428
2024-01-28,NCR,Dengue,413
2024-02-04,NCR,Dengue,455
2024-02-11,NCR,Dengue,380
2024-02-18,NCR,Dengue,411
2024-02-25,NCR,Dengue,343
2024-03-03,NCR,Dengue,370
2024-03-10,NCR,Dengue,295
2024-03-17,NCR,Dengue,272
2024-03-24,NCR,Dengue,222
2024-03-31,NCR,Dengue,193
2024-04-07,NCR,Dengue,212
2024-04-14,NCR,Dengue,177
2024-04-21,NCR,Dengue,190
2024-04-28,NCR,Dengue,161
2024-05-05,NCR,Dengue,179
2024-05-12,NCR,Dengue,163
2024-05-19,NCR,Dengue,141
2024-05-26,NCR,Dengue,144
2024-06-02,NCR,Dengue,153
2024-06-09,NCR,Dengue,176
2024-06-16,NCR,Dengue,164
2024-06-23,NCR,Dengue,218
2024-06-30,NCR,Dengue,312
2024-07-07,NCR,Dengue,389
2024-07-14,NCR,Dengue,475
2024-07-21,NCR,Dengue,508
2024-07-28,NCR,Dengue,625
2024-08-04,NCR,Dengue,812
2024-08-11,NCR,Dengue,856
2024-08-18,NCR,Dengue,969
2024-08-25,NCR,Dengue,999
2024-09-01,NCR,Dengue,950
2024-09-08,NCR,Dengue,1063
2024-09-15,NCR,Dengue,1275
2024-09-22,NCR,Dengue,1452
2024-09-29,NCR,Dengue,1421
2024-10-06,NCR,Dengue,1600
2024-10-13,NCR,Dengue,1638
2024-10-20,NCR,Dengue,1619
2024-10-27,NCR,Dengue,1473
2024-11-03,NCR,Dengue,1773
2024-11-10,NCR,Dengue,1931
2024-11-17,NCR,Dengue,1982
2024-11-24,NCR,Dengue,2129
2024-12-01,NCR,Dengue,1981
2024-12-08,NCR,Dengue,1788
2024-12-15,NCR,Dengue,1647
2024-12-22,NCR,Dengue,1193
2024-12-29,NCR,Dengue,1610
2025-01-05,NCR,Dengue,992
2025-01-12,NCR,Dengue,1670
2025-01-19,NCR,Dengue,1378
2025-01-26,NCR,Dengue,1560
2025-02-02,NCR,Dengue,1494
2025-02-09,NCR,Dengue,1282
2025-02-16,NCR,Dengue,1479
2025-02-23,NCR,Dengue,1698
2025-03-02,NCR,Dengue,1389
2025-03-09,NCR,Dengue,1114
2025-03-16,NCR,Dengue,968
2025-03-23,NCR,Dengue,821
2025-03-30,NCR,Dengue,621
2025-04-06,NCR,Dengue,586
2025-04-13,NCR,Dengue,493
2025-04-20,NCR,Dengue,393
2025-04-27,NCR,Dengue,387
2025-05-04,NCR,Dengue,284
2025-05-11,NCR,Dengue,289
2025-05-18,NCR,Dengue,248
2025-05-25,NCR,Dengue,259
2025-06-01,NCR,Dengue,254
2025-06-08,NCR,Dengue,273
2025-06-15,NCR,Dengue,311
2025-06-22,NCR,Dengue,377
2025-06-29,NCR,Dengue,469
2025-07-06,NCR,Dengue,560
2025-07-13,NCR,Dengue,617
2025-07-20,NCR,Dengue,655
2025-07-27,NCR,Dengue,791
2025-08-03,NCR,Dengue,1089
2025-08-10,NCR,Dengue,1168
2025-08-17,NCR,Dengue,1224
2025-08-24,NCR,Dengue,1111
2025-08-31,NCR,Dengue,999
2025-09-07,NCR,Dengue,1126
2025-09-14,NCR,Dengue,1195
2025-09-21,NCR,Dengue,1180
2025-09-28,NCR,Dengue,1237
2025-10-05,NCR,Dengue,1442
2025-10-12,NCR,Dengue,1444
2025-10-19,NCR,Dengue,1257
2025-10-26,NCR,Dengue,1324
2025-11-02,NCR,Dengue,806
2025-11-09,NCR,Dengue,153
2025-11-16,NCR,Dengue,121
2025-11-23,NCR,Dengue,134
2025-11-30,NCR,Dengue,117
2025-12-07,NCR,Dengue,137
2025-12-14,NCR,Dengue,118
2025-12-21,NCR,Dengue,88
2025-12-28,NCR,Dengue,52
2016-01-10,Region I (Ilocos),Dengue,210
2016-01-17,Region I (Ilocos),Dengue,167
2016-01-24,Region I (Ilocos),Dengue,155
2016-01-31,Region I (Ilocos),Dengue,173
2016-02-07,Region I (Ilocos),Dengue,119
2016-02-14,Region I (Ilocos),Dengue,94
2016-02-21,Region I (Ilocos),Dengue,89
2016-02-28,Region I (Ilocos),Dengue,72
2016-03-06,Region I (Ilocos),Dengue,69
2016-03-13,Region I (Ilocos),Dengue,80
2016-03-20,Region I (Ilocos),Dengue,69
2016-03-27,Region I (Ilocos),Dengue,58
2016-04-03,Region I (Ilocos),Dengue,56
2016-04-10,Region I (Ilocos),Dengue,73
2016-04-17,Region I (Ilocos),Dengue,62
2016-04-24,Region I (Ilocos),Dengue,49
2016-05-01,Region I (Ilocos),Dengue,59
2016-05-08,Region I (Ilocos),Dengue,47
2016-05-15,Region I (Ilocos),Dengue,45
2016-05-22,Region I (Ilocos),Dengue,46
2016-05-29,Region I (Ilocos),Dengue,46
2016-06-05,Region I (Ilocos),Dengue,64
2016-06-12,Region I (Ilocos),Dengue,71
2016-06-19,Region I (Ilocos),Dengue,82
2016-06-26,Region I (Ilocos),Dengue,128
2016-07-03,Region I (Ilocos),Dengue,138
2016-07-10,Region I (Ilocos),Dengue,188
2016-07-17,Region I (Ilocos),Dengue,241
2016-07-24,Region I (Ilocos),Dengue,305
2016-07-31,Region I (Ilocos),Dengue,423
2016-08-07,Region I (Ilocos),Dengue,416
2016-08-14,Region I (Ilocos),Dengue,427
2016-08-21,Region I (Ilocos),Dengue,370
2016-08-28,Region I (Ilocos),Dengue,385
2016-09-04,Region I (Ilocos),Dengue,357
2016-09-11,Region I (Ilocos),Dengue,420
2016-09-18,Region I (Ilocos),Dengue,346
2016-09-25,Region I (Ilocos),Dengue,292
2016-10-02,Region I (Ilocos),Dengue,255
2016-10-09,Region I (Ilocos),Dengue,238
2016-10-16,Region I (Ilocos),Dengue,193
2016-10-23,Region I (Ilocos),Dengue,154
2016-10-30,Region I (Ilocos),Dengue,160
2016-11-06,Region I (Ilocos),Dengue,132
2016-11-13,Region I (Ilocos),Dengue,191
2016-11-20,Region I (Ilocos),Dengue,131
2016-11-27,Region I (Ilocos),Dengue,101
2016-12-04,Region I (Ilocos),Dengue,73
2016-12-11,Region I (Ilocos),Dengue,73
2016-12-18,Region I (Ilocos),Dengue,51
2016-12-25,Region I (Ilocos),Dengue,38
2017-01-01,Region I (Ilocos),Dengue,30
2017-01-08,Region I (Ilocos),Dengue,81
2017-01-15,Region I (Ilocos),Dengue,57
2017-01-22,Region I (Ilocos),Dengue,56
2017-01-29,Region I (Ilocos),Dengue,47
2017-02-05,Region I (Ilocos),Dengue,63
2017-02-12,Region I (Ilocos),Dengue,55
2017-02-19,Region I (Ilocos),Dengue,50
2017-02-26,Region I (Ilocos),Dengue,37
2017-03-05,Region I (Ilocos),Dengue,37
2017-03-12,Region I (Ilocos),Dengue,35
2017-03-19,Region I (Ilocos),Dengue,37
2017-03-26,Region I (Ilocos),Dengue,39
2017-04-02,Region I (Ilocos),Dengue,30
2017-04-09,Region I (Ilocos),Dengue,31
2017-04-16,Region I (Ilocos),Dengue,46
2017-04-23,Region I (Ilocos),Dengue,32
2017-04-30,Region I (Ilocos),Dengue,29
2017-05-07,Region I (Ilocos),Dengue,49
2017-05-14,Region I (Ilocos),Dengue,42
2017-05-21,Region I (Ilocos),Dengue,53
2017-05-28,Region I (Ilocos),Dengue,43
2017-06-04,Region I (Ilocos),Dengue,72
2017-06-11,Region I (Ilocos),Dengue,101
2017-06-18,Region I (Ilocos),Dengue,103
2017-06-25,Region I (Ilocos),Dengue,149
2017-07-02,Region I (Ilocos),Dengue,189
2017-07-09,Region I (Ilocos),Dengue,205
2017-07-16,Region I (Ilocos),Dengue,180
2017-07-23,Region I (Ilocos),Dengue,222
2017-07-30,Region I (Ilocos),Dengue,276
2017-08-06,Region I (Ilocos),Dengue,388
2017-08-13,Region I (Ilocos),Dengue,480
2017-08-20,Region I (Ilocos),Dengue,392
2017-08-27,Region I (Ilocos),Dengue,424
2017-09-03,Region I (Ilocos),Dengue,361
2017-09-10,Region I (Ilocos),Dengue,318
2017-09-17,Region I (Ilocos),Dengue,317
2017-09-24,Region I (Ilocos),Dengue,269
2017-10-01,Region I (Ilocos),Dengue,239
2017-10-08,Region I (Ilocos),Dengue,253
2017-10-15,Region I (Ilocos),Dengue,230
2017-10-22,Region I (Ilocos),Dengue,212
2017-10-29,Region I (Ilocos),Dengue,177
2017-11-05,Region I (Ilocos),Dengue,218
2017-11-12,Region I (Ilocos),Dengue,208
2017-11-19,Region I (Ilocos),Dengue,220
2017-11-26,Region I (Ilocos),Dengue,246
2017-12-03,Region I (Ilocos),Dengue,177
2017-12-10,Region I (Ilocos),Dengue,219
2017-12-17,Region I (Ilocos),Dengue,198
2017-12-24,Region I (Ilocos),Dengue,124
2017-12-31,Region I (Ilocos),Dengue,168
2018-01-07,Region I (Ilocos),Dengue,188
2018-01-14,Region I (Ilocos),Dengue,208
2018-01-21,Region I (Ilocos),Dengue,165
2018-01-28,Region I (Ilocos),Dengue,109
2018-02-04,Region I (Ilocos),Dengue,132
2018-02-11,Region I (Ilocos),Dengue,105
2018-02-18,Region I (Ilocos),Dengue,82
2018-02-25,Region I (Ilocos),Dengue,75
2018-03-04,Region I (Ilocos),Dengue,68
2018-03-11,Region I (Ilocos),Dengue,72
2018-03-18,Region I (Ilocos),Dengue,51
2018-03-25,Region I (Ilocos),Dengue,60
2018-04-01,Region I (Ilocos),Dengue,69
2018-04-08,Region I (Ilocos),Dengue,60
2018-04-15,Region I (Ilocos),Dengue,54
2018-04-22,Region I (Ilocos),Dengue,72
2018-04-29,Region I (Ilocos),Dengue,57
2018-05-06,Region I (Ilocos),Dengue,59
2018-05-13,Region I (Ilocos),Dengue,91
2018-05-20,Region I (Ilocos),Dengue,113
2018-05-27,Region I (Ilocos),Dengue,102
2018-06-03,Region I (Ilocos),Dengue,135
2018-06-10,Region I (Ilocos),Dengue,205
2018-06-17,Region I (Ilocos),Dengue,212
2018-06-24,Region I (Ilocos),Dengue,305
2018-07-01,Region I (Ilocos),Dengue,508
2018-07-08,Region I (Ilocos),Dengue,609
2018-07-15,Region I (Ilocos),Dengue,766
2018-07-22,Region I (Ilocos),Dengue,792
2018-07-29,Region I (Ilocos),Dengue,896
2018-08-05,Region I (Ilocos),Dengue,953
2018-08-12,Region I (Ilocos),Dengue,883
2018-08-19,Region I (Ilocos),Dengue,724
2018-08-26,Region I (Ilocos),Dengue,701
2018-09-02,Region I (Ilocos),Dengue,486
2018-09-09,Region I (Ilocos),Dengue,487
2018-09-16,Region I (Ilocos),Dengue,454
2018-09-23,Region I (Ilocos),Dengue,363
2018-09-30,Region I (Ilocos),Dengue,285
2018-10-07,Region I (Ilocos),Dengue,281
2018-10-14,Region I (Ilocos),Dengue,312
2018-10-21,Region I (Ilocos),Dengue,220
2018-10-28,Region I (Ilocos),Dengue,233
2018-11-04,Region I (Ilocos),Dengue,207
2018-11-11,Region I (Ilocos),Dengue,265
2018-11-18,Region I (Ilocos),Dengue,260
2018-11-25,Region I (Ilocos),Dengue,264
2018-12-02,Region I (Ilocos),Dengue,249
2018-12-09,Region I (Ilocos),Dengue,232
2018-12-16,Region I (Ilocos),Dengue,183
2018-12-23,Region I (Ilocos),Dengue,148
2018-12-30,Region I (Ilocos),Dengue,194
2019-01-06,Region I (Ilocos),Dengue,238
2019-01-13,Region I (Ilocos),Dengue,251
2019-01-20,Region I (Ilocos),Dengue,208
2019-01-27,Region I (Ilocos),Dengue,149
2019-02-03,Region I (Ilocos),Dengue,145
2019-02-10,Region I (Ilocos),Dengue,140
2019-02-17,Region I (Ilocos),Dengue,114
2019-02-24,Region I (Ilocos),Dengue,94
2019-03-03,Region I (Ilocos),Dengue,82
2019-03-10,Region I (Ilocos),Dengue,55
2019-03-17,Region I (Ilocos),Dengue,56
2019-03-24,Region I (Ilocos),Dengue,54
2019-03-31,Region I (Ilocos),Dengue,38
2019-04-07,Region I (Ilocos),Dengue,50
2019-04-14,Region I (Ilocos),Dengue,43
2019-04-21,Region I (Ilocos),Dengue,53
2019-04-28,Region I (Ilocos),Dengue,43
2019-05-05,Region I (Ilocos),Dengue,55
2019-05-12,Region I (Ilocos),Dengue,52
2019-05-19,Region I (Ilocos),Dengue,53
2019-05-26,Region I (Ilocos),Dengue,68
2019-06-02,Region I (Ilocos),Dengue,122
2019-06-09,Region I (Ilocos),Dengue,196
2019-06-16,Region I (Ilocos),Dengue,269
2019-06-23,Region I (Ilocos),Dengue,375
2019-06-30,Region I (Ilocos),Dengue,557
2019-07-07,Region I (Ilocos),Dengue,763
2019-07-14,Region I (Ilocos),Dengue,778
2019-07-21,Region I (Ilocos),Dengue,1002
2019-07-28,Region I (Ilocos),Dengue,937
2019-08-04,Region I (Ilocos),Dengue,1136
2019-08-11,Region I (Ilocos),Dengue,1100
2019-08-18,Region I (Ilocos),Dengue,1108
2019-08-25,Region I (Ilocos),Dengue,1098
2019-09-01,Region I (Ilocos),Dengue,933
2019-09-08,Region I (Ilocos),Dengue,898
2019-09-15,Region I (Ilocos),Dengue,808
2019-09-22,Region I (Ilocos),Dengue,732
2019-09-29,Region I (Ilocos),Dengue,591
2019-10-06,Region I (Ilocos),Dengue,727
2019-10-13,Region I (Ilocos),Dengue,605
2019-10-20,Region I (Ilocos),Dengue,468
2019-10-27,Region I (Ilocos),Dengue,411
2019-11-03,Region I (Ilocos),Dengue,351
2019-11-10,Region I (Ilocos),Dengue,324
2019-11-17,Region I (Ilocos),Dengue,258
2019-11-24,Region I (Ilocos),Dengue,194
2019-12-01,Region I (Ilocos),Dengue,186
2019-12-08,Region I (Ilocos),Dengue,143
2019-12-15,Region I (Ilocos),Dengue,78
2019-12-22,Region I (Ilocos),Dengue,19
2019-12-29,Region I (Ilocos),Dengue,80
2022-01-09,Region I (Ilocos),Dengue,42
2022-01-16,Region I (Ilocos),Dengue,19
2022-01-23,Region I (Ilocos),Dengue,14
2022-01-30,Region I (Ilocos),Dengue,16
2022-02-06,Region I (Ilocos),Dengue,21
2022-02-13,Region I (Ilocos),Dengue,19
2022-02-20,Region I (Ilocos),Dengue,13
2022-02-27,Region I (Ilocos),Dengue,20
2022-03-06,Region I (Ilocos),Dengue,18
2022-03-13,Region I (Ilocos),Dengue,23
2022-03-20,Region I (Ilocos),Dengue,25
2022-03-27,Region I (Ilocos),Dengue,36
2022-04-03,Region I (Ilocos),Dengue,31
2022-04-10,Region I (Ilocos),Dengue,40
2022-04-17,Region I (Ilocos),Dengue,35
2022-04-24,Region I (Ilocos),Dengue,28
2022-05-01,Region I (Ilocos),Dengue,48
2022-05-08,Region I (Ilocos),Dengue,57
2022-05-15,Region I (Ilocos),Dengue,62
2022-05-22,Region I (Ilocos),Dengue,75
2022-05-29,Region I (Ilocos),Dengue,95
2022-06-05,Region I (Ilocos),Dengue,118
2022-06-12,Region I (Ilocos),Dengue,176
2022-06-19,Region I (Ilocos),Dengue,193
2022-06-26,Region I (Ilocos),Dengue,245
2022-07-03,Region I (Ilocos),Dengue,255
2022-07-10,Region I (Ilocos),Dengue,374
2022-07-17,Region I (Ilocos),Dengue,331
2022-07-24,Region I (Ilocos),Dengue,352
2022-07-31,Region I (Ilocos),Dengue,442
2022-08-07,Region I (Ilocos),Dengue,384
2022-08-14,Region I (Ilocos),Dengue,342
2022-08-21,Region I (Ilocos),Dengue,343
2022-08-28,Region I (Ilocos),Dengue,331
2022-09-04,Region I (Ilocos),Dengue,278
2022-09-11,Region I (Ilocos),Dengue,267
2022-09-18,Region I (Ilocos),Dengue,208
2022-09-25,Region I (Ilocos),Dengue,177
2022-10-02,Region I (Ilocos),Dengue,169
2022-10-09,Region I (Ilocos),Dengue,154
2022-10-16,Region I (Ilocos),Dengue,148
2022-10-23,Region I (Ilocos),Dengue,122
2022-10-30,Region I (Ilocos),Dengue,115
2022-11-06,Region I (Ilocos),Dengue,129
2022-11-13,Region I (Ilocos),Dengue,120
2022-11-20,Region I (Ilocos),Dengue,116
2022-11-27,Region I (Ilocos),Dengue,107
2022-12-04,Region I (Ilocos),Dengue,116
2022-12-11,Region I (Ilocos),Dengue,73
2022-12-18,Region I (Ilocos),Dengue,47
2022-12-25,Region I (Ilocos),Dengue,31
2023-01-01,Region I (Ilocos),Dengue,8
2023-01-08,Region I (Ilocos),Dengue,56
2023-01-15,Region I (Ilocos),Dengue,51
2023-01-22,Region I (Ilocos),Dengue,35
2023-01-29,Region I (Ilocos),Dengue,44
2023-02-05,Region I (Ilocos),Dengue,25
2023-02-12,Region I (Ilocos),Dengue,46
2023-02-19,Region I (Ilocos),Dengue,34
2023-02-26,Region I (Ilocos),Dengue,25
2023-03-05,Region I (Ilocos),Dengue,26
2023-03-12,Region I (Ilocos),Dengue,52
2023-03-19,Region I (Ilocos),Dengue,33
2023-03-26,Region I (Ilocos),Dengue,43
2023-04-02,Region I (Ilocos),Dengue,30
2023-04-09,Region I (Ilocos),Dengue,43
2023-04-16,Region I (Ilocos),Dengue,51
2023-04-23,Region I (Ilocos),Dengue,42
2023-04-30,Region I (Ilocos),Dengue,60
2023-05-07,Region I (Ilocos),Dengue,68
2023-05-14,Region I (Ilocos),Dengue,72
2023-05-21,Region I (Ilocos),Dengue,82
2023-05-28,Region I (Ilocos),Dengue,75
2023-06-04,Region I (Ilocos),Dengue,96
2023-06-11,Region I (Ilocos),Dengue,95
2023-06-18,Region I (Ilocos),Dengue,143
2023-06-25,Region I (Ilocos),Dengue,208
2023-07-02,Region I (Ilocos),Dengue,244
2023-07-09,Region I (Ilocos),Dengue,299
2023-07-16,Region I (Ilocos),Dengue,346
2023-07-23,Region I (Ilocos),Dengue,390
2023-07-30,Region I (Ilocos),Dengue,298
2023-08-06,Region I (Ilocos),Dengue,305
2023-08-13,Region I (Ilocos),Dengue,380
2023-08-20,Region I (Ilocos),Dengue,331
2023-08-27,Region I (Ilocos),Dengue,361
2023-09-03,Region I (Ilocos),Dengue,328
2023-09-10,Region I (Ilocos),Dengue,334
2023-09-17,Region I (Ilocos),Dengue,348
2023-09-24,Region I (Ilocos),Dengue,293
2023-10-01,Region I (Ilocos),Dengue,276
2023-10-08,Region I (Ilocos),Dengue,304
2023-10-15,Region I (Ilocos),Dengue,294
2023-10-22,Region I (Ilocos),Dengue,215
2023-10-29,Region I (Ilocos),Dengue,238
2023-11-05,Region I (Ilocos),Dengue,231
2023-11-12,Region I (Ilocos),Dengue,259
2023-11-19,Region I (Ilocos),Dengue,216
2023-11-26,Region I (Ilocos),Dengue,175
2023-12-03,Region I (Ilocos),Dengue,186
2023-12-10,Region I (Ilocos),Dengue,142
2023-12-17,Region I (Ilocos),Dengue,109
2023-12-24,Region I (Ilocos),Dengue,77
2023-12-31,Region I (Ilocos),Dengue,63
2024-01-07,Region I (Ilocos),Dengue,38
2024-01-14,Region I (Ilocos),Dengue,49
2024-01-21,Region I (Ilocos),Dengue,27
2024-01-28,Region I (Ilocos),Dengue,39
2024-02-04,Region I (Ilocos),Dengue,23
2024-02-11,Region I (Ilocos),Dengue,35
2024-02-18,Region I (Ilocos),Dengue,28
2024-02-25,Region I (Ilocos),Dengue,37
2024-03-03,Region I (Ilocos),Dengue,28
2024-03-10,Region I (Ilocos),Dengue,27
2024-03-17,Region I (Ilocos),Dengue,34
2024-03-24,Region I (Ilocos),Dengue,22
2024-03-31,Region I (Ilocos),Dengue,20
2024-04-07,Region I (Ilocos),Dengue,28
2024-04-14,Region I (Ilocos),Dengue,24
2024-04-21,Region I (Ilocos),Dengue,33
2024-04-28,Region I (Ilocos),Dengue,28
2024-05-05,Region I (Ilocos),Dengue,34
2024-05-12,Region I (Ilocos),Dengue,32
2024-05-19,Region I (Ilocos),Dengue,41
2024-05-26,Region I (Ilocos),Dengue,49
2024-06-02,Region I (Ilocos),Dengue,62
2024-06-09,Region I (Ilocos),Dengue,88
2024-06-16,Region I (Ilocos),Dengue,132
2024-06-23,Region I (Ilocos),Dengue,158
2024-06-30,Region I (Ilocos),Dengue,218
2024-07-07,Region I (Ilocos),Dengue,274
2024-07-14,Region I (Ilocos),Dengue,373
2024-07-21,Region I (Ilocos),Dengue,484
2024-07-28,Region I (Ilocos),Dengue,439
2024-08-04,Region I (Ilocos),Dengue,647
2024-08-11,Region I (Ilocos),Dengue,761
2024-08-18,Region I (Ilocos),Dengue,805
2024-08-25,Region I (Ilocos),Dengue,902
2024-09-01,Region I (Ilocos),Dengue,859
2024-09-08,Region I (Ilocos),Dengue,703
2024-09-15,Region I (Ilocos),Dengue,595
2024-09-22,Region I (Ilocos),Dengue,597
2024-09-29,Region I (Ilocos),Dengue,456
2024-10-06,Region I (Ilocos),Dengue,447
2024-10-13,Region I (Ilocos),Dengue,431
2024-10-20,Region I (Ilocos),Dengue,383
2024-10-27,Region I (Ilocos),Dengue,313
2024-11-03,Region I (Ilocos),Dengue,314
2024-11-10,Region I (Ilocos),Dengue,272
2024-11-17,Region I (Ilocos),Dengue,284
2024-11-24,Region I (Ilocos),Dengue,294
2024-12-01,Region I (Ilocos),Dengue,271
2024-12-08,Region I (Ilocos),Dengue,237
2024-12-15,Region I (Ilocos),Dengue,273
2024-12-22,Region I (Ilocos),Dengue,231
2024-12-29,Region I (Ilocos),Dengue,324
2025-01-05,Region I (Ilocos),Dengue,176
2025-01-12,Region I (Ilocos),Dengue,190
2025-01-19,Region I (Ilocos),Dengue,165
2025-01-26,Region I (Ilocos),Dengue,135
2025-02-02,Region I (Ilocos),Dengue,156
2025-02-09,Region I (Ilocos),Dengue,158
2025-02-16,Region I (Ilocos),Dengue,157
2025-02-23,Region I (Ilocos),Dengue,162
2025-03-02,Region I (Ilocos),Dengue,157
2025-03-09,Region I (Ilocos),Dengue,130
2025-03-16,Region I (Ilocos),Dengue,115
2025-03-23,Region I (Ilocos),Dengue,125
2025-03-30,Region I (Ilocos),Dengue,107
2025-04-06,Region I (Ilocos),Dengue,97
2025-04-13,Region I (Ilocos),Dengue,94
2025-04-20,Region I (Ilocos),Dengue,77
2025-04-27,Region I (Ilocos),Dengue,95
2025-05-04,Region I (Ilocos),Dengue,75
2025-05-11,Region I (Ilocos),Dengue,79
2025-05-18,Region I (Ilocos),Dengue,72
2025-05-25,Region I (Ilocos),Dengue,100
2025-06-01,Region I (Ilocos),Dengue,117
2025-06-08,Region I (Ilocos),Dengue,126
2025-06-15,Region I (Ilocos),Dengue,209
2025-06-22,Region I (Ilocos),Dengue,317
2025-06-29,Region I (Ilocos),Dengue,405
2025-07-06,Region I (Ilocos),Dengue,501
2025-07-13,Region I (Ilocos),Dengue,543
2025-07-20,Region I (Ilocos),Dengue,611
2025-07-27,Region I (Ilocos),Dengue,672
2025-08-03,Region I (Ilocos),Dengue,749
2025-08-10,Region I (Ilocos),Dengue,830
2025-08-17,Region I (Ilocos),Dengue,786
2025-08-24,Region I (Ilocos),Dengue,679
2025-08-31,Region I (Ilocos),Dengue,667
2025-09-07,Region I (Ilocos),Dengue,665
2025-09-14,Region I (Ilocos),Dengue,528
2025-09-21,Region I (Ilocos),Dengue,433
2025-09-28,Region I (Ilocos),Dengue,409
2025-10-05,Region I (Ilocos),Dengue,402
2025-10-12,Region I (Ilocos),Dengue,393
2025-10-19,Region I (Ilocos),Dengue,396
2025-10-26,Region I (Ilocos),Dengue,333
2025-11-02,Region I (Ilocos),Dengue,212
2025-11-09,Region I (Ilocos),Dengue,68
2025-11-16,Region I (Ilocos),Dengue,91
2025-11-23,Region I (Ilocos),Dengue,132
2025-11-30,Region I (Ilocos),Dengue,109
2025-12-07,Region I (Ilocos),Dengue,127
2025-12-14,Region I (Ilocos),Dengue,102
2025-12-21,Region I (Ilocos),Dengue,115
2025-12-28,Region I (Ilocos),Dengue,113
2016-01-10,Region II (Cagayan Valley),Dengue,228
2016-01-17,Region II (Cagayan Valley),Dengue,155
2016-01-24,Region II (Cagayan Valley),Dengue,174
2016-01-31,Region II (Cagayan Valley),Dengue,102
2016-02-07,Region II (Cagayan Valley),Dengue,123
2016-02-14,Region II (Cagayan Valley),Dengue,110
2016-02-21,Region II (Cagayan Valley),Dengue,114
2016-02-28,Region II (Cagayan Valley),Dengue,61
2016-03-06,Region II (Cagayan Valley),Dengue,70
2016-03-13,Region II (Cagayan Valley),Dengue,47
2016-03-20,Region II (Cagayan Valley),Dengue,40
2016-03-27,Region II (Cagayan Valley),Dengue,54
2016-04-03,Region II (Cagayan Valley),Dengue,42
2016-04-10,Region II (Cagayan Valley),Dengue,33
2016-04-17,Region II (Cagayan Valley),Dengue,28
2016-04-24,Region II (Cagayan Valley),Dengue,35
2016-05-01,Region II (Cagayan Valley),Dengue,39
2016-05-08,Region II (Cagayan Valley),Dengue,15
2016-05-15,Region II (Cagayan Valley),Dengue,26
2016-05-22,Region II (Cagayan Valley),Dengue,29
2016-05-29,Region II (Cagayan Valley),Dengue,17
2016-06-05,Region II (Cagayan Valley),Dengue,22
2016-06-12,Region II (Cagayan Valley),Dengue,35
2016-06-19,Region II (Cagayan Valley),Dengue,32
2016-06-26,Region II (Cagayan Valley),Dengue,37
2016-07-03,Region II (Cagayan Valley),Dengue,50
2016-07-10,Region II (Cagayan Valley),Dengue,59
2016-07-17,Region II (Cagayan Valley),Dengue,56
2016-07-24,Region II (Cagayan Valley),Dengue,127
2016-07-31,Region II (Cagayan Valley),Dengue,98
2016-08-07,Region II (Cagayan Valley),Dengue,171
2016-08-14,Region II (Cagayan Valley),Dengue,172
2016-08-21,Region II (Cagayan Valley),Dengue,183
2016-08-28,Region II (Cagayan Valley),Dengue,228
2016-09-04,Region II (Cagayan Valley),Dengue,183
2016-09-11,Region II (Cagayan Valley),Dengue,167
2016-09-18,Region II (Cagayan Valley),Dengue,119
2016-09-25,Region II (Cagayan Valley),Dengue,83
2016-10-02,Region II (Cagayan Valley),Dengue,61
2016-10-09,Region II (Cagayan Valley),Dengue,84
2016-10-16,Region II (Cagayan Valley),Dengue,74
2016-10-23,Region II (Cagayan Valley),Dengue,41
2016-10-30,Region II (Cagayan Valley),Dengue,32
2016-11-06,Region II (Cagayan Valley),Dengue,66
2016-11-13,Region II (Cagayan Valley),Dengue,57
2016-11-20,Region II (Cagayan Valley),Dengue,35
2016-11-27,Region II (Cagayan Valley),Dengue,23
2016-12-04,Region II (Cagayan Valley),Dengue,23
2016-12-11,Region II (Cagayan Valley),Dengue,18
2016-12-18,Region II (Cagayan Valley),Dengue,6
2016-12-25,Region II (Cagayan Valley),Dengue,7
2017-01-01,Region II (Cagayan Valley),Dengue,67
2017-01-08,Region II (Cagayan Valley),Dengue,91
2017-01-15,Region II (Cagayan Valley),Dengue,70
2017-01-22,Region II (Cagayan Valley),Dengue,64
2017-01-29,Region II (Cagayan Valley),Dengue,30
2017-02-05,Region II (Cagayan Valley),Dengue,33
2017-02-12,Region II (Cagayan Valley),Dengue,34
2017-02-19,Region II (Cagayan Valley),Dengue,17
2017-02-26,Region II (Cagayan Valley),Dengue,30
2017-03-05,Region II (Cagayan Valley),Dengue,37
2017-03-12,Region II (Cagayan Valley),Dengue,33
2017-03-19,Region II (Cagayan Valley),Dengue,29
2017-03-26,Region II (Cagayan Valley),Dengue,24
2017-04-02,Region II (Cagayan Valley),Dengue,29
2017-04-09,Region II (Cagayan Valley),Dengue,27
2017-04-16,Region II (Cagayan Valley),Dengue,17
2017-04-23,Region II (Cagayan Valley),Dengue,15
2017-04-30,Region II (Cagayan Valley),Dengue,22
2017-05-07,Region II (Cagayan Valley),Dengue,39
2017-05-14,Region II (Cagayan Valley),Dengue,29
2017-05-21,Region II (Cagayan Valley),Dengue,37
2017-05-28,Region II (Cagayan Valley),Dengue,25
2017-06-04,Region II (Cagayan Valley),Dengue,46
2017-06-11,Region II (Cagayan Valley),Dengue,66
2017-06-18,Region II (Cagayan Valley),Dengue,95
2017-06-25,Region II (Cagayan Valley),Dengue,98
2017-07-02,Region II (Cagayan Valley),Dengue,123
2017-07-09,Region II (Cagayan Valley),Dengue,97
2017-07-16,Region II (Cagayan Valley),Dengue,120
2017-07-23,Region II (Cagayan Valley),Dengue,149
2017-07-30,Region II (Cagayan Valley),Dengue,171
2017-08-06,Region II (Cagayan Valley),Dengue,195
2017-08-13,Region II (Cagayan Valley),Dengue,229
2017-08-20,Region II (Cagayan Valley),Dengue,208
2017-08-27,Region II (Cagayan Valley),Dengue,199
2017-09-03,Region II (Cagayan Valley),Dengue,162
2017-09-10,Region II (Cagayan Valley),Dengue,180
2017-09-17,Region II (Cagayan Valley),Dengue,160
2017-09-24,Region II (Cagayan Valley),Dengue,160
2017-10-01,Region II (Cagayan Valley),Dengue,206
2017-10-08,Region II (Cagayan Valley),Dengue,194
2017-10-15,Region II (Cagayan Valley),Dengue,177
2017-10-22,Region II (Cagayan Valley),Dengue,214
2017-10-29,Region II (Cagayan Valley),Dengue,228
2017-11-05,Region II (Cagayan Valley),Dengue,136
2017-11-12,Region II (Cagayan Valley),Dengue,164
2017-11-19,Region II (Cagayan Valley),Dengue,192
2017-11-26,Region II (Cagayan Valley),Dengue,148
2017-12-03,Region II (Cagayan Valley),Dengue,155
2017-12-10,Region II (Cagayan Valley),Dengue,125
2017-12-17,Region II (Cagayan Valley),Dengue,69
2017-12-24,Region II (Cagayan Valley),Dengue,54
2017-12-31,Region II (Cagayan Valley),Dengue,75
2018-01-07,Region II (Cagayan Valley),Dengue,123
2018-01-14,Region II (Cagayan Valley),Dengue,104
2018-01-21,Region II (Cagayan Valley),Dengue,99
2018-01-28,Region II (Cagayan Valley),Dengue,85
2018-02-04,Region II (Cagayan Valley),Dengue,91
2018-02-11,Region II (Cagayan Valley),Dengue,52
2018-02-18,Region II (Cagayan Valley),Dengue,61
2018-02-25,Region II (Cagayan Valley),Dengue,54
2018-03-04,Region II (Cagayan Valley),Dengue,73
2018-03-11,Region II (Cagayan Valley),Dengue,61
2018-03-18,Region II (Cagayan Valley),Dengue,45
2018-03-25,Region II (Cagayan Valley),Dengue,48
2018-04-01,Region II (Cagayan Valley),Dengue,42
2018-04-08,Region II (Cagayan Valley),Dengue,45
2018-04-15,Region II (Cagayan Valley),Dengue,46
2018-04-22,Region II (Cagayan Valley),Dengue,55
2018-04-29,Region II (Cagayan Valley),Dengue,48
2018-05-06,Region II (Cagayan Valley),Dengue,54
2018-05-13,Region II (Cagayan Valley),Dengue,68
2018-05-20,Region II (Cagayan Valley),Dengue,92
2018-05-27,Region II (Cagayan Valley),Dengue,92
2018-06-03,Region II (Cagayan Valley),Dengue,150
2018-06-10,Region II (Cagayan Valley),Dengue,158
2018-06-17,Region II (Cagayan Valley),Dengue,132
2018-06-24,Region II (Cagayan Valley),Dengue,175
2018-07-01,Region II (Cagayan Valley),Dengue,183
2018-07-08,Region II (Cagayan Valley),Dengue,247
2018-07-15,Region II (Cagayan Valley),Dengue,333
2018-07-22,Region II (Cagayan Valley),Dengue,366
2018-07-29,Region II (Cagayan Valley),Dengue,495
2018-08-05,Region II (Cagayan Valley),Dengue,567
2018-08-12,Region II (Cagayan Valley),Dengue,686
2018-08-19,Region II (Cagayan Valley),Dengue,672
2018-08-26,Region II (Cagayan Valley),Dengue,719
2018-09-02,Region II (Cagayan Valley),Dengue,870
2018-09-09,Region II (Cagayan Valley),Dengue,748
2018-09-16,Region II (Cagayan Valley),Dengue,685
2018-09-23,Region II (Cagayan Valley),Dengue,659
2018-09-30,Region II (Cagayan Valley),Dengue,701
2018-10-07,Region II (Cagayan Valley),Dengue,790
2018-10-14,Region II (Cagayan Valley),Dengue,761
2018-10-21,Region II (Cagayan Valley),Dengue,784
2018-10-28,Region II (Cagayan Valley),Dengue,641
2018-11-04,Region II (Cagayan Valley),Dengue,613
2018-11-11,Region II (Cagayan Valley),Dengue,764
2018-11-18,Region II (Cagayan Valley),Dengue,590
2018-11-25,Region II (Cagayan Valley),Dengue,515
2018-12-02,Region II (Cagayan Valley),Dengue,563
2018-12-09,Region II (Cagayan Valley),Dengue,476
2018-12-16,Region II (Cagayan Valley),Dengue,517
2018-12-23,Region II (Cagayan Valley),Dengue,352
2018-12-30,Region II (Cagayan Valley),Dengue,576
2019-01-06,Region II (Cagayan Valley),Dengue,754
2019-01-13,Region II (Cagayan Valley),Dengue,661
2019-01-20,Region II (Cagayan Valley),Dengue,608
2019-01-27,Region II (Cagayan Valley),Dengue,572
2019-02-03,Region II (Cagayan Valley),Dengue,532
2019-02-10,Region II (Cagayan Valley),Dengue,458
2019-02-17,Region II (Cagayan Valley),Dengue,364
2019-02-24,Region II (Cagayan Valley),Dengue,330
2019-03-03,Region II (Cagayan Valley),Dengue,326
2019-03-10,Region II (Cagayan Valley),Dengue,216
2019-03-17,Region II (Cagayan Valley),Dengue,152
2019-03-24,Region II (Cagayan Valley),Dengue,137
2019-03-31,Region II (Cagayan Valley),Dengue,135
2019-04-07,Region II (Cagayan Valley),Dengue,77
2019-04-14,Region II (Cagayan Valley),Dengue,85
2019-04-21,Region II (Cagayan Valley),Dengue,98
2019-04-28,Region II (Cagayan Valley),Dengue,119
2019-05-05,Region II (Cagayan Valley),Dengue,121
2019-05-12,Region II (Cagayan Valley),Dengue,142
2019-05-19,Region II (Cagayan Valley),Dengue,171
2019-05-26,Region II (Cagayan Valley),Dengue,143
2019-06-02,Region II (Cagayan Valley),Dengue,190
2019-06-09,Region II (Cagayan Valley),Dengue,288
2019-06-16,Region II (Cagayan Valley),Dengue,350
2019-06-23,Region II (Cagayan Valley),Dengue,407
2019-06-30,Region II (Cagayan Valley),Dengue,439
2019-07-07,Region II (Cagayan Valley),Dengue,528
2019-07-14,Region II (Cagayan Valley),Dengue,541
2019-07-21,Region II (Cagayan Valley),Dengue,586
2019-07-28,Region II (Cagayan Valley),Dengue,636
2019-08-04,Region II (Cagayan Valley),Dengue,613
2019-08-11,Region II (Cagayan Valley),Dengue,584
2019-08-18,Region II (Cagayan Valley),Dengue,575
2019-08-25,Region II (Cagayan Valley),Dengue,530
2019-09-01,Region II (Cagayan Valley),Dengue,451
2019-09-08,Region II (Cagayan Valley),Dengue,314
2019-09-15,Region II (Cagayan Valley),Dengue,321
2019-09-22,Region II (Cagayan Valley),Dengue,308
2019-09-29,Region II (Cagayan Valley),Dengue,320
2019-10-06,Region II (Cagayan Valley),Dengue,278
2019-10-13,Region II (Cagayan Valley),Dengue,300
2019-10-20,Region II (Cagayan Valley),Dengue,239
2019-10-27,Region II (Cagayan Valley),Dengue,258
2019-11-03,Region II (Cagayan Valley),Dengue,283
2019-11-10,Region II (Cagayan Valley),Dengue,187
2019-11-17,Region II (Cagayan Valley),Dengue,172
2019-11-24,Region II (Cagayan Valley),Dengue,140
2019-12-01,Region II (Cagayan Valley),Dengue,114
2019-12-08,Region II (Cagayan Valley),Dengue,83
2019-12-15,Region II (Cagayan Valley),Dengue,80
2019-12-22,Region II (Cagayan Valley),Dengue,77
2019-12-29,Region II (Cagayan Valley),Dengue,57
2022-01-09,Region II (Cagayan Valley),Dengue,121
2022-01-16,Region II (Cagayan Valley),Dengue,48
2022-01-23,Region II (Cagayan Valley),Dengue,73
2022-01-30,Region II (Cagayan Valley),Dengue,64
2022-02-06,Region II (Cagayan Valley),Dengue,99
2022-02-13,Region II (Cagayan Valley),Dengue,86
2022-02-20,Region II (Cagayan Valley),Dengue,91
2022-02-27,Region II (Cagayan Valley),Dengue,71
2022-03-06,Region II (Cagayan Valley),Dengue,90
2022-03-13,Region II (Cagayan Valley),Dengue,89
2022-03-20,Region II (Cagayan Valley),Dengue,79
2022-03-27,Region II (Cagayan Valley),Dengue,101
2022-04-03,Region II (Cagayan Valley),Dengue,120
2022-04-10,Region II (Cagayan Valley),Dengue,130
2022-04-17,Region II (Cagayan Valley),Dengue,136
2022-04-24,Region II (Cagayan Valley),Dengue,179
2022-05-01,Region II (Cagayan Valley),Dengue,170
2022-05-08,Region II (Cagayan Valley),Dengue,257
2022-05-15,Region II (Cagayan Valley),Dengue,276
2022-05-22,Region II (Cagayan Valley),Dengue,309
2022-05-29,Region II (Cagayan Valley),Dengue,366
2022-06-05,Region II (Cagayan Valley),Dengue,333
2022-06-12,Region II (Cagayan Valley),Dengue,486
2022-06-19,Region II (Cagayan Valley),Dengue,726
2022-06-26,Region II (Cagayan Valley),Dengue,936
2022-07-03,Region II (Cagayan Valley),Dengue,953
2022-07-10,Region II (Cagayan Valley),Dengue,1001
2022-07-17,Region II (Cagayan Valley),Dengue,1019
2022-07-24,Region II (Cagayan Valley),Dengue,915
2022-07-31,Region II (Cagayan Valley),Dengue,769
2022-08-07,Region II (Cagayan Valley),Dengue,959
2022-08-14,Region II (Cagayan Valley),Dengue,758
2022-08-21,Region II (Cagayan Valley),Dengue,653
2022-08-28,Region II (Cagayan Valley),Dengue,614
2022-09-04,Region II (Cagayan Valley),Dengue,734
2022-09-11,Region II (Cagayan Valley),Dengue,719
2022-09-18,Region II (Cagayan Valley),Dengue,669
2022-09-25,Region II (Cagayan Valley),Dengue,563
2022-10-02,Region II (Cagayan Valley),Dengue,489
2022-10-09,Region II (Cagayan Valley),Dengue,441
2022-10-16,Region II (Cagayan Valley),Dengue,375
2022-10-23,Region II (Cagayan Valley),Dengue,374
2022-10-30,Region II (Cagayan Valley),Dengue,380
2022-11-06,Region II (Cagayan Valley),Dengue,323
2022-11-13,Region II (Cagayan Valley),Dengue,378
2022-11-20,Region II (Cagayan Valley),Dengue,380
2022-11-27,Region II (Cagayan Valley),Dengue,342
2022-12-04,Region II (Cagayan Valley),Dengue,328
2022-12-11,Region II (Cagayan Valley),Dengue,300
2022-12-18,Region II (Cagayan Valley),Dengue,261
2022-12-25,Region II (Cagayan Valley),Dengue,80
2023-01-01,Region II (Cagayan Valley),Dengue,43
2023-01-08,Region II (Cagayan Valley),Dengue,146
2023-01-15,Region II (Cagayan Valley),Dengue,135
2023-01-22,Region II (Cagayan Valley),Dengue,133
2023-01-29,Region II (Cagayan Valley),Dengue,125
2023-02-05,Region II (Cagayan Valley),Dengue,89
2023-02-12,Region II (Cagayan Valley),Dengue,107
2023-02-19,Region II (Cagayan Valley),Dengue,91
2023-02-26,Region II (Cagayan Valley),Dengue,70
2023-03-05,Region II (Cagayan Valley),Dengue,90
2023-03-12,Region II (Cagayan Valley),Dengue,63
2023-03-19,Region II (Cagayan Valley),Dengue,62
2023-03-26,Region II (Cagayan Valley),Dengue,58
2023-04-02,Region II (Cagayan Valley),Dengue,59
2023-04-09,Region II (Cagayan Valley),Dengue,54
2023-04-16,Region II (Cagayan Valley),Dengue,57
2023-04-23,Region II (Cagayan Valley),Dengue,76
2023-04-30,Region II (Cagayan Valley),Dengue,73
2023-05-07,Region II (Cagayan Valley),Dengue,77
2023-05-14,Region II (Cagayan Valley),Dengue,84
2023-05-21,Region II (Cagayan Valley),Dengue,83
2023-05-28,Region II (Cagayan Valley),Dengue,111
2023-06-04,Region II (Cagayan Valley),Dengue,101
2023-06-11,Region II (Cagayan Valley),Dengue,133
2023-06-18,Region II (Cagayan Valley),Dengue,130
2023-06-25,Region II (Cagayan Valley),Dengue,131
2023-07-02,Region II (Cagayan Valley),Dengue,130
2023-07-09,Region II (Cagayan Valley),Dengue,174
2023-07-16,Region II (Cagayan Valley),Dengue,151
2023-07-23,Region II (Cagayan Valley),Dengue,121
2023-07-30,Region II (Cagayan Valley),Dengue,104
2023-08-06,Region II (Cagayan Valley),Dengue,138
2023-08-13,Region II (Cagayan Valley),Dengue,138
2023-08-20,Region II (Cagayan Valley),Dengue,162
2023-08-27,Region II (Cagayan Valley),Dengue,179
2023-09-03,Region II (Cagayan Valley),Dengue,207
2023-09-10,Region II (Cagayan Valley),Dengue,220
2023-09-17,Region II (Cagayan Valley),Dengue,207
2023-09-24,Region II (Cagayan Valley),Dengue,264
2023-10-01,Region II (Cagayan Valley),Dengue,247
2023-10-08,Region II (Cagayan Valley),Dengue,297
2023-10-15,Region II (Cagayan Valley),Dengue,314
2023-10-22,Region II (Cagayan Valley),Dengue,343
2023-10-29,Region II (Cagayan Valley),Dengue,318
2023-11-05,Region II (Cagayan Valley),Dengue,270
2023-11-12,Region II (Cagayan Valley),Dengue,297
2023-11-19,Region II (Cagayan Valley),Dengue,269
2023-11-26,Region II (Cagayan Valley),Dengue,225
2023-12-03,Region II (Cagayan Valley),Dengue,212
2023-12-10,Region II (Cagayan Valley),Dengue,185
2023-12-17,Region II (Cagayan Valley),Dengue,209
2023-12-24,Region II (Cagayan Valley),Dengue,130
2023-12-31,Region II (Cagayan Valley),Dengue,127
2024-01-07,Region II (Cagayan Valley),Dengue,145
2024-01-14,Region II (Cagayan Valley),Dengue,157
2024-01-21,Region II (Cagayan Valley),Dengue,125
2024-01-28,Region II (Cagayan Valley),Dengue,133
2024-02-04,Region II (Cagayan Valley),Dengue,112
2024-02-11,Region II (Cagayan Valley),Dengue,99
2024-02-18,Region II (Cagayan Valley),Dengue,90
2024-02-25,Region II (Cagayan Valley),Dengue,85
2024-03-03,Region II (Cagayan Valley),Dengue,72
2024-03-10,Region II (Cagayan Valley),Dengue,53
2024-03-17,Region II (Cagayan Valley),Dengue,38
2024-03-24,Region II (Cagayan Valley),Dengue,48
2024-03-31,Region II (Cagayan Valley),Dengue,62
2024-04-07,Region II (Cagayan Valley),Dengue,60
2024-04-14,Region II (Cagayan Valley),Dengue,68
2024-04-21,Region II (Cagayan Valley),Dengue,47
2024-04-28,Region II (Cagayan Valley),Dengue,51
2024-05-05,Region II (Cagayan Valley),Dengue,63
2024-05-12,Region II (Cagayan Valley),Dengue,70
2024-05-19,Region II (Cagayan Valley),Dengue,69
2024-05-26,Region II (Cagayan Valley),Dengue,82
2024-06-02,Region II (Cagayan Valley),Dengue,119
2024-06-09,Region II (Cagayan Valley),Dengue,129
2024-06-16,Region II (Cagayan Valley),Dengue,147
2024-06-23,Region II (Cagayan Valley),Dengue,180
2024-06-30,Region II (Cagayan Valley),Dengue,245
2024-07-07,Region II (Cagayan Valley),Dengue,350
2024-07-14,Region II (Cagayan Valley),Dengue,441
2024-07-21,Region II (Cagayan Valley),Dengue,576
2024-07-28,Region II (Cagayan Valley),Dengue,568
2024-08-04,Region II (Cagayan Valley),Dengue,715
2024-08-11,Region II (Cagayan Valley),Dengue,836
2024-08-18,Region II (Cagayan Valley),Dengue,851
2024-08-25,Region II (Cagayan Valley),Dengue,917
2024-09-01,Region II (Cagayan Valley),Dengue,773
2024-09-08,Region II (Cagayan Valley),Dengue,735
2024-09-15,Region II (Cagayan Valley),Dengue,662
2024-09-22,Region II (Cagayan Valley),Dengue,590
2024-09-29,Region II (Cagayan Valley),Dengue,555
2024-10-06,Region II (Cagayan Valley),Dengue,537
2024-10-13,Region II (Cagayan Valley),Dengue,510
2024-10-20,Region II (Cagayan Valley),Dengue,477
2024-10-27,Region II (Cagayan Valley),Dengue,390
2024-11-03,Region II (Cagayan Valley),Dengue,384
2024-11-10,Region II (Cagayan Valley),Dengue,318
2024-11-17,Region II (Cagayan Valley),Dengue,319
2024-11-24,Region II (Cagayan Valley),Dengue,357
2024-12-01,Region II (Cagayan Valley),Dengue,308
2024-12-08,Region II (Cagayan Valley),Dengue,271
2024-12-15,Region II (Cagayan Valley),Dengue,249
2024-12-22,Region II (Cagayan Valley),Dengue,186
2024-12-29,Region II (Cagayan Valley),Dengue,270
2025-01-05,Region II (Cagayan Valley),Dengue,163
2025-01-12,Region II (Cagayan Valley),Dengue,262
2025-01-19,Region II (Cagayan Valley),Dengue,253
2025-01-26,Region II (Cagayan Valley),Dengue,244
2025-02-02,Region II (Cagayan Valley),Dengue,208
2025-02-09,Region II (Cagayan Valley),Dengue,172
2025-02-16,Region II (Cagayan Valley),Dengue,221
2025-02-23,Region II (Cagayan Valley),Dengue,238
2025-03-02,Region II (Cagayan Valley),Dengue,290
2025-03-09,Region II (Cagayan Valley),Dengue,182
2025-03-16,Region II (Cagayan Valley),Dengue,173
2025-03-23,Region II (Cagayan Valley),Dengue,155
2025-03-30,Region II (Cagayan Valley),Dengue,155
2025-04-06,Region II (Cagayan Valley),Dengue,123
2025-04-13,Region II (Cagayan Valley),Dengue,109
2025-04-20,Region II (Cagayan Valley),Dengue,110
2025-04-27,Region II (Cagayan Valley),Dengue,96
2025-05-04,Region II (Cagayan Valley),Dengue,98
2025-05-11,Region II (Cagayan Valley),Dengue,88
2025-05-18,Region II (Cagayan Valley),Dengue,103
2025-05-25,Region II (Cagayan Valley),Dengue,94
2025-06-01,Region II (Cagayan Valley),Dengue,109
2025-06-08,Region II (Cagayan Valley),Dengue,116
2025-06-15,Region II (Cagayan Valley),Dengue,160
2025-06-22,Region II (Cagayan Valley),Dengue,179
2025-06-29,Region II (Cagayan Valley),Dengue,189
2025-07-06,Region II (Cagayan Valley),Dengue,197
2025-07-13,Region II (Cagayan Valley),Dengue,228
2025-07-20,Region II (Cagayan Valley),Dengue,245
2025-07-27,Region II (Cagayan Valley),Dengue,322
2025-08-03,Region II (Cagayan Valley),Dengue,418
2025-08-10,Region II (Cagayan Valley),Dengue,426
2025-08-17,Region II (Cagayan Valley),Dengue,506
2025-08-24,Region II (Cagayan Valley),Dengue,485
2025-08-31,Region II (Cagayan Valley),Dengue,527
2025-09-07,Region II (Cagayan Valley),Dengue,562
2025-09-14,Region II (Cagayan Valley),Dengue,507
2025-09-21,Region II (Cagayan Valley),Dengue,507
2025-09-28,Region II (Cagayan Valley),Dengue,489
2025-10-05,Region II (Cagayan Valley),Dengue,413
2025-10-12,Region II (Cagayan Valley),Dengue,393
2025-10-19,Region II (Cagayan Valley),Dengue,373
2025-10-26,Region II (Cagayan Valley),Dengue,371
2025-11-02,Region II (Cagayan Valley),Dengue,223
2025-11-09,Region II (Cagayan Valley),Dengue,60
2025-11-16,Region II (Cagayan Valley),Dengue,56
2025-11-23,Region II (Cagayan Valley),Dengue,67
2025-11-30,Region II (Cagayan Valley),Dengue,54
2025-12-07,Region II (Cagayan Valley),Dengue,43
2025-12-14,Region II (Cagayan Valley),Dengue,31
2025-12-21,Region II (Cagayan Valley),Dengue,31
2025-12-28,Region II (Cagayan Valley),Dengue,32
2016-01-10,Region III (Central Luzon),Dengue,552
2016-01-17,Region III (Central Luzon),Dengue,407
2016-01-24,Region III (Central Luzon),Dengue,484
2016-01-31,Region III (Central Luzon),Dengue,533
2016-02-07,Region III (Central Luzon),Dengue,531
2016-02-14,Region III (Central Luzon),Dengue,497
2016-02-21,Region III (Central Luzon),Dengue,399
2016-02-28,Region III (Central Luzon),Dengue,321
2016-03-06,Region III (Central Luzon),Dengue,282
2016-03-13,Region III (Central Luzon),Dengue,246
2016-03-20,Region III (Central Luzon),Dengue,195
2016-03-27,Region III (Central Luzon),Dengue,160
2016-04-03,Region III (Central Luzon),Dengue,162
2016-04-10,Region III (Central Luzon),Dengue,167
2016-04-17,Region III (Central Luzon),Dengue,118
2016-04-24,Region III (Central Luzon),Dengue,102
2016-05-01,Region III (Central Luzon),Dengue,97
2016-05-08,Region III (Central Luzon),Dengue,66
2016-05-15,Region III (Central Luzon),Dengue,83
2016-05-22,Region III (Central Luzon),Dengue,60
2016-05-29,Region III (Central Luzon),Dengue,59
2016-06-05,Region III (Central Luzon),Dengue,65
2016-06-12,Region III (Central Luzon),Dengue,72
2016-06-19,Region III (Central Luzon),Dengue,98
2016-06-26,Region III (Central Luzon),Dengue,128
2016-07-03,Region III (Central Luzon),Dengue,202
2016-07-10,Region III (Central Luzon),Dengue,230
2016-07-17,Region III (Central Luzon),Dengue,290
2016-07-24,Region III (Central Luzon),Dengue,418
2016-07-31,Region III (Central Luzon),Dengue,561
2016-08-07,Region III (Central Luzon),Dengue,616
2016-08-14,Region III (Central Luzon),Dengue,751
2016-08-21,Region III (Central Luzon),Dengue,761
2016-08-28,Region III (Central Luzon),Dengue,749
2016-09-04,Region III (Central Luzon),Dengue,843
2016-09-11,Region III (Central Luzon),Dengue,832
2016-09-18,Region III (Central Luzon),Dengue,752
2016-09-25,Region III (Central Luzon),Dengue,767
2016-10-02,Region III (Central Luzon),Dengue,717
2016-10-09,Region III (Central Luzon),Dengue,624
2016-10-16,Region III (Central Luzon),Dengue,642
2016-10-23,Region III (Central Luzon),Dengue,542
2016-10-30,Region III (Central Luzon),Dengue,630
2016-11-06,Region III (Central Luzon),Dengue,639
2016-11-13,Region III (Central Luzon),Dengue,564
2016-11-20,Region III (Central Luzon),Dengue,538
2016-11-27,Region III (Central Luzon),Dengue,466
2016-12-04,Region III (Central Luzon),Dengue,524
2016-12-11,Region III (Central Luzon),Dengue,587
2016-12-18,Region III (Central Luzon),Dengue,420
2016-12-25,Region III (Central Luzon),Dengue,440
2017-01-01,Region III (Central Luzon),Dengue,395
2017-01-08,Region III (Central Luzon),Dengue,618
2017-01-15,Region III (Central Luzon),Dengue,427
2017-01-22,Region III (Central Luzon),Dengue,406
2017-01-29,Region III (Central Luzon),Dengue,404
2017-02-05,Region III (Central Luzon),Dengue,351
2017-02-12,Region III (Central Luzon),Dengue,332
2017-02-19,Region III (Central Luzon),Dengue,263
2017-02-26,Region III (Central Luzon),Dengue,249
2017-03-05,Region III (Central Luzon),Dengue,319
2017-03-12,Region III (Central Luzon),Dengue,238
2017-03-19,Region III (Central Luzon),Dengue,211
2017-03-26,Region III (Central Luzon),Dengue,189
2017-04-02,Region III (Central Luzon),Dengue,155
2017-04-09,Region III (Central Luzon),Dengue,147
2017-04-16,Region III (Central Luzon),Dengue,97
2017-04-23,Region III (Central Luzon),Dengue,116
2017-04-30,Region III (Central Luzon),Dengue,86
2017-05-07,Region III (Central Luzon),Dengue,93
2017-05-14,Region III (Central Luzon),Dengue,106
2017-05-21,Region III (Central Luzon),Dengue,123
2017-05-28,Region III (Central Luzon),Dengue,139
2017-06-04,Region III (Central Luzon),Dengue,134
2017-06-11,Region III (Central Luzon),Dengue,196
2017-06-18,Region III (Central Luzon),Dengue,239
2017-06-25,Region III (Central Luzon),Dengue,273
2017-07-02,Region III (Central Luzon),Dengue,463
2017-07-09,Region III (Central Luzon),Dengue,614
2017-07-16,Region III (Central Luzon),Dengue,701
2017-07-23,Region III (Central Luzon),Dengue,881
2017-07-30,Region III (Central Luzon),Dengue,951
2017-08-06,Region III (Central Luzon),Dengue,1159
2017-08-13,Region III (Central Luzon),Dengue,1407
2017-08-20,Region III (Central Luzon),Dengue,1247
2017-08-27,Region III (Central Luzon),Dengue,993
2017-09-03,Region III (Central Luzon),Dengue,895
2017-09-10,Region III (Central Luzon),Dengue,860
2017-09-17,Region III (Central Luzon),Dengue,726
2017-09-24,Region III (Central Luzon),Dengue,597
2017-10-01,Region III (Central Luzon),Dengue,497
2017-10-08,Region III (Central Luzon),Dengue,602
2017-10-15,Region III (Central Luzon),Dengue,562
2017-10-22,Region III (Central Luzon),Dengue,572
2017-10-29,Region III (Central Luzon),Dengue,592
2017-11-05,Region III (Central Luzon),Dengue,584
2017-11-12,Region III (Central Luzon),Dengue,612
2017-11-19,Region III (Central Luzon),Dengue,570
2017-11-26,Region III (Central Luzon),Dengue,482
2017-12-03,Region III (Central Luzon),Dengue,546
2017-12-10,Region III (Central Luzon),Dengue,578
2017-12-17,Region III (Central Luzon),Dengue,506
2017-12-24,Region III (Central Luzon),Dengue,389
2017-12-31,Region III (Central Luzon),Dengue,438
2018-01-07,Region III (Central Luzon),Dengue,587
2018-01-14,Region III (Central Luzon),Dengue,623
2018-01-21,Region III (Central Luzon),Dengue,617
2018-01-28,Region III (Central Luzon),Dengue,620
2018-02-04,Region III (Central Luzon),Dengue,500
2018-02-11,Region III (Central Luzon),Dengue,453
2018-02-18,Region III (Central Luzon),Dengue,398
2018-02-25,Region III (Central Luzon),Dengue,438
2018-03-04,Region III (Central Luzon),Dengue,372
2018-03-11,Region III (Central Luzon),Dengue,318
2018-03-18,Region III (Central Luzon),Dengue,249
2018-03-25,Region III (Central Luzon),Dengue,175
2018-04-01,Region III (Central Luzon),Dengue,167
2018-04-08,Region III (Central Luzon),Dengue,153
2018-04-15,Region III (Central Luzon),Dengue,133
2018-04-22,Region III (Central Luzon),Dengue,135
2018-04-29,Region III (Central Luzon),Dengue,129
2018-05-06,Region III (Central Luzon),Dengue,148
2018-05-13,Region III (Central Luzon),Dengue,175
2018-05-20,Region III (Central Luzon),Dengue,191
2018-05-27,Region III (Central Luzon),Dengue,209
2018-06-03,Region III (Central Luzon),Dengue,250
2018-06-10,Region III (Central Luzon),Dengue,248
2018-06-17,Region III (Central Luzon),Dengue,343
2018-06-24,Region III (Central Luzon),Dengue,475
2018-07-01,Region III (Central Luzon),Dengue,563
2018-07-08,Region III (Central Luzon),Dengue,924
2018-07-15,Region III (Central Luzon),Dengue,1064
2018-07-22,Region III (Central Luzon),Dengue,1082
2018-07-29,Region III (Central Luzon),Dengue,1367
2018-08-05,Region III (Central Luzon),Dengue,1542
2018-08-12,Region III (Central Luzon),Dengue,1539
2018-08-19,Region III (Central Luzon),Dengue,1179
2018-08-26,Region III (Central Luzon),Dengue,1236
2018-09-02,Region III (Central Luzon),Dengue,1092
2018-09-09,Region III (Central Luzon),Dengue,1053
2018-09-16,Region III (Central Luzon),Dengue,904
2018-09-23,Region III (Central Luzon),Dengue,934
2018-09-30,Region III (Central Luzon),Dengue,850
2018-10-07,Region III (Central Luzon),Dengue,950
2018-10-14,Region III (Central Luzon),Dengue,831
2018-10-21,Region III (Central Luzon),Dengue,766
2018-10-28,Region III (Central Luzon),Dengue,812
2018-11-04,Region III (Central Luzon),Dengue,801
2018-11-11,Region III (Central Luzon),Dengue,753
2018-11-18,Region III (Central Luzon),Dengue,575
2018-11-25,Region III (Central Luzon),Dengue,576
2018-12-02,Region III (Central Luzon),Dengue,557
2018-12-09,Region III (Central Luzon),Dengue,497
2018-12-16,Region III (Central Luzon),Dengue,436
2018-12-23,Region III (Central Luzon),Dengue,320
2018-12-30,Region III (Central Luzon),Dengue,450
2019-01-06,Region III (Central Luzon),Dengue,816
2019-01-13,Region III (Central Luzon),Dengue,651
2019-01-20,Region III (Central Luzon),Dengue,593
2019-01-27,Region III (Central Luzon),Dengue,499
2019-02-03,Region III (Central Luzon),Dengue,364
2019-02-10,Region III (Central Luzon),Dengue,414
2019-02-17,Region III (Central Luzon),Dengue,335
2019-02-24,Region III (Central Luzon),Dengue,278
2019-03-03,Region III (Central Luzon),Dengue,236
2019-03-10,Region III (Central Luzon),Dengue,183
2019-03-17,Region III (Central Luzon),Dengue,206
2019-03-24,Region III (Central Luzon),Dengue,144
2019-03-31,Region III (Central Luzon),Dengue,133
2019-04-07,Region III (Central Luzon),Dengue,101
2019-04-14,Region III (Central Luzon),Dengue,96
2019-04-21,Region III (Central Luzon),Dengue,84
2019-04-28,Region III (Central Luzon),Dengue,97
2019-05-05,Region III (Central Luzon),Dengue,96
2019-05-12,Region III (Central Luzon),Dengue,129
2019-05-19,Region III (Central Luzon),Dengue,149
2019-05-26,Region III (Central Luzon),Dengue,228
2019-06-02,Region III (Central Luzon),Dengue,259
2019-06-09,Region III (Central Luzon),Dengue,311
2019-06-16,Region III (Central Luzon),Dengue,385
2019-06-23,Region III (Central Luzon),Dengue,593
2019-06-30,Region III (Central Luzon),Dengue,581
2019-07-07,Region III (Central Luzon),Dengue,541
2019-07-14,Region III (Central Luzon),Dengue,524
2019-07-21,Region III (Central Luzon),Dengue,1208
2019-07-28,Region III (Central Luzon),Dengue,1442
2019-08-04,Region III (Central Luzon),Dengue,1642
2019-08-11,Region III (Central Luzon),Dengue,1843
2019-08-18,Region III (Central Luzon),Dengue,2196
2019-08-25,Region III (Central Luzon),Dengue,2312
2019-09-01,Region III (Central Luzon),Dengue,2099
2019-09-08,Region III (Central Luzon),Dengue,1736
2019-09-15,Region III (Central Luzon),Dengue,1454
2019-09-22,Region III (Central Luzon),Dengue,1615
2019-09-29,Region III (Central Luzon),Dengue,1572
2019-10-06,Region III (Central Luzon),Dengue,1439
2019-10-13,Region III (Central Luzon),Dengue,1103
2019-10-20,Region III (Central Luzon),Dengue,564
2019-10-27,Region III (Central Luzon),Dengue,810
2019-11-03,Region III (Central Luzon),Dengue,739
2019-11-10,Region III (Central Luzon),Dengue,684
2019-11-17,Region III (Central Luzon),Dengue,612
2019-11-24,Region III (Central Luzon),Dengue,634
2019-12-01,Region III (Central Luzon),Dengue,609
2019-12-08,Region III (Central Luzon),Dengue,542
2019-12-15,Region III (Central Luzon),Dengue,437
2019-12-22,Region III (Central Luzon),Dengue,268
2019-12-29,Region III (Central Luzon),Dengue,557
2022-01-09,Region III (Central Luzon),Dengue,235
2022-01-16,Region III (Central Luzon),Dengue,152
2022-01-23,Region III (Central Luzon),Dengue,188
2022-01-30,Region III (Central Luzon),Dengue,161
2022-02-06,Region III (Central Luzon),Dengue,198
2022-02-13,Region III (Central Luzon),Dengue,175
2022-02-20,Region III (Central Luzon),Dengue,208
2022-02-27,Region III (Central Luzon),Dengue,176
2022-03-06,Region III (Central Luzon),Dengue,177
2022-03-13,Region III (Central Luzon),Dengue,180
2022-03-20,Region III (Central Luzon),Dengue,196
2022-03-27,Region III (Central Luzon),Dengue,184
2022-04-03,Region III (Central Luzon),Dengue,208
2022-04-10,Region III (Central Luzon),Dengue,245
2022-04-17,Region III (Central Luzon),Dengue,273
2022-04-24,Region III (Central Luzon),Dengue,288
2022-05-01,Region III (Central Luzon),Dengue,264
2022-05-08,Region III (Central Luzon),Dengue,372
2022-05-15,Region III (Central Luzon),Dengue,546
2022-05-22,Region III (Central Luzon),Dengue,865
2022-05-29,Region III (Central Luzon),Dengue,763
2022-06-05,Region III (Central Luzon),Dengue,798
2022-06-12,Region III (Central Luzon),Dengue,1247
2022-06-19,Region III (Central Luzon),Dengue,1525
2022-06-26,Region III (Central Luzon),Dengue,2059
2022-07-03,Region III (Central Luzon),Dengue,2149
2022-07-10,Region III (Central Luzon),Dengue,2582
2022-07-17,Region III (Central Luzon),Dengue,2892
2022-07-24,Region III (Central Luzon),Dengue,3047
2022-07-31,Region III (Central Luzon),Dengue,3086
2022-08-07,Region III (Central Luzon),Dengue,3149
2022-08-14,Region III (Central Luzon),Dengue,2526
2022-08-21,Region III (Central Luzon),Dengue,2137
2022-08-28,Region III (Central Luzon),Dengue,1887
2022-09-04,Region III (Central Luzon),Dengue,1783
2022-09-11,Region III (Central Luzon),Dengue,1694
2022-09-18,Region III (Central Luzon),Dengue,1477
2022-09-25,Region III (Central Luzon),Dengue,1267
2022-10-02,Region III (Central Luzon),Dengue,1192
2022-10-09,Region III (Central Luzon),Dengue,1185
2022-10-16,Region III (Central Luzon),Dengue,1047
2022-10-23,Region III (Central Luzon),Dengue,1015
2022-10-30,Region III (Central Luzon),Dengue,865
2022-11-06,Region III (Central Luzon),Dengue,740
2022-11-13,Region III (Central Luzon),Dengue,819
2022-11-20,Region III (Central Luzon),Dengue,741
2022-11-27,Region III (Central Luzon),Dengue,744
2022-12-04,Region III (Central Luzon),Dengue,747
2022-12-11,Region III (Central Luzon),Dengue,678
2022-12-18,Region III (Central Luzon),Dengue,615
2022-12-25,Region III (Central Luzon),Dengue,487
2023-01-01,Region III (Central Luzon),Dengue,227
2023-01-08,Region III (Central Luzon),Dengue,512
2023-01-15,Region III (Central Luzon),Dengue,444
2023-01-22,Region III (Central Luzon),Dengue,407
2023-01-29,Region III (Central Luzon),Dengue,357
2023-02-05,Region III (Central Luzon),Dengue,307
2023-02-12,Region III (Central Luzon),Dengue,281
2023-02-19,Region III (Central Luzon),Dengue,248
2023-02-26,Region III (Central Luzon),Dengue,150
2023-03-05,Region III (Central Luzon),Dengue,153
2023-03-12,Region III (Central Luzon),Dengue,230
2023-03-19,Region III (Central Luzon),Dengue,213
2023-03-26,Region III (Central Luzon),Dengue,208
2023-04-02,Region III (Central Luzon),Dengue,168
2023-04-09,Region III (Central Luzon),Dengue,180
2023-04-16,Region III (Central Luzon),Dengue,212
2023-04-23,Region III (Central Luzon),Dengue,187
2023-04-30,Region III (Central Luzon),Dengue,176
2023-05-07,Region III (Central Luzon),Dengue,198
2023-05-14,Region III (Central Luzon),Dengue,232
2023-05-21,Region III (Central Luzon),Dengue,202
2023-05-28,Region III (Central Luzon),Dengue,287
2023-06-04,Region III (Central Luzon),Dengue,345
2023-06-11,Region III (Central Luzon),Dengue,411
2023-06-18,Region III (Central Luzon),Dengue,492
2023-06-25,Region III (Central Luzon),Dengue,603
2023-07-02,Region III (Central Luzon),Dengue,602
2023-07-09,Region III (Central Luzon),Dengue,721
2023-07-16,Region III (Central Luzon),Dengue,501
2023-07-23,Region III (Central Luzon),Dengue,527
2023-07-30,Region III (Central Luzon),Dengue,510
2023-08-06,Region III (Central Luzon),Dengue,512
2023-08-13,Region III (Central Luzon),Dengue,556
2023-08-20,Region III (Central Luzon),Dengue,608
2023-08-27,Region III (Central Luzon),Dengue,637
2023-09-03,Region III (Central Luzon),Dengue,635
2023-09-10,Region III (Central Luzon),Dengue,693
2023-09-17,Region III (Central Luzon),Dengue,817
2023-09-24,Region III (Central Luzon),Dengue,809
2023-10-01,Region III (Central Luzon),Dengue,782
2023-10-08,Region III (Central Luzon),Dengue,894
2023-10-15,Region III (Central Luzon),Dengue,848
2023-10-22,Region III (Central Luzon),Dengue,830
2023-10-29,Region III (Central Luzon),Dengue,736
2023-11-05,Region III (Central Luzon),Dengue,716
2023-11-12,Region III (Central Luzon),Dengue,714
2023-11-19,Region III (Central Luzon),Dengue,634
2023-11-26,Region III (Central Luzon),Dengue,517
2023-12-03,Region III (Central Luzon),Dengue,543
2023-12-10,Region III (Central Luzon),Dengue,514
2023-12-17,Region III (Central Luzon),Dengue,413
2023-12-24,Region III (Central Luzon),Dengue,338
2023-12-31,Region III (Central Luzon),Dengue,366
2024-01-07,Region III (Central Luzon),Dengue,416
2024-01-14,Region III (Central Luzon),Dengue,375
2024-01-21,Region III (Central Luzon),Dengue,293
2024-01-28,Region III (Central Luzon),Dengue,284
2024-02-04,Region III (Central Luzon),Dengue,290
2024-02-11,Region III (Central Luzon),Dengue,246
2024-02-18,Region III (Central Luzon),Dengue,279
2024-02-25,Region III (Central Luzon),Dengue,247
2024-03-03,Region III (Central Luzon),Dengue,238
2024-03-10,Region III (Central Luzon),Dengue,177
2024-03-17,Region III (Central Luzon),Dengue,176
2024-03-24,Region III (Central Luzon),Dengue,145
2024-03-31,Region III (Central Luzon),Dengue,144
2024-04-07,Region III (Central Luzon),Dengue,166
2024-04-14,Region III (Central Luzon),Dengue,132
2024-04-21,Region III (Central Luzon),Dengue,152
2024-04-28,Region III (Central Luzon),Dengue,135
2024-05-05,Region III (Central Luzon),Dengue,160
2024-05-12,Region III (Central Luzon),Dengue,151
2024-05-19,Region III (Central Luzon),Dengue,135
2024-05-26,Region III (Central Luzon),Dengue,145
2024-06-02,Region III (Central Luzon),Dengue,175
2024-06-09,Region III (Central Luzon),Dengue,227
2024-06-16,Region III (Central Luzon),Dengue,275
2024-06-23,Region III (Central Luzon),Dengue,392
2024-06-30,Region III (Central Luzon),Dengue,521
2024-07-07,Region III (Central Luzon),Dengue,723
2024-07-14,Region III (Central Luzon),Dengue,1002
2024-07-21,Region III (Central Luzon),Dengue,1227
2024-07-28,Region III (Central Luzon),Dengue,1254
2024-08-04,Region III (Central Luzon),Dengue,1638
2024-08-11,Region III (Central Luzon),Dengue,2086
2024-08-18,Region III (Central Luzon),Dengue,2045
2024-08-25,Region III (Central Luzon),Dengue,1812
2024-09-01,Region III (Central Luzon),Dengue,1465
2024-09-08,Region III (Central Luzon),Dengue,1328
2024-09-15,Region III (Central Luzon),Dengue,1251
2024-09-22,Region III (Central Luzon),Dengue,1143
2024-09-29,Region III (Central Luzon),Dengue,1151
2024-10-06,Region III (Central Luzon),Dengue,1292
2024-10-13,Region III (Central Luzon),Dengue,1222
2024-10-20,Region III (Central Luzon),Dengue,1268
2024-10-27,Region III (Central Luzon),Dengue,1184
2024-11-03,Region III (Central Luzon),Dengue,1216
2024-11-10,Region III (Central Luzon),Dengue,1343
2024-11-17,Region III (Central Luzon),Dengue,1374
2024-11-24,Region III (Central Luzon),Dengue,1674
2024-12-01,Region III (Central Luzon),Dengue,1473
2024-12-08,Region III (Central Luzon),Dengue,1613
2024-12-15,Region III (Central Luzon),Dengue,1477
2024-12-22,Region III (Central Luzon),Dengue,1217
2024-12-29,Region III (Central Luzon),Dengue,1649
2025-01-05,Region III (Central Luzon),Dengue,979
2025-01-12,Region III (Central Luzon),Dengue,1525
2025-01-19,Region III (Central Luzon),Dengue,1294
2025-01-26,Region III (Central Luzon),Dengue,1408
2025-02-02,Region III (Central Luzon),Dengue,1381
2025-02-09,Region III (Central Luzon),Dengue,1182
2025-02-16,Region III (Central Luzon),Dengue,1171
2025-02-23,Region III (Central Luzon),Dengue,1159
2025-03-02,Region III (Central Luzon),Dengue,1147
2025-03-09,Region III (Central Luzon),Dengue,999
2025-03-16,Region III (Central Luzon),Dengue,1015
2025-03-23,Region III (Central Luzon),Dengue,861
2025-03-30,Region III (Central Luzon),Dengue,653
2025-04-06,Region III (Central Luzon),Dengue,672
2025-04-13,Region III (Central Luzon),Dengue,542
2025-04-20,Region III (Central Luzon),Dengue,513
2025-04-27,Region III (Central Luzon),Dengue,503
2025-05-04,Region III (Central Luzon),Dengue,399
2025-05-11,Region III (Central Luzon),Dengue,331
2025-05-18,Region III (Central Luzon),Dengue,375
2025-05-25,Region III (Central Luzon),Dengue,363
2025-06-01,Region III (Central Luzon),Dengue,494
2025-06-08,Region III (Central Luzon),Dengue,573
2025-06-15,Region III (Central Luzon),Dengue,702
2025-06-22,Region III (Central Luzon),Dengue,861
2025-06-29,Region III (Central Luzon),Dengue,1195
2025-07-06,Region III (Central Luzon),Dengue,1526
2025-07-13,Region III (Central Luzon),Dengue,1901
2025-07-20,Region III (Central Luzon),Dengue,2200
2025-07-27,Region III (Central Luzon),Dengue,2142
2025-08-03,Region III (Central Luzon),Dengue,2737
2025-08-10,Region III (Central Luzon),Dengue,2899
2025-08-17,Region III (Central Luzon),Dengue,2940
2025-08-24,Region III (Central Luzon),Dengue,2512
2025-08-31,Region III (Central Luzon),Dengue,2335
2025-09-07,Region III (Central Luzon),Dengue,2493
2025-09-14,Region III (Central Luzon),Dengue,2219
2025-09-21,Region III (Central Luzon),Dengue,2069
2025-09-28,Region III (Central Luzon),Dengue,1870
2025-10-05,Region III (Central Luzon),Dengue,1959
2025-10-12,Region III (Central Luzon),Dengue,1974
2025-10-19,Region III (Central Luzon),Dengue,1897
2025-10-26,Region III (Central Luzon),Dengue,1773
2025-11-02,Region III (Central Luzon),Dengue,1462
2025-11-09,Region III (Central Luzon),Dengue,1114
2025-11-16,Region III (Central Luzon),Dengue,1381
2025-11-23,Region III (Central Luzon),Dengue,1631
2025-11-30,Region III (Central Luzon),Dengue,1439
2025-12-07,Region III (Central Luzon),Dengue,1701
2025-12-14,Region III (Central Luzon),Dengue,1393
2025-12-21,Region III (Central Luzon),Dengue,989
2025-12-28,Region III (Central Luzon),Dengue,375
2016-01-10,Region IV-A (CALABARZON),Dengue,900
2016-01-17,Region IV-A (CALABARZON),Dengue,689
2016-01-24,Region IV-A (CALABARZON),Dengue,728
2016-01-31,Region IV-A (CALABARZON),Dengue,676
2016-02-07,Region IV-A (CALABARZON),Dengue,607
2016-02-14,Region IV-A (CALABARZON),Dengue,542
2016-02-21,Region IV-A (CALABARZON),Dengue,466
2016-02-28,Region IV-A (CALABARZON),Dengue,420
2016-03-06,Region IV-A (CALABARZON),Dengue,385
2016-03-13,Region IV-A (CALABARZON),Dengue,340
2016-03-20,Region IV-A (CALABARZON),Dengue,347
2016-03-27,Region IV-A (CALABARZON),Dengue,255
2016-04-03,Region IV-A (CALABARZON),Dengue,226
2016-04-10,Region IV-A (CALABARZON),Dengue,226
2016-04-17,Region IV-A (CALABARZON),Dengue,212
2016-04-24,Region IV-A (CALABARZON),Dengue,174
2016-05-01,Region IV-A (CALABARZON),Dengue,147
2016-05-08,Region IV-A (CALABARZON),Dengue,160
2016-05-15,Region IV-A (CALABARZON),Dengue,144
2016-05-22,Region IV-A (CALABARZON),Dengue,124
2016-05-29,Region IV-A (CALABARZON),Dengue,139
2016-06-05,Region IV-A (CALABARZON),Dengue,146
2016-06-12,Region IV-A (CALABARZON),Dengue,154
2016-06-19,Region IV-A (CALABARZON),Dengue,185
2016-06-26,Region IV-A (CALABARZON),Dengue,293
2016-07-03,Region IV-A (CALABARZON),Dengue,276
2016-07-10,Region IV-A (CALABARZON),Dengue,345
2016-07-17,Region IV-A (CALABARZON),Dengue,419
2016-07-24,Region IV-A (CALABARZON),Dengue,548
2016-07-31,Region IV-A (CALABARZON),Dengue,682
2016-08-07,Region IV-A (CALABARZON),Dengue,768
2016-08-14,Region IV-A (CALABARZON),Dengue,801
2016-08-21,Region IV-A (CALABARZON),Dengue,840
2016-08-28,Region IV-A (CALABARZON),Dengue,809
2016-09-04,Region IV-A (CALABARZON),Dengue,996
2016-09-11,Region IV-A (CALABARZON),Dengue,815
2016-09-18,Region IV-A (CALABARZON),Dengue,831
2016-09-25,Region IV-A (CALABARZON),Dengue,812
2016-10-02,Region IV-A (CALABARZON),Dengue,641
2016-10-09,Region IV-A (CALABARZON),Dengue,738
2016-10-16,Region IV-A (CALABARZON),Dengue,642
2016-10-23,Region IV-A (CALABARZON),Dengue,575
2016-10-30,Region IV-A (CALABARZON),Dengue,579
2016-11-06,Region IV-A (CALABARZON),Dengue,516
2016-11-13,Region IV-A (CALABARZON),Dengue,592
2016-11-20,Region IV-A (CALABARZON),Dengue,459
2016-11-27,Region IV-A (CALABARZON),Dengue,456
2016-12-04,Region IV-A (CALABARZON),Dengue,433
2016-12-11,Region IV-A (CALABARZON),Dengue,438
2016-12-18,Region IV-A (CALABARZON),Dengue,344
2016-12-25,Region IV-A (CALABARZON),Dengue,242
2017-01-01,Region IV-A (CALABARZON),Dengue,234
2017-01-08,Region IV-A (CALABARZON),Dengue,467
2017-01-15,Region IV-A (CALABARZON),Dengue,379
2017-01-22,Region IV-A (CALABARZON),Dengue,329
2017-01-29,Region IV-A (CALABARZON),Dengue,329
2017-02-05,Region IV-A (CALABARZON),Dengue,327
2017-02-12,Region IV-A (CALABARZON),Dengue,308
2017-02-19,Region IV-A (CALABARZON),Dengue,278
2017-02-26,Region IV-A (CALABARZON),Dengue,273
2017-03-05,Region IV-A (CALABARZON),Dengue,266
2017-03-12,Region IV-A (CALABARZON),Dengue,244
2017-03-19,Region IV-A (CALABARZON),Dengue,210
2017-03-26,Region IV-A (CALABARZON),Dengue,186
2017-04-02,Region IV-A (CALABARZON),Dengue,160
2017-04-09,Region IV-A (CALABARZON),Dengue,124
2017-04-16,Region IV-A (CALABARZON),Dengue,112
2017-04-23,Region IV-A (CALABARZON),Dengue,137
2017-04-30,Region IV-A (CALABARZON),Dengue,74
2017-05-07,Region IV-A (CALABARZON),Dengue,116
2017-05-14,Region IV-A (CALABARZON),Dengue,105
2017-05-21,Region IV-A (CALABARZON),Dengue,106
2017-05-28,Region IV-A (CALABARZON),Dengue,139
2017-06-04,Region IV-A (CALABARZON),Dengue,123
2017-06-11,Region IV-A (CALABARZON),Dengue,164
2017-06-18,Region IV-A (CALABARZON),Dengue,272
2017-06-25,Region IV-A (CALABARZON),Dengue,343
2017-07-02,Region IV-A (CALABARZON),Dengue,424
2017-07-09,Region IV-A (CALABARZON),Dengue,503
2017-07-16,Region IV-A (CALABARZON),Dengue,610
2017-07-23,Region IV-A (CALABARZON),Dengue,707
2017-07-30,Region IV-A (CALABARZON),Dengue,633
2017-08-06,Region IV-A (CALABARZON),Dengue,776
2017-08-13,Region IV-A (CALABARZON),Dengue,772
2017-08-20,Region IV-A (CALABARZON),Dengue,830
2017-08-27,Region IV-A (CALABARZON),Dengue,753
2017-09-03,Region IV-A (CALABARZON),Dengue,656
2017-09-10,Region IV-A (CALABARZON),Dengue,628
2017-09-17,Region IV-A (CALABARZON),Dengue,590
2017-09-24,Region IV-A (CALABARZON),Dengue,615
2017-10-01,Region IV-A (CALABARZON),Dengue,489
2017-10-08,Region IV-A (CALABARZON),Dengue,576
2017-10-15,Region IV-A (CALABARZON),Dengue,529
2017-10-22,Region IV-A (CALABARZON),Dengue,564
2017-10-29,Region IV-A (CALABARZON),Dengue,635
2017-11-05,Region IV-A (CALABARZON),Dengue,691
2017-11-12,Region IV-A (CALABARZON),Dengue,682
2017-11-19,Region IV-A (CALABARZON),Dengue,705
2017-11-26,Region IV-A (CALABARZON),Dengue,711
2017-12-03,Region IV-A (CALABARZON),Dengue,659
2017-12-10,Region IV-A (CALABARZON),Dengue,693
2017-12-17,Region IV-A (CALABARZON),Dengue,568
2017-12-24,Region IV-A (CALABARZON),Dengue,330
2017-12-31,Region IV-A (CALABARZON),Dengue,503
2018-01-07,Region IV-A (CALABARZON),Dengue,622
2018-01-14,Region IV-A (CALABARZON),Dengue,605
2018-01-21,Region IV-A (CALABARZON),Dengue,643
2018-01-28,Region IV-A (CALABARZON),Dengue,588
2018-02-04,Region IV-A (CALABARZON),Dengue,599
2018-02-11,Region IV-A (CALABARZON),Dengue,456
2018-02-18,Region IV-A (CALABARZON),Dengue,400
2018-02-25,Region IV-A (CALABARZON),Dengue,455
2018-03-04,Region IV-A (CALABARZON),Dengue,443
2018-03-11,Region IV-A (CALABARZON),Dengue,379
2018-03-18,Region IV-A (CALABARZON),Dengue,295
2018-03-25,Region IV-A (CALABARZON),Dengue,233
2018-04-01,Region IV-A (CALABARZON),Dengue,207
2018-04-08,Region IV-A (CALABARZON),Dengue,178
2018-04-15,Region IV-A (CALABARZON),Dengue,163
2018-04-22,Region IV-A (CALABARZON),Dengue,184
2018-04-29,Region IV-A (CALABARZON),Dengue,162
2018-05-06,Region IV-A (CALABARZON),Dengue,151
2018-05-13,Region IV-A (CALABARZON),Dengue,158
2018-05-20,Region IV-A (CALABARZON),Dengue,197
2018-05-27,Region IV-A (CALABARZON),Dengue,181
2018-06-03,Region IV-A (CALABARZON),Dengue,226
2018-06-10,Region IV-A (CALABARZON),Dengue,243
2018-06-17,Region IV-A (CALABARZON),Dengue,243
2018-06-24,Region IV-A (CALABARZON),Dengue,381
2018-07-01,Region IV-A (CALABARZON),Dengue,424
2018-07-08,Region IV-A (CALABARZON),Dengue,481
2018-07-15,Region IV-A (CALABARZON),Dengue,615
2018-07-22,Region IV-A (CALABARZON),Dengue,645
2018-07-29,Region IV-A (CALABARZON),Dengue,820
2018-08-05,Region IV-A (CALABARZON),Dengue,983
2018-08-12,Region IV-A (CALABARZON),Dengue,978
2018-08-19,Region IV-A (CALABARZON),Dengue,946
2018-08-26,Region IV-A (CALABARZON),Dengue,1036
2018-09-02,Region IV-A (CALABARZON),Dengue,1032
2018-09-09,Region IV-A (CALABARZON),Dengue,952
2018-09-16,Region IV-A (CALABARZON),Dengue,882
2018-09-23,Region IV-A (CALABARZON),Dengue,847
2018-09-30,Region IV-A (CALABARZON),Dengue,906
2018-10-07,Region IV-A (CALABARZON),Dengue,991
2018-10-14,Region IV-A (CALABARZON),Dengue,1008
2018-10-21,Region IV-A (CALABARZON),Dengue,985
2018-10-28,Region IV-A (CALABARZON),Dengue,933
2018-11-04,Region IV-A (CALABARZON),Dengue,903
2018-11-11,Region IV-A (CALABARZON),Dengue,978
2018-11-18,Region IV-A (CALABARZON),Dengue,853
2018-11-25,Region IV-A (CALABARZON),Dengue,753
2018-12-02,Region IV-A (CALABARZON),Dengue,767
2018-12-09,Region IV-A (CALABARZON),Dengue,747
2018-12-16,Region IV-A (CALABARZON),Dengue,597
2018-12-23,Region IV-A (CALABARZON),Dengue,454
2018-12-30,Region IV-A (CALABARZON),Dengue,385
2019-01-06,Region IV-A (CALABARZON),Dengue,1106
2019-01-13,Region IV-A (CALABARZON),Dengue,942
2019-01-20,Region IV-A (CALABARZON),Dengue,931
2019-01-27,Region IV-A (CALABARZON),Dengue,808
2019-02-03,Region IV-A (CALABARZON),Dengue,810
2019-02-10,Region IV-A (CALABARZON),Dengue,745
2019-02-17,Region IV-A (CALABARZON),Dengue,575
2019-02-24,Region IV-A (CALABARZON),Dengue,482
2019-03-03,Region IV-A (CALABARZON),Dengue,496
2019-03-10,Region IV-A (CALABARZON),Dengue,380
2019-03-17,Region IV-A (CALABARZON),Dengue,330
2019-03-24,Region IV-A (CALABARZON),Dengue,287
2019-03-31,Region IV-A (CALABARZON),Dengue,214
2019-04-07,Region IV-A (CALABARZON),Dengue,201
2019-04-14,Region IV-A (CALABARZON),Dengue,201
2019-04-21,Region IV-A (CALABARZON),Dengue,212
2019-04-28,Region IV-A (CALABARZON),Dengue,195
2019-05-05,Region IV-A (CALABARZON),Dengue,244
2019-05-12,Region IV-A (CALABARZON),Dengue,243
2019-05-19,Region IV-A (CALABARZON),Dengue,256
2019-05-26,Region IV-A (CALABARZON),Dengue,303
2019-06-02,Region IV-A (CALABARZON),Dengue,460
2019-06-09,Region IV-A (CALABARZON),Dengue,561
2019-06-16,Region IV-A (CALABARZON),Dengue,844
2019-06-23,Region IV-A (CALABARZON),Dengue,1150
2019-06-30,Region IV-A (CALABARZON),Dengue,1188
2019-07-07,Region IV-A (CALABARZON),Dengue,1710
2019-07-14,Region IV-A (CALABARZON),Dengue,2196
2019-07-21,Region IV-A (CALABARZON),Dengue,3216
2019-07-28,Region IV-A (CALABARZON),Dengue,3859
2019-08-04,Region IV-A (CALABARZON),Dengue,3754
2019-08-11,Region IV-A (CALABARZON),Dengue,3959
2019-08-18,Region IV-A (CALABARZON),Dengue,4694
2019-08-25,Region IV-A (CALABARZON),Dengue,4786
2019-09-01,Region IV-A (CALABARZON),Dengue,4868
2019-09-08,Region IV-A (CALABARZON),Dengue,4065
2019-09-15,Region IV-A (CALABARZON),Dengue,3457
2019-09-22,Region IV-A (CALABARZON),Dengue,2946
2019-09-29,Region IV-A (CALABARZON),Dengue,2702
2019-10-06,Region IV-A (CALABARZON),Dengue,2581
2019-10-13,Region IV-A (CALABARZON),Dengue,2260
2019-10-20,Region IV-A (CALABARZON),Dengue,1844
2019-10-27,Region IV-A (CALABARZON),Dengue,1534
2019-11-03,Region IV-A (CALABARZON),Dengue,1380
2019-11-10,Region IV-A (CALABARZON),Dengue,1227
2019-11-17,Region IV-A (CALABARZON),Dengue,1055
2019-11-24,Region IV-A (CALABARZON),Dengue,1092
2019-12-01,Region IV-A (CALABARZON),Dengue,851
2019-12-08,Region IV-A (CALABARZON),Dengue,893
2019-12-15,Region IV-A (CALABARZON),Dengue,671
2019-12-22,Region IV-A (CALABARZON),Dengue,639
2019-12-29,Region IV-A (CALABARZON),Dengue,631
2022-01-09,Region IV-A (CALABARZON),Dengue,170
2022-01-16,Region IV-A (CALABARZON),Dengue,87
2022-01-23,Region IV-A (CALABARZON),Dengue,113
2022-01-30,Region IV-A (CALABARZON),Dengue,118
2022-02-06,Region IV-A (CALABARZON),Dengue,153
2022-02-13,Region IV-A (CALABARZON),Dengue,148
2022-02-20,Region IV-A (CALABARZON),Dengue,140
2022-02-27,Region IV-A (CALABARZON),Dengue,132
2022-03-06,Region IV-A (CALABARZON),Dengue,145
2022-03-13,Region IV-A (CALABARZON),Dengue,156
2022-03-20,Region IV-A (CALABARZON),Dengue,167
2022-03-27,Region IV-A (CALABARZON),Dengue,193
2022-04-03,Region IV-A (CALABARZON),Dengue,149
2022-04-10,Region IV-A (CALABARZON),Dengue,168
2022-04-17,Region IV-A (CALABARZON),Dengue,200
2022-04-24,Region IV-A (CALABARZON),Dengue,200
2022-05-01,Region IV-A (CALABARZON),Dengue,224
2022-05-08,Region IV-A (CALABARZON),Dengue,295
2022-05-15,Region IV-A (CALABARZON),Dengue,348
2022-05-22,Region IV-A (CALABARZON),Dengue,345
2022-05-29,Region IV-A (CALABARZON),Dengue,423
2022-06-05,Region IV-A (CALABARZON),Dengue,458
2022-06-12,Region IV-A (CALABARZON),Dengue,589
2022-06-19,Region IV-A (CALABARZON),Dengue,678
2022-06-26,Region IV-A (CALABARZON),Dengue,807
2022-07-03,Region IV-A (CALABARZON),Dengue,892
2022-07-10,Region IV-A (CALABARZON),Dengue,1144
2022-07-17,Region IV-A (CALABARZON),Dengue,1185
2022-07-24,Region IV-A (CALABARZON),Dengue,1218
2022-07-31,Region IV-A (CALABARZON),Dengue,1268
2022-08-07,Region IV-A (CALABARZON),Dengue,1304
2022-08-14,Region IV-A (CALABARZON),Dengue,1190
2022-08-21,Region IV-A (CALABARZON),Dengue,1119
2022-08-28,Region IV-A (CALABARZON),Dengue,1067
2022-09-04,Region IV-A (CALABARZON),Dengue,1079
2022-09-11,Region IV-A (CALABARZON),Dengue,1068
2022-09-18,Region IV-A (CALABARZON),Dengue,901
2022-09-25,Region IV-A (CALABARZON),Dengue,757
2022-10-02,Region IV-A (CALABARZON),Dengue,673
2022-10-09,Region IV-A (CALABARZON),Dengue,640
2022-10-16,Region IV-A (CALABARZON),Dengue,598
2022-10-23,Region IV-A (CALABARZON),Dengue,549
2022-10-30,Region IV-A (CALABARZON),Dengue,446
2022-11-06,Region IV-A (CALABARZON),Dengue,464
2022-11-13,Region IV-A (CALABARZON),Dengue,522
2022-11-20,Region IV-A (CALABARZON),Dengue,442
2022-11-27,Region IV-A (CALABARZON),Dengue,424
2022-12-04,Region IV-A (CALABARZON),Dengue,443
2022-12-11,Region IV-A (CALABARZON),Dengue,402
2022-12-18,Region IV-A (CALABARZON),Dengue,317
2022-12-25,Region IV-A (CALABARZON),Dengue,254
2023-01-01,Region IV-A (CALABARZON),Dengue,154
2023-01-08,Region IV-A (CALABARZON),Dengue,346
2023-01-15,Region IV-A (CALABARZON),Dengue,297
2023-01-22,Region IV-A (CALABARZON),Dengue,330
2023-01-29,Region IV-A (CALABARZON),Dengue,322
2023-02-05,Region IV-A (CALABARZON),Dengue,311
2023-02-12,Region IV-A (CALABARZON),Dengue,276
2023-02-19,Region IV-A (CALABARZON),Dengue,255
2023-02-26,Region IV-A (CALABARZON),Dengue,271
2023-03-05,Region IV-A (CALABARZON),Dengue,260
2023-03-12,Region IV-A (CALABARZON),Dengue,261
2023-03-19,Region IV-A (CALABARZON),Dengue,201
2023-03-26,Region IV-A (CALABARZON),Dengue,223
2023-04-02,Region IV-A (CALABARZON),Dengue,190
2023-04-09,Region IV-A (CALABARZON),Dengue,229
2023-04-16,Region IV-A (CALABARZON),Dengue,277
2023-04-23,Region IV-A (CALABARZON),Dengue,214
2023-04-30,Region IV-A (CALABARZON),Dengue,218
2023-05-07,Region IV-A (CALABARZON),Dengue,212
2023-05-14,Region IV-A (CALABARZON),Dengue,212
2023-05-21,Region IV-A (CALABARZON),Dengue,242
2023-05-28,Region IV-A (CALABARZON),Dengue,275
2023-06-04,Region IV-A (CALABARZON),Dengue,357
2023-06-11,Region IV-A (CALABARZON),Dengue,446
2023-06-18,Region IV-A (CALABARZON),Dengue,576
2023-06-25,Region IV-A (CALABARZON),Dengue,573
2023-07-02,Region IV-A (CALABARZON),Dengue,525
2023-07-09,Region IV-A (CALABARZON),Dengue,520
2023-07-16,Region IV-A (CALABARZON),Dengue,458
2023-07-23,Region IV-A (CALABARZON),Dengue,405
2023-07-30,Region IV-A (CALABARZON),Dengue,389
2023-08-06,Region IV-A (CALABARZON),Dengue,452
2023-08-13,Region IV-A (CALABARZON),Dengue,512
2023-08-20,Region IV-A (CALABARZON),Dengue,524
2023-08-27,Region IV-A (CALABARZON),Dengue,427
2023-09-03,Region IV-A (CALABARZON),Dengue,460
2023-09-10,Region IV-A (CALABARZON),Dengue,605
2023-09-17,Region IV-A (CALABARZON),Dengue,587
2023-09-24,Region IV-A (CALABARZON),Dengue,599
2023-10-01,Region IV-A (CALABARZON),Dengue,631
2023-10-08,Region IV-A (CALABARZON),Dengue,735
2023-10-15,Region IV-A (CALABARZON),Dengue,718
2023-10-22,Region IV-A (CALABARZON),Dengue,754
2023-10-29,Region IV-A (CALABARZON),Dengue,625
2023-11-05,Region IV-A (CALABARZON),Dengue,649
2023-11-12,Region IV-A (CALABARZON),Dengue,713
2023-11-19,Region IV-A (CALABARZON),Dengue,640
2023-11-26,Region IV-A (CALABARZON),Dengue,530
2023-12-03,Region IV-A (CALABARZON),Dengue,574
2023-12-10,Region IV-A (CALABARZON),Dengue,461
2023-12-17,Region IV-A (CALABARZON),Dengue,375
2023-12-24,Region IV-A (CALABARZON),Dengue,341
2023-12-31,Region IV-A (CALABARZON),Dengue,434
2024-01-07,Region IV-A (CALABARZON),Dengue,472
2024-01-14,Region IV-A (CALABARZON),Dengue,485
2024-01-21,Region IV-A (CALABARZON),Dengue,382
2024-01-28,Region IV-A (CALABARZON),Dengue,429
2024-02-04,Region IV-A (CALABARZON),Dengue,411
2024-02-11,Region IV-A (CALABARZON),Dengue,411
2024-02-18,Region IV-A (CALABARZON),Dengue,352
2024-02-25,Region IV-A (CALABARZON),Dengue,323
2024-03-03,Region IV-A (CALABARZON),Dengue,304
2024-03-10,Region IV-A (CALABARZON),Dengue,286
2024-03-17,Region IV-A (CALABARZON),Dengue,242
2024-03-24,Region IV-A (CALABARZON),Dengue,228
2024-03-31,Region IV-A (CALABARZON),Dengue,215
2024-04-07,Region IV-A (CALABARZON),Dengue,242
2024-04-14,Region IV-A (CALABARZON),Dengue,223
2024-04-21,Region IV-A (CALABARZON),Dengue,229
2024-04-28,Region IV-A (CALABARZON),Dengue,229
2024-05-05,Region IV-A (CALABARZON),Dengue,238
2024-05-12,Region IV-A (CALABARZON),Dengue,257
2024-05-19,Region IV-A (CALABARZON),Dengue,205
2024-05-26,Region IV-A (CALABARZON),Dengue,188
2024-06-02,Region IV-A (CALABARZON),Dengue,222
2024-06-09,Region IV-A (CALABARZON),Dengue,262
2024-06-16,Region IV-A (CALABARZON),Dengue,270
2024-06-23,Region IV-A (CALABARZON),Dengue,408
2024-06-30,Region IV-A (CALABARZON),Dengue,508
2024-07-07,Region IV-A (CALABARZON),Dengue,704
2024-07-14,Region IV-A (CALABARZON),Dengue,835
2024-07-21,Region IV-A (CALABARZON),Dengue,999
2024-07-28,Region IV-A (CALABARZON),Dengue,1101
2024-08-04,Region IV-A (CALABARZON),Dengue,1381
2024-08-11,Region IV-A (CALABARZON),Dengue,1604
2024-08-18,Region IV-A (CALABARZON),Dengue,1605
2024-08-25,Region IV-A (CALABARZON),Dengue,1457
2024-09-01,Region IV-A (CALABARZON),Dengue,1290
2024-09-08,Region IV-A (CALABARZON),Dengue,1364
2024-09-15,Region IV-A (CALABARZON),Dengue,1373
2024-09-22,Region IV-A (CALABARZON),Dengue,1477
2024-09-29,Region IV-A (CALABARZON),Dengue,1531
2024-10-06,Region IV-A (CALABARZON),Dengue,1810
2024-10-13,Region IV-A (CALABARZON),Dengue,1970
2024-10-20,Region IV-A (CALABARZON),Dengue,1768
2024-10-27,Region IV-A (CALABARZON),Dengue,1614
2024-11-03,Region IV-A (CALABARZON),Dengue,1818
2024-11-10,Region IV-A (CALABARZON),Dengue,1892
2024-11-17,Region IV-A (CALABARZON),Dengue,1823
2024-11-24,Region IV-A (CALABARZON),Dengue,2069
2024-12-01,Region IV-A (CALABARZON),Dengue,2000
2024-12-08,Region IV-A (CALABARZON),Dengue,1991
2024-12-15,Region IV-A (CALABARZON),Dengue,1715
2024-12-22,Region IV-A (CALABARZON),Dengue,1374
2024-12-29,Region IV-A (CALABARZON),Dengue,1713
2025-01-05,Region IV-A (CALABARZON),Dengue,1212
2025-01-12,Region IV-A (CALABARZON),Dengue,1857
2025-01-19,Region IV-A (CALABARZON),Dengue,1586
2025-01-26,Region IV-A (CALABARZON),Dengue,1761
2025-02-02,Region IV-A (CALABARZON),Dengue,1687
2025-02-09,Region IV-A (CALABARZON),Dengue,1499
2025-02-16,Region IV-A (CALABARZON),Dengue,1454
2025-02-23,Region IV-A (CALABARZON),Dengue,1543
2025-03-02,Region IV-A (CALABARZON),Dengue,1279
2025-03-09,Region IV-A (CALABARZON),Dengue,1100
2025-03-16,Region IV-A (CALABARZON),Dengue,931
2025-03-23,Region IV-A (CALABARZON),Dengue,795
2025-03-30,Region IV-A (CALABARZON),Dengue,657
2025-04-06,Region IV-A (CALABARZON),Dengue,582
2025-04-13,Region IV-A (CALABARZON),Dengue,538
2025-04-20,Region IV-A (CALABARZON),Dengue,468
2025-04-27,Region IV-A (CALABARZON),Dengue,392
2025-05-04,Region IV-A (CALABARZON),Dengue,419
2025-05-11,Region IV-A (CALABARZON),Dengue,345
2025-05-18,Region IV-A (CALABARZON),Dengue,366
2025-05-25,Region IV-A (CALABARZON),Dengue,372
2025-06-01,Region IV-A (CALABARZON),Dengue,356
2025-06-08,Region IV-A (CALABARZON),Dengue,410
2025-06-15,Region IV-A (CALABARZON),Dengue,476
2025-06-22,Region IV-A (CALABARZON),Dengue,612
2025-06-29,Region IV-A (CALABARZON),Dengue,664
2025-07-06,Region IV-A (CALABARZON),Dengue,908
2025-07-13,Region IV-A (CALABARZON),Dengue,967
2025-07-20,Region IV-A (CALABARZON),Dengue,1082
2025-07-27,Region IV-A (CALABARZON),Dengue,975
2025-08-03,Region IV-A (CALABARZON),Dengue,1330
2025-08-10,Region IV-A (CALABARZON),Dengue,1385
2025-08-17,Region IV-A (CALABARZON),Dengue,1365
2025-08-24,Region IV-A (CALABARZON),Dengue,1298
2025-08-31,Region IV-A (CALABARZON),Dengue,1188
2025-09-07,Region IV-A (CALABARZON),Dengue,1250
2025-09-14,Region IV-A (CALABARZON),Dengue,1204
2025-09-21,Region IV-A (CALABARZON),Dengue,1091
2025-09-28,Region IV-A (CALABARZON),Dengue,1143
2025-10-05,Region IV-A (CALABARZON),Dengue,1348
2025-10-12,Region IV-A (CALABARZON),Dengue,1263
2025-10-19,Region IV-A (CALABARZON),Dengue,1138
2025-10-26,Region IV-A (CALABARZON),Dengue,1141
2025-11-02,Region IV-A (CALABARZON),Dengue,767
2025-11-09,Region IV-A (CALABARZON),Dengue,450
2025-11-16,Region IV-A (CALABARZON),Dengue,453
2025-11-23,Region IV-A (CALABARZON),Dengue,422
2025-11-30,Region IV-A (CALABARZON),Dengue,411
2025-12-07,Region IV-A (CALABARZON),Dengue,360
2025-12-14,Region IV-A (CALABARZON),Dengue,319
2025-12-21,Region IV-A (CALABARZON),Dengue,245
2025-12-28,Region IV-A (CALABARZON),Dengue,208
2016-01-10,Region IV-B (MIMAROPA),Dengue,33
2016-01-17,Region IV-B (MIMAROPA),Dengue,52
2016-01-24,Region IV-B (MIMAROPA),Dengue,64
2016-01-31,Region IV-B (MIMAROPA),Dengue,54
2016-02-07,Region IV-B (MIMAROPA),Dengue,74
2016-02-14,Region IV-B (MIMAROPA),Dengue,49
2016-02-21,Region IV-B (MIMAROPA),Dengue,52
2016-02-28,Region IV-B (MIMAROPA),Dengue,44
2016-03-06,Region IV-B (MIMAROPA),Dengue,41
2016-03-13,Region IV-B (MIMAROPA),Dengue,52
2016-03-20,Region IV-B (MIMAROPA),Dengue,72
2016-03-27,Region IV-B (MIMAROPA),Dengue,46
2016-04-03,Region IV-B (MIMAROPA),Dengue,43
2016-04-10,Region IV-B (MIMAROPA),Dengue,43
2016-04-17,Region IV-B (MIMAROPA),Dengue,50
2016-04-24,Region IV-B (MIMAROPA),Dengue,45
2016-05-01,Region IV-B (MIMAROPA),Dengue,51
2016-05-08,Region IV-B (MIMAROPA),Dengue,35
2016-05-15,Region IV-B (MIMAROPA),Dengue,34
2016-05-22,Region IV-B (MIMAROPA),Dengue,42
2016-05-29,Region IV-B (MIMAROPA),Dengue,41
2016-06-05,Region IV-B (MIMAROPA),Dengue,51
2016-06-12,Region IV-B (MIMAROPA),Dengue,56
2016-06-19,Region IV-B (MIMAROPA),Dengue,71
2016-06-26,Region IV-B (MIMAROPA),Dengue,85
2016-07-03,Region IV-B (MIMAROPA),Dengue,97
2016-07-10,Region IV-B (MIMAROPA),Dengue,114
2016-07-17,Region IV-B (MIMAROPA),Dengue,161
2016-07-24,Region IV-B (MIMAROPA),Dengue,193
2016-07-31,Region IV-B (MIMAROPA),Dengue,170
2016-08-07,Region IV-B (MIMAROPA),Dengue,222
2016-08-14,Region IV-B (MIMAROPA),Dengue,178
2016-08-21,Region IV-B (MIMAROPA),Dengue,166
2016-08-28,Region IV-B (MIMAROPA),Dengue,212
2016-09-04,Region IV-B (MIMAROPA),Dengue,166
2016-09-11,Region IV-B (MIMAROPA),Dengue,91
2016-09-18,Region IV-B (MIMAROPA),Dengue,101
2016-09-25,Region IV-B (MIMAROPA),Dengue,111
2016-10-02,Region IV-B (MIMAROPA),Dengue,98
2016-10-09,Region IV-B (MIMAROPA),Dengue,87
2016-10-16,Region IV-B (MIMAROPA),Dengue,77
2016-10-23,Region IV-B (MIMAROPA),Dengue,66
2016-10-30,Region IV-B (MIMAROPA),Dengue,60
2016-11-06,Region IV-B (MIMAROPA),Dengue,57
2016-11-13,Region IV-B (MIMAROPA),Dengue,48
2016-11-20,Region IV-B (MIMAROPA),Dengue,69
2016-11-27,Region IV-B (MIMAROPA),Dengue,40
2016-12-04,Region IV-B (MIMAROPA),Dengue,37
2016-12-11,Region IV-B (MIMAROPA),Dengue,35
2016-12-18,Region IV-B (MIMAROPA),Dengue,33
2016-12-25,Region IV-B (MIMAROPA),Dengue,30
2017-01-01,Region IV-B (MIMAROPA),Dengue,37
2017-01-08,Region IV-B (MIMAROPA),Dengue,62
2017-01-15,Region IV-B (MIMAROPA),Dengue,40
2017-01-22,Region IV-B (MIMAROPA),Dengue,67
2017-01-29,Region IV-B (MIMAROPA),Dengue,84
2017-02-05,Region IV-B (MIMAROPA),Dengue,74
2017-02-12,Region IV-B (MIMAROPA),Dengue,69
2017-02-19,Region IV-B (MIMAROPA),Dengue,44
2017-02-26,Region IV-B (MIMAROPA),Dengue,42
2017-03-05,Region IV-B (MIMAROPA),Dengue,50
2017-03-12,Region IV-B (MIMAROPA),Dengue,38
2017-03-19,Region IV-B (MIMAROPA),Dengue,35
2017-03-26,Region IV-B (MIMAROPA),Dengue,14
2017-04-02,Region IV-B (MIMAROPA),Dengue,19
2017-04-09,Region IV-B (MIMAROPA),Dengue,12
2017-04-16,Region IV-B (MIMAROPA),Dengue,13
2017-04-23,Region IV-B (MIMAROPA),Dengue,15
2017-04-30,Region IV-B (MIMAROPA),Dengue,9
2017-05-07,Region IV-B (MIMAROPA),Dengue,23
2017-05-14,Region IV-B (MIMAROPA),Dengue,22
2017-05-21,Region IV-B (MIMAROPA),Dengue,26
2017-05-28,Region IV-B (MIMAROPA),Dengue,31
2017-06-04,Region IV-B (MIMAROPA),Dengue,38
2017-06-11,Region IV-B (MIMAROPA),Dengue,57
2017-06-18,Region IV-B (MIMAROPA),Dengue,60
2017-06-25,Region IV-B (MIMAROPA),Dengue,86
2017-07-02,Region IV-B (MIMAROPA),Dengue,63
2017-07-09,Region IV-B (MIMAROPA),Dengue,72
2017-07-16,Region IV-B (MIMAROPA),Dengue,72
2017-07-23,Region IV-B (MIMAROPA),Dengue,116
2017-07-30,Region IV-B (MIMAROPA),Dengue,83
2017-08-06,Region IV-B (MIMAROPA),Dengue,116
2017-08-13,Region IV-B (MIMAROPA),Dengue,105
2017-08-20,Region IV-B (MIMAROPA),Dengue,93
2017-08-27,Region IV-B (MIMAROPA),Dengue,91
2017-09-03,Region IV-B (MIMAROPA),Dengue,86
2017-09-10,Region IV-B (MIMAROPA),Dengue,64
2017-09-17,Region IV-B (MIMAROPA),Dengue,79
2017-09-24,Region IV-B (MIMAROPA),Dengue,62
2017-10-01,Region IV-B (MIMAROPA),Dengue,60
2017-10-08,Region IV-B (MIMAROPA),Dengue,42
2017-10-15,Region IV-B (MIMAROPA),Dengue,38
2017-10-22,Region IV-B (MIMAROPA),Dengue,50
2017-10-29,Region IV-B (MIMAROPA),Dengue,49
2017-11-05,Region IV-B (MIMAROPA),Dengue,32
2017-11-12,Region IV-B (MIMAROPA),Dengue,48
2017-11-19,Region IV-B (MIMAROPA),Dengue,63
2017-11-26,Region IV-B (MIMAROPA),Dengue,60
2017-12-03,Region IV-B (MIMAROPA),Dengue,65
2017-12-10,Region IV-B (MIMAROPA),Dengue,25
2017-12-17,Region IV-B (MIMAROPA),Dengue,31
2017-12-24,Region IV-B (MIMAROPA),Dengue,19
2017-12-31,Region IV-B (MIMAROPA),Dengue,21
2018-01-07,Region IV-B (MIMAROPA),Dengue,62
2018-01-14,Region IV-B (MIMAROPA),Dengue,71
2018-01-21,Region IV-B (MIMAROPA),Dengue,56
2018-01-28,Region IV-B (MIMAROPA),Dengue,66
2018-02-04,Region IV-B (MIMAROPA),Dengue,84
2018-02-11,Region IV-B (MIMAROPA),Dengue,86
2018-02-18,Region IV-B (MIMAROPA),Dengue,45
2018-02-25,Region IV-B (MIMAROPA),Dengue,49
2018-03-04,Region IV-B (MIMAROPA),Dengue,55
2018-03-11,Region IV-B (MIMAROPA),Dengue,49
2018-03-18,Region IV-B (MIMAROPA),Dengue,53
2018-03-25,Region IV-B (MIMAROPA),Dengue,38
2018-04-01,Region IV-B (MIMAROPA),Dengue,43
2018-04-08,Region IV-B (MIMAROPA),Dengue,42
2018-04-15,Region IV-B (MIMAROPA),Dengue,46
2018-04-22,Region IV-B (MIMAROPA),Dengue,29
2018-04-29,Region IV-B (MIMAROPA),Dengue,41
2018-05-06,Region IV-B (MIMAROPA),Dengue,55
2018-05-13,Region IV-B (MIMAROPA),Dengue,56
2018-05-20,Region IV-B (MIMAROPA),Dengue,59
2018-05-27,Region IV-B (MIMAROPA),Dengue,85
2018-06-03,Region IV-B (MIMAROPA),Dengue,84
2018-06-10,Region IV-B (MIMAROPA),Dengue,130
2018-06-17,Region IV-B (MIMAROPA),Dengue,142
2018-06-24,Region IV-B (MIMAROPA),Dengue,158
2018-07-01,Region IV-B (MIMAROPA),Dengue,233
2018-07-08,Region IV-B (MIMAROPA),Dengue,280
2018-07-15,Region IV-B (MIMAROPA),Dengue,270
2018-07-22,Region IV-B (MIMAROPA),Dengue,316
2018-07-29,Region IV-B (MIMAROPA),Dengue,348
2018-08-05,Region IV-B (MIMAROPA),Dengue,355
2018-08-12,Region IV-B (MIMAROPA),Dengue,416
2018-08-19,Region IV-B (MIMAROPA),Dengue,362
2018-08-26,Region IV-B (MIMAROPA),Dengue,357
2018-09-02,Region IV-B (MIMAROPA),Dengue,413
2018-09-09,Region IV-B (MIMAROPA),Dengue,316
2018-09-16,Region IV-B (MIMAROPA),Dengue,302
2018-09-23,Region IV-B (MIMAROPA),Dengue,260
2018-09-30,Region IV-B (MIMAROPA),Dengue,204
2018-10-07,Region IV-B (MIMAROPA),Dengue,174
2018-10-14,Region IV-B (MIMAROPA),Dengue,156
2018-10-21,Region IV-B (MIMAROPA),Dengue,143
2018-10-28,Region IV-B (MIMAROPA),Dengue,136
2018-11-04,Region IV-B (MIMAROPA),Dengue,117
2018-11-11,Region IV-B (MIMAROPA),Dengue,119
2018-11-18,Region IV-B (MIMAROPA),Dengue,110
2018-11-25,Region IV-B (MIMAROPA),Dengue,120
2018-12-02,Region IV-B (MIMAROPA),Dengue,108
2018-12-09,Region IV-B (MIMAROPA),Dengue,136
2018-12-16,Region IV-B (MIMAROPA),Dengue,129
2018-12-23,Region IV-B (MIMAROPA),Dengue,86
2018-12-30,Region IV-B (MIMAROPA),Dengue,67
2019-01-06,Region IV-B (MIMAROPA),Dengue,218
2019-01-13,Region IV-B (MIMAROPA),Dengue,206
2019-01-20,Region IV-B (MIMAROPA),Dengue,158
2019-01-27,Region IV-B (MIMAROPA),Dengue,182
2019-02-03,Region IV-B (MIMAROPA),Dengue,166
2019-02-10,Region IV-B (MIMAROPA),Dengue,198
2019-02-17,Region IV-B (MIMAROPA),Dengue,182
2019-02-24,Region IV-B (MIMAROPA),Dengue,154
2019-03-03,Region IV-B (MIMAROPA),Dengue,158
2019-03-10,Region IV-B (MIMAROPA),Dengue,167
2019-03-17,Region IV-B (MIMAROPA),Dengue,136
2019-03-24,Region IV-B (MIMAROPA),Dengue,111
2019-03-31,Region IV-B (MIMAROPA),Dengue,107
2019-04-07,Region IV-B (MIMAROPA),Dengue,82
2019-04-14,Region IV-B (MIMAROPA),Dengue,63
2019-04-21,Region IV-B (MIMAROPA),Dengue,54
2019-04-28,Region IV-B (MIMAROPA),Dengue,45
2019-05-05,Region IV-B (MIMAROPA),Dengue,82
2019-05-12,Region IV-B (MIMAROPA),Dengue,73
2019-05-19,Region IV-B (MIMAROPA),Dengue,77
2019-05-26,Region IV-B (MIMAROPA),Dengue,73
2019-06-02,Region IV-B (MIMAROPA),Dengue,103
2019-06-09,Region IV-B (MIMAROPA),Dengue,146
2019-06-16,Region IV-B (MIMAROPA),Dengue,222
2019-06-23,Region IV-B (MIMAROPA),Dengue,261
2019-06-30,Region IV-B (MIMAROPA),Dengue,428
2019-07-07,Region IV-B (MIMAROPA),Dengue,501
2019-07-14,Region IV-B (MIMAROPA),Dengue,432
2019-07-21,Region IV-B (MIMAROPA),Dengue,513
2019-07-28,Region IV-B (MIMAROPA),Dengue,613
2019-08-04,Region IV-B (MIMAROPA),Dengue,531
2019-08-11,Region IV-B (MIMAROPA),Dengue,464
2019-08-18,Region IV-B (MIMAROPA),Dengue,426
2019-08-25,Region IV-B (MIMAROPA),Dengue,407
2019-09-01,Region IV-B (MIMAROPA),Dengue,493
2019-09-08,Region IV-B (MIMAROPA),Dengue,431
2019-09-15,Region IV-B (MIMAROPA),Dengue,274
2019-09-22,Region IV-B (MIMAROPA),Dengue,221
2019-09-29,Region IV-B (MIMAROPA),Dengue,176
2019-10-06,Region IV-B (MIMAROPA),Dengue,189
2019-10-13,Region IV-B (MIMAROPA),Dengue,148
2019-10-20,Region IV-B (MIMAROPA),Dengue,142
2019-10-27,Region IV-B (MIMAROPA),Dengue,156
2019-11-03,Region IV-B (MIMAROPA),Dengue,135
2019-11-10,Region IV-B (MIMAROPA),Dengue,96
2019-11-17,Region IV-B (MIMAROPA),Dengue,112
2019-11-24,Region IV-B (MIMAROPA),Dengue,86
2019-12-01,Region IV-B (MIMAROPA),Dengue,100
2019-12-08,Region IV-B (MIMAROPA),Dengue,63
2019-12-15,Region IV-B (MIMAROPA),Dengue,53
2019-12-22,Region IV-B (MIMAROPA),Dengue,7
2019-12-29,Region IV-B (MIMAROPA),Dengue,20
2022-01-09,Region IV-B (MIMAROPA),Dengue,32
2022-01-16,Region IV-B (MIMAROPA),Dengue,27
2022-01-23,Region IV-B (MIMAROPA),Dengue,25
2022-01-30,Region IV-B (MIMAROPA),Dengue,26
2022-02-06,Region IV-B (MIMAROPA),Dengue,22
2022-02-13,Region IV-B (MIMAROPA),Dengue,28
2022-02-20,Region IV-B (MIMAROPA),Dengue,31
2022-02-27,Region IV-B (MIMAROPA),Dengue,22
2022-03-06,Region IV-B (MIMAROPA),Dengue,27
2022-03-13,Region IV-B (MIMAROPA),Dengue,28
2022-03-20,Region IV-B (MIMAROPA),Dengue,28
2022-03-27,Region IV-B (MIMAROPA),Dengue,43
2022-04-03,Region IV-B (MIMAROPA),Dengue,44
2022-04-10,Region IV-B (MIMAROPA),Dengue,45
2022-04-17,Region IV-B (MIMAROPA),Dengue,50
2022-04-24,Region IV-B (MIMAROPA),Dengue,51
2022-05-01,Region IV-B (MIMAROPA),Dengue,60
2022-05-08,Region IV-B (MIMAROPA),Dengue,82
2022-05-15,Region IV-B (MIMAROPA),Dengue,109
2022-05-22,Region IV-B (MIMAROPA),Dengue,151
2022-05-29,Region IV-B (MIMAROPA),Dengue,178
2022-06-05,Region IV-B (MIMAROPA),Dengue,216
2022-06-12,Region IV-B (MIMAROPA),Dengue,289
2022-06-19,Region IV-B (MIMAROPA),Dengue,350
2022-06-26,Region IV-B (MIMAROPA),Dengue,364
2022-07-03,Region IV-B (MIMAROPA),Dengue,423
2022-07-10,Region IV-B (MIMAROPA),Dengue,542
2022-07-17,Region IV-B (MIMAROPA),Dengue,618
2022-07-24,Region IV-B (MIMAROPA),Dengue,558
2022-07-31,Region IV-B (MIMAROPA),Dengue,495
2022-08-07,Region IV-B (MIMAROPA),Dengue,496
2022-08-14,Region IV-B (MIMAROPA),Dengue,409
2022-08-21,Region IV-B (MIMAROPA),Dengue,360
2022-08-28,Region IV-B (MIMAROPA),Dengue,268
2022-09-04,Region IV-B (MIMAROPA),Dengue,248
2022-09-11,Region IV-B (MIMAROPA),Dengue,229
2022-09-18,Region IV-B (MIMAROPA),Dengue,204
2022-09-25,Region IV-B (MIMAROPA),Dengue,175
2022-10-02,Region IV-B (MIMAROPA),Dengue,151
2022-10-09,Region IV-B (MIMAROPA),Dengue,153
2022-10-16,Region IV-B (MIMAROPA),Dengue,142
2022-10-23,Region IV-B (MIMAROPA),Dengue,172
2022-10-30,Region IV-B (MIMAROPA),Dengue,172
2022-11-06,Region IV-B (MIMAROPA),Dengue,139
2022-11-13,Region IV-B (MIMAROPA),Dengue,193
2022-11-20,Region IV-B (MIMAROPA),Dengue,209
2022-11-27,Region IV-B (MIMAROPA),Dengue,169
2022-12-04,Region IV-B (MIMAROPA),Dengue,211
2022-12-11,Region IV-B (MIMAROPA),Dengue,196
2022-12-18,Region IV-B (MIMAROPA),Dengue,158
2022-12-25,Region IV-B (MIMAROPA),Dengue,120
2023-01-01,Region IV-B (MIMAROPA),Dengue,139
2023-01-08,Region IV-B (MIMAROPA),Dengue,158
2023-01-15,Region IV-B (MIMAROPA),Dengue,167
2023-01-22,Region IV-B (MIMAROPA),Dengue,156
2023-01-29,Region IV-B (MIMAROPA),Dengue,190
2023-02-05,Region IV-B (MIMAROPA),Dengue,172
2023-02-12,Region IV-B (MIMAROPA),Dengue,186
2023-02-19,Region IV-B (MIMAROPA),Dengue,192
2023-02-26,Region IV-B (MIMAROPA),Dengue,230
2023-03-05,Region IV-B (MIMAROPA),Dengue,251
2023-03-12,Region IV-B (MIMAROPA),Dengue,201
2023-03-19,Region IV-B (MIMAROPA),Dengue,85
2023-03-26,Region IV-B (MIMAROPA),Dengue,86
2023-04-02,Region IV-B (MIMAROPA),Dengue,162
2023-04-09,Region IV-B (MIMAROPA),Dengue,97
2023-04-16,Region IV-B (MIMAROPA),Dengue,207
2023-04-23,Region IV-B (MIMAROPA),Dengue,200
2023-04-30,Region IV-B (MIMAROPA),Dengue,225
2023-05-07,Region IV-B (MIMAROPA),Dengue,217
2023-05-14,Region IV-B (MIMAROPA),Dengue,220
2023-05-21,Region IV-B (MIMAROPA),Dengue,250
2023-05-28,Region IV-B (MIMAROPA),Dengue,264
2023-06-04,Region IV-B (MIMAROPA),Dengue,316
2023-06-11,Region IV-B (MIMAROPA),Dengue,372
2023-06-18,Region IV-B (MIMAROPA),Dengue,460
2023-06-25,Region IV-B (MIMAROPA),Dengue,462
2023-07-02,Region IV-B (MIMAROPA),Dengue,608
2023-07-09,Region IV-B (MIMAROPA),Dengue,656
2023-07-16,Region IV-B (MIMAROPA),Dengue,620
2023-07-23,Region IV-B (MIMAROPA),Dengue,588
2023-07-30,Region IV-B (MIMAROPA),Dengue,516
2023-08-06,Region IV-B (MIMAROPA),Dengue,530
2023-08-13,Region IV-B (MIMAROPA),Dengue,513
2023-08-20,Region IV-B (MIMAROPA),Dengue,452
2023-08-27,Region IV-B (MIMAROPA),Dengue,365
2023-09-03,Region IV-B (MIMAROPA),Dengue,323
2023-09-10,Region IV-B (MIMAROPA),Dengue,322
2023-09-17,Region IV-B (MIMAROPA),Dengue,287
2023-09-24,Region IV-B (MIMAROPA),Dengue,318
2023-10-01,Region IV-B (MIMAROPA),Dengue,302
2023-10-08,Region IV-B (MIMAROPA),Dengue,380
2023-10-15,Region IV-B (MIMAROPA),Dengue,351
2023-10-22,Region IV-B (MIMAROPA),Dengue,308
2023-10-29,Region IV-B (MIMAROPA),Dengue,257
2023-11-05,Region IV-B (MIMAROPA),Dengue,247
2023-11-12,Region IV-B (MIMAROPA),Dengue,240
2023-11-19,Region IV-B (MIMAROPA),Dengue,254
2023-11-26,Region IV-B (MIMAROPA),Dengue,205
2023-12-03,Region IV-B (MIMAROPA),Dengue,203
2023-12-10,Region IV-B (MIMAROPA),Dengue,164
2023-12-17,Region IV-B (MIMAROPA),Dengue,144
2023-12-24,Region IV-B (MIMAROPA),Dengue,108
2023-12-31,Region IV-B (MIMAROPA),Dengue,169
2024-01-07,Region IV-B (MIMAROPA),Dengue,185
2024-01-14,Region IV-B (MIMAROPA),Dengue,169
2024-01-21,Region IV-B (MIMAROPA),Dengue,146
2024-01-28,Region IV-B (MIMAROPA),Dengue,139
2024-02-04,Region IV-B (MIMAROPA),Dengue,159
2024-02-11,Region IV-B (MIMAROPA),Dengue,146
2024-02-18,Region IV-B (MIMAROPA),Dengue,118
2024-02-25,Region IV-B (MIMAROPA),Dengue,147
2024-03-03,Region IV-B (MIMAROPA),Dengue,173
2024-03-10,Region IV-B (MIMAROPA),Dengue,177
2024-03-17,Region IV-B (MIMAROPA),Dengue,161
2024-03-24,Region IV-B (MIMAROPA),Dengue,122
2024-03-31,Region IV-B (MIMAROPA),Dengue,103
2024-04-07,Region IV-B (MIMAROPA),Dengue,123
2024-04-14,Region IV-B (MIMAROPA),Dengue,135
2024-04-21,Region IV-B (MIMAROPA),Dengue,141
2024-04-28,Region IV-B (MIMAROPA),Dengue,134
2024-05-05,Region IV-B (MIMAROPA),Dengue,133
2024-05-12,Region IV-B (MIMAROPA),Dengue,123
2024-05-19,Region IV-B (MIMAROPA),Dengue,157
2024-05-26,Region IV-B (MIMAROPA),Dengue,138
2024-06-02,Region IV-B (MIMAROPA),Dengue,178
2024-06-09,Region IV-B (MIMAROPA),Dengue,224
2024-06-16,Region IV-B (MIMAROPA),Dengue,280
2024-06-23,Region IV-B (MIMAROPA),Dengue,397
2024-06-30,Region IV-B (MIMAROPA),Dengue,519
2024-07-07,Region IV-B (MIMAROPA),Dengue,642
2024-07-14,Region IV-B (MIMAROPA),Dengue,875
2024-07-21,Region IV-B (MIMAROPA),Dengue,932
2024-07-28,Region IV-B (MIMAROPA),Dengue,1089
2024-08-04,Region IV-B (MIMAROPA),Dengue,1070
2024-08-11,Region IV-B (MIMAROPA),Dengue,1102
2024-08-18,Region IV-B (MIMAROPA),Dengue,1017
2024-08-25,Region IV-B (MIMAROPA),Dengue,710
2024-09-01,Region IV-B (MIMAROPA),Dengue,622
2024-09-08,Region IV-B (MIMAROPA),Dengue,573
2024-09-15,Region IV-B (MIMAROPA),Dengue,445
2024-09-22,Region IV-B (MIMAROPA),Dengue,310
2024-09-29,Region IV-B (MIMAROPA),Dengue,310
2024-10-06,Region IV-B (MIMAROPA),Dengue,293
2024-10-13,Region IV-B (MIMAROPA),Dengue,310
2024-10-20,Region IV-B (MIMAROPA),Dengue,342
2024-10-27,Region IV-B (MIMAROPA),Dengue,294
2024-11-03,Region IV-B (MIMAROPA),Dengue,261
2024-11-10,Region IV-B (MIMAROPA),Dengue,325
2024-11-17,Region IV-B (MIMAROPA),Dengue,304
2024-11-24,Region IV-B (MIMAROPA),Dengue,297
2024-12-01,Region IV-B (MIMAROPA),Dengue,266
2024-12-08,Region IV-B (MIMAROPA),Dengue,271
2024-12-15,Region IV-B (MIMAROPA),Dengue,208
2024-12-22,Region IV-B (MIMAROPA),Dengue,230
2024-12-29,Region IV-B (MIMAROPA),Dengue,339
2025-01-05,Region IV-B (MIMAROPA),Dengue,218
2025-01-12,Region IV-B (MIMAROPA),Dengue,309
2025-01-19,Region IV-B (MIMAROPA),Dengue,333
2025-01-26,Region IV-B (MIMAROPA),Dengue,333
2025-02-02,Region IV-B (MIMAROPA),Dengue,362
2025-02-09,Region IV-B (MIMAROPA),Dengue,316
2025-02-16,Region IV-B (MIMAROPA),Dengue,324
2025-02-23,Region IV-B (MIMAROPA),Dengue,347
2025-03-02,Region IV-B (MIMAROPA),Dengue,344
2025-03-09,Region IV-B (MIMAROPA),Dengue,265
2025-03-16,Region IV-B (MIMAROPA),Dengue,304
2025-03-23,Region IV-B (MIMAROPA),Dengue,299
2025-03-30,Region IV-B (MIMAROPA),Dengue,266
2025-04-06,Region IV-B (MIMAROPA),Dengue,304
2025-04-13,Region IV-B (MIMAROPA),Dengue,228
2025-04-20,Region IV-B (MIMAROPA),Dengue,198
2025-04-27,Region IV-B (MIMAROPA),Dengue,242
2025-05-04,Region IV-B (MIMAROPA),Dengue,197
2025-05-11,Region IV-B (MIMAROPA),Dengue,214
2025-05-18,Region IV-B (MIMAROPA),Dengue,207
2025-05-25,Region IV-B (MIMAROPA),Dengue,212
2025-06-01,Region IV-B (MIMAROPA),Dengue,218
2025-06-08,Region IV-B (MIMAROPA),Dengue,202
2025-06-15,Region IV-B (MIMAROPA),Dengue,309
2025-06-22,Region IV-B (MIMAROPA),Dengue,420
2025-06-29,Region IV-B (MIMAROPA),Dengue,380
2025-07-06,Region IV-B (MIMAROPA),Dengue,453
2025-07-13,Region IV-B (MIMAROPA),Dengue,460
2025-07-20,Region IV-B (MIMAROPA),Dengue,401
2025-07-27,Region IV-B (MIMAROPA),Dengue,450
2025-08-03,Region IV-B (MIMAROPA),Dengue,512
2025-08-10,Region IV-B (MIMAROPA),Dengue,452
2025-08-17,Region IV-B (MIMAROPA),Dengue,362
2025-08-24,Region IV-B (MIMAROPA),Dengue,254
2025-08-31,Region IV-B (MIMAROPA),Dengue,265
2025-09-07,Region IV-B (MIMAROPA),Dengue,274
2025-09-14,Region IV-B (MIMAROPA),Dengue,239
2025-09-21,Region IV-B (MIMAROPA),Dengue,220
2025-09-28,Region IV-B (MIMAROPA),Dengue,197
2025-10-05,Region IV-B (MIMAROPA),Dengue,232
2025-10-12,Region IV-B (MIMAROPA),Dengue,209
2025-10-19,Region IV-B (MIMAROPA),Dengue,234
2025-10-26,Region IV-B (MIMAROPA),Dengue,231
2025-11-02,Region IV-B (MIMAROPA),Dengue,141
2025-11-09,Region IV-B (MIMAROPA),Dengue,9
2025-11-16,Region IV-B (MIMAROPA),Dengue,1
2025-11-23,Region IV-B (MIMAROPA),Dengue,2
2025-11-30,Region IV-B (MIMAROPA),Dengue,1
2025-12-07,Region IV-B (MIMAROPA),Dengue,2
2025-12-14,Region IV-B (MIMAROPA),Dengue,3
2025-12-21,Region IV-B (MIMAROPA),Dengue,4
2025-12-28,Region IV-B (MIMAROPA),Dengue,11
2016-01-10,Region IX (Zamboanga Peninsula),Dengue,207
2016-01-17,Region IX (Zamboanga Peninsula),Dengue,124
2016-01-24,Region IX (Zamboanga Peninsula),Dengue,130
2016-01-31,Region IX (Zamboanga Peninsula),Dengue,135
2016-02-07,Region IX (Zamboanga Peninsula),Dengue,115
2016-02-14,Region IX (Zamboanga Peninsula),Dengue,123
2016-02-21,Region IX (Zamboanga Peninsula),Dengue,100
2016-02-28,Region IX (Zamboanga Peninsula),Dengue,94
2016-03-06,Region IX (Zamboanga Peninsula),Dengue,97
2016-03-13,Region IX (Zamboanga Peninsula),Dengue,121
2016-03-20,Region IX (Zamboanga Peninsula),Dengue,102
2016-03-27,Region IX (Zamboanga Peninsula),Dengue,94
2016-04-03,Region IX (Zamboanga Peninsula),Dengue,64
2016-04-10,Region IX (Zamboanga Peninsula),Dengue,70
2016-04-17,Region IX (Zamboanga Peninsula),Dengue,78
2016-04-24,Region IX (Zamboanga Peninsula),Dengue,74
2016-05-01,Region IX (Zamboanga Peninsula),Dengue,80
2016-05-08,Region IX (Zamboanga Peninsula),Dengue,68
2016-05-15,Region IX (Zamboanga Peninsula),Dengue,99
2016-05-22,Region IX (Zamboanga Peninsula),Dengue,107
2016-05-29,Region IX (Zamboanga Peninsula),Dengue,97
2016-06-05,Region IX (Zamboanga Peninsula),Dengue,161
2016-06-12,Region IX (Zamboanga Peninsula),Dengue,133
2016-06-19,Region IX (Zamboanga Peninsula),Dengue,169
2016-06-26,Region IX (Zamboanga Peninsula),Dengue,178
2016-07-03,Region IX (Zamboanga Peninsula),Dengue,160
2016-07-10,Region IX (Zamboanga Peninsula),Dengue,191
2016-07-17,Region IX (Zamboanga Peninsula),Dengue,179
2016-07-24,Region IX (Zamboanga Peninsula),Dengue,206
2016-07-31,Region IX (Zamboanga Peninsula),Dengue,289
2016-08-07,Region IX (Zamboanga Peninsula),Dengue,290
2016-08-14,Region IX (Zamboanga Peninsula),Dengue,283
2016-08-21,Region IX (Zamboanga Peninsula),Dengue,248
2016-08-28,Region IX (Zamboanga Peninsula),Dengue,195
2016-09-04,Region IX (Zamboanga Peninsula),Dengue,215
2016-09-11,Region IX (Zamboanga Peninsula),Dengue,176
2016-09-18,Region IX (Zamboanga Peninsula),Dengue,140
2016-09-25,Region IX (Zamboanga Peninsula),Dengue,162
2016-10-02,Region IX (Zamboanga Peninsula),Dengue,159
2016-10-09,Region IX (Zamboanga Peninsula),Dengue,123
2016-10-16,Region IX (Zamboanga Peninsula),Dengue,139
2016-10-23,Region IX (Zamboanga Peninsula),Dengue,132
2016-10-30,Region IX (Zamboanga Peninsula),Dengue,137
2016-11-06,Region IX (Zamboanga Peninsula),Dengue,131
2016-11-13,Region IX (Zamboanga Peninsula),Dengue,139
2016-11-20,Region IX (Zamboanga Peninsula),Dengue,117
2016-11-27,Region IX (Zamboanga Peninsula),Dengue,133
2016-12-04,Region IX (Zamboanga Peninsula),Dengue,142
2016-12-11,Region IX (Zamboanga Peninsula),Dengue,118
2016-12-18,Region IX (Zamboanga Peninsula),Dengue,110
2016-12-25,Region IX (Zamboanga Peninsula),Dengue,81
2017-01-01,Region IX (Zamboanga Peninsula),Dengue,63
2017-01-08,Region IX (Zamboanga Peninsula),Dengue,106
2017-01-15,Region IX (Zamboanga Peninsula),Dengue,129
2017-01-22,Region IX (Zamboanga Peninsula),Dengue,116
2017-01-29,Region IX (Zamboanga Peninsula),Dengue,123
2017-02-05,Region IX (Zamboanga Peninsula),Dengue,98
2017-02-12,Region IX (Zamboanga Peninsula),Dengue,102
2017-02-19,Region IX (Zamboanga Peninsula),Dengue,103
2017-02-26,Region IX (Zamboanga Peninsula),Dengue,75
2017-03-05,Region IX (Zamboanga Peninsula),Dengue,81
2017-03-12,Region IX (Zamboanga Peninsula),Dengue,53
2017-03-19,Region IX (Zamboanga Peninsula),Dengue,52
2017-03-26,Region IX (Zamboanga Peninsula),Dengue,66
2017-04-02,Region IX (Zamboanga Peninsula),Dengue,58
2017-04-09,Region IX (Zamboanga Peninsula),Dengue,55
2017-04-16,Region IX (Zamboanga Peninsula),Dengue,63
2017-04-23,Region IX (Zamboanga Peninsula),Dengue,59
2017-04-30,Region IX (Zamboanga Peninsula),Dengue,60
2017-05-07,Region IX (Zamboanga Peninsula),Dengue,61
2017-05-14,Region IX (Zamboanga Peninsula),Dengue,70
2017-05-21,Region IX (Zamboanga Peninsula),Dengue,84
2017-05-28,Region IX (Zamboanga Peninsula),Dengue,78
2017-06-04,Region IX (Zamboanga Peninsula),Dengue,105
2017-06-11,Region IX (Zamboanga Peninsula),Dengue,120
2017-06-18,Region IX (Zamboanga Peninsula),Dengue,148
2017-06-25,Region IX (Zamboanga Peninsula),Dengue,200
2017-07-02,Region IX (Zamboanga Peninsula),Dengue,243
2017-07-09,Region IX (Zamboanga Peninsula),Dengue,153
2017-07-16,Region IX (Zamboanga Peninsula),Dengue,160
2017-07-23,Region IX (Zamboanga Peninsula),Dengue,169
2017-07-30,Region IX (Zamboanga Peninsula),Dengue,147
2017-08-06,Region IX (Zamboanga Peninsula),Dengue,94
2017-08-13,Region IX (Zamboanga Peninsula),Dengue,115
2017-08-20,Region IX (Zamboanga Peninsula),Dengue,111
2017-08-27,Region IX (Zamboanga Peninsula),Dengue,131
2017-09-03,Region IX (Zamboanga Peninsula),Dengue,94
2017-09-10,Region IX (Zamboanga Peninsula),Dengue,59
2017-09-17,Region IX (Zamboanga Peninsula),Dengue,34
2017-09-24,Region IX (Zamboanga Peninsula),Dengue,46
2017-10-01,Region IX (Zamboanga Peninsula),Dengue,73
2017-10-08,Region IX (Zamboanga Peninsula),Dengue,66
2017-10-15,Region IX (Zamboanga Peninsula),Dengue,50
2017-10-22,Region IX (Zamboanga Peninsula),Dengue,50
2017-10-29,Region IX (Zamboanga Peninsula),Dengue,65
2017-11-05,Region IX (Zamboanga Peninsula),Dengue,67
2017-11-12,Region IX (Zamboanga Peninsula),Dengue,71
2017-11-19,Region IX (Zamboanga Peninsula),Dengue,49
2017-11-26,Region IX (Zamboanga Peninsula),Dengue,59
2017-12-03,Region IX (Zamboanga Peninsula),Dengue,34
2017-12-10,Region IX (Zamboanga Peninsula),Dengue,46
2017-12-17,Region IX (Zamboanga Peninsula),Dengue,62
2017-12-24,Region IX (Zamboanga Peninsula),Dengue,32
2017-12-31,Region IX (Zamboanga Peninsula),Dengue,48
2018-01-07,Region IX (Zamboanga Peninsula),Dengue,73
2018-01-14,Region IX (Zamboanga Peninsula),Dengue,75
2018-01-21,Region IX (Zamboanga Peninsula),Dengue,70
2018-01-28,Region IX (Zamboanga Peninsula),Dengue,97
2018-02-04,Region IX (Zamboanga Peninsula),Dengue,85
2018-02-11,Region IX (Zamboanga Peninsula),Dengue,88
2018-02-18,Region IX (Zamboanga Peninsula),Dengue,71
2018-02-25,Region IX (Zamboanga Peninsula),Dengue,77
2018-03-04,Region IX (Zamboanga Peninsula),Dengue,94
2018-03-11,Region IX (Zamboanga Peninsula),Dengue,80
2018-03-18,Region IX (Zamboanga Peninsula),Dengue,51
2018-03-25,Region IX (Zamboanga Peninsula),Dengue,62
2018-04-01,Region IX (Zamboanga Peninsula),Dengue,47
2018-04-08,Region IX (Zamboanga Peninsula),Dengue,31
2018-04-15,Region IX (Zamboanga Peninsula),Dengue,26
2018-04-22,Region IX (Zamboanga Peninsula),Dengue,63
2018-04-29,Region IX (Zamboanga Peninsula),Dengue,46
2018-05-06,Region IX (Zamboanga Peninsula),Dengue,67
2018-05-13,Region IX (Zamboanga Peninsula),Dengue,69
2018-05-20,Region IX (Zamboanga Peninsula),Dengue,87
2018-05-27,Region IX (Zamboanga Peninsula),Dengue,125
2018-06-03,Region IX (Zamboanga Peninsula),Dengue,109
2018-06-10,Region IX (Zamboanga Peninsula),Dengue,90
2018-06-17,Region IX (Zamboanga Peninsula),Dengue,61
2018-06-24,Region IX (Zamboanga Peninsula),Dengue,80
2018-07-01,Region IX (Zamboanga Peninsula),Dengue,78
2018-07-08,Region IX (Zamboanga Peninsula),Dengue,138
2018-07-15,Region IX (Zamboanga Peninsula),Dengue,173
2018-07-22,Region IX (Zamboanga Peninsula),Dengue,221
2018-07-29,Region IX (Zamboanga Peninsula),Dengue,208
2018-08-05,Region IX (Zamboanga Peninsula),Dengue,191
2018-08-12,Region IX (Zamboanga Peninsula),Dengue,192
2018-08-19,Region IX (Zamboanga Peninsula),Dengue,199
2018-08-26,Region IX (Zamboanga Peninsula),Dengue,163
2018-09-02,Region IX (Zamboanga Peninsula),Dengue,163
2018-09-09,Region IX (Zamboanga Peninsula),Dengue,105
2018-09-16,Region IX (Zamboanga Peninsula),Dengue,110
2018-09-23,Region IX (Zamboanga Peninsula),Dengue,126
2018-09-30,Region IX (Zamboanga Peninsula),Dengue,144
2018-10-07,Region IX (Zamboanga Peninsula),Dengue,158
2018-10-14,Region IX (Zamboanga Peninsula),Dengue,182
2018-10-21,Region IX (Zamboanga Peninsula),Dengue,155
2018-10-28,Region IX (Zamboanga Peninsula),Dengue,139
2018-11-04,Region IX (Zamboanga Peninsula),Dengue,171
2018-11-11,Region IX (Zamboanga Peninsula),Dengue,161
2018-11-18,Region IX (Zamboanga Peninsula),Dengue,189
2018-11-25,Region IX (Zamboanga Peninsula),Dengue,226
2018-12-02,Region IX (Zamboanga Peninsula),Dengue,198
2018-12-09,Region IX (Zamboanga Peninsula),Dengue,223
2018-12-16,Region IX (Zamboanga Peninsula),Dengue,114
2018-12-23,Region IX (Zamboanga Peninsula),Dengue,93
2018-12-30,Region IX (Zamboanga Peninsula),Dengue,204
2019-01-06,Region IX (Zamboanga Peninsula),Dengue,335
2019-01-13,Region IX (Zamboanga Peninsula),Dengue,282
2019-01-20,Region IX (Zamboanga Peninsula),Dengue,263
2019-01-27,Region IX (Zamboanga Peninsula),Dengue,263
2019-02-03,Region IX (Zamboanga Peninsula),Dengue,268
2019-02-10,Region IX (Zamboanga Peninsula),Dengue,218
2019-02-17,Region IX (Zamboanga Peninsula),Dengue,190
2019-02-24,Region IX (Zamboanga Peninsula),Dengue,183
2019-03-03,Region IX (Zamboanga Peninsula),Dengue,215
2019-03-10,Region IX (Zamboanga Peninsula),Dengue,287
2019-03-17,Region IX (Zamboanga Peninsula),Dengue,234
2019-03-24,Region IX (Zamboanga Peninsula),Dengue,232
2019-03-31,Region IX (Zamboanga Peninsula),Dengue,213
2019-04-07,Region IX (Zamboanga Peninsula),Dengue,232
2019-04-14,Region IX (Zamboanga Peninsula),Dengue,276
2019-04-21,Region IX (Zamboanga Peninsula),Dengue,359
2019-04-28,Region IX (Zamboanga Peninsula),Dengue,417
2019-05-05,Region IX (Zamboanga Peninsula),Dengue,422
2019-05-12,Region IX (Zamboanga Peninsula),Dengue,379
2019-05-19,Region IX (Zamboanga Peninsula),Dengue,418
2019-05-26,Region IX (Zamboanga Peninsula),Dengue,537
2019-06-02,Region IX (Zamboanga Peninsula),Dengue,695
2019-06-09,Region IX (Zamboanga Peninsula),Dengue,728
2019-06-16,Region IX (Zamboanga Peninsula),Dengue,783
2019-06-23,Region IX (Zamboanga Peninsula),Dengue,860
2019-06-30,Region IX (Zamboanga Peninsula),Dengue,912
2019-07-07,Region IX (Zamboanga Peninsula),Dengue,1002
2019-07-14,Region IX (Zamboanga Peninsula),Dengue,1217
2019-07-21,Region IX (Zamboanga Peninsula),Dengue,1155
2019-07-28,Region IX (Zamboanga Peninsula),Dengue,1054
2019-08-04,Region IX (Zamboanga Peninsula),Dengue,1103
2019-08-11,Region IX (Zamboanga Peninsula),Dengue,957
2019-08-18,Region IX (Zamboanga Peninsula),Dengue,917
2019-08-25,Region IX (Zamboanga Peninsula),Dengue,762
2019-09-01,Region IX (Zamboanga Peninsula),Dengue,648
2019-09-08,Region IX (Zamboanga Peninsula),Dengue,542
2019-09-15,Region IX (Zamboanga Peninsula),Dengue,484
2019-09-22,Region IX (Zamboanga Peninsula),Dengue,473
2019-09-29,Region IX (Zamboanga Peninsula),Dengue,465
2019-10-06,Region IX (Zamboanga Peninsula),Dengue,437
2019-10-13,Region IX (Zamboanga Peninsula),Dengue,447
2019-10-20,Region IX (Zamboanga Peninsula),Dengue,458
2019-10-27,Region IX (Zamboanga Peninsula),Dengue,341
2019-11-03,Region IX (Zamboanga Peninsula),Dengue,330
2019-11-10,Region IX (Zamboanga Peninsula),Dengue,359
2019-11-17,Region IX (Zamboanga Peninsula),Dengue,260
2019-11-24,Region IX (Zamboanga Peninsula),Dengue,235
2019-12-01,Region IX (Zamboanga Peninsula),Dengue,204
2019-12-08,Region IX (Zamboanga Peninsula),Dengue,163
2019-12-15,Region IX (Zamboanga Peninsula),Dengue,110
2019-12-22,Region IX (Zamboanga Peninsula),Dengue,107
2019-12-29,Region IX (Zamboanga Peninsula),Dengue,109
2022-01-09,Region IX (Zamboanga Peninsula),Dengue,110
2022-01-16,Region IX (Zamboanga Peninsula),Dengue,72
2022-01-23,Region IX (Zamboanga Peninsula),Dengue,74
2022-01-30,Region IX (Zamboanga Peninsula),Dengue,52
2022-02-06,Region IX (Zamboanga Peninsula),Dengue,97
2022-02-13,Region IX (Zamboanga Peninsula),Dengue,62
2022-02-20,Region IX (Zamboanga Peninsula),Dengue,101
2022-02-27,Region IX (Zamboanga Peninsula),Dengue,90
2022-03-06,Region IX (Zamboanga Peninsula),Dengue,120
2022-03-13,Region IX (Zamboanga Peninsula),Dengue,159
2022-03-20,Region IX (Zamboanga Peninsula),Dengue,231
2022-03-27,Region IX (Zamboanga Peninsula),Dengue,229
2022-04-03,Region IX (Zamboanga Peninsula),Dengue,226
2022-04-10,Region IX (Zamboanga Peninsula),Dengue,332
2022-04-17,Region IX (Zamboanga Peninsula),Dengue,368
2022-04-24,Region IX (Zamboanga Peninsula),Dengue,419
2022-05-01,Region IX (Zamboanga Peninsula),Dengue,384
2022-05-08,Region IX (Zamboanga Peninsula),Dengue,410
2022-05-15,Region IX (Zamboanga Peninsula),Dengue,407
2022-05-22,Region IX (Zamboanga Peninsula),Dengue,453
2022-05-29,Region IX (Zamboanga Peninsula),Dengue,504
2022-06-05,Region IX (Zamboanga Peninsula),Dengue,508
2022-06-12,Region IX (Zamboanga Peninsula),Dengue,454
2022-06-19,Region IX (Zamboanga Peninsula),Dengue,434
2022-06-26,Region IX (Zamboanga Peninsula),Dengue,432
2022-07-03,Region IX (Zamboanga Peninsula),Dengue,327
2022-07-10,Region IX (Zamboanga Peninsula),Dengue,354
2022-07-17,Region IX (Zamboanga Peninsula),Dengue,281
2022-07-24,Region IX (Zamboanga Peninsula),Dengue,289
2022-07-31,Region IX (Zamboanga Peninsula),Dengue,294
2022-08-07,Region IX (Zamboanga Peninsula),Dengue,258
2022-08-14,Region IX (Zamboanga Peninsula),Dengue,217
2022-08-21,Region IX (Zamboanga Peninsula),Dengue,213
2022-08-28,Region IX (Zamboanga Peninsula),Dengue,203
2022-09-04,Region IX (Zamboanga Peninsula),Dengue,229
2022-09-11,Region IX (Zamboanga Peninsula),Dengue,224
2022-09-18,Region IX (Zamboanga Peninsula),Dengue,197
2022-09-25,Region IX (Zamboanga Peninsula),Dengue,186
2022-10-02,Region IX (Zamboanga Peninsula),Dengue,212
2022-10-09,Region IX (Zamboanga Peninsula),Dengue,140
2022-10-16,Region IX (Zamboanga Peninsula),Dengue,121
2022-10-23,Region IX (Zamboanga Peninsula),Dengue,133
2022-10-30,Region IX (Zamboanga Peninsula),Dengue,142
2022-11-06,Region IX (Zamboanga Peninsula),Dengue,194
2022-11-13,Region IX (Zamboanga Peninsula),Dengue,188
2022-11-20,Region IX (Zamboanga Peninsula),Dengue,181
2022-11-27,Region IX (Zamboanga Peninsula),Dengue,206
2022-12-04,Region IX (Zamboanga Peninsula),Dengue,195
2022-12-11,Region IX (Zamboanga Peninsula),Dengue,192
2022-12-18,Region IX (Zamboanga Peninsula),Dengue,159
2022-12-25,Region IX (Zamboanga Peninsula),Dengue,138
2023-01-01,Region IX (Zamboanga Peninsula),Dengue,54
2023-01-08,Region IX (Zamboanga Peninsula),Dengue,253
2023-01-15,Region IX (Zamboanga Peninsula),Dengue,148
2023-01-22,Region IX (Zamboanga Peninsula),Dengue,214
2023-01-29,Region IX (Zamboanga Peninsula),Dengue,167
2023-02-05,Region IX (Zamboanga Peninsula),Dengue,215
2023-02-12,Region IX (Zamboanga Peninsula),Dengue,225
2023-02-19,Region IX (Zamboanga Peninsula),Dengue,169
2023-02-26,Region IX (Zamboanga Peninsula),Dengue,138
2023-03-05,Region IX (Zamboanga Peninsula),Dengue,183
2023-03-12,Region IX (Zamboanga Peninsula),Dengue,190
2023-03-19,Region IX (Zamboanga Peninsula),Dengue,157
2023-03-26,Region IX (Zamboanga Peninsula),Dengue,146
2023-04-02,Region IX (Zamboanga Peninsula),Dengue,148
2023-04-09,Region IX (Zamboanga Peninsula),Dengue,110
2023-04-16,Region IX (Zamboanga Peninsula),Dengue,173
2023-04-23,Region IX (Zamboanga Peninsula),Dengue,199
2023-04-30,Region IX (Zamboanga Peninsula),Dengue,212
2023-05-07,Region IX (Zamboanga Peninsula),Dengue,210
2023-05-14,Region IX (Zamboanga Peninsula),Dengue,246
2023-05-21,Region IX (Zamboanga Peninsula),Dengue,262
2023-05-28,Region IX (Zamboanga Peninsula),Dengue,288
2023-06-04,Region IX (Zamboanga Peninsula),Dengue,305
2023-06-11,Region IX (Zamboanga Peninsula),Dengue,257
2023-06-18,Region IX (Zamboanga Peninsula),Dengue,325
2023-06-25,Region IX (Zamboanga Peninsula),Dengue,360
2023-07-02,Region IX (Zamboanga Peninsula),Dengue,353
2023-07-09,Region IX (Zamboanga Peninsula),Dengue,331
2023-07-16,Region IX (Zamboanga Peninsula),Dengue,363
2023-07-23,Region IX (Zamboanga Peninsula),Dengue,277
2023-07-30,Region IX (Zamboanga Peninsula),Dengue,268
2023-08-06,Region IX (Zamboanga Peninsula),Dengue,337
2023-08-13,Region IX (Zamboanga Peninsula),Dengue,304
2023-08-20,Region IX (Zamboanga Peninsula),Dengue,304
2023-08-27,Region IX (Zamboanga Peninsula),Dengue,281
2023-09-03,Region IX (Zamboanga Peninsula),Dengue,367
2023-09-10,Region IX (Zamboanga Peninsula),Dengue,320
2023-09-17,Region IX (Zamboanga Peninsula),Dengue,369
2023-09-24,Region IX (Zamboanga Peninsula),Dengue,363
2023-10-01,Region IX (Zamboanga Peninsula),Dengue,328
2023-10-08,Region IX (Zamboanga Peninsula),Dengue,324
2023-10-15,Region IX (Zamboanga Peninsula),Dengue,355
2023-10-22,Region IX (Zamboanga Peninsula),Dengue,376
2023-10-29,Region IX (Zamboanga Peninsula),Dengue,299
2023-11-05,Region IX (Zamboanga Peninsula),Dengue,278
2023-11-12,Region IX (Zamboanga Peninsula),Dengue,273
2023-11-19,Region IX (Zamboanga Peninsula),Dengue,259
2023-11-26,Region IX (Zamboanga Peninsula),Dengue,262
2023-12-03,Region IX (Zamboanga Peninsula),Dengue,261
2023-12-10,Region IX (Zamboanga Peninsula),Dengue,183
2023-12-17,Region IX (Zamboanga Peninsula),Dengue,170
2023-12-24,Region IX (Zamboanga Peninsula),Dengue,137
2023-12-31,Region IX (Zamboanga Peninsula),Dengue,139
2024-01-07,Region IX (Zamboanga Peninsula),Dengue,235
2024-01-14,Region IX (Zamboanga Peninsula),Dengue,231
2024-01-21,Region IX (Zamboanga Peninsula),Dengue,226
2024-01-28,Region IX (Zamboanga Peninsula),Dengue,207
2024-02-04,Region IX (Zamboanga Peninsula),Dengue,225
2024-02-11,Region IX (Zamboanga Peninsula),Dengue,229
2024-02-18,Region IX (Zamboanga Peninsula),Dengue,209
2024-02-25,Region IX (Zamboanga Peninsula),Dengue,235
2024-03-03,Region IX (Zamboanga Peninsula),Dengue,237
2024-03-10,Region IX (Zamboanga Peninsula),Dengue,241
2024-03-17,Region IX (Zamboanga Peninsula),Dengue,198
2024-03-24,Region IX (Zamboanga Peninsula),Dengue,223
2024-03-31,Region IX (Zamboanga Peninsula),Dengue,146
2024-04-07,Region IX (Zamboanga Peninsula),Dengue,234
2024-04-14,Region IX (Zamboanga Peninsula),Dengue,218
2024-04-21,Region IX (Zamboanga Peninsula),Dengue,204
2024-04-28,Region IX (Zamboanga Peninsula),Dengue,228
2024-05-05,Region IX (Zamboanga Peninsula),Dengue,233
2024-05-12,Region IX (Zamboanga Peninsula),Dengue,269
2024-05-19,Region IX (Zamboanga Peninsula),Dengue,274
2024-05-26,Region IX (Zamboanga Peninsula),Dengue,311
2024-06-02,Region IX (Zamboanga Peninsula),Dengue,333
2024-06-09,Region IX (Zamboanga Peninsula),Dengue,360
2024-06-16,Region IX (Zamboanga Peninsula),Dengue,406
2024-06-23,Region IX (Zamboanga Peninsula),Dengue,462
2024-06-30,Region IX (Zamboanga Peninsula),Dengue,543
2024-07-07,Region IX (Zamboanga Peninsula),Dengue,634
2024-07-14,Region IX (Zamboanga Peninsula),Dengue,608
2024-07-21,Region IX (Zamboanga Peninsula),Dengue,650
2024-07-28,Region IX (Zamboanga Peninsula),Dengue,667
2024-08-04,Region IX (Zamboanga Peninsula),Dengue,696
2024-08-11,Region IX (Zamboanga Peninsula),Dengue,619
2024-08-18,Region IX (Zamboanga Peninsula),Dengue,592
2024-08-25,Region IX (Zamboanga Peninsula),Dengue,463
2024-09-01,Region IX (Zamboanga Peninsula),Dengue,456
2024-09-08,Region IX (Zamboanga Peninsula),Dengue,413
2024-09-15,Region IX (Zamboanga Peninsula),Dengue,314
2024-09-22,Region IX (Zamboanga Peninsula),Dengue,339
2024-09-29,Region IX (Zamboanga Peninsula),Dengue,334
2024-10-06,Region IX (Zamboanga Peninsula),Dengue,284
2024-10-13,Region IX (Zamboanga Peninsula),Dengue,335
2024-10-20,Region IX (Zamboanga Peninsula),Dengue,283
2024-10-27,Region IX (Zamboanga Peninsula),Dengue,302
2024-11-03,Region IX (Zamboanga Peninsula),Dengue,217
2024-11-10,Region IX (Zamboanga Peninsula),Dengue,301
2024-11-17,Region IX (Zamboanga Peninsula),Dengue,245
2024-11-24,Region IX (Zamboanga Peninsula),Dengue,250
2024-12-01,Region IX (Zamboanga Peninsula),Dengue,210
2024-12-08,Region IX (Zamboanga Peninsula),Dengue,200
2024-12-15,Region IX (Zamboanga Peninsula),Dengue,144
2024-12-22,Region IX (Zamboanga Peninsula),Dengue,149
2024-12-29,Region IX (Zamboanga Peninsula),Dengue,223
2025-01-05,Region IX (Zamboanga Peninsula),Dengue,260
2025-01-12,Region IX (Zamboanga Peninsula),Dengue,224
2025-01-19,Region IX (Zamboanga Peninsula),Dengue,209
2025-01-26,Region IX (Zamboanga Peninsula),Dengue,183
2025-02-02,Region IX (Zamboanga Peninsula),Dengue,201
2025-02-09,Region IX (Zamboanga Peninsula),Dengue,220
2025-02-16,Region IX (Zamboanga Peninsula),Dengue,217
2025-02-23,Region IX (Zamboanga Peninsula),Dengue,252
2025-03-02,Region IX (Zamboanga Peninsula),Dengue,190
2025-03-09,Region IX (Zamboanga Peninsula),Dengue,203
2025-03-16,Region IX (Zamboanga Peninsula),Dengue,191
2025-03-23,Region IX (Zamboanga Peninsula),Dengue,157
2025-03-30,Region IX (Zamboanga Peninsula),Dengue,178
2025-04-06,Region IX (Zamboanga Peninsula),Dengue,155
2025-04-13,Region IX (Zamboanga Peninsula),Dengue,141
2025-04-20,Region IX (Zamboanga Peninsula),Dengue,161
2025-04-27,Region IX (Zamboanga Peninsula),Dengue,179
2025-05-04,Region IX (Zamboanga Peninsula),Dengue,174
2025-05-11,Region IX (Zamboanga Peninsula),Dengue,215
2025-05-18,Region IX (Zamboanga Peninsula),Dengue,205
2025-05-25,Region IX (Zamboanga Peninsula),Dengue,180
2025-06-01,Region IX (Zamboanga Peninsula),Dengue,177
2025-06-08,Region IX (Zamboanga Peninsula),Dengue,179
2025-06-15,Region IX (Zamboanga Peninsula),Dengue,175
2025-06-22,Region IX (Zamboanga Peninsula),Dengue,169
2025-06-29,Region IX (Zamboanga Peninsula),Dengue,196
2025-07-06,Region IX (Zamboanga Peninsula),Dengue,177
2025-07-13,Region IX (Zamboanga Peninsula),Dengue,168
2025-07-20,Region IX (Zamboanga Peninsula),Dengue,130
2025-07-27,Region IX (Zamboanga Peninsula),Dengue,161
2025-08-03,Region IX (Zamboanga Peninsula),Dengue,144
2025-08-10,Region IX (Zamboanga Peninsula),Dengue,127
2025-08-17,Region IX (Zamboanga Peninsula),Dengue,93
2025-08-24,Region IX (Zamboanga Peninsula),Dengue,93
2025-08-31,Region IX (Zamboanga Peninsula),Dengue,112
2025-09-07,Region IX (Zamboanga Peninsula),Dengue,110
2025-09-14,Region IX (Zamboanga Peninsula),Dengue,76
2025-09-21,Region IX (Zamboanga Peninsula),Dengue,118
2025-09-28,Region IX (Zamboanga Peninsula),Dengue,119
2025-10-05,Region IX (Zamboanga Peninsula),Dengue,69
2025-10-12,Region IX (Zamboanga Peninsula),Dengue,83
2025-10-19,Region IX (Zamboanga Peninsula),Dengue,102
2025-10-26,Region IX (Zamboanga Peninsula),Dengue,88
2025-11-02,Region IX (Zamboanga Peninsula),Dengue,28
2025-11-09,Region IX (Zamboanga Peninsula),Dengue,31
2025-11-16,Region IX (Zamboanga Peninsula),Dengue,87
2025-11-23,Region IX (Zamboanga Peninsula),Dengue,41
2025-11-30,Region IX (Zamboanga Peninsula),Dengue,43
2025-12-07,Region IX (Zamboanga Peninsula),Dengue,38
2025-12-14,Region IX (Zamboanga Peninsula),Dengue,55
2025-12-21,Region IX (Zamboanga Peninsula),Dengue,55
2025-12-28,Region IX (Zamboanga Peninsula),Dengue,39
2016-01-10,Region V (Bicol),Dengue,84
2016-01-17,Region V (Bicol),Dengue,56
2016-01-24,Region V (Bicol),Dengue,43
2016-01-31,Region V (Bicol),Dengue,54
2016-02-07,Region V (Bicol),Dengue,43
2016-02-14,Region V (Bicol),Dengue,46
2016-02-21,Region V (Bicol),Dengue,26
2016-02-28,Region V (Bicol),Dengue,46
2016-03-06,Region V (Bicol),Dengue,35
2016-03-13,Region V (Bicol),Dengue,34
2016-03-20,Region V (Bicol),Dengue,26
2016-03-27,Region V (Bicol),Dengue,23
2016-04-03,Region V (Bicol),Dengue,18
2016-04-10,Region V (Bicol),Dengue,18
2016-04-17,Region V (Bicol),Dengue,33
2016-04-24,Region V (Bicol),Dengue,25
2016-05-01,Region V (Bicol),Dengue,17
2016-05-08,Region V (Bicol),Dengue,16
2016-05-15,Region V (Bicol),Dengue,19
2016-05-22,Region V (Bicol),Dengue,19
2016-05-29,Region V (Bicol),Dengue,25
2016-06-05,Region V (Bicol),Dengue,27
2016-06-12,Region V (Bicol),Dengue,20
2016-06-19,Region V (Bicol),Dengue,37
2016-06-26,Region V (Bicol),Dengue,22
2016-07-03,Region V (Bicol),Dengue,41
2016-07-10,Region V (Bicol),Dengue,39
2016-07-17,Region V (Bicol),Dengue,53
2016-07-24,Region V (Bicol),Dengue,56
2016-07-31,Region V (Bicol),Dengue,59
2016-08-07,Region V (Bicol),Dengue,92
2016-08-14,Region V (Bicol),Dengue,102
2016-08-21,Region V (Bicol),Dengue,78
2016-08-28,Region V (Bicol),Dengue,74
2016-09-04,Region V (Bicol),Dengue,112
2016-09-11,Region V (Bicol),Dengue,93
2016-09-18,Region V (Bicol),Dengue,84
2016-09-25,Region V (Bicol),Dengue,89
2016-10-02,Region V (Bicol),Dengue,70
2016-10-09,Region V (Bicol),Dengue,70
2016-10-16,Region V (Bicol),Dengue,57
2016-10-23,Region V (Bicol),Dengue,59
2016-10-30,Region V (Bicol),Dengue,63
2016-11-06,Region V (Bicol),Dengue,54
2016-11-13,Region V (Bicol),Dengue,59
2016-11-20,Region V (Bicol),Dengue,60
2016-11-27,Region V (Bicol),Dengue,69
2016-12-04,Region V (Bicol),Dengue,67
2016-12-11,Region V (Bicol),Dengue,31
2016-12-18,Region V (Bicol),Dengue,43
2016-12-25,Region V (Bicol),Dengue,46
2017-01-01,Region V (Bicol),Dengue,35
2017-01-08,Region V (Bicol),Dengue,42
2017-01-15,Region V (Bicol),Dengue,58
2017-01-22,Region V (Bicol),Dengue,49
2017-01-29,Region V (Bicol),Dengue,52
2017-02-05,Region V (Bicol),Dengue,47
2017-02-12,Region V (Bicol),Dengue,50
2017-02-19,Region V (Bicol),Dengue,26
2017-02-26,Region V (Bicol),Dengue,47
2017-03-05,Region V (Bicol),Dengue,37
2017-03-12,Region V (Bicol),Dengue,27
2017-03-19,Region V (Bicol),Dengue,16
2017-03-26,Region V (Bicol),Dengue,24
2017-04-02,Region V (Bicol),Dengue,27
2017-04-09,Region V (Bicol),Dengue,27
2017-04-16,Region V (Bicol),Dengue,24
2017-04-23,Region V (Bicol),Dengue,29
2017-04-30,Region V (Bicol),Dengue,19
2017-05-07,Region V (Bicol),Dengue,19
2017-05-14,Region V (Bicol),Dengue,7
2017-05-21,Region V (Bicol),Dengue,19
2017-05-28,Region V (Bicol),Dengue,22
2017-06-04,Region V (Bicol),Dengue,42
2017-06-11,Region V (Bicol),Dengue,42
2017-06-18,Region V (Bicol),Dengue,42
2017-06-25,Region V (Bicol),Dengue,50
2017-07-02,Region V (Bicol),Dengue,57
2017-07-09,Region V (Bicol),Dengue,66
2017-07-16,Region V (Bicol),Dengue,90
2017-07-23,Region V (Bicol),Dengue,71
2017-07-30,Region V (Bicol),Dengue,111
2017-08-06,Region V (Bicol),Dengue,112
2017-08-13,Region V (Bicol),Dengue,123
2017-08-20,Region V (Bicol),Dengue,114
2017-08-27,Region V (Bicol),Dengue,100
2017-09-03,Region V (Bicol),Dengue,98
2017-09-10,Region V (Bicol),Dengue,71
2017-09-17,Region V (Bicol),Dengue,101
2017-09-24,Region V (Bicol),Dengue,65
2017-10-01,Region V (Bicol),Dengue,86
2017-10-08,Region V (Bicol),Dengue,122
2017-10-15,Region V (Bicol),Dengue,111
2017-10-22,Region V (Bicol),Dengue,111
2017-10-29,Region V (Bicol),Dengue,92
2017-11-05,Region V (Bicol),Dengue,81
2017-11-12,Region V (Bicol),Dengue,77
2017-11-19,Region V (Bicol),Dengue,81
2017-11-26,Region V (Bicol),Dengue,93
2017-12-03,Region V (Bicol),Dengue,87
2017-12-10,Region V (Bicol),Dengue,102
2017-12-17,Region V (Bicol),Dengue,73
2017-12-24,Region V (Bicol),Dengue,21
2017-12-31,Region V (Bicol),Dengue,42
2018-01-07,Region V (Bicol),Dengue,81
2018-01-14,Region V (Bicol),Dengue,97
2018-01-21,Region V (Bicol),Dengue,57
2018-01-28,Region V (Bicol),Dengue,52
2018-02-04,Region V (Bicol),Dengue,52
2018-02-11,Region V (Bicol),Dengue,36
2018-02-18,Region V (Bicol),Dengue,44
2018-02-25,Region V (Bicol),Dengue,44
2018-03-04,Region V (Bicol),Dengue,43
2018-03-11,Region V (Bicol),Dengue,40
2018-03-18,Region V (Bicol),Dengue,39
2018-03-25,Region V (Bicol),Dengue,39
2018-04-01,Region V (Bicol),Dengue,34
2018-04-08,Region V (Bicol),Dengue,38
2018-04-15,Region V (Bicol),Dengue,40
2018-04-22,Region V (Bicol),Dengue,23
2018-04-29,Region V (Bicol),Dengue,32
2018-05-06,Region V (Bicol),Dengue,26
2018-05-13,Region V (Bicol),Dengue,38
2018-05-20,Region V (Bicol),Dengue,37
2018-05-27,Region V (Bicol),Dengue,44
2018-06-03,Region V (Bicol),Dengue,44
2018-06-10,Region V (Bicol),Dengue,75
2018-06-17,Region V (Bicol),Dengue,52
2018-06-24,Region V (Bicol),Dengue,66
2018-07-01,Region V (Bicol),Dengue,74
2018-07-08,Region V (Bicol),Dengue,119
2018-07-15,Region V (Bicol),Dengue,85
2018-07-22,Region V (Bicol),Dengue,71
2018-07-29,Region V (Bicol),Dengue,60
2018-08-05,Region V (Bicol),Dengue,90
2018-08-12,Region V (Bicol),Dengue,91
2018-08-19,Region V (Bicol),Dengue,95
2018-08-26,Region V (Bicol),Dengue,118
2018-09-02,Region V (Bicol),Dengue,64
2018-09-09,Region V (Bicol),Dengue,71
2018-09-16,Region V (Bicol),Dengue,73
2018-09-23,Region V (Bicol),Dengue,77
2018-09-30,Region V (Bicol),Dengue,78
2018-10-07,Region V (Bicol),Dengue,81
2018-10-14,Region V (Bicol),Dengue,90
2018-10-21,Region V (Bicol),Dengue,78
2018-10-28,Region V (Bicol),Dengue,75
2018-11-04,Region V (Bicol),Dengue,109
2018-11-11,Region V (Bicol),Dengue,87
2018-11-18,Region V (Bicol),Dengue,76
2018-11-25,Region V (Bicol),Dengue,99
2018-12-02,Region V (Bicol),Dengue,135
2018-12-09,Region V (Bicol),Dengue,118
2018-12-16,Region V (Bicol),Dengue,102
2018-12-23,Region V (Bicol),Dengue,84
2018-12-30,Region V (Bicol),Dengue,108
2019-01-06,Region V (Bicol),Dengue,159
2019-01-13,Region V (Bicol),Dengue,132
2019-01-20,Region V (Bicol),Dengue,112
2019-01-27,Region V (Bicol),Dengue,109
2019-02-03,Region V (Bicol),Dengue,96
2019-02-10,Region V (Bicol),Dengue,69
2019-02-17,Region V (Bicol),Dengue,104
2019-02-24,Region V (Bicol),Dengue,87
2019-03-03,Region V (Bicol),Dengue,92
2019-03-10,Region V (Bicol),Dengue,79
2019-03-17,Region V (Bicol),Dengue,71
2019-03-24,Region V (Bicol),Dengue,60
2019-03-31,Region V (Bicol),Dengue,57
2019-04-07,Region V (Bicol),Dengue,48
2019-04-14,Region V (Bicol),Dengue,58
2019-04-21,Region V (Bicol),Dengue,40
2019-04-28,Region V (Bicol),Dengue,50
2019-05-05,Region V (Bicol),Dengue,67
2019-05-12,Region V (Bicol),Dengue,43
2019-05-19,Region V (Bicol),Dengue,60
2019-05-26,Region V (Bicol),Dengue,60
2019-06-02,Region V (Bicol),Dengue,115
2019-06-09,Region V (Bicol),Dengue,138
2019-06-16,Region V (Bicol),Dengue,175
2019-06-23,Region V (Bicol),Dengue,233
2019-06-30,Region V (Bicol),Dengue,361
2019-07-07,Region V (Bicol),Dengue,353
2019-07-14,Region V (Bicol),Dengue,415
2019-07-21,Region V (Bicol),Dengue,516
2019-07-28,Region V (Bicol),Dengue,562
2019-08-04,Region V (Bicol),Dengue,599
2019-08-11,Region V (Bicol),Dengue,609
2019-08-18,Region V (Bicol),Dengue,662
2019-08-25,Region V (Bicol),Dengue,688
2019-09-01,Region V (Bicol),Dengue,626
2019-09-08,Region V (Bicol),Dengue,480
2019-09-15,Region V (Bicol),Dengue,391
2019-09-22,Region V (Bicol),Dengue,411
2019-09-29,Region V (Bicol),Dengue,337
2019-10-06,Region V (Bicol),Dengue,293
2019-10-13,Region V (Bicol),Dengue,272
2019-10-20,Region V (Bicol),Dengue,190
2019-10-27,Region V (Bicol),Dengue,205
2019-11-03,Region V (Bicol),Dengue,138
2019-11-10,Region V (Bicol),Dengue,112
2019-11-17,Region V (Bicol),Dengue,145
2019-11-24,Region V (Bicol),Dengue,116
2019-12-01,Region V (Bicol),Dengue,116
2019-12-08,Region V (Bicol),Dengue,109
2019-12-15,Region V (Bicol),Dengue,88
2019-12-22,Region V (Bicol),Dengue,82
2019-12-29,Region V (Bicol),Dengue,107
2022-01-09,Region V (Bicol),Dengue,22
2022-01-16,Region V (Bicol),Dengue,12
2022-01-23,Region V (Bicol),Dengue,9
2022-01-30,Region V (Bicol),Dengue,21
2022-02-06,Region V (Bicol),Dengue,16
2022-02-13,Region V (Bicol),Dengue,19
2022-02-20,Region V (Bicol),Dengue,16
2022-02-27,Region V (Bicol),Dengue,34
2022-03-06,Region V (Bicol),Dengue,22
2022-03-13,Region V (Bicol),Dengue,18
2022-03-20,Region V (Bicol),Dengue,19
2022-03-27,Region V (Bicol),Dengue,43
2022-04-03,Region V (Bicol),Dengue,37
2022-04-10,Region V (Bicol),Dengue,33
2022-04-17,Region V (Bicol),Dengue,31
2022-04-24,Region V (Bicol),Dengue,31
2022-05-01,Region V (Bicol),Dengue,38
2022-05-08,Region V (Bicol),Dengue,40
2022-05-15,Region V (Bicol),Dengue,53
2022-05-22,Region V (Bicol),Dengue,76
2022-05-29,Region V (Bicol),Dengue,73
2022-06-05,Region V (Bicol),Dengue,75
2022-06-12,Region V (Bicol),Dengue,81
2022-06-19,Region V (Bicol),Dengue,98
2022-06-26,Region V (Bicol),Dengue,111
2022-07-03,Region V (Bicol),Dengue,93
2022-07-10,Region V (Bicol),Dengue,102
2022-07-17,Region V (Bicol),Dengue,66
2022-07-24,Region V (Bicol),Dengue,114
2022-07-31,Region V (Bicol),Dengue,107
2022-08-07,Region V (Bicol),Dengue,92
2022-08-14,Region V (Bicol),Dengue,80
2022-08-21,Region V (Bicol),Dengue,80
2022-08-28,Region V (Bicol),Dengue,54
2022-09-04,Region V (Bicol),Dengue,68
2022-09-11,Region V (Bicol),Dengue,48
2022-09-18,Region V (Bicol),Dengue,41
2022-09-25,Region V (Bicol),Dengue,36
2022-10-02,Region V (Bicol),Dengue,43
2022-10-09,Region V (Bicol),Dengue,16
2022-10-16,Region V (Bicol),Dengue,37
2022-10-23,Region V (Bicol),Dengue,17
2022-10-30,Region V (Bicol),Dengue,15
2022-11-06,Region V (Bicol),Dengue,40
2022-11-13,Region V (Bicol),Dengue,22
2022-11-20,Region V (Bicol),Dengue,17
2022-11-27,Region V (Bicol),Dengue,17
2022-12-04,Region V (Bicol),Dengue,25
2022-12-11,Region V (Bicol),Dengue,16
2022-12-18,Region V (Bicol),Dengue,19
2022-12-25,Region V (Bicol),Dengue,22
2023-01-01,Region V (Bicol),Dengue,6
2023-01-08,Region V (Bicol),Dengue,25
2023-01-15,Region V (Bicol),Dengue,21
2023-01-22,Region V (Bicol),Dengue,12
2023-01-29,Region V (Bicol),Dengue,18
2023-02-05,Region V (Bicol),Dengue,15
2023-02-12,Region V (Bicol),Dengue,14
2023-02-19,Region V (Bicol),Dengue,13
2023-02-26,Region V (Bicol),Dengue,19
2023-03-05,Region V (Bicol),Dengue,23
2023-03-12,Region V (Bicol),Dengue,18
2023-03-19,Region V (Bicol),Dengue,16
2023-03-26,Region V (Bicol),Dengue,16
2023-04-02,Region V (Bicol),Dengue,15
2023-04-09,Region V (Bicol),Dengue,7
2023-04-16,Region V (Bicol),Dengue,8
2023-04-23,Region V (Bicol),Dengue,22
2023-04-30,Region V (Bicol),Dengue,17
2023-05-07,Region V (Bicol),Dengue,20
2023-05-14,Region V (Bicol),Dengue,12
2023-05-21,Region V (Bicol),Dengue,16
2023-05-28,Region V (Bicol),Dengue,26
2023-06-04,Region V (Bicol),Dengue,15
2023-06-11,Region V (Bicol),Dengue,23
2023-06-18,Region V (Bicol),Dengue,21
2023-06-25,Region V (Bicol),Dengue,25
2023-07-02,Region V (Bicol),Dengue,26
2023-07-09,Region V (Bicol),Dengue,31
2023-07-16,Region V (Bicol),Dengue,38
2023-07-23,Region V (Bicol),Dengue,26
2023-07-30,Region V (Bicol),Dengue,22
2023-08-06,Region V (Bicol),Dengue,32
2023-08-13,Region V (Bicol),Dengue,39
2023-08-20,Region V (Bicol),Dengue,32
2023-08-27,Region V (Bicol),Dengue,18
2023-09-03,Region V (Bicol),Dengue,31
2023-09-10,Region V (Bicol),Dengue,26
2023-09-17,Region V (Bicol),Dengue,25
2023-09-24,Region V (Bicol),Dengue,28
2023-10-01,Region V (Bicol),Dengue,35
2023-10-08,Region V (Bicol),Dengue,31
2023-10-15,Region V (Bicol),Dengue,28
2023-10-22,Region V (Bicol),Dengue,40
2023-10-29,Region V (Bicol),Dengue,30
2023-11-05,Region V (Bicol),Dengue,30
2023-11-12,Region V (Bicol),Dengue,35
2023-11-19,Region V (Bicol),Dengue,35
2023-11-26,Region V (Bicol),Dengue,45
2023-12-03,Region V (Bicol),Dengue,54
2023-12-10,Region V (Bicol),Dengue,28
2023-12-17,Region V (Bicol),Dengue,37
2023-12-24,Region V (Bicol),Dengue,25
2023-12-31,Region V (Bicol),Dengue,27
2024-01-07,Region V (Bicol),Dengue,30
2024-01-14,Region V (Bicol),Dengue,25
2024-01-21,Region V (Bicol),Dengue,22
2024-01-28,Region V (Bicol),Dengue,18
2024-02-04,Region V (Bicol),Dengue,8
2024-02-11,Region V (Bicol),Dengue,9
2024-02-18,Region V (Bicol),Dengue,9
2024-02-25,Region V (Bicol),Dengue,21
2024-03-03,Region V (Bicol),Dengue,16
2024-03-10,Region V (Bicol),Dengue,19
2024-03-17,Region V (Bicol),Dengue,19
2024-03-24,Region V (Bicol),Dengue,18
2024-03-31,Region V (Bicol),Dengue,7
2024-04-07,Region V (Bicol),Dengue,10
2024-04-14,Region V (Bicol),Dengue,17
2024-04-21,Region V (Bicol),Dengue,12
2024-04-28,Region V (Bicol),Dengue,10
2024-05-05,Region V (Bicol),Dengue,6
2024-05-12,Region V (Bicol),Dengue,12
2024-05-19,Region V (Bicol),Dengue,7
2024-05-26,Region V (Bicol),Dengue,14
2024-06-02,Region V (Bicol),Dengue,8
2024-06-09,Region V (Bicol),Dengue,18
2024-06-16,Region V (Bicol),Dengue,18
2024-06-23,Region V (Bicol),Dengue,16
2024-06-30,Region V (Bicol),Dengue,23
2024-07-07,Region V (Bicol),Dengue,35
2024-07-14,Region V (Bicol),Dengue,59
2024-07-21,Region V (Bicol),Dengue,57
2024-07-28,Region V (Bicol),Dengue,59
2024-08-04,Region V (Bicol),Dengue,75
2024-08-11,Region V (Bicol),Dengue,71
2024-08-18,Region V (Bicol),Dengue,93
2024-08-25,Region V (Bicol),Dengue,71
2024-09-01,Region V (Bicol),Dengue,65
2024-09-08,Region V (Bicol),Dengue,51
2024-09-15,Region V (Bicol),Dengue,53
2024-09-22,Region V (Bicol),Dengue,35
2024-09-29,Region V (Bicol),Dengue,40
2024-10-06,Region V (Bicol),Dengue,54
2024-10-13,Region V (Bicol),Dengue,32
2024-10-20,Region V (Bicol),Dengue,20
2024-10-27,Region V (Bicol),Dengue,24
2024-11-03,Region V (Bicol),Dengue,34
2024-11-10,Region V (Bicol),Dengue,26
2024-11-17,Region V (Bicol),Dengue,25
2024-11-24,Region V (Bicol),Dengue,39
2024-12-01,Region V (Bicol),Dengue,28
2024-12-08,Region V (Bicol),Dengue,15
2024-12-15,Region V (Bicol),Dengue,13
2024-12-22,Region V (Bicol),Dengue,11
2024-12-29,Region V (Bicol),Dengue,30
2025-01-05,Region V (Bicol),Dengue,28
2025-01-12,Region V (Bicol),Dengue,53
2025-01-19,Region V (Bicol),Dengue,39
2025-01-26,Region V (Bicol),Dengue,56
2025-02-02,Region V (Bicol),Dengue,47
2025-02-09,Region V (Bicol),Dengue,37
2025-02-16,Region V (Bicol),Dengue,49
2025-02-23,Region V (Bicol),Dengue,68
2025-03-02,Region V (Bicol),Dengue,57
2025-03-09,Region V (Bicol),Dengue,60
2025-03-16,Region V (Bicol),Dengue,44
2025-03-23,Region V (Bicol),Dengue,34
2025-03-30,Region V (Bicol),Dengue,19
2025-04-06,Region V (Bicol),Dengue,31
2025-04-13,Region V (Bicol),Dengue,26
2025-04-20,Region V (Bicol),Dengue,26
2025-04-27,Region V (Bicol),Dengue,17
2025-05-04,Region V (Bicol),Dengue,29
2025-05-11,Region V (Bicol),Dengue,29
2025-05-18,Region V (Bicol),Dengue,25
2025-05-25,Region V (Bicol),Dengue,19
2025-06-01,Region V (Bicol),Dengue,19
2025-06-08,Region V (Bicol),Dengue,24
2025-06-15,Region V (Bicol),Dengue,28
2025-06-22,Region V (Bicol),Dengue,29
2025-06-29,Region V (Bicol),Dengue,35
2025-07-06,Region V (Bicol),Dengue,38
2025-07-13,Region V (Bicol),Dengue,37
2025-07-20,Region V (Bicol),Dengue,39
2025-07-27,Region V (Bicol),Dengue,59
2025-08-03,Region V (Bicol),Dengue,56
2025-08-10,Region V (Bicol),Dengue,55
2025-08-17,Region V (Bicol),Dengue,64
2025-08-24,Region V (Bicol),Dengue,50
2025-08-31,Region V (Bicol),Dengue,50
2025-09-07,Region V (Bicol),Dengue,53
2025-09-14,Region V (Bicol),Dengue,42
2025-09-21,Region V (Bicol),Dengue,59
2025-09-28,Region V (Bicol),Dengue,66
2025-10-05,Region V (Bicol),Dengue,77
2025-10-12,Region V (Bicol),Dengue,70
2025-10-19,Region V (Bicol),Dengue,48
2025-10-26,Region V (Bicol),Dengue,58
2025-11-02,Region V (Bicol),Dengue,36
2025-11-09,Region V (Bicol),Dengue,20
2025-11-16,Region V (Bicol),Dengue,34
2025-11-23,Region V (Bicol),Dengue,22
2025-11-30,Region V (Bicol),Dengue,23
2025-12-07,Region V (Bicol),Dengue,25
2025-12-14,Region V (Bicol),Dengue,21
2025-12-21,Region V (Bicol),Dengue,23
2025-12-28,Region V (Bicol),Dengue,17
2016-01-10,Region VI (Western Visayas),Dengue,283
2016-01-17,Region VI (Western Visayas),Dengue,227
2016-01-24,Region VI (Western Visayas),Dengue,243
2016-01-31,Region VI (Western Visayas),Dengue,218
2016-02-07,Region VI (Western Visayas),Dengue,164
2016-02-14,Region VI (Western Visayas),Dengue,174
2016-02-21,Region VI (Western Visayas),Dengue,156
2016-02-28,Region VI (Western Visayas),Dengue,180
2016-03-06,Region VI (Western Visayas),Dengue,156
2016-03-13,Region VI (Western Visayas),Dengue,146
2016-03-20,Region VI (Western Visayas),Dengue,147
2016-03-27,Region VI (Western Visayas),Dengue,147
2016-04-03,Region VI (Western Visayas),Dengue,153
2016-04-10,Region VI (Western Visayas),Dengue,146
2016-04-17,Region VI (Western Visayas),Dengue,124
2016-04-24,Region VI (Western Visayas),Dengue,137
2016-05-01,Region VI (Western Visayas),Dengue,143
2016-05-08,Region VI (Western Visayas),Dengue,139
2016-05-15,Region VI (Western Visayas),Dengue,154
2016-05-22,Region VI (Western Visayas),Dengue,177
2016-05-29,Region VI (Western Visayas),Dengue,169
2016-06-05,Region VI (Western Visayas),Dengue,192
2016-06-12,Region VI (Western Visayas),Dengue,243
2016-06-19,Region VI (Western Visayas),Dengue,303
2016-06-26,Region VI (Western Visayas),Dengue,399
2016-07-03,Region VI (Western Visayas),Dengue,546
2016-07-10,Region VI (Western Visayas),Dengue,696
2016-07-17,Region VI (Western Visayas),Dengue,909
2016-07-24,Region VI (Western Visayas),Dengue,1260
2016-07-31,Region VI (Western Visayas),Dengue,1582
2016-08-07,Region VI (Western Visayas),Dengue,1890
2016-08-14,Region VI (Western Visayas),Dengue,1718
2016-08-21,Region VI (Western Visayas),Dengue,1701
2016-08-28,Region VI (Western Visayas),Dengue,1846
2016-09-04,Region VI (Western Visayas),Dengue,1647
2016-09-11,Region VI (Western Visayas),Dengue,1184
2016-09-18,Region VI (Western Visayas),Dengue,1203
2016-09-25,Region VI (Western Visayas),Dengue,1005
2016-10-02,Region VI (Western Visayas),Dengue,762
2016-10-09,Region VI (Western Visayas),Dengue,620
2016-10-16,Region VI (Western Visayas),Dengue,466
2016-10-23,Region VI (Western Visayas),Dengue,377
2016-10-30,Region VI (Western Visayas),Dengue,337
2016-11-06,Region VI (Western Visayas),Dengue,262
2016-11-13,Region VI (Western Visayas),Dengue,309
2016-11-20,Region VI (Western Visayas),Dengue,210
2016-11-27,Region VI (Western Visayas),Dengue,277
2016-12-04,Region VI (Western Visayas),Dengue,215
2016-12-11,Region VI (Western Visayas),Dengue,188
2016-12-18,Region VI (Western Visayas),Dengue,116
2016-12-25,Region VI (Western Visayas),Dengue,124
2017-01-01,Region VI (Western Visayas),Dengue,81
2017-01-08,Region VI (Western Visayas),Dengue,73
2017-01-15,Region VI (Western Visayas),Dengue,70
2017-01-22,Region VI (Western Visayas),Dengue,63
2017-01-29,Region VI (Western Visayas),Dengue,71
2017-02-05,Region VI (Western Visayas),Dengue,56
2017-02-12,Region VI (Western Visayas),Dengue,46
2017-02-19,Region VI (Western Visayas),Dengue,44
2017-02-26,Region VI (Western Visayas),Dengue,40
2017-03-05,Region VI (Western Visayas),Dengue,47
2017-03-12,Region VI (Western Visayas),Dengue,28
2017-03-19,Region VI (Western Visayas),Dengue,29
2017-03-26,Region VI (Western Visayas),Dengue,24
2017-04-02,Region VI (Western Visayas),Dengue,28
2017-04-09,Region VI (Western Visayas),Dengue,29
2017-04-16,Region VI (Western Visayas),Dengue,34
2017-04-23,Region VI (Western Visayas),Dengue,20
2017-04-30,Region VI (Western Visayas),Dengue,42
2017-05-07,Region VI (Western Visayas),Dengue,29
2017-05-14,Region VI (Western Visayas),Dengue,28
2017-05-21,Region VI (Western Visayas),Dengue,34
2017-05-28,Region VI (Western Visayas),Dengue,23
2017-06-04,Region VI (Western Visayas),Dengue,43
2017-06-11,Region VI (Western Visayas),Dengue,61
2017-06-18,Region VI (Western Visayas),Dengue,71
2017-06-25,Region VI (Western Visayas),Dengue,88
2017-07-02,Region VI (Western Visayas),Dengue,118
2017-07-09,Region VI (Western Visayas),Dengue,119
2017-07-16,Region VI (Western Visayas),Dengue,102
2017-07-23,Region VI (Western Visayas),Dengue,126
2017-07-30,Region VI (Western Visayas),Dengue,133
2017-08-06,Region VI (Western Visayas),Dengue,181
2017-08-13,Region VI (Western Visayas),Dengue,215
2017-08-20,Region VI (Western Visayas),Dengue,236
2017-08-27,Region VI (Western Visayas),Dengue,199
2017-09-03,Region VI (Western Visayas),Dengue,147
2017-09-10,Region VI (Western Visayas),Dengue,139
2017-09-17,Region VI (Western Visayas),Dengue,114
2017-09-24,Region VI (Western Visayas),Dengue,116
2017-10-01,Region VI (Western Visayas),Dengue,95
2017-10-08,Region VI (Western Visayas),Dengue,104
2017-10-15,Region VI (Western Visayas),Dengue,81
2017-10-22,Region VI (Western Visayas),Dengue,93
2017-10-29,Region VI (Western Visayas),Dengue,79
2017-11-05,Region VI (Western Visayas),Dengue,56
2017-11-12,Region VI (Western Visayas),Dengue,69
2017-11-19,Region VI (Western Visayas),Dengue,76
2017-11-26,Region VI (Western Visayas),Dengue,90
2017-12-03,Region VI (Western Visayas),Dengue,63
2017-12-10,Region VI (Western Visayas),Dengue,66
2017-12-17,Region VI (Western Visayas),Dengue,54
2017-12-24,Region VI (Western Visayas),Dengue,41
2017-12-31,Region VI (Western Visayas),Dengue,41
2018-01-07,Region VI (Western Visayas),Dengue,56
2018-01-14,Region VI (Western Visayas),Dengue,60
2018-01-21,Region VI (Western Visayas),Dengue,77
2018-01-28,Region VI (Western Visayas),Dengue,88
2018-02-04,Region VI (Western Visayas),Dengue,71
2018-02-11,Region VI (Western Visayas),Dengue,52
2018-02-18,Region VI (Western Visayas),Dengue,50
2018-02-25,Region VI (Western Visayas),Dengue,47
2018-03-04,Region VI (Western Visayas),Dengue,62
2018-03-11,Region VI (Western Visayas),Dengue,62
2018-03-18,Region VI (Western Visayas),Dengue,38
2018-03-25,Region VI (Western Visayas),Dengue,43
2018-04-01,Region VI (Western Visayas),Dengue,31
2018-04-08,Region VI (Western Visayas),Dengue,41
2018-04-15,Region VI (Western Visayas),Dengue,40
2018-04-22,Region VI (Western Visayas),Dengue,46
2018-04-29,Region VI (Western Visayas),Dengue,38
2018-05-06,Region VI (Western Visayas),Dengue,61
2018-05-13,Region VI (Western Visayas),Dengue,56
2018-05-20,Region VI (Western Visayas),Dengue,61
2018-05-27,Region VI (Western Visayas),Dengue,66
2018-06-03,Region VI (Western Visayas),Dengue,79
2018-06-10,Region VI (Western Visayas),Dengue,98
2018-06-17,Region VI (Western Visayas),Dengue,139
2018-06-24,Region VI (Western Visayas),Dengue,188
2018-07-01,Region VI (Western Visayas),Dengue,200
2018-07-08,Region VI (Western Visayas),Dengue,212
2018-07-15,Region VI (Western Visayas),Dengue,272
2018-07-22,Region VI (Western Visayas),Dengue,272
2018-07-29,Region VI (Western Visayas),Dengue,347
2018-08-05,Region VI (Western Visayas),Dengue,340
2018-08-12,Region VI (Western Visayas),Dengue,328
2018-08-19,Region VI (Western Visayas),Dengue,317
2018-08-26,Region VI (Western Visayas),Dengue,319
2018-09-02,Region VI (Western Visayas),Dengue,275
2018-09-09,Region VI (Western Visayas),Dengue,254
2018-09-16,Region VI (Western Visayas),Dengue,263
2018-09-23,Region VI (Western Visayas),Dengue,224
2018-09-30,Region VI (Western Visayas),Dengue,212
2018-10-07,Region VI (Western Visayas),Dengue,232
2018-10-14,Region VI (Western Visayas),Dengue,262
2018-10-21,Region VI (Western Visayas),Dengue,253
2018-10-28,Region VI (Western Visayas),Dengue,159
2018-11-04,Region VI (Western Visayas),Dengue,201
2018-11-11,Region VI (Western Visayas),Dengue,208
2018-11-18,Region VI (Western Visayas),Dengue,205
2018-11-25,Region VI (Western Visayas),Dengue,185
2018-12-02,Region VI (Western Visayas),Dengue,166
2018-12-09,Region VI (Western Visayas),Dengue,183
2018-12-16,Region VI (Western Visayas),Dengue,156
2018-12-23,Region VI (Western Visayas),Dengue,125
2018-12-30,Region VI (Western Visayas),Dengue,189
2019-01-06,Region VI (Western Visayas),Dengue,281
2019-01-13,Region VI (Western Visayas),Dengue,287
2019-01-20,Region VI (Western Visayas),Dengue,306
2019-01-27,Region VI (Western Visayas),Dengue,300
2019-02-03,Region VI (Western Visayas),Dengue,314
2019-02-10,Region VI (Western Visayas),Dengue,225
2019-02-17,Region VI (Western Visayas),Dengue,300
2019-02-24,Region VI (Western Visayas),Dengue,285
2019-03-03,Region VI (Western Visayas),Dengue,314
2019-03-10,Region VI (Western Visayas),Dengue,309
2019-03-17,Region VI (Western Visayas),Dengue,286
2019-03-24,Region VI (Western Visayas),Dengue,222
2019-03-31,Region VI (Western Visayas),Dengue,259
2019-04-07,Region VI (Western Visayas),Dengue,201
2019-04-14,Region VI (Western Visayas),Dengue,198
2019-04-21,Region VI (Western Visayas),Dengue,242
2019-04-28,Region VI (Western Visayas),Dengue,226
2019-05-05,Region VI (Western Visayas),Dengue,333
2019-05-12,Region VI (Western Visayas),Dengue,343
2019-05-19,Region VI (Western Visayas),Dengue,421
2019-05-26,Region VI (Western Visayas),Dengue,480
2019-06-02,Region VI (Western Visayas),Dengue,715
2019-06-09,Region VI (Western Visayas),Dengue,974
2019-06-16,Region VI (Western Visayas),Dengue,1369
2019-06-23,Region VI (Western Visayas),Dengue,1900
2019-06-30,Region VI (Western Visayas),Dengue,2420
2019-07-07,Region VI (Western Visayas),Dengue,3192
2019-07-14,Region VI (Western Visayas),Dengue,3830
2019-07-21,Region VI (Western Visayas),Dengue,3873
2019-07-28,Region VI (Western Visayas),Dengue,3991
2019-08-04,Region VI (Western Visayas),Dengue,3042
2019-08-11,Region VI (Western Visayas),Dengue,2339
2019-08-18,Region VI (Western Visayas),Dengue,2039
2019-08-25,Region VI (Western Visayas),Dengue,1376
2019-09-01,Region VI (Western Visayas),Dengue,1295
2019-09-08,Region VI (Western Visayas),Dengue,965
2019-09-15,Region VI (Western Visayas),Dengue,860
2019-09-22,Region VI (Western Visayas),Dengue,673
2019-09-29,Region VI (Western Visayas),Dengue,575
2019-10-06,Region VI (Western Visayas),Dengue,518
2019-10-13,Region VI (Western Visayas),Dengue,463
2019-10-20,Region VI (Western Visayas),Dengue,338
2019-10-27,Region VI (Western Visayas),Dengue,215
2019-11-03,Region VI (Western Visayas),Dengue,225
2019-11-10,Region VI (Western Visayas),Dengue,255
2019-11-17,Region VI (Western Visayas),Dengue,157
2019-11-24,Region VI (Western Visayas),Dengue,175
2019-12-01,Region VI (Western Visayas),Dengue,123
2019-12-08,Region VI (Western Visayas),Dengue,81
2019-12-15,Region VI (Western Visayas),Dengue,50
2019-12-22,Region VI (Western Visayas),Dengue,2
2019-12-29,Region VI (Western Visayas),Dengue,44
2022-01-09,Region VI (Western Visayas),Dengue,44
2022-01-16,Region VI (Western Visayas),Dengue,25
2022-01-23,Region VI (Western Visayas),Dengue,27
2022-01-30,Region VI (Western Visayas),Dengue,25
2022-02-06,Region VI (Western Visayas),Dengue,26
2022-02-13,Region VI (Western Visayas),Dengue,27
2022-02-20,Region VI (Western Visayas),Dengue,29
2022-02-27,Region VI (Western Visayas),Dengue,26
2022-03-06,Region VI (Western Visayas),Dengue,34
2022-03-13,Region VI (Western Visayas),Dengue,39
2022-03-20,Region VI (Western Visayas),Dengue,34
2022-03-27,Region VI (Western Visayas),Dengue,37
2022-04-03,Region VI (Western Visayas),Dengue,38
2022-04-10,Region VI (Western Visayas),Dengue,65
2022-04-17,Region VI (Western Visayas),Dengue,53
2022-04-24,Region VI (Western Visayas),Dengue,84
2022-05-01,Region VI (Western Visayas),Dengue,75
2022-05-08,Region VI (Western Visayas),Dengue,108
2022-05-15,Region VI (Western Visayas),Dengue,154
2022-05-22,Region VI (Western Visayas),Dengue,249
2022-05-29,Region VI (Western Visayas),Dengue,245
2022-06-05,Region VI (Western Visayas),Dengue,259
2022-06-12,Region VI (Western Visayas),Dengue,423
2022-06-19,Region VI (Western Visayas),Dengue,425
2022-06-26,Region VI (Western Visayas),Dengue,483
2022-07-03,Region VI (Western Visayas),Dengue,514
2022-07-10,Region VI (Western Visayas),Dengue,630
2022-07-17,Region VI (Western Visayas),Dengue,625
2022-07-24,Region VI (Western Visayas),Dengue,593
2022-07-31,Region VI (Western Visayas),Dengue,504
2022-08-07,Region VI (Western Visayas),Dengue,492
2022-08-14,Region VI (Western Visayas),Dengue,369
2022-08-21,Region VI (Western Visayas),Dengue,262
2022-08-28,Region VI (Western Visayas),Dengue,245
2022-09-04,Region VI (Western Visayas),Dengue,258
2022-09-11,Region VI (Western Visayas),Dengue,237
2022-09-18,Region VI (Western Visayas),Dengue,197
2022-09-25,Region VI (Western Visayas),Dengue,167
2022-10-02,Region VI (Western Visayas),Dengue,121
2022-10-09,Region VI (Western Visayas),Dengue,123
2022-10-16,Region VI (Western Visayas),Dengue,91
2022-10-23,Region VI (Western Visayas),Dengue,110
2022-10-30,Region VI (Western Visayas),Dengue,82
2022-11-06,Region VI (Western Visayas),Dengue,85
2022-11-13,Region VI (Western Visayas),Dengue,89
2022-11-20,Region VI (Western Visayas),Dengue,68
2022-11-27,Region VI (Western Visayas),Dengue,76
2022-12-04,Region VI (Western Visayas),Dengue,96
2022-12-11,Region VI (Western Visayas),Dengue,72
2022-12-18,Region VI (Western Visayas),Dengue,64
2022-12-25,Region VI (Western Visayas),Dengue,51
2023-01-01,Region VI (Western Visayas),Dengue,24
2023-01-08,Region VI (Western Visayas),Dengue,94
2023-01-15,Region VI (Western Visayas),Dengue,90
2023-01-22,Region VI (Western Visayas),Dengue,98
2023-01-29,Region VI (Western Visayas),Dengue,86
2023-02-05,Region VI (Western Visayas),Dengue,85
2023-02-12,Region VI (Western Visayas),Dengue,109
2023-02-19,Region VI (Western Visayas),Dengue,96
2023-02-26,Region VI (Western Visayas),Dengue,78
2023-03-05,Region VI (Western Visayas),Dengue,88
2023-03-12,Region VI (Western Visayas),Dengue,83
2023-03-19,Region VI (Western Visayas),Dengue,87
2023-03-26,Region VI (Western Visayas),Dengue,68
2023-04-02,Region VI (Western Visayas),Dengue,49
2023-04-09,Region VI (Western Visayas),Dengue,61
2023-04-16,Region VI (Western Visayas),Dengue,43
2023-04-23,Region VI (Western Visayas),Dengue,49
2023-04-30,Region VI (Western Visayas),Dengue,53
2023-05-07,Region VI (Western Visayas),Dengue,55
2023-05-14,Region VI (Western Visayas),Dengue,61
2023-05-21,Region VI (Western Visayas),Dengue,39
2023-05-28,Region VI (Western Visayas),Dengue,63
2023-06-04,Region VI (Western Visayas),Dengue,72
2023-06-11,Region VI (Western Visayas),Dengue,91
2023-06-18,Region VI (Western Visayas),Dengue,108
2023-06-25,Region VI (Western Visayas),Dengue,109
2023-07-02,Region VI (Western Visayas),Dengue,149
2023-07-09,Region VI (Western Visayas),Dengue,178
2023-07-16,Region VI (Western Visayas),Dengue,182
2023-07-23,Region VI (Western Visayas),Dengue,180
2023-07-30,Region VI (Western Visayas),Dengue,194
2023-08-06,Region VI (Western Visayas),Dengue,163
2023-08-13,Region VI (Western Visayas),Dengue,148
2023-08-20,Region VI (Western Visayas),Dengue,155
2023-08-27,Region VI (Western Visayas),Dengue,126
2023-09-03,Region VI (Western Visayas),Dengue,134
2023-09-10,Region VI (Western Visayas),Dengue,116
2023-09-17,Region VI (Western Visayas),Dengue,94
2023-09-24,Region VI (Western Visayas),Dengue,92
2023-10-01,Region VI (Western Visayas),Dengue,113
2023-10-08,Region VI (Western Visayas),Dengue,134
2023-10-15,Region VI (Western Visayas),Dengue,129
2023-10-22,Region VI (Western Visayas),Dengue,116
2023-10-29,Region VI (Western Visayas),Dengue,94
2023-11-05,Region VI (Western Visayas),Dengue,141
2023-11-12,Region VI (Western Visayas),Dengue,125
2023-11-19,Region VI (Western Visayas),Dengue,107
2023-11-26,Region VI (Western Visayas),Dengue,87
2023-12-03,Region VI (Western Visayas),Dengue,113
2023-12-10,Region VI (Western Visayas),Dengue,97
2023-12-17,Region VI (Western Visayas),Dengue,94
2023-12-24,Region VI (Western Visayas),Dengue,52
2023-12-31,Region VI (Western Visayas),Dengue,90
2024-01-07,Region VI (Western Visayas),Dengue,145
2024-01-14,Region VI (Western Visayas),Dengue,169
2024-01-21,Region VI (Western Visayas),Dengue,133
2024-01-28,Region VI (Western Visayas),Dengue,143
2024-02-04,Region VI (Western Visayas),Dengue,182
2024-02-11,Region VI (Western Visayas),Dengue,148
2024-02-18,Region VI (Western Visayas),Dengue,129
2024-02-25,Region VI (Western Visayas),Dengue,151
2024-03-03,Region VI (Western Visayas),Dengue,137
2024-03-10,Region VI (Western Visayas),Dengue,161
2024-03-17,Region VI (Western Visayas),Dengue,125
2024-03-24,Region VI (Western Visayas),Dengue,138
2024-03-31,Region VI (Western Visayas),Dengue,106
2024-04-07,Region VI (Western Visayas),Dengue,99
2024-04-14,Region VI (Western Visayas),Dengue,94
2024-04-21,Region VI (Western Visayas),Dengue,115
2024-04-28,Region VI (Western Visayas),Dengue,109
2024-05-05,Region VI (Western Visayas),Dengue,115
2024-05-12,Region VI (Western Visayas),Dengue,114
2024-05-19,Region VI (Western Visayas),Dengue,125
2024-05-26,Region VI (Western Visayas),Dengue,125
2024-06-02,Region VI (Western Visayas),Dengue,142
2024-06-09,Region VI (Western Visayas),Dengue,178
2024-06-16,Region VI (Western Visayas),Dengue,209
2024-06-23,Region VI (Western Visayas),Dengue,332
2024-06-30,Region VI (Western Visayas),Dengue,382
2024-07-07,Region VI (Western Visayas),Dengue,767
2024-07-14,Region VI (Western Visayas),Dengue,951
2024-07-21,Region VI (Western Visayas),Dengue,1184
2024-07-28,Region VI (Western Visayas),Dengue,1448
2024-08-04,Region VI (Western Visayas),Dengue,1895
2024-08-11,Region VI (Western Visayas),Dengue,2198
2024-08-18,Region VI (Western Visayas),Dengue,2091
2024-08-25,Region VI (Western Visayas),Dengue,1615
2024-09-01,Region VI (Western Visayas),Dengue,1475
2024-09-08,Region VI (Western Visayas),Dengue,1182
2024-09-15,Region VI (Western Visayas),Dengue,875
2024-09-22,Region VI (Western Visayas),Dengue,714
2024-09-29,Region VI (Western Visayas),Dengue,620
2024-10-06,Region VI (Western Visayas),Dengue,564
2024-10-13,Region VI (Western Visayas),Dengue,441
2024-10-20,Region VI (Western Visayas),Dengue,372
2024-10-27,Region VI (Western Visayas),Dengue,303
2024-11-03,Region VI (Western Visayas),Dengue,297
2024-11-10,Region VI (Western Visayas),Dengue,345
2024-11-17,Region VI (Western Visayas),Dengue,352
2024-11-24,Region VI (Western Visayas),Dengue,372
2024-12-01,Region VI (Western Visayas),Dengue,320
2024-12-08,Region VI (Western Visayas),Dengue,369
2024-12-15,Region VI (Western Visayas),Dengue,300
2024-12-22,Region VI (Western Visayas),Dengue,215
2024-12-29,Region VI (Western Visayas),Dengue,285
2025-01-05,Region VI (Western Visayas),Dengue,209
2025-01-12,Region VI (Western Visayas),Dengue,275
2025-01-19,Region VI (Western Visayas),Dengue,248
2025-01-26,Region VI (Western Visayas),Dengue,291
2025-02-02,Region VI (Western Visayas),Dengue,274
2025-02-09,Region VI (Western Visayas),Dengue,311
2025-02-16,Region VI (Western Visayas),Dengue,282
2025-02-23,Region VI (Western Visayas),Dengue,298
2025-03-02,Region VI (Western Visayas),Dengue,336
2025-03-09,Region VI (Western Visayas),Dengue,282
2025-03-16,Region VI (Western Visayas),Dengue,278
2025-03-23,Region VI (Western Visayas),Dengue,201
2025-03-30,Region VI (Western Visayas),Dengue,210
2025-04-06,Region VI (Western Visayas),Dengue,193
2025-04-13,Region VI (Western Visayas),Dengue,179
2025-04-20,Region VI (Western Visayas),Dengue,206
2025-04-27,Region VI (Western Visayas),Dengue,203
2025-05-04,Region VI (Western Visayas),Dengue,208
2025-05-11,Region VI (Western Visayas),Dengue,201
2025-05-18,Region VI (Western Visayas),Dengue,230
2025-05-25,Region VI (Western Visayas),Dengue,309
2025-06-01,Region VI (Western Visayas),Dengue,354
2025-06-08,Region VI (Western Visayas),Dengue,377
2025-06-15,Region VI (Western Visayas),Dengue,436
2025-06-22,Region VI (Western Visayas),Dengue,545
2025-06-29,Region VI (Western Visayas),Dengue,551
2025-07-06,Region VI (Western Visayas),Dengue,550
2025-07-13,Region VI (Western Visayas),Dengue,679
2025-07-20,Region VI (Western Visayas),Dengue,566
2025-07-27,Region VI (Western Visayas),Dengue,552
2025-08-03,Region VI (Western Visayas),Dengue,489
2025-08-10,Region VI (Western Visayas),Dengue,387
2025-08-17,Region VI (Western Visayas),Dengue,357
2025-08-24,Region VI (Western Visayas),Dengue,311
2025-08-31,Region VI (Western Visayas),Dengue,278
2025-09-07,Region VI (Western Visayas),Dengue,275
2025-09-14,Region VI (Western Visayas),Dengue,277
2025-09-21,Region VI (Western Visayas),Dengue,305
2025-09-28,Region VI (Western Visayas),Dengue,231
2025-10-05,Region VI (Western Visayas),Dengue,272
2025-10-12,Region VI (Western Visayas),Dengue,266
2025-10-19,Region VI (Western Visayas),Dengue,315
2025-10-26,Region VI (Western Visayas),Dengue,295
2025-11-02,Region VI (Western Visayas),Dengue,199
2025-11-09,Region VI (Western Visayas),Dengue,26
2025-11-16,Region VI (Western Visayas),Dengue,24
2025-11-23,Region VI (Western Visayas),Dengue,20
2025-11-30,Region VI (Western Visayas),Dengue,43
2025-12-07,Region VI (Western Visayas),Dengue,66
2025-12-14,Region VI (Western Visayas),Dengue,77
2025-12-21,Region VI (Western Visayas),Dengue,53
2025-12-28,Region VI (Western Visayas),Dengue,21
2016-01-10,Region VII (Central Visayas),Dengue,146
2016-01-17,Region VII (Central Visayas),Dengue,96
2016-01-24,Region VII (Central Visayas),Dengue,118
2016-01-31,Region VII (Central Visayas),Dengue,109
2016-02-07,Region VII (Central Visayas),Dengue,92
2016-02-14,Region VII (Central Visayas),Dengue,111
2016-02-21,Region VII (Central Visayas),Dengue,93
2016-02-28,Region VII (Central Visayas),Dengue,80
2016-03-06,Region VII (Central Visayas),Dengue,84
2016-03-13,Region VII (Central Visayas),Dengue,75
2016-03-20,Region VII (Central Visayas),Dengue,64
2016-03-27,Region VII (Central Visayas),Dengue,50
2016-04-03,Region VII (Central Visayas),Dengue,58
2016-04-10,Region VII (Central Visayas),Dengue,41
2016-04-17,Region VII (Central Visayas),Dengue,67
2016-04-24,Region VII (Central Visayas),Dengue,51
2016-05-01,Region VII (Central Visayas),Dengue,81
2016-05-08,Region VII (Central Visayas),Dengue,47
2016-05-15,Region VII (Central Visayas),Dengue,77
2016-05-22,Region VII (Central Visayas),Dengue,89
2016-05-29,Region VII (Central Visayas),Dengue,70
2016-06-05,Region VII (Central Visayas),Dengue,90
2016-06-12,Region VII (Central Visayas),Dengue,91
2016-06-19,Region VII (Central Visayas),Dengue,115
2016-06-26,Region VII (Central Visayas),Dengue,130
2016-07-03,Region VII (Central Visayas),Dengue,157
2016-07-10,Region VII (Central Visayas),Dengue,134
2016-07-17,Region VII (Central Visayas),Dengue,170
2016-07-24,Region VII (Central Visayas),Dengue,224
2016-07-31,Region VII (Central Visayas),Dengue,236
2016-08-07,Region VII (Central Visayas),Dengue,219
2016-08-14,Region VII (Central Visayas),Dengue,238
2016-08-21,Region VII (Central Visayas),Dengue,190
2016-08-28,Region VII (Central Visayas),Dengue,192
2016-09-04,Region VII (Central Visayas),Dengue,151
2016-09-11,Region VII (Central Visayas),Dengue,141
2016-09-18,Region VII (Central Visayas),Dengue,145
2016-09-25,Region VII (Central Visayas),Dengue,138
2016-10-02,Region VII (Central Visayas),Dengue,91
2016-10-09,Region VII (Central Visayas),Dengue,122
2016-10-16,Region VII (Central Visayas),Dengue,74
2016-10-23,Region VII (Central Visayas),Dengue,64
2016-10-30,Region VII (Central Visayas),Dengue,70
2016-11-06,Region VII (Central Visayas),Dengue,50
2016-11-13,Region VII (Central Visayas),Dengue,65
2016-11-20,Region VII (Central Visayas),Dengue,88
2016-11-27,Region VII (Central Visayas),Dengue,75
2016-12-04,Region VII (Central Visayas),Dengue,92
2016-12-11,Region VII (Central Visayas),Dengue,78
2016-12-18,Region VII (Central Visayas),Dengue,40
2016-12-25,Region VII (Central Visayas),Dengue,19
2017-01-01,Region VII (Central Visayas),Dengue,16
2017-01-08,Region VII (Central Visayas),Dengue,583
2017-01-15,Region VII (Central Visayas),Dengue,439
2017-01-22,Region VII (Central Visayas),Dengue,466
2017-01-29,Region VII (Central Visayas),Dengue,356
2017-02-05,Region VII (Central Visayas),Dengue,404
2017-02-12,Region VII (Central Visayas),Dengue,365
2017-02-19,Region VII (Central Visayas),Dengue,332
2017-02-26,Region VII (Central Visayas),Dengue,270
2017-03-05,Region VII (Central Visayas),Dengue,279
2017-03-12,Region VII (Central Visayas),Dengue,178
2017-03-19,Region VII (Central Visayas),Dengue,196
2017-03-26,Region VII (Central Visayas),Dengue,163
2017-04-02,Region VII (Central Visayas),Dengue,124
2017-04-09,Region VII (Central Visayas),Dengue,132
2017-04-16,Region VII (Central Visayas),Dengue,107
2017-04-23,Region VII (Central Visayas),Dengue,99
2017-04-30,Region VII (Central Visayas),Dengue,114
2017-05-07,Region VII (Central Visayas),Dengue,86
2017-05-14,Region VII (Central Visayas),Dengue,101
2017-05-21,Region VII (Central Visayas),Dengue,129
2017-05-28,Region VII (Central Visayas),Dengue,97
2017-06-04,Region VII (Central Visayas),Dengue,147
2017-06-11,Region VII (Central Visayas),Dengue,148
2017-06-18,Region VII (Central Visayas),Dengue,163
2017-06-25,Region VII (Central Visayas),Dengue,150
2017-07-02,Region VII (Central Visayas),Dengue,156
2017-07-09,Region VII (Central Visayas),Dengue,194
2017-07-16,Region VII (Central Visayas),Dengue,197
2017-07-23,Region VII (Central Visayas),Dengue,210
2017-07-30,Region VII (Central Visayas),Dengue,284
2017-08-06,Region VII (Central Visayas),Dengue,304
2017-08-13,Region VII (Central Visayas),Dengue,347
2017-08-20,Region VII (Central Visayas),Dengue,278
2017-08-27,Region VII (Central Visayas),Dengue,265
2017-09-03,Region VII (Central Visayas),Dengue,249
2017-09-10,Region VII (Central Visayas),Dengue,193
2017-09-17,Region VII (Central Visayas),Dengue,233
2017-09-24,Region VII (Central Visayas),Dengue,195
2017-10-01,Region VII (Central Visayas),Dengue,169
2017-10-08,Region VII (Central Visayas),Dengue,181
2017-10-15,Region VII (Central Visayas),Dengue,155
2017-10-22,Region VII (Central Visayas),Dengue,169
2017-10-29,Region VII (Central Visayas),Dengue,170
2017-11-05,Region VII (Central Visayas),Dengue,155
2017-11-12,Region VII (Central Visayas),Dengue,179
2017-11-19,Region VII (Central Visayas),Dengue,202
2017-11-26,Region VII (Central Visayas),Dengue,175
2017-12-03,Region VII (Central Visayas),Dengue,198
2017-12-10,Region VII (Central Visayas),Dengue,172
2017-12-17,Region VII (Central Visayas),Dengue,140
2017-12-24,Region VII (Central Visayas),Dengue,113
2017-12-31,Region VII (Central Visayas),Dengue,127
2018-01-07,Region VII (Central Visayas),Dengue,125
2018-01-14,Region VII (Central Visayas),Dengue,159
2018-01-21,Region VII (Central Visayas),Dengue,135
2018-01-28,Region VII (Central Visayas),Dengue,135
2018-02-04,Region VII (Central Visayas),Dengue,144
2018-02-11,Region VII (Central Visayas),Dengue,117
2018-02-18,Region VII (Central Visayas),Dengue,108
2018-02-25,Region VII (Central Visayas),Dengue,119
2018-03-04,Region VII (Central Visayas),Dengue,111
2018-03-11,Region VII (Central Visayas),Dengue,102
2018-03-18,Region VII (Central Visayas),Dengue,88
2018-03-25,Region VII (Central Visayas),Dengue,86
2018-04-01,Region VII (Central Visayas),Dengue,62
2018-04-08,Region VII (Central Visayas),Dengue,70
2018-04-15,Region VII (Central Visayas),Dengue,58
2018-04-22,Region VII (Central Visayas),Dengue,47
2018-04-29,Region VII (Central Visayas),Dengue,48
2018-05-06,Region VII (Central Visayas),Dengue,56
2018-05-13,Region VII (Central Visayas),Dengue,73
2018-05-20,Region VII (Central Visayas),Dengue,76
2018-05-27,Region VII (Central Visayas),Dengue,77
2018-06-03,Region VII (Central Visayas),Dengue,81
2018-06-10,Region VII (Central Visayas),Dengue,121
2018-06-17,Region VII (Central Visayas),Dengue,152
2018-06-24,Region VII (Central Visayas),Dengue,155
2018-07-01,Region VII (Central Visayas),Dengue,174
2018-07-08,Region VII (Central Visayas),Dengue,239
2018-07-15,Region VII (Central Visayas),Dengue,275
2018-07-22,Region VII (Central Visayas),Dengue,296
2018-07-29,Region VII (Central Visayas),Dengue,381
2018-08-05,Region VII (Central Visayas),Dengue,471
2018-08-12,Region VII (Central Visayas),Dengue,568
2018-08-19,Region VII (Central Visayas),Dengue,547
2018-08-26,Region VII (Central Visayas),Dengue,522
2018-09-02,Region VII (Central Visayas),Dengue,508
2018-09-09,Region VII (Central Visayas),Dengue,405
2018-09-16,Region VII (Central Visayas),Dengue,417
2018-09-23,Region VII (Central Visayas),Dengue,444
2018-09-30,Region VII (Central Visayas),Dengue,551
2018-10-07,Region VII (Central Visayas),Dengue,585
2018-10-14,Region VII (Central Visayas),Dengue,720
2018-10-21,Region VII (Central Visayas),Dengue,742
2018-10-28,Region VII (Central Visayas),Dengue,899
2018-11-04,Region VII (Central Visayas),Dengue,896
2018-11-11,Region VII (Central Visayas),Dengue,1131
2018-11-18,Region VII (Central Visayas),Dengue,957
2018-11-25,Region VII (Central Visayas),Dengue,961
2018-12-02,Region VII (Central Visayas),Dengue,972
2018-12-09,Region VII (Central Visayas),Dengue,918
2018-12-16,Region VII (Central Visayas),Dengue,799
2018-12-23,Region VII (Central Visayas),Dengue,545
2018-12-30,Region VII (Central Visayas),Dengue,722
2019-01-06,Region VII (Central Visayas),Dengue,960
2019-01-13,Region VII (Central Visayas),Dengue,699
2019-01-20,Region VII (Central Visayas),Dengue,572
2019-01-27,Region VII (Central Visayas),Dengue,561
2019-02-03,Region VII (Central Visayas),Dengue,550
2019-02-10,Region VII (Central Visayas),Dengue,452
2019-02-17,Region VII (Central Visayas),Dengue,359
2019-02-24,Region VII (Central Visayas),Dengue,297
2019-03-03,Region VII (Central Visayas),Dengue,359
2019-03-10,Region VII (Central Visayas),Dengue,272
2019-03-17,Region VII (Central Visayas),Dengue,236
2019-03-24,Region VII (Central Visayas),Dengue,128
2019-03-31,Region VII (Central Visayas),Dengue,135
2019-04-07,Region VII (Central Visayas),Dengue,102
2019-04-14,Region VII (Central Visayas),Dengue,97
2019-04-21,Region VII (Central Visayas),Dengue,115
2019-04-28,Region VII (Central Visayas),Dengue,111
2019-05-05,Region VII (Central Visayas),Dengue,101
2019-05-12,Region VII (Central Visayas),Dengue,72
2019-05-19,Region VII (Central Visayas),Dengue,93
2019-05-26,Region VII (Central Visayas),Dengue,117
2019-06-02,Region VII (Central Visayas),Dengue,133
2019-06-09,Region VII (Central Visayas),Dengue,153
2019-06-16,Region VII (Central Visayas),Dengue,185
2019-06-23,Region VII (Central Visayas),Dengue,251
2019-06-30,Region VII (Central Visayas),Dengue,321
2019-07-07,Region VII (Central Visayas),Dengue,340
2019-07-14,Region VII (Central Visayas),Dengue,490
2019-07-21,Region VII (Central Visayas),Dengue,574
2019-07-28,Region VII (Central Visayas),Dengue,607
2019-08-04,Region VII (Central Visayas),Dengue,798
2019-08-11,Region VII (Central Visayas),Dengue,793
2019-08-18,Region VII (Central Visayas),Dengue,892
2019-08-25,Region VII (Central Visayas),Dengue,881
2019-09-01,Region VII (Central Visayas),Dengue,944
2019-09-08,Region VII (Central Visayas),Dengue,727
2019-09-15,Region VII (Central Visayas),Dengue,691
2019-09-22,Region VII (Central Visayas),Dengue,739
2019-09-29,Region VII (Central Visayas),Dengue,785
2019-10-06,Region VII (Central Visayas),Dengue,773
2019-10-13,Region VII (Central Visayas),Dengue,604
2019-10-20,Region VII (Central Visayas),Dengue,548
2019-10-27,Region VII (Central Visayas),Dengue,530
2019-11-03,Region VII (Central Visayas),Dengue,570
2019-11-10,Region VII (Central Visayas),Dengue,614
2019-11-17,Region VII (Central Visayas),Dengue,606
2019-11-24,Region VII (Central Visayas),Dengue,501
2019-12-01,Region VII (Central Visayas),Dengue,673
2019-12-08,Region VII (Central Visayas),Dengue,664
2019-12-15,Region VII (Central Visayas),Dengue,690
2019-12-22,Region VII (Central Visayas),Dengue,534
2019-12-29,Region VII (Central Visayas),Dengue,602
2022-01-09,Region VII (Central Visayas),Dengue,85
2022-01-16,Region VII (Central Visayas),Dengue,75
2022-01-23,Region VII (Central Visayas),Dengue,70
2022-01-30,Region VII (Central Visayas),Dengue,80
2022-02-06,Region VII (Central Visayas),Dengue,179
2022-02-13,Region VII (Central Visayas),Dengue,108
2022-02-20,Region VII (Central Visayas),Dengue,163
2022-02-27,Region VII (Central Visayas),Dengue,190
2022-03-06,Region VII (Central Visayas),Dengue,219
2022-03-13,Region VII (Central Visayas),Dengue,157
2022-03-20,Region VII (Central Visayas),Dengue,196
2022-03-27,Region VII (Central Visayas),Dengue,285
2022-04-03,Region VII (Central Visayas),Dengue,345
2022-04-10,Region VII (Central Visayas),Dengue,320
2022-04-17,Region VII (Central Visayas),Dengue,293
2022-04-24,Region VII (Central Visayas),Dengue,311
2022-05-01,Region VII (Central Visayas),Dengue,342
2022-05-08,Region VII (Central Visayas),Dengue,378
2022-05-15,Region VII (Central Visayas),Dengue,429
2022-05-22,Region VII (Central Visayas),Dengue,479
2022-05-29,Region VII (Central Visayas),Dengue,588
2022-06-05,Region VII (Central Visayas),Dengue,609
2022-06-12,Region VII (Central Visayas),Dengue,651
2022-06-19,Region VII (Central Visayas),Dengue,695
2022-06-26,Region VII (Central Visayas),Dengue,614
2022-07-03,Region VII (Central Visayas),Dengue,522
2022-07-10,Region VII (Central Visayas),Dengue,403
2022-07-17,Region VII (Central Visayas),Dengue,557
2022-07-24,Region VII (Central Visayas),Dengue,505
2022-07-31,Region VII (Central Visayas),Dengue,486
2022-08-07,Region VII (Central Visayas),Dengue,483
2022-08-14,Region VII (Central Visayas),Dengue,422
2022-08-21,Region VII (Central Visayas),Dengue,376
2022-08-28,Region VII (Central Visayas),Dengue,333
2022-09-04,Region VII (Central Visayas),Dengue,362
2022-09-11,Region VII (Central Visayas),Dengue,354
2022-09-18,Region VII (Central Visayas),Dengue,328
2022-09-25,Region VII (Central Visayas),Dengue,293
2022-10-02,Region VII (Central Visayas),Dengue,300
2022-10-09,Region VII (Central Visayas),Dengue,257
2022-10-16,Region VII (Central Visayas),Dengue,267
2022-10-23,Region VII (Central Visayas),Dengue,195
2022-10-30,Region VII (Central Visayas),Dengue,156
2022-11-06,Region VII (Central Visayas),Dengue,232
2022-11-13,Region VII (Central Visayas),Dengue,229
2022-11-20,Region VII (Central Visayas),Dengue,182
2022-11-27,Region VII (Central Visayas),Dengue,236
2022-12-04,Region VII (Central Visayas),Dengue,220
2022-12-11,Region VII (Central Visayas),Dengue,140
2022-12-18,Region VII (Central Visayas),Dengue,151
2022-12-25,Region VII (Central Visayas),Dengue,102
2023-01-01,Region VII (Central Visayas),Dengue,55
2023-01-08,Region VII (Central Visayas),Dengue,175
2023-01-15,Region VII (Central Visayas),Dengue,159
2023-01-22,Region VII (Central Visayas),Dengue,178
2023-01-29,Region VII (Central Visayas),Dengue,93
2023-02-05,Region VII (Central Visayas),Dengue,99
2023-02-12,Region VII (Central Visayas),Dengue,191
2023-02-19,Region VII (Central Visayas),Dengue,182
2023-02-26,Region VII (Central Visayas),Dengue,159
2023-03-05,Region VII (Central Visayas),Dengue,177
2023-03-12,Region VII (Central Visayas),Dengue,118
2023-03-19,Region VII (Central Visayas),Dengue,107
2023-03-26,Region VII (Central Visayas),Dengue,119
2023-04-02,Region VII (Central Visayas),Dengue,130
2023-04-09,Region VII (Central Visayas),Dengue,109
2023-04-16,Region VII (Central Visayas),Dengue,91
2023-04-23,Region VII (Central Visayas),Dengue,81
2023-04-30,Region VII (Central Visayas),Dengue,78
2023-05-07,Region VII (Central Visayas),Dengue,78
2023-05-14,Region VII (Central Visayas),Dengue,95
2023-05-21,Region VII (Central Visayas),Dengue,81
2023-05-28,Region VII (Central Visayas),Dengue,76
2023-06-04,Region VII (Central Visayas),Dengue,87
2023-06-11,Region VII (Central Visayas),Dengue,71
2023-06-18,Region VII (Central Visayas),Dengue,110
2023-06-25,Region VII (Central Visayas),Dengue,118
2023-07-02,Region VII (Central Visayas),Dengue,134
2023-07-09,Region VII (Central Visayas),Dengue,135
2023-07-16,Region VII (Central Visayas),Dengue,167
2023-07-23,Region VII (Central Visayas),Dengue,152
2023-07-30,Region VII (Central Visayas),Dengue,143
2023-08-06,Region VII (Central Visayas),Dengue,191
2023-08-13,Region VII (Central Visayas),Dengue,149
2023-08-20,Region VII (Central Visayas),Dengue,141
2023-08-27,Region VII (Central Visayas),Dengue,157
2023-09-03,Region VII (Central Visayas),Dengue,180
2023-09-10,Region VII (Central Visayas),Dengue,115
2023-09-17,Region VII (Central Visayas),Dengue,156
2023-09-24,Region VII (Central Visayas),Dengue,175
2023-10-01,Region VII (Central Visayas),Dengue,179
2023-10-08,Region VII (Central Visayas),Dengue,181
2023-10-15,Region VII (Central Visayas),Dengue,180
2023-10-22,Region VII (Central Visayas),Dengue,226
2023-10-29,Region VII (Central Visayas),Dengue,184
2023-11-05,Region VII (Central Visayas),Dengue,224
2023-11-12,Region VII (Central Visayas),Dengue,251
2023-11-19,Region VII (Central Visayas),Dengue,259
2023-11-26,Region VII (Central Visayas),Dengue,288
2023-12-03,Region VII (Central Visayas),Dengue,307
2023-12-10,Region VII (Central Visayas),Dengue,271
2023-12-17,Region VII (Central Visayas),Dengue,292
2023-12-24,Region VII (Central Visayas),Dengue,229
2023-12-31,Region VII (Central Visayas),Dengue,285
2024-01-07,Region VII (Central Visayas),Dengue,368
2024-01-14,Region VII (Central Visayas),Dengue,395
2024-01-21,Region VII (Central Visayas),Dengue,336
2024-01-28,Region VII (Central Visayas),Dengue,336
2024-02-04,Region VII (Central Visayas),Dengue,336
2024-02-11,Region VII (Central Visayas),Dengue,344
2024-02-18,Region VII (Central Visayas),Dengue,286
2024-02-25,Region VII (Central Visayas),Dengue,283
2024-03-03,Region VII (Central Visayas),Dengue,305
2024-03-10,Region VII (Central Visayas),Dengue,316
2024-03-17,Region VII (Central Visayas),Dengue,273
2024-03-24,Region VII (Central Visayas),Dengue,252
2024-03-31,Region VII (Central Visayas),Dengue,200
2024-04-07,Region VII (Central Visayas),Dengue,185
2024-04-14,Region VII (Central Visayas),Dengue,183
2024-04-21,Region VII (Central Visayas),Dengue,156
2024-04-28,Region VII (Central Visayas),Dengue,174
2024-05-05,Region VII (Central Visayas),Dengue,187
2024-05-12,Region VII (Central Visayas),Dengue,158
2024-05-19,Region VII (Central Visayas),Dengue,168
2024-05-26,Region VII (Central Visayas),Dengue,135
2024-06-02,Region VII (Central Visayas),Dengue,134
2024-06-09,Region VII (Central Visayas),Dengue,169
2024-06-16,Region VII (Central Visayas),Dengue,157
2024-06-23,Region VII (Central Visayas),Dengue,180
2024-06-30,Region VII (Central Visayas),Dengue,214
2024-07-07,Region VII (Central Visayas),Dengue,348
2024-07-14,Region VII (Central Visayas),Dengue,430
2024-07-21,Region VII (Central Visayas),Dengue,680
2024-07-28,Region VII (Central Visayas),Dengue,942
2024-08-04,Region VII (Central Visayas),Dengue,1315
2024-08-11,Region VII (Central Visayas),Dengue,1606
2024-08-18,Region VII (Central Visayas),Dengue,2036
2024-08-25,Region VII (Central Visayas),Dengue,1753
2024-09-01,Region VII (Central Visayas),Dengue,1916
2024-09-08,Region VII (Central Visayas),Dengue,1748
2024-09-15,Region VII (Central Visayas),Dengue,1473
2024-09-22,Region VII (Central Visayas),Dengue,1406
2024-09-29,Region VII (Central Visayas),Dengue,1183
2024-10-06,Region VII (Central Visayas),Dengue,1085
2024-10-13,Region VII (Central Visayas),Dengue,1068
2024-10-20,Region VII (Central Visayas),Dengue,892
2024-10-27,Region VII (Central Visayas),Dengue,831
2024-11-03,Region VII (Central Visayas),Dengue,737
2024-11-10,Region VII (Central Visayas),Dengue,767
2024-11-17,Region VII (Central Visayas),Dengue,723
2024-11-24,Region VII (Central Visayas),Dengue,690
2024-12-01,Region VII (Central Visayas),Dengue,591
2024-12-08,Region VII (Central Visayas),Dengue,562
2024-12-15,Region VII (Central Visayas),Dengue,501
2024-12-22,Region VII (Central Visayas),Dengue,382
2024-12-29,Region VII (Central Visayas),Dengue,478
2025-01-05,Region VII (Central Visayas),Dengue,349
2025-01-12,Region VII (Central Visayas),Dengue,499
2025-01-19,Region VII (Central Visayas),Dengue,443
2025-01-26,Region VII (Central Visayas),Dengue,463
2025-02-02,Region VII (Central Visayas),Dengue,469
2025-02-09,Region VII (Central Visayas),Dengue,453
2025-02-16,Region VII (Central Visayas),Dengue,395
2025-02-23,Region VII (Central Visayas),Dengue,361
2025-03-02,Region VII (Central Visayas),Dengue,328
2025-03-09,Region VII (Central Visayas),Dengue,273
2025-03-16,Region VII (Central Visayas),Dengue,239
2025-03-23,Region VII (Central Visayas),Dengue,228
2025-03-30,Region VII (Central Visayas),Dengue,212
2025-04-06,Region VII (Central Visayas),Dengue,171
2025-04-13,Region VII (Central Visayas),Dengue,141
2025-04-20,Region VII (Central Visayas),Dengue,126
2025-04-27,Region VII (Central Visayas),Dengue,152
2025-05-04,Region VII (Central Visayas),Dengue,124
2025-05-11,Region VII (Central Visayas),Dengue,121
2025-05-18,Region VII (Central Visayas),Dengue,103
2025-05-25,Region VII (Central Visayas),Dengue,126
2025-06-01,Region VII (Central Visayas),Dengue,114
2025-06-08,Region VII (Central Visayas),Dengue,105
2025-06-15,Region VII (Central Visayas),Dengue,117
2025-06-22,Region VII (Central Visayas),Dengue,179
2025-06-29,Region VII (Central Visayas),Dengue,157
2025-07-06,Region VII (Central Visayas),Dengue,194
2025-07-13,Region VII (Central Visayas),Dengue,225
2025-07-20,Region VII (Central Visayas),Dengue,230
2025-07-27,Region VII (Central Visayas),Dengue,229
2025-08-03,Region VII (Central Visayas),Dengue,218
2025-08-10,Region VII (Central Visayas),Dengue,205
2025-08-17,Region VII (Central Visayas),Dengue,214
2025-08-24,Region VII (Central Visayas),Dengue,185
2025-08-31,Region VII (Central Visayas),Dengue,182
2025-09-07,Region VII (Central Visayas),Dengue,206
2025-09-14,Region VII (Central Visayas),Dengue,179
2025-09-21,Region VII (Central Visayas),Dengue,175
2025-09-28,Region VII (Central Visayas),Dengue,201
2025-10-05,Region VII (Central Visayas),Dengue,181
2025-10-12,Region VII (Central Visayas),Dengue,213
2025-10-19,Region VII (Central Visayas),Dengue,201
2025-10-26,Region VII (Central Visayas),Dengue,231
2025-11-02,Region VII (Central Visayas),Dengue,174
2025-11-09,Region VII (Central Visayas),Dengue,150
2025-11-16,Region VII (Central Visayas),Dengue,130
2025-11-23,Region VII (Central Visayas),Dengue,99
2025-11-30,Region VII (Central Visayas),Dengue,80
2025-12-07,Region VII (Central Visayas),Dengue,113
2025-12-14,Region VII (Central Visayas),Dengue,120
2025-12-21,Region VII (Central Visayas),Dengue,113
2025-12-28,Region VII (Central Visayas),Dengue,86
2016-01-10,Region VIII (Eastern Visayas),Dengue,485
2016-01-17,Region VIII (Eastern Visayas),Dengue,394
2016-01-24,Region VIII (Eastern Visayas),Dengue,445
2016-01-31,Region VIII (Eastern Visayas),Dengue,366
2016-02-07,Region VIII (Eastern Visayas),Dengue,328
2016-02-14,Region VIII (Eastern Visayas),Dengue,314
2016-02-21,Region VIII (Eastern Visayas),Dengue,263
2016-02-28,Region VIII (Eastern Visayas),Dengue,270
2016-03-06,Region VIII (Eastern Visayas),Dengue,295
2016-03-13,Region VIII (Eastern Visayas),Dengue,323
2016-03-20,Region VIII (Eastern Visayas),Dengue,328
2016-03-27,Region VIII (Eastern Visayas),Dengue,274
2016-04-03,Region VIII (Eastern Visayas),Dengue,310
2016-04-10,Region VIII (Eastern Visayas),Dengue,284
2016-04-17,Region VIII (Eastern Visayas),Dengue,220
2016-04-24,Region VIII (Eastern Visayas),Dengue,170
2016-05-01,Region VIII (Eastern Visayas),Dengue,177
2016-05-08,Region VIII (Eastern Visayas),Dengue,174
2016-05-15,Region VIII (Eastern Visayas),Dengue,276
2016-05-22,Region VIII (Eastern Visayas),Dengue,151
2016-05-29,Region VIII (Eastern Visayas),Dengue,138
2016-06-05,Region VIII (Eastern Visayas),Dengue,129
2016-06-12,Region VIII (Eastern Visayas),Dengue,176
2016-06-19,Region VIII (Eastern Visayas),Dengue,198
2016-06-26,Region VIII (Eastern Visayas),Dengue,253
2016-07-03,Region VIII (Eastern Visayas),Dengue,260
2016-07-10,Region VIII (Eastern Visayas),Dengue,359
2016-07-17,Region VIII (Eastern Visayas),Dengue,472
2016-07-24,Region VIII (Eastern Visayas),Dengue,603
2016-07-31,Region VIII (Eastern Visayas),Dengue,779
2016-08-07,Region VIII (Eastern Visayas),Dengue,931
2016-08-14,Region VIII (Eastern Visayas),Dengue,1204
2016-08-21,Region VIII (Eastern Visayas),Dengue,1150
2016-08-28,Region VIII (Eastern Visayas),Dengue,1139
2016-09-04,Region VIII (Eastern Visayas),Dengue,1048
2016-09-11,Region VIII (Eastern Visayas),Dengue,1708
2016-09-18,Region VIII (Eastern Visayas),Dengue,877
2016-09-25,Region VIII (Eastern Visayas),Dengue,825
2016-10-02,Region VIII (Eastern Visayas),Dengue,765
2016-10-09,Region VIII (Eastern Visayas),Dengue,890
2016-10-16,Region VIII (Eastern Visayas),Dengue,945
2016-10-23,Region VIII (Eastern Visayas),Dengue,957
2016-10-30,Region VIII (Eastern Visayas),Dengue,974
2016-11-06,Region VIII (Eastern Visayas),Dengue,954
2016-11-13,Region VIII (Eastern Visayas),Dengue,1054
2016-11-20,Region VIII (Eastern Visayas),Dengue,933
2016-11-27,Region VIII (Eastern Visayas),Dengue,830
2016-12-04,Region VIII (Eastern Visayas),Dengue,838
2016-12-11,Region VIII (Eastern Visayas),Dengue,822
2016-12-18,Region VIII (Eastern Visayas),Dengue,733
2016-12-25,Region VIII (Eastern Visayas),Dengue,604
2017-01-01,Region VIII (Eastern Visayas),Dengue,513
2017-01-08,Region VIII (Eastern Visayas),Dengue,197
2017-01-15,Region VIII (Eastern Visayas),Dengue,143
2017-01-22,Region VIII (Eastern Visayas),Dengue,134
2017-01-29,Region VIII (Eastern Visayas),Dengue,113
2017-02-05,Region VIII (Eastern Visayas),Dengue,124
2017-02-12,Region VIII (Eastern Visayas),Dengue,114
2017-02-19,Region VIII (Eastern Visayas),Dengue,99
2017-02-26,Region VIII (Eastern Visayas),Dengue,84
2017-03-05,Region VIII (Eastern Visayas),Dengue,95
2017-03-12,Region VIII (Eastern Visayas),Dengue,81
2017-03-19,Region VIII (Eastern Visayas),Dengue,66
2017-03-26,Region VIII (Eastern Visayas),Dengue,86
2017-04-02,Region VIII (Eastern Visayas),Dengue,60
2017-04-09,Region VIII (Eastern Visayas),Dengue,57
2017-04-16,Region VIII (Eastern Visayas),Dengue,74
2017-04-23,Region VIII (Eastern Visayas),Dengue,67
2017-04-30,Region VIII (Eastern Visayas),Dengue,69
2017-05-07,Region VIII (Eastern Visayas),Dengue,57
2017-05-14,Region VIII (Eastern Visayas),Dengue,45
2017-05-21,Region VIII (Eastern Visayas),Dengue,71
2017-05-28,Region VIII (Eastern Visayas),Dengue,59
2017-06-04,Region VIII (Eastern Visayas),Dengue,65
2017-06-11,Region VIII (Eastern Visayas),Dengue,40
2017-06-18,Region VIII (Eastern Visayas),Dengue,61
2017-06-25,Region VIII (Eastern Visayas),Dengue,68
2017-07-02,Region VIII (Eastern Visayas),Dengue,69
2017-07-09,Region VIII (Eastern Visayas),Dengue,73
2017-07-16,Region VIII (Eastern Visayas),Dengue,78
2017-07-23,Region VIII (Eastern Visayas),Dengue,133
2017-07-30,Region VIII (Eastern Visayas),Dengue,79
2017-08-06,Region VIII (Eastern Visayas),Dengue,138
2017-08-13,Region VIII (Eastern Visayas),Dengue,99
2017-08-20,Region VIII (Eastern Visayas),Dengue,68
2017-08-27,Region VIII (Eastern Visayas),Dengue,62
2017-09-03,Region VIII (Eastern Visayas),Dengue,50
2017-09-10,Region VIII (Eastern Visayas),Dengue,59
2017-09-17,Region VIII (Eastern Visayas),Dengue,102
2017-09-24,Region VIII (Eastern Visayas),Dengue,117
2017-10-01,Region VIII (Eastern Visayas),Dengue,74
2017-10-08,Region VIII (Eastern Visayas),Dengue,80
2017-10-15,Region VIII (Eastern Visayas),Dengue,78
2017-10-22,Region VIII (Eastern Visayas),Dengue,73
2017-10-29,Region VIII (Eastern Visayas),Dengue,61
2017-11-05,Region VIII (Eastern Visayas),Dengue,64
2017-11-12,Region VIII (Eastern Visayas),Dengue,99
2017-11-19,Region VIII (Eastern Visayas),Dengue,47
2017-11-26,Region VIII (Eastern Visayas),Dengue,99
2017-12-03,Region VIII (Eastern Visayas),Dengue,107
2017-12-10,Region VIII (Eastern Visayas),Dengue,95
2017-12-17,Region VIII (Eastern Visayas),Dengue,49
2017-12-24,Region VIII (Eastern Visayas),Dengue,23
2017-12-31,Region VIII (Eastern Visayas),Dengue,46
2018-01-07,Region VIII (Eastern Visayas),Dengue,136
2018-01-14,Region VIII (Eastern Visayas),Dengue,130
2018-01-21,Region VIII (Eastern Visayas),Dengue,118
2018-01-28,Region VIII (Eastern Visayas),Dengue,116
2018-02-04,Region VIII (Eastern Visayas),Dengue,82
2018-02-11,Region VIII (Eastern Visayas),Dengue,79
2018-02-18,Region VIII (Eastern Visayas),Dengue,69
2018-02-25,Region VIII (Eastern Visayas),Dengue,58
2018-03-04,Region VIII (Eastern Visayas),Dengue,64
2018-03-11,Region VIII (Eastern Visayas),Dengue,61
2018-03-18,Region VIII (Eastern Visayas),Dengue,57
2018-03-25,Region VIII (Eastern Visayas),Dengue,58
2018-04-01,Region VIII (Eastern Visayas),Dengue,52
2018-04-08,Region VIII (Eastern Visayas),Dengue,51
2018-04-15,Region VIII (Eastern Visayas),Dengue,50
2018-04-22,Region VIII (Eastern Visayas),Dengue,54
2018-04-29,Region VIII (Eastern Visayas),Dengue,60
2018-05-06,Region VIII (Eastern Visayas),Dengue,71
2018-05-13,Region VIII (Eastern Visayas),Dengue,80
2018-05-20,Region VIII (Eastern Visayas),Dengue,65
2018-05-27,Region VIII (Eastern Visayas),Dengue,98
2018-06-03,Region VIII (Eastern Visayas),Dengue,89
2018-06-10,Region VIII (Eastern Visayas),Dengue,115
2018-06-17,Region VIII (Eastern Visayas),Dengue,155
2018-06-24,Region VIII (Eastern Visayas),Dengue,144
2018-07-01,Region VIII (Eastern Visayas),Dengue,153
2018-07-08,Region VIII (Eastern Visayas),Dengue,134
2018-07-15,Region VIII (Eastern Visayas),Dengue,183
2018-07-22,Region VIII (Eastern Visayas),Dengue,187
2018-07-29,Region VIII (Eastern Visayas),Dengue,197
2018-08-05,Region VIII (Eastern Visayas),Dengue,297
2018-08-12,Region VIII (Eastern Visayas),Dengue,293
2018-08-19,Region VIII (Eastern Visayas),Dengue,278
2018-08-26,Region VIII (Eastern Visayas),Dengue,262
2018-09-02,Region VIII (Eastern Visayas),Dengue,250
2018-09-09,Region VIII (Eastern Visayas),Dengue,268
2018-09-16,Region VIII (Eastern Visayas),Dengue,265
2018-09-23,Region VIII (Eastern Visayas),Dengue,266
2018-09-30,Region VIII (Eastern Visayas),Dengue,249
2018-10-07,Region VIII (Eastern Visayas),Dengue,393
2018-10-14,Region VIII (Eastern Visayas),Dengue,357
2018-10-21,Region VIII (Eastern Visayas),Dengue,476
2018-10-28,Region VIII (Eastern Visayas),Dengue,427
2018-11-04,Region VIII (Eastern Visayas),Dengue,412
2018-11-11,Region VIII (Eastern Visayas),Dengue,453
2018-11-18,Region VIII (Eastern Visayas),Dengue,481
2018-11-25,Region VIII (Eastern Visayas),Dengue,437
2018-12-02,Region VIII (Eastern Visayas),Dengue,444
2018-12-09,Region VIII (Eastern Visayas),Dengue,497
2018-12-16,Region VIII (Eastern Visayas),Dengue,511
2018-12-23,Region VIII (Eastern Visayas),Dengue,367
2018-12-30,Region VIII (Eastern Visayas),Dengue,437
2019-01-06,Region VIII (Eastern Visayas),Dengue,406
2019-01-13,Region VIII (Eastern Visayas),Dengue,358
2019-01-20,Region VIII (Eastern Visayas),Dengue,337
2019-01-27,Region VIII (Eastern Visayas),Dengue,372
2019-02-03,Region VIII (Eastern Visayas),Dengue,282
2019-02-10,Region VIII (Eastern Visayas),Dengue,215
2019-02-17,Region VIII (Eastern Visayas),Dengue,172
2019-02-24,Region VIII (Eastern Visayas),Dengue,215
2019-03-03,Region VIII (Eastern Visayas),Dengue,139
2019-03-10,Region VIII (Eastern Visayas),Dengue,144
2019-03-17,Region VIII (Eastern Visayas),Dengue,133
2019-03-24,Region VIII (Eastern Visayas),Dengue,155
2019-03-31,Region VIII (Eastern Visayas),Dengue,105
2019-04-07,Region VIII (Eastern Visayas),Dengue,134
2019-04-14,Region VIII (Eastern Visayas),Dengue,106
2019-04-21,Region VIII (Eastern Visayas),Dengue,99
2019-04-28,Region VIII (Eastern Visayas),Dengue,95
2019-05-05,Region VIII (Eastern Visayas),Dengue,115
2019-05-12,Region VIII (Eastern Visayas),Dengue,122
2019-05-19,Region VIII (Eastern Visayas),Dengue,124
2019-05-26,Region VIII (Eastern Visayas),Dengue,174
2019-06-02,Region VIII (Eastern Visayas),Dengue,180
2019-06-09,Region VIII (Eastern Visayas),Dengue,254
2019-06-16,Region VIII (Eastern Visayas),Dengue,246
2019-06-23,Region VIII (Eastern Visayas),Dengue,363
2019-06-30,Region VIII (Eastern Visayas),Dengue,663
2019-07-07,Region VIII (Eastern Visayas),Dengue,1007
2019-07-14,Region VIII (Eastern Visayas),Dengue,1502
2019-07-21,Region VIII (Eastern Visayas),Dengue,1774
2019-07-28,Region VIII (Eastern Visayas),Dengue,1933
2019-08-04,Region VIII (Eastern Visayas),Dengue,1954
2019-08-11,Region VIII (Eastern Visayas),Dengue,1838
2019-08-18,Region VIII (Eastern Visayas),Dengue,1539
2019-08-25,Region VIII (Eastern Visayas),Dengue,1138
2019-09-01,Region VIII (Eastern Visayas),Dengue,1314
2019-09-08,Region VIII (Eastern Visayas),Dengue,933
2019-09-15,Region VIII (Eastern Visayas),Dengue,712
2019-09-22,Region VIII (Eastern Visayas),Dengue,800
2019-09-29,Region VIII (Eastern Visayas),Dengue,709
2019-10-06,Region VIII (Eastern Visayas),Dengue,632
2019-10-13,Region VIII (Eastern Visayas),Dengue,532
2019-10-20,Region VIII (Eastern Visayas),Dengue,391
2019-10-27,Region VIII (Eastern Visayas),Dengue,250
2019-11-03,Region VIII (Eastern Visayas),Dengue,294
2019-11-10,Region VIII (Eastern Visayas),Dengue,292
2019-11-17,Region VIII (Eastern Visayas),Dengue,208
2019-11-24,Region VIII (Eastern Visayas),Dengue,131
2019-12-01,Region VIII (Eastern Visayas),Dengue,138
2019-12-08,Region VIII (Eastern Visayas),Dengue,152
2019-12-15,Region VIII (Eastern Visayas),Dengue,129
2019-12-22,Region VIII (Eastern Visayas),Dengue,43
2019-12-29,Region VIII (Eastern Visayas),Dengue,104
2022-01-09,Region VIII (Eastern Visayas),Dengue,49
2022-01-16,Region VIII (Eastern Visayas),Dengue,29
2022-01-23,Region VIII (Eastern Visayas),Dengue,27
2022-01-30,Region VIII (Eastern Visayas),Dengue,38
2022-02-06,Region VIII (Eastern Visayas),Dengue,40
2022-02-13,Region VIII (Eastern Visayas),Dengue,39
2022-02-20,Region VIII (Eastern Visayas),Dengue,40
2022-02-27,Region VIII (Eastern Visayas),Dengue,51
2022-03-06,Region VIII (Eastern Visayas),Dengue,61
2022-03-13,Region VIII (Eastern Visayas),Dengue,77
2022-03-20,Region VIII (Eastern Visayas),Dengue,67
2022-03-27,Region VIII (Eastern Visayas),Dengue,84
2022-04-03,Region VIII (Eastern Visayas),Dengue,132
2022-04-10,Region VIII (Eastern Visayas),Dengue,113
2022-04-17,Region VIII (Eastern Visayas),Dengue,88
2022-04-24,Region VIII (Eastern Visayas),Dengue,144
2022-05-01,Region VIII (Eastern Visayas),Dengue,129
2022-05-08,Region VIII (Eastern Visayas),Dengue,156
2022-05-15,Region VIII (Eastern Visayas),Dengue,156
2022-05-22,Region VIII (Eastern Visayas),Dengue,196
2022-05-29,Region VIII (Eastern Visayas),Dengue,216
2022-06-05,Region VIII (Eastern Visayas),Dengue,219
2022-06-12,Region VIII (Eastern Visayas),Dengue,241
2022-06-19,Region VIII (Eastern Visayas),Dengue,218
2022-06-26,Region VIII (Eastern Visayas),Dengue,190
2022-07-03,Region VIII (Eastern Visayas),Dengue,213
2022-07-10,Region VIII (Eastern Visayas),Dengue,245
2022-07-17,Region VIII (Eastern Visayas),Dengue,240
2022-07-24,Region VIII (Eastern Visayas),Dengue,204
2022-07-31,Region VIII (Eastern Visayas),Dengue,179
2022-08-07,Region VIII (Eastern Visayas),Dengue,220
2022-08-14,Region VIII (Eastern Visayas),Dengue,177
2022-08-21,Region VIII (Eastern Visayas),Dengue,191
2022-08-28,Region VIII (Eastern Visayas),Dengue,160
2022-09-04,Region VIII (Eastern Visayas),Dengue,151
2022-09-11,Region VIII (Eastern Visayas),Dengue,163
2022-09-18,Region VIII (Eastern Visayas),Dengue,138
2022-09-25,Region VIII (Eastern Visayas),Dengue,145
2022-10-02,Region VIII (Eastern Visayas),Dengue,159
2022-10-09,Region VIII (Eastern Visayas),Dengue,144
2022-10-16,Region VIII (Eastern Visayas),Dengue,169
2022-10-23,Region VIII (Eastern Visayas),Dengue,117
2022-10-30,Region VIII (Eastern Visayas),Dengue,106
2022-11-06,Region VIII (Eastern Visayas),Dengue,146
2022-11-13,Region VIII (Eastern Visayas),Dengue,184
2022-11-20,Region VIII (Eastern Visayas),Dengue,169
2022-11-27,Region VIII (Eastern Visayas),Dengue,169
2022-12-04,Region VIII (Eastern Visayas),Dengue,168
2022-12-11,Region VIII (Eastern Visayas),Dengue,133
2022-12-18,Region VIII (Eastern Visayas),Dengue,106
2022-12-25,Region VIII (Eastern Visayas),Dengue,63
2023-01-01,Region VIII (Eastern Visayas),Dengue,33
2023-01-08,Region VIII (Eastern Visayas),Dengue,105
2023-01-15,Region VIII (Eastern Visayas),Dengue,72
2023-01-22,Region VIII (Eastern Visayas),Dengue,56
2023-01-29,Region VIII (Eastern Visayas),Dengue,68
2023-02-05,Region VIII (Eastern Visayas),Dengue,77
2023-02-12,Region VIII (Eastern Visayas),Dengue,85
2023-02-19,Region VIII (Eastern Visayas),Dengue,70
2023-02-26,Region VIII (Eastern Visayas),Dengue,62
2023-03-05,Region VIII (Eastern Visayas),Dengue,70
2023-03-12,Region VIII (Eastern Visayas),Dengue,97
2023-03-19,Region VIII (Eastern Visayas),Dengue,64
2023-03-26,Region VIII (Eastern Visayas),Dengue,60
2023-04-02,Region VIII (Eastern Visayas),Dengue,39
2023-04-09,Region VIII (Eastern Visayas),Dengue,38
2023-04-16,Region VIII (Eastern Visayas),Dengue,48
2023-04-23,Region VIII (Eastern Visayas),Dengue,36
2023-04-30,Region VIII (Eastern Visayas),Dengue,41
2023-05-07,Region VIII (Eastern Visayas),Dengue,35
2023-05-14,Region VIII (Eastern Visayas),Dengue,46
2023-05-21,Region VIII (Eastern Visayas),Dengue,50
2023-05-28,Region VIII (Eastern Visayas),Dengue,49
2023-06-04,Region VIII (Eastern Visayas),Dengue,44
2023-06-11,Region VIII (Eastern Visayas),Dengue,72
2023-06-18,Region VIII (Eastern Visayas),Dengue,71
2023-06-25,Region VIII (Eastern Visayas),Dengue,91
2023-07-02,Region VIII (Eastern Visayas),Dengue,84
2023-07-09,Region VIII (Eastern Visayas),Dengue,106
2023-07-16,Region VIII (Eastern Visayas),Dengue,137
2023-07-23,Region VIII (Eastern Visayas),Dengue,95
2023-07-30,Region VIII (Eastern Visayas),Dengue,160
2023-08-06,Region VIII (Eastern Visayas),Dengue,108
2023-08-13,Region VIII (Eastern Visayas),Dengue,88
2023-08-20,Region VIII (Eastern Visayas),Dengue,81
2023-08-27,Region VIII (Eastern Visayas),Dengue,102
2023-09-03,Region VIII (Eastern Visayas),Dengue,102
2023-09-10,Region VIII (Eastern Visayas),Dengue,93
2023-09-17,Region VIII (Eastern Visayas),Dengue,97
2023-09-24,Region VIII (Eastern Visayas),Dengue,109
2023-10-01,Region VIII (Eastern Visayas),Dengue,105
2023-10-08,Region VIII (Eastern Visayas),Dengue,122
2023-10-15,Region VIII (Eastern Visayas),Dengue,149
2023-10-22,Region VIII (Eastern Visayas),Dengue,133
2023-10-29,Region VIII (Eastern Visayas),Dengue,115
2023-11-05,Region VIII (Eastern Visayas),Dengue,147
2023-11-12,Region VIII (Eastern Visayas),Dengue,131
2023-11-19,Region VIII (Eastern Visayas),Dengue,127
2023-11-26,Region VIII (Eastern Visayas),Dengue,165
2023-12-03,Region VIII (Eastern Visayas),Dengue,195
2023-12-10,Region VIII (Eastern Visayas),Dengue,202
2023-12-17,Region VIII (Eastern Visayas),Dengue,159
2023-12-24,Region VIII (Eastern Visayas),Dengue,127
2023-12-31,Region VIII (Eastern Visayas),Dengue,54
2024-01-07,Region VIII (Eastern Visayas),Dengue,140
2024-01-14,Region VIII (Eastern Visayas),Dengue,128
2024-01-21,Region VIII (Eastern Visayas),Dengue,133
2024-01-28,Region VIII (Eastern Visayas),Dengue,116
2024-02-04,Region VIII (Eastern Visayas),Dengue,94
2024-02-11,Region VIII (Eastern Visayas),Dengue,110
2024-02-18,Region VIII (Eastern Visayas),Dengue,88
2024-02-25,Region VIII (Eastern Visayas),Dengue,83
2024-03-03,Region VIII (Eastern Visayas),Dengue,79
2024-03-10,Region VIII (Eastern Visayas),Dengue,87
2024-03-17,Region VIII (Eastern Visayas),Dengue,95
2024-03-24,Region VIII (Eastern Visayas),Dengue,95
2024-03-31,Region VIII (Eastern Visayas),Dengue,68
2024-04-07,Region VIII (Eastern Visayas),Dengue,53
2024-04-14,Region VIII (Eastern Visayas),Dengue,53
2024-04-21,Region VIII (Eastern Visayas),Dengue,53
2024-04-28,Region VIII (Eastern Visayas),Dengue,76
2024-05-05,Region VIII (Eastern Visayas),Dengue,78
2024-05-12,Region VIII (Eastern Visayas),Dengue,97
2024-05-19,Region VIII (Eastern Visayas),Dengue,97
2024-05-26,Region VIII (Eastern Visayas),Dengue,75
2024-06-02,Region VIII (Eastern Visayas),Dengue,129
2024-06-09,Region VIII (Eastern Visayas),Dengue,119
2024-06-16,Region VIII (Eastern Visayas),Dengue,118
2024-06-23,Region VIII (Eastern Visayas),Dengue,155
2024-06-30,Region VIII (Eastern Visayas),Dengue,140
2024-07-07,Region VIII (Eastern Visayas),Dengue,185
2024-07-14,Region VIII (Eastern Visayas),Dengue,227
2024-07-21,Region VIII (Eastern Visayas),Dengue,254
2024-07-28,Region VIII (Eastern Visayas),Dengue,285
2024-08-04,Region VIII (Eastern Visayas),Dengue,307
2024-08-11,Region VIII (Eastern Visayas),Dengue,490
2024-08-18,Region VIII (Eastern Visayas),Dengue,567
2024-08-25,Region VIII (Eastern Visayas),Dengue,431
2024-09-01,Region VIII (Eastern Visayas),Dengue,323
2024-09-08,Region VIII (Eastern Visayas),Dengue,252
2024-09-15,Region VIII (Eastern Visayas),Dengue,229
2024-09-22,Region VIII (Eastern Visayas),Dengue,149
2024-09-29,Region VIII (Eastern Visayas),Dengue,147
2024-10-06,Region VIII (Eastern Visayas),Dengue,113
2024-10-13,Region VIII (Eastern Visayas),Dengue,108
2024-10-20,Region VIII (Eastern Visayas),Dengue,75
2024-10-27,Region VIII (Eastern Visayas),Dengue,71
2024-11-03,Region VIII (Eastern Visayas),Dengue,69
2024-11-10,Region VIII (Eastern Visayas),Dengue,55
2024-11-17,Region VIII (Eastern Visayas),Dengue,60
2024-11-24,Region VIII (Eastern Visayas),Dengue,59
2024-12-01,Region VIII (Eastern Visayas),Dengue,83
2024-12-08,Region VIII (Eastern Visayas),Dengue,62
2024-12-15,Region VIII (Eastern Visayas),Dengue,59
2024-12-22,Region VIII (Eastern Visayas),Dengue,34
2024-12-29,Region VIII (Eastern Visayas),Dengue,48
2025-01-05,Region VIII (Eastern Visayas),Dengue,101
2025-01-12,Region VIII (Eastern Visayas),Dengue,127
2025-01-19,Region VIII (Eastern Visayas),Dengue,113
2025-01-26,Region VIII (Eastern Visayas),Dengue,126
2025-02-02,Region VIII (Eastern Visayas),Dengue,151
2025-02-09,Region VIII (Eastern Visayas),Dengue,155
2025-02-16,Region VIII (Eastern Visayas),Dengue,133
2025-02-23,Region VIII (Eastern Visayas),Dengue,141
2025-03-02,Region VIII (Eastern Visayas),Dengue,144
2025-03-09,Region VIII (Eastern Visayas),Dengue,94
2025-03-16,Region VIII (Eastern Visayas),Dengue,98
2025-03-23,Region VIII (Eastern Visayas),Dengue,78
2025-03-30,Region VIII (Eastern Visayas),Dengue,70
2025-04-06,Region VIII (Eastern Visayas),Dengue,76
2025-04-13,Region VIII (Eastern Visayas),Dengue,77
2025-04-20,Region VIII (Eastern Visayas),Dengue,58
2025-04-27,Region VIII (Eastern Visayas),Dengue,66
2025-05-04,Region VIII (Eastern Visayas),Dengue,43
2025-05-11,Region VIII (Eastern Visayas),Dengue,40
2025-05-18,Region VIII (Eastern Visayas),Dengue,50
2025-05-25,Region VIII (Eastern Visayas),Dengue,54
2025-06-01,Region VIII (Eastern Visayas),Dengue,55
2025-06-08,Region VIII (Eastern Visayas),Dengue,37
2025-06-15,Region VIII (Eastern Visayas),Dengue,32
2025-06-22,Region VIII (Eastern Visayas),Dengue,53
2025-06-29,Region VIII (Eastern Visayas),Dengue,38
2025-07-06,Region VIII (Eastern Visayas),Dengue,38
2025-07-13,Region VIII (Eastern Visayas),Dengue,60
2025-07-20,Region VIII (Eastern Visayas),Dengue,30
2025-07-27,Region VIII (Eastern Visayas),Dengue,64
2025-08-03,Region VIII (Eastern Visayas),Dengue,59
2025-08-10,Region VIII (Eastern Visayas),Dengue,67
2025-08-17,Region VIII (Eastern Visayas),Dengue,67
2025-08-24,Region VIII (Eastern Visayas),Dengue,47
2025-08-31,Region VIII (Eastern Visayas),Dengue,57
2025-09-07,Region VIII (Eastern Visayas),Dengue,45
2025-09-14,Region VIII (Eastern Visayas),Dengue,45
2025-09-21,Region VIII (Eastern Visayas),Dengue,47
2025-09-28,Region VIII (Eastern Visayas),Dengue,41
2025-10-05,Region VIII (Eastern Visayas),Dengue,68
2025-10-12,Region VIII (Eastern Visayas),Dengue,84
2025-10-19,Region VIII (Eastern Visayas),Dengue,47
2025-10-26,Region VIII (Eastern Visayas),Dengue,59
2025-11-02,Region VIII (Eastern Visayas),Dengue,15
2025-11-09,Region VIII (Eastern Visayas),Dengue,5
2025-11-16,Region VIII (Eastern Visayas),Dengue,10
2025-11-23,Region VIII (Eastern Visayas),Dengue,4
2025-11-30,Region VIII (Eastern Visayas),Dengue,5
2025-12-07,Region VIII (Eastern Visayas),Dengue,5
2025-12-14,Region VIII (Eastern Visayas),Dengue,3
2025-12-21,Region VIII (Eastern Visayas),Dengue,4
2025-12-28,Region VIII (Eastern Visayas),Dengue,2
2016-01-10,Region X (Northern Mindanao),Dengue,437
2016-01-17,Region X (Northern Mindanao),Dengue,301
2016-01-24,Region X (Northern Mindanao),Dengue,383
2016-01-31,Region X (Northern Mindanao),Dengue,329
2016-02-07,Region X (Northern Mindanao),Dengue,329
2016-02-14,Region X (Northern Mindanao),Dengue,330
2016-02-21,Region X (Northern Mindanao),Dengue,288
2016-02-28,Region X (Northern Mindanao),Dengue,237
2016-03-06,Region X (Northern Mindanao),Dengue,281
2016-03-13,Region X (Northern Mindanao),Dengue,235
2016-03-20,Region X (Northern Mindanao),Dengue,227
2016-03-27,Region X (Northern Mindanao),Dengue,201
2016-04-03,Region X (Northern Mindanao),Dengue,217
2016-04-10,Region X (Northern Mindanao),Dengue,189
2016-04-17,Region X (Northern Mindanao),Dengue,161
2016-04-24,Region X (Northern Mindanao),Dengue,201
2016-05-01,Region X (Northern Mindanao),Dengue,180
2016-05-08,Region X (Northern Mindanao),Dengue,149
2016-05-15,Region X (Northern Mindanao),Dengue,192
2016-05-22,Region X (Northern Mindanao),Dengue,142
2016-05-29,Region X (Northern Mindanao),Dengue,162
2016-06-05,Region X (Northern Mindanao),Dengue,167
2016-06-12,Region X (Northern Mindanao),Dengue,220
2016-06-19,Region X (Northern Mindanao),Dengue,268
2016-06-26,Region X (Northern Mindanao),Dengue,318
2016-07-03,Region X (Northern Mindanao),Dengue,348
2016-07-10,Region X (Northern Mindanao),Dengue,408
2016-07-17,Region X (Northern Mindanao),Dengue,466
2016-07-24,Region X (Northern Mindanao),Dengue,560
2016-07-31,Region X (Northern Mindanao),Dengue,737
2016-08-07,Region X (Northern Mindanao),Dengue,699
2016-08-14,Region X (Northern Mindanao),Dengue,778
2016-08-21,Region X (Northern Mindanao),Dengue,777
2016-08-28,Region X (Northern Mindanao),Dengue,643
2016-09-04,Region X (Northern Mindanao),Dengue,673
2016-09-11,Region X (Northern Mindanao),Dengue,588
2016-09-18,Region X (Northern Mindanao),Dengue,570
2016-09-25,Region X (Northern Mindanao),Dengue,555
2016-10-02,Region X (Northern Mindanao),Dengue,387
2016-10-09,Region X (Northern Mindanao),Dengue,472
2016-10-16,Region X (Northern Mindanao),Dengue,370
2016-10-23,Region X (Northern Mindanao),Dengue,308
2016-10-30,Region X (Northern Mindanao),Dengue,257
2016-11-06,Region X (Northern Mindanao),Dengue,265
2016-11-13,Region X (Northern Mindanao),Dengue,275
2016-11-20,Region X (Northern Mindanao),Dengue,246
2016-11-27,Region X (Northern Mindanao),Dengue,280
2016-12-04,Region X (Northern Mindanao),Dengue,231
2016-12-11,Region X (Northern Mindanao),Dengue,246
2016-12-18,Region X (Northern Mindanao),Dengue,196
2016-12-25,Region X (Northern Mindanao),Dengue,201
2017-01-01,Region X (Northern Mindanao),Dengue,157
2017-01-08,Region X (Northern Mindanao),Dengue,215
2017-01-15,Region X (Northern Mindanao),Dengue,200
2017-01-22,Region X (Northern Mindanao),Dengue,179
2017-01-29,Region X (Northern Mindanao),Dengue,163
2017-02-05,Region X (Northern Mindanao),Dengue,126
2017-02-12,Region X (Northern Mindanao),Dengue,139
2017-02-19,Region X (Northern Mindanao),Dengue,121
2017-02-26,Region X (Northern Mindanao),Dengue,122
2017-03-05,Region X (Northern Mindanao),Dengue,115
2017-03-12,Region X (Northern Mindanao),Dengue,125
2017-03-19,Region X (Northern Mindanao),Dengue,131
2017-03-26,Region X (Northern Mindanao),Dengue,96
2017-04-02,Region X (Northern Mindanao),Dengue,92
2017-04-09,Region X (Northern Mindanao),Dengue,80
2017-04-16,Region X (Northern Mindanao),Dengue,74
2017-04-23,Region X (Northern Mindanao),Dengue,64
2017-04-30,Region X (Northern Mindanao),Dengue,91
2017-05-07,Region X (Northern Mindanao),Dengue,89
2017-05-14,Region X (Northern Mindanao),Dengue,101
2017-05-21,Region X (Northern Mindanao),Dengue,89
2017-05-28,Region X (Northern Mindanao),Dengue,104
2017-06-04,Region X (Northern Mindanao),Dengue,116
2017-06-11,Region X (Northern Mindanao),Dengue,133
2017-06-18,Region X (Northern Mindanao),Dengue,125
2017-06-25,Region X (Northern Mindanao),Dengue,129
2017-07-02,Region X (Northern Mindanao),Dengue,148
2017-07-09,Region X (Northern Mindanao),Dengue,139
2017-07-16,Region X (Northern Mindanao),Dengue,112
2017-07-23,Region X (Northern Mindanao),Dengue,235
2017-07-30,Region X (Northern Mindanao),Dengue,223
2017-08-06,Region X (Northern Mindanao),Dengue,196
2017-08-13,Region X (Northern Mindanao),Dengue,208
2017-08-20,Region X (Northern Mindanao),Dengue,157
2017-08-27,Region X (Northern Mindanao),Dengue,143
2017-09-03,Region X (Northern Mindanao),Dengue,135
2017-09-10,Region X (Northern Mindanao),Dengue,126
2017-09-17,Region X (Northern Mindanao),Dengue,112
2017-09-24,Region X (Northern Mindanao),Dengue,116
2017-10-01,Region X (Northern Mindanao),Dengue,124
2017-10-08,Region X (Northern Mindanao),Dengue,87
2017-10-15,Region X (Northern Mindanao),Dengue,100
2017-10-22,Region X (Northern Mindanao),Dengue,86
2017-10-29,Region X (Northern Mindanao),Dengue,99
2017-11-05,Region X (Northern Mindanao),Dengue,86
2017-11-12,Region X (Northern Mindanao),Dengue,99
2017-11-19,Region X (Northern Mindanao),Dengue,116
2017-11-26,Region X (Northern Mindanao),Dengue,110
2017-12-03,Region X (Northern Mindanao),Dengue,112
2017-12-10,Region X (Northern Mindanao),Dengue,68
2017-12-17,Region X (Northern Mindanao),Dengue,28
2017-12-24,Region X (Northern Mindanao),Dengue,73
2017-12-31,Region X (Northern Mindanao),Dengue,91
2018-01-07,Region X (Northern Mindanao),Dengue,109
2018-01-14,Region X (Northern Mindanao),Dengue,121
2018-01-21,Region X (Northern Mindanao),Dengue,107
2018-01-28,Region X (Northern Mindanao),Dengue,117
2018-02-04,Region X (Northern Mindanao),Dengue,124
2018-02-11,Region X (Northern Mindanao),Dengue,109
2018-02-18,Region X (Northern Mindanao),Dengue,156
2018-02-25,Region X (Northern Mindanao),Dengue,145
2018-03-04,Region X (Northern Mindanao),Dengue,201
2018-03-11,Region X (Northern Mindanao),Dengue,152
2018-03-18,Region X (Northern Mindanao),Dengue,150
2018-03-25,Region X (Northern Mindanao),Dengue,126
2018-04-01,Region X (Northern Mindanao),Dengue,123
2018-04-08,Region X (Northern Mindanao),Dengue,164
2018-04-15,Region X (Northern Mindanao),Dengue,215
2018-04-22,Region X (Northern Mindanao),Dengue,193
2018-04-29,Region X (Northern Mindanao),Dengue,179
2018-05-06,Region X (Northern Mindanao),Dengue,216
2018-05-13,Region X (Northern Mindanao),Dengue,209
2018-05-20,Region X (Northern Mindanao),Dengue,256
2018-05-27,Region X (Northern Mindanao),Dengue,333
2018-06-03,Region X (Northern Mindanao),Dengue,359
2018-06-10,Region X (Northern Mindanao),Dengue,479
2018-06-17,Region X (Northern Mindanao),Dengue,541
2018-06-24,Region X (Northern Mindanao),Dengue,534
2018-07-01,Region X (Northern Mindanao),Dengue,615
2018-07-08,Region X (Northern Mindanao),Dengue,599
2018-07-15,Region X (Northern Mindanao),Dengue,627
2018-07-22,Region X (Northern Mindanao),Dengue,670
2018-07-29,Region X (Northern Mindanao),Dengue,709
2018-08-05,Region X (Northern Mindanao),Dengue,742
2018-08-12,Region X (Northern Mindanao),Dengue,704
2018-08-19,Region X (Northern Mindanao),Dengue,693
2018-08-26,Region X (Northern Mindanao),Dengue,639
2018-09-02,Region X (Northern Mindanao),Dengue,588
2018-09-09,Region X (Northern Mindanao),Dengue,561
2018-09-16,Region X (Northern Mindanao),Dengue,538
2018-09-23,Region X (Northern Mindanao),Dengue,523
2018-09-30,Region X (Northern Mindanao),Dengue,572
2018-10-07,Region X (Northern Mindanao),Dengue,626
2018-10-14,Region X (Northern Mindanao),Dengue,640
2018-10-21,Region X (Northern Mindanao),Dengue,501
2018-10-28,Region X (Northern Mindanao),Dengue,563
2018-11-04,Region X (Northern Mindanao),Dengue,584
2018-11-11,Region X (Northern Mindanao),Dengue,558
2018-11-18,Region X (Northern Mindanao),Dengue,601
2018-11-25,Region X (Northern Mindanao),Dengue,586
2018-12-02,Region X (Northern Mindanao),Dengue,605
2018-12-09,Region X (Northern Mindanao),Dengue,585
2018-12-16,Region X (Northern Mindanao),Dengue,511
2018-12-23,Region X (Northern Mindanao),Dengue,628
2018-12-30,Region X (Northern Mindanao),Dengue,537
2019-01-06,Region X (Northern Mindanao),Dengue,618
2019-01-13,Region X (Northern Mindanao),Dengue,508
2019-01-20,Region X (Northern Mindanao),Dengue,442
2019-01-27,Region X (Northern Mindanao),Dengue,428
2019-02-03,Region X (Northern Mindanao),Dengue,382
2019-02-10,Region X (Northern Mindanao),Dengue,389
2019-02-17,Region X (Northern Mindanao),Dengue,388
2019-02-24,Region X (Northern Mindanao),Dengue,327
2019-03-03,Region X (Northern Mindanao),Dengue,367
2019-03-10,Region X (Northern Mindanao),Dengue,321
2019-03-17,Region X (Northern Mindanao),Dengue,296
2019-03-24,Region X (Northern Mindanao),Dengue,282
2019-03-31,Region X (Northern Mindanao),Dengue,254
2019-04-07,Region X (Northern Mindanao),Dengue,227
2019-04-14,Region X (Northern Mindanao),Dengue,246
2019-04-21,Region X (Northern Mindanao),Dengue,267
2019-04-28,Region X (Northern Mindanao),Dengue,249
2019-05-05,Region X (Northern Mindanao),Dengue,338
2019-05-12,Region X (Northern Mindanao),Dengue,330
2019-05-19,Region X (Northern Mindanao),Dengue,374
2019-05-26,Region X (Northern Mindanao),Dengue,356
2019-06-02,Region X (Northern Mindanao),Dengue,414
2019-06-09,Region X (Northern Mindanao),Dengue,485
2019-06-16,Region X (Northern Mindanao),Dengue,716
2019-06-23,Region X (Northern Mindanao),Dengue,752
2019-06-30,Region X (Northern Mindanao),Dengue,844
2019-07-07,Region X (Northern Mindanao),Dengue,1099
2019-07-14,Region X (Northern Mindanao),Dengue,1197
2019-07-21,Region X (Northern Mindanao),Dengue,1191
2019-07-28,Region X (Northern Mindanao),Dengue,1274
2019-08-04,Region X (Northern Mindanao),Dengue,1204
2019-08-11,Region X (Northern Mindanao),Dengue,1125
2019-08-18,Region X (Northern Mindanao),Dengue,1057
2019-08-25,Region X (Northern Mindanao),Dengue,1028
2019-09-01,Region X (Northern Mindanao),Dengue,949
2019-09-08,Region X (Northern Mindanao),Dengue,735
2019-09-15,Region X (Northern Mindanao),Dengue,692
2019-09-22,Region X (Northern Mindanao),Dengue,624
2019-09-29,Region X (Northern Mindanao),Dengue,499
2019-10-06,Region X (Northern Mindanao),Dengue,452
2019-10-13,Region X (Northern Mindanao),Dengue,454
2019-10-20,Region X (Northern Mindanao),Dengue,457
2019-10-27,Region X (Northern Mindanao),Dengue,455
2019-11-03,Region X (Northern Mindanao),Dengue,489
2019-11-10,Region X (Northern Mindanao),Dengue,484
2019-11-17,Region X (Northern Mindanao),Dengue,456
2019-11-24,Region X (Northern Mindanao),Dengue,475
2019-12-01,Region X (Northern Mindanao),Dengue,397
2019-12-08,Region X (Northern Mindanao),Dengue,294
2019-12-15,Region X (Northern Mindanao),Dengue,254
2019-12-22,Region X (Northern Mindanao),Dengue,102
2019-12-29,Region X (Northern Mindanao),Dengue,180
2022-01-09,Region X (Northern Mindanao),Dengue,136
2022-01-16,Region X (Northern Mindanao),Dengue,221
2022-01-23,Region X (Northern Mindanao),Dengue,148
2022-01-30,Region X (Northern Mindanao),Dengue,99
2022-02-06,Region X (Northern Mindanao),Dengue,103
2022-02-13,Region X (Northern Mindanao),Dengue,135
2022-02-20,Region X (Northern Mindanao),Dengue,108
2022-02-27,Region X (Northern Mindanao),Dengue,137
2022-03-06,Region X (Northern Mindanao),Dengue,106
2022-03-13,Region X (Northern Mindanao),Dengue,127
2022-03-20,Region X (Northern Mindanao),Dengue,115
2022-03-27,Region X (Northern Mindanao),Dengue,132
2022-04-03,Region X (Northern Mindanao),Dengue,168
2022-04-10,Region X (Northern Mindanao),Dengue,219
2022-04-17,Region X (Northern Mindanao),Dengue,162
2022-04-24,Region X (Northern Mindanao),Dengue,185
2022-05-01,Region X (Northern Mindanao),Dengue,229
2022-05-08,Region X (Northern Mindanao),Dengue,229
2022-05-15,Region X (Northern Mindanao),Dengue,227
2022-05-22,Region X (Northern Mindanao),Dengue,288
2022-05-29,Region X (Northern Mindanao),Dengue,303
2022-06-05,Region X (Northern Mindanao),Dengue,302
2022-06-12,Region X (Northern Mindanao),Dengue,313
2022-06-19,Region X (Northern Mindanao),Dengue,354
2022-06-26,Region X (Northern Mindanao),Dengue,364
2022-07-03,Region X (Northern Mindanao),Dengue,366
2022-07-10,Region X (Northern Mindanao),Dengue,373
2022-07-17,Region X (Northern Mindanao),Dengue,381
2022-07-24,Region X (Northern Mindanao),Dengue,336
2022-07-31,Region X (Northern Mindanao),Dengue,296
2022-08-07,Region X (Northern Mindanao),Dengue,361
2022-08-14,Region X (Northern Mindanao),Dengue,314
2022-08-21,Region X (Northern Mindanao),Dengue,324
2022-08-28,Region X (Northern Mindanao),Dengue,288
2022-09-04,Region X (Northern Mindanao),Dengue,264
2022-09-11,Region X (Northern Mindanao),Dengue,213
2022-09-18,Region X (Northern Mindanao),Dengue,314
2022-09-25,Region X (Northern Mindanao),Dengue,261
2022-10-02,Region X (Northern Mindanao),Dengue,272
2022-10-09,Region X (Northern Mindanao),Dengue,265
2022-10-16,Region X (Northern Mindanao),Dengue,250
2022-10-23,Region X (Northern Mindanao),Dengue,250
2022-10-30,Region X (Northern Mindanao),Dengue,213
2022-11-06,Region X (Northern Mindanao),Dengue,176
2022-11-13,Region X (Northern Mindanao),Dengue,212
2022-11-20,Region X (Northern Mindanao),Dengue,221
2022-11-27,Region X (Northern Mindanao),Dengue,244
2022-12-04,Region X (Northern Mindanao),Dengue,210
2022-12-11,Region X (Northern Mindanao),Dengue,230
2022-12-18,Region X (Northern Mindanao),Dengue,211
2022-12-25,Region X (Northern Mindanao),Dengue,199
2023-01-01,Region X (Northern Mindanao),Dengue,110
2023-01-08,Region X (Northern Mindanao),Dengue,26
2023-01-15,Region X (Northern Mindanao),Dengue,291
2023-01-22,Region X (Northern Mindanao),Dengue,228
2023-01-29,Region X (Northern Mindanao),Dengue,281
2023-02-05,Region X (Northern Mindanao),Dengue,282
2023-02-12,Region X (Northern Mindanao),Dengue,292
2023-02-19,Region X (Northern Mindanao),Dengue,252
2023-02-26,Region X (Northern Mindanao),Dengue,238
2023-03-05,Region X (Northern Mindanao),Dengue,212
2023-03-12,Region X (Northern Mindanao),Dengue,233
2023-03-19,Region X (Northern Mindanao),Dengue,222
2023-03-26,Region X (Northern Mindanao),Dengue,211
2023-04-02,Region X (Northern Mindanao),Dengue,201
2023-04-09,Region X (Northern Mindanao),Dengue,161
2023-04-16,Region X (Northern Mindanao),Dengue,142
2023-04-23,Region X (Northern Mindanao),Dengue,211
2023-04-30,Region X (Northern Mindanao),Dengue,162
2023-05-07,Region X (Northern Mindanao),Dengue,167
2023-05-14,Region X (Northern Mindanao),Dengue,217
2023-05-21,Region X (Northern Mindanao),Dengue,245
2023-05-28,Region X (Northern Mindanao),Dengue,259
2023-06-04,Region X (Northern Mindanao),Dengue,242
2023-06-11,Region X (Northern Mindanao),Dengue,255
2023-06-18,Region X (Northern Mindanao),Dengue,307
2023-06-25,Region X (Northern Mindanao),Dengue,285
2023-07-02,Region X (Northern Mindanao),Dengue,325
2023-07-09,Region X (Northern Mindanao),Dengue,318
2023-07-16,Region X (Northern Mindanao),Dengue,369
2023-07-23,Region X (Northern Mindanao),Dengue,439
2023-07-30,Region X (Northern Mindanao),Dengue,409
2023-08-06,Region X (Northern Mindanao),Dengue,446
2023-08-13,Region X (Northern Mindanao),Dengue,522
2023-08-20,Region X (Northern Mindanao),Dengue,501
2023-08-27,Region X (Northern Mindanao),Dengue,437
2023-09-03,Region X (Northern Mindanao),Dengue,417
2023-09-10,Region X (Northern Mindanao),Dengue,425
2023-09-17,Region X (Northern Mindanao),Dengue,433
2023-09-24,Region X (Northern Mindanao),Dengue,438
2023-10-01,Region X (Northern Mindanao),Dengue,441
2023-10-08,Region X (Northern Mindanao),Dengue,414
2023-10-15,Region X (Northern Mindanao),Dengue,537
2023-10-22,Region X (Northern Mindanao),Dengue,461
2023-10-29,Region X (Northern Mindanao),Dengue,412
2023-11-05,Region X (Northern Mindanao),Dengue,354
2023-11-12,Region X (Northern Mindanao),Dengue,416
2023-11-19,Region X (Northern Mindanao),Dengue,435
2023-11-26,Region X (Northern Mindanao),Dengue,374
2023-12-03,Region X (Northern Mindanao),Dengue,375
2023-12-10,Region X (Northern Mindanao),Dengue,421
2023-12-17,Region X (Northern Mindanao),Dengue,371
2023-12-24,Region X (Northern Mindanao),Dengue,433
2023-12-31,Region X (Northern Mindanao),Dengue,343
2024-01-07,Region X (Northern Mindanao),Dengue,438
2024-01-14,Region X (Northern Mindanao),Dengue,408
2024-01-21,Region X (Northern Mindanao),Dengue,420
2024-01-28,Region X (Northern Mindanao),Dengue,476
2024-02-04,Region X (Northern Mindanao),Dengue,396
2024-02-11,Region X (Northern Mindanao),Dengue,428
2024-02-18,Region X (Northern Mindanao),Dengue,421
2024-02-25,Region X (Northern Mindanao),Dengue,380
2024-03-03,Region X (Northern Mindanao),Dengue,397
2024-03-10,Region X (Northern Mindanao),Dengue,324
2024-03-17,Region X (Northern Mindanao),Dengue,339
2024-03-24,Region X (Northern Mindanao),Dengue,317
2024-03-31,Region X (Northern Mindanao),Dengue,269
2024-04-07,Region X (Northern Mindanao),Dengue,302
2024-04-14,Region X (Northern Mindanao),Dengue,287
2024-04-21,Region X (Northern Mindanao),Dengue,305
2024-04-28,Region X (Northern Mindanao),Dengue,275
2024-05-05,Region X (Northern Mindanao),Dengue,305
2024-05-12,Region X (Northern Mindanao),Dengue,300
2024-05-19,Region X (Northern Mindanao),Dengue,294
2024-05-26,Region X (Northern Mindanao),Dengue,300
2024-06-02,Region X (Northern Mindanao),Dengue,370
2024-06-09,Region X (Northern Mindanao),Dengue,361
2024-06-16,Region X (Northern Mindanao),Dengue,421
2024-06-23,Region X (Northern Mindanao),Dengue,445
2024-06-30,Region X (Northern Mindanao),Dengue,507
2024-07-07,Region X (Northern Mindanao),Dengue,703
2024-07-14,Region X (Northern Mindanao),Dengue,726
2024-07-21,Region X (Northern Mindanao),Dengue,821
2024-07-28,Region X (Northern Mindanao),Dengue,906
2024-08-04,Region X (Northern Mindanao),Dengue,1015
2024-08-11,Region X (Northern Mindanao),Dengue,1085
2024-08-18,Region X (Northern Mindanao),Dengue,1164
2024-08-25,Region X (Northern Mindanao),Dengue,872
2024-09-01,Region X (Northern Mindanao),Dengue,864
2024-09-08,Region X (Northern Mindanao),Dengue,778
2024-09-15,Region X (Northern Mindanao),Dengue,603
2024-09-22,Region X (Northern Mindanao),Dengue,544
2024-09-29,Region X (Northern Mindanao),Dengue,466
2024-10-06,Region X (Northern Mindanao),Dengue,474
2024-10-13,Region X (Northern Mindanao),Dengue,429
2024-10-20,Region X (Northern Mindanao),Dengue,325
2024-10-27,Region X (Northern Mindanao),Dengue,295
2024-11-03,Region X (Northern Mindanao),Dengue,310
2024-11-10,Region X (Northern Mindanao),Dengue,283
2024-11-17,Region X (Northern Mindanao),Dengue,329
2024-11-24,Region X (Northern Mindanao),Dengue,310
2024-12-01,Region X (Northern Mindanao),Dengue,276
2024-12-08,Region X (Northern Mindanao),Dengue,317
2024-12-15,Region X (Northern Mindanao),Dengue,259
2024-12-22,Region X (Northern Mindanao),Dengue,234
2024-12-29,Region X (Northern Mindanao),Dengue,270
2025-01-05,Region X (Northern Mindanao),Dengue,187
2025-01-12,Region X (Northern Mindanao),Dengue,300
2025-01-19,Region X (Northern Mindanao),Dengue,328
2025-01-26,Region X (Northern Mindanao),Dengue,308
2025-02-02,Region X (Northern Mindanao),Dengue,295
2025-02-09,Region X (Northern Mindanao),Dengue,329
2025-02-16,Region X (Northern Mindanao),Dengue,349
2025-02-23,Region X (Northern Mindanao),Dengue,379
2025-03-02,Region X (Northern Mindanao),Dengue,389
2025-03-09,Region X (Northern Mindanao),Dengue,347
2025-03-16,Region X (Northern Mindanao),Dengue,334
2025-03-23,Region X (Northern Mindanao),Dengue,304
2025-03-30,Region X (Northern Mindanao),Dengue,279
2025-04-06,Region X (Northern Mindanao),Dengue,268
2025-04-13,Region X (Northern Mindanao),Dengue,240
2025-04-20,Region X (Northern Mindanao),Dengue,260
2025-04-27,Region X (Northern Mindanao),Dengue,225
2025-05-04,Region X (Northern Mindanao),Dengue,269
2025-05-11,Region X (Northern Mindanao),Dengue,237
2025-05-18,Region X (Northern Mindanao),Dengue,271
2025-05-25,Region X (Northern Mindanao),Dengue,245
2025-06-01,Region X (Northern Mindanao),Dengue,265
2025-06-08,Region X (Northern Mindanao),Dengue,287
2025-06-15,Region X (Northern Mindanao),Dengue,274
2025-06-22,Region X (Northern Mindanao),Dengue,293
2025-06-29,Region X (Northern Mindanao),Dengue,294
2025-07-06,Region X (Northern Mindanao),Dengue,336
2025-07-13,Region X (Northern Mindanao),Dengue,282
2025-07-20,Region X (Northern Mindanao),Dengue,278
2025-07-27,Region X (Northern Mindanao),Dengue,308
2025-08-03,Region X (Northern Mindanao),Dengue,297
2025-08-10,Region X (Northern Mindanao),Dengue,225
2025-08-17,Region X (Northern Mindanao),Dengue,196
2025-08-24,Region X (Northern Mindanao),Dengue,190
2025-08-31,Region X (Northern Mindanao),Dengue,182
2025-09-07,Region X (Northern Mindanao),Dengue,205
2025-09-14,Region X (Northern Mindanao),Dengue,186
2025-09-21,Region X (Northern Mindanao),Dengue,190
2025-09-28,Region X (Northern Mindanao),Dengue,166
2025-10-05,Region X (Northern Mindanao),Dengue,188
2025-10-12,Region X (Northern Mindanao),Dengue,210
2025-10-19,Region X (Northern Mindanao),Dengue,192
2025-10-26,Region X (Northern Mindanao),Dengue,219
2025-11-02,Region X (Northern Mindanao),Dengue,163
2025-11-09,Region X (Northern Mindanao),Dengue,80
2025-11-16,Region X (Northern Mindanao),Dengue,103
2025-11-23,Region X (Northern Mindanao),Dengue,107
2025-11-30,Region X (Northern Mindanao),Dengue,62
2025-12-07,Region X (Northern Mindanao),Dengue,99
2025-12-14,Region X (Northern Mindanao),Dengue,89
2025-12-21,Region X (Northern Mindanao),Dengue,86
2025-12-28,Region X (Northern Mindanao),Dengue,72
2016-01-10,Region XI (Davao),Dengue,167
2016-01-17,Region XI (Davao),Dengue,194
2016-01-24,Region XI (Davao),Dengue,225
2016-01-31,Region XI (Davao),Dengue,204
2016-02-07,Region XI (Davao),Dengue,228
2016-02-14,Region XI (Davao),Dengue,167
2016-02-21,Region XI (Davao),Dengue,166
2016-02-28,Region XI (Davao),Dengue,150
2016-03-06,Region XI (Davao),Dengue,137
2016-03-13,Region XI (Davao),Dengue,164
2016-03-20,Region XI (Davao),Dengue,131
2016-03-27,Region XI (Davao),Dengue,132
2016-04-03,Region XI (Davao),Dengue,159
2016-04-10,Region XI (Davao),Dengue,143
2016-04-17,Region XI (Davao),Dengue,125
2016-04-24,Region XI (Davao),Dengue,130
2016-05-01,Region XI (Davao),Dengue,132
2016-05-08,Region XI (Davao),Dengue,141
2016-05-15,Region XI (Davao),Dengue,111
2016-05-22,Region XI (Davao),Dengue,113
2016-05-29,Region XI (Davao),Dengue,131
2016-06-05,Region XI (Davao),Dengue,217
2016-06-12,Region XI (Davao),Dengue,232
2016-06-19,Region XI (Davao),Dengue,234
2016-06-26,Region XI (Davao),Dengue,332
2016-07-03,Region XI (Davao),Dengue,352
2016-07-10,Region XI (Davao),Dengue,397
2016-07-17,Region XI (Davao),Dengue,485
2016-07-24,Region XI (Davao),Dengue,489
2016-07-31,Region XI (Davao),Dengue,607
2016-08-07,Region XI (Davao),Dengue,591
2016-08-14,Region XI (Davao),Dengue,537
2016-08-21,Region XI (Davao),Dengue,480
2016-08-28,Region XI (Davao),Dengue,455
2016-09-04,Region XI (Davao),Dengue,304
2016-09-11,Region XI (Davao),Dengue,151
2016-09-18,Region XI (Davao),Dengue,289
2016-09-25,Region XI (Davao),Dengue,266
2016-10-02,Region XI (Davao),Dengue,262
2016-10-09,Region XI (Davao),Dengue,227
2016-10-16,Region XI (Davao),Dengue,208
2016-10-23,Region XI (Davao),Dengue,149
2016-10-30,Region XI (Davao),Dengue,189
2016-11-06,Region XI (Davao),Dengue,188
2016-11-13,Region XI (Davao),Dengue,193
2016-11-20,Region XI (Davao),Dengue,174
2016-11-27,Region XI (Davao),Dengue,194
2016-12-04,Region XI (Davao),Dengue,208
2016-12-11,Region XI (Davao),Dengue,175
2016-12-18,Region XI (Davao),Dengue,151
2016-12-25,Region XI (Davao),Dengue,151
2017-01-01,Region XI (Davao),Dengue,126
2017-01-08,Region XI (Davao),Dengue,155
2017-01-15,Region XI (Davao),Dengue,170
2017-01-22,Region XI (Davao),Dengue,148
2017-01-29,Region XI (Davao),Dengue,120
2017-02-05,Region XI (Davao),Dengue,142
2017-02-12,Region XI (Davao),Dengue,136
2017-02-19,Region XI (Davao),Dengue,93
2017-02-26,Region XI (Davao),Dengue,96
2017-03-05,Region XI (Davao),Dengue,82
2017-03-12,Region XI (Davao),Dengue,70
2017-03-19,Region XI (Davao),Dengue,65
2017-03-26,Region XI (Davao),Dengue,56
2017-04-02,Region XI (Davao),Dengue,59
2017-04-09,Region XI (Davao),Dengue,68
2017-04-16,Region XI (Davao),Dengue,41
2017-04-23,Region XI (Davao),Dengue,37
2017-04-30,Region XI (Davao),Dengue,43
2017-05-07,Region XI (Davao),Dengue,45
2017-05-14,Region XI (Davao),Dengue,65
2017-05-21,Region XI (Davao),Dengue,70
2017-05-28,Region XI (Davao),Dengue,60
2017-06-04,Region XI (Davao),Dengue,59
2017-06-11,Region XI (Davao),Dengue,55
2017-06-18,Region XI (Davao),Dengue,64
2017-06-25,Region XI (Davao),Dengue,72
2017-07-02,Region XI (Davao),Dengue,70
2017-07-09,Region XI (Davao),Dengue,73
2017-07-16,Region XI (Davao),Dengue,65
2017-07-23,Region XI (Davao),Dengue,73
2017-07-30,Region XI (Davao),Dengue,74
2017-08-06,Region XI (Davao),Dengue,75
2017-08-13,Region XI (Davao),Dengue,71
2017-08-20,Region XI (Davao),Dengue,97
2017-08-27,Region XI (Davao),Dengue,79
2017-09-03,Region XI (Davao),Dengue,104
2017-09-10,Region XI (Davao),Dengue,66
2017-09-17,Region XI (Davao),Dengue,50
2017-09-24,Region XI (Davao),Dengue,58
2017-10-01,Region XI (Davao),Dengue,39
2017-10-08,Region XI (Davao),Dengue,23
2017-10-15,Region XI (Davao),Dengue,34
2017-10-22,Region XI (Davao),Dengue,23
2017-10-29,Region XI (Davao),Dengue,27
2017-11-05,Region XI (Davao),Dengue,23
2017-11-12,Region XI (Davao),Dengue,28
2017-11-19,Region XI (Davao),Dengue,37
2017-11-26,Region XI (Davao),Dengue,37
2017-12-03,Region XI (Davao),Dengue,58
2017-12-10,Region XI (Davao),Dengue,62
2017-12-17,Region XI (Davao),Dengue,61
2017-12-24,Region XI (Davao),Dengue,48
2017-12-31,Region XI (Davao),Dengue,26
2018-01-07,Region XI (Davao),Dengue,77
2018-01-14,Region XI (Davao),Dengue,83
2018-01-21,Region XI (Davao),Dengue,55
2018-01-28,Region XI (Davao),Dengue,59
2018-02-04,Region XI (Davao),Dengue,54
2018-02-11,Region XI (Davao),Dengue,45
2018-02-18,Region XI (Davao),Dengue,48
2018-02-25,Region XI (Davao),Dengue,42
2018-03-04,Region XI (Davao),Dengue,47
2018-03-11,Region XI (Davao),Dengue,63
2018-03-18,Region XI (Davao),Dengue,37
2018-03-25,Region XI (Davao),Dengue,48
2018-04-01,Region XI (Davao),Dengue,33
2018-04-08,Region XI (Davao),Dengue,54
2018-04-15,Region XI (Davao),Dengue,41
2018-04-22,Region XI (Davao),Dengue,45
2018-04-29,Region XI (Davao),Dengue,46
2018-05-06,Region XI (Davao),Dengue,58
2018-05-13,Region XI (Davao),Dengue,56
2018-05-20,Region XI (Davao),Dengue,74
2018-05-27,Region XI (Davao),Dengue,61
2018-06-03,Region XI (Davao),Dengue,109
2018-06-10,Region XI (Davao),Dengue,109
2018-06-17,Region XI (Davao),Dengue,156
2018-06-24,Region XI (Davao),Dengue,152
2018-07-01,Region XI (Davao),Dengue,156
2018-07-08,Region XI (Davao),Dengue,132
2018-07-15,Region XI (Davao),Dengue,155
2018-07-22,Region XI (Davao),Dengue,189
2018-07-29,Region XI (Davao),Dengue,216
2018-08-05,Region XI (Davao),Dengue,241
2018-08-12,Region XI (Davao),Dengue,219
2018-08-19,Region XI (Davao),Dengue,197
2018-08-26,Region XI (Davao),Dengue,175
2018-09-02,Region XI (Davao),Dengue,164
2018-09-09,Region XI (Davao),Dengue,153
2018-09-16,Region XI (Davao),Dengue,163
2018-09-23,Region XI (Davao),Dengue,151
2018-09-30,Region XI (Davao),Dengue,136
2018-10-07,Region XI (Davao),Dengue,173
2018-10-14,Region XI (Davao),Dengue,150
2018-10-21,Region XI (Davao),Dengue,151
2018-10-28,Region XI (Davao),Dengue,169
2018-11-04,Region XI (Davao),Dengue,156
2018-11-11,Region XI (Davao),Dengue,215
2018-11-18,Region XI (Davao),Dengue,183
2018-11-25,Region XI (Davao),Dengue,168
2018-12-02,Region XI (Davao),Dengue,146
2018-12-09,Region XI (Davao),Dengue,245
2018-12-16,Region XI (Davao),Dengue,193
2018-12-23,Region XI (Davao),Dengue,166
2018-12-30,Region XI (Davao),Dengue,233
2019-01-06,Region XI (Davao),Dengue,297
2019-01-13,Region XI (Davao),Dengue,224
2019-01-20,Region XI (Davao),Dengue,205
2019-01-27,Region XI (Davao),Dengue,199
2019-02-03,Region XI (Davao),Dengue,234
2019-02-10,Region XI (Davao),Dengue,191
2019-02-17,Region XI (Davao),Dengue,214
2019-02-24,Region XI (Davao),Dengue,172
2019-03-03,Region XI (Davao),Dengue,166
2019-03-10,Region XI (Davao),Dengue,176
2019-03-17,Region XI (Davao),Dengue,89
2019-03-24,Region XI (Davao),Dengue,95
2019-03-31,Region XI (Davao),Dengue,100
2019-04-07,Region XI (Davao),Dengue,72
2019-04-14,Region XI (Davao),Dengue,71
2019-04-21,Region XI (Davao),Dengue,73
2019-04-28,Region XI (Davao),Dengue,50
2019-05-05,Region XI (Davao),Dengue,79
2019-05-12,Region XI (Davao),Dengue,62
2019-05-19,Region XI (Davao),Dengue,74
2019-05-26,Region XI (Davao),Dengue,74
2019-06-02,Region XI (Davao),Dengue,93
2019-06-09,Region XI (Davao),Dengue,156
2019-06-16,Region XI (Davao),Dengue,175
2019-06-23,Region XI (Davao),Dengue,223
2019-06-30,Region XI (Davao),Dengue,212
2019-07-07,Region XI (Davao),Dengue,279
2019-07-14,Region XI (Davao),Dengue,381
2019-07-21,Region XI (Davao),Dengue,307
2019-07-28,Region XI (Davao),Dengue,311
2019-08-04,Region XI (Davao),Dengue,368
2019-08-11,Region XI (Davao),Dengue,318
2019-08-18,Region XI (Davao),Dengue,296
2019-08-25,Region XI (Davao),Dengue,246
2019-09-01,Region XI (Davao),Dengue,243
2019-09-08,Region XI (Davao),Dengue,198
2019-09-15,Region XI (Davao),Dengue,170
2019-09-22,Region XI (Davao),Dengue,142
2019-09-29,Region XI (Davao),Dengue,128
2019-10-06,Region XI (Davao),Dengue,135
2019-10-13,Region XI (Davao),Dengue,119
2019-10-20,Region XI (Davao),Dengue,129
2019-10-27,Region XI (Davao),Dengue,89
2019-11-03,Region XI (Davao),Dengue,140
2019-11-10,Region XI (Davao),Dengue,94
2019-11-17,Region XI (Davao),Dengue,76
2019-11-24,Region XI (Davao),Dengue,127
2019-12-01,Region XI (Davao),Dengue,106
2019-12-08,Region XI (Davao),Dengue,117
2019-12-15,Region XI (Davao),Dengue,70
2019-12-22,Region XI (Davao),Dengue,3
2019-12-29,Region XI (Davao),Dengue,1
2022-01-09,Region XI (Davao),Dengue,149
2022-01-16,Region XI (Davao),Dengue,130
2022-01-23,Region XI (Davao),Dengue,100
2022-01-30,Region XI (Davao),Dengue,102
2022-02-06,Region XI (Davao),Dengue,95
2022-02-13,Region XI (Davao),Dengue,119
2022-02-20,Region XI (Davao),Dengue,137
2022-02-27,Region XI (Davao),Dengue,106
2022-03-06,Region XI (Davao),Dengue,121
2022-03-13,Region XI (Davao),Dengue,131
2022-03-20,Region XI (Davao),Dengue,131
2022-03-27,Region XI (Davao),Dengue,131
2022-04-03,Region XI (Davao),Dengue,146
2022-04-10,Region XI (Davao),Dengue,155
2022-04-17,Region XI (Davao),Dengue,156
2022-04-24,Region XI (Davao),Dengue,205
2022-05-01,Region XI (Davao),Dengue,154
2022-05-08,Region XI (Davao),Dengue,185
2022-05-15,Region XI (Davao),Dengue,216
2022-05-22,Region XI (Davao),Dengue,238
2022-05-29,Region XI (Davao),Dengue,220
2022-06-05,Region XI (Davao),Dengue,271
2022-06-12,Region XI (Davao),Dengue,230
2022-06-19,Region XI (Davao),Dengue,261
2022-06-26,Region XI (Davao),Dengue,240
2022-07-03,Region XI (Davao),Dengue,214
2022-07-10,Region XI (Davao),Dengue,197
2022-07-17,Region XI (Davao),Dengue,226
2022-07-24,Region XI (Davao),Dengue,206
2022-07-31,Region XI (Davao),Dengue,220
2022-08-07,Region XI (Davao),Dengue,220
2022-08-14,Region XI (Davao),Dengue,247
2022-08-21,Region XI (Davao),Dengue,208
2022-08-28,Region XI (Davao),Dengue,215
2022-09-04,Region XI (Davao),Dengue,212
2022-09-11,Region XI (Davao),Dengue,235
2022-09-18,Region XI (Davao),Dengue,264
2022-09-25,Region XI (Davao),Dengue,229
2022-10-02,Region XI (Davao),Dengue,218
2022-10-09,Region XI (Davao),Dengue,230
2022-10-16,Region XI (Davao),Dengue,216
2022-10-23,Region XI (Davao),Dengue,189
2022-10-30,Region XI (Davao),Dengue,184
2022-11-06,Region XI (Davao),Dengue,267
2022-11-13,Region XI (Davao),Dengue,268
2022-11-20,Region XI (Davao),Dengue,302
2022-11-27,Region XI (Davao),Dengue,335
2022-12-04,Region XI (Davao),Dengue,266
2022-12-11,Region XI (Davao),Dengue,267
2022-12-18,Region XI (Davao),Dengue,270
2022-12-25,Region XI (Davao),Dengue,192
2023-01-01,Region XI (Davao),Dengue,97
2023-01-08,Region XI (Davao),Dengue,270
2023-01-15,Region XI (Davao),Dengue,249
2023-01-22,Region XI (Davao),Dengue,272
2023-01-29,Region XI (Davao),Dengue,247
2023-02-05,Region XI (Davao),Dengue,252
2023-02-12,Region XI (Davao),Dengue,264
2023-02-19,Region XI (Davao),Dengue,271
2023-02-26,Region XI (Davao),Dengue,277
2023-03-05,Region XI (Davao),Dengue,271
2023-03-12,Region XI (Davao),Dengue,307
2023-03-19,Region XI (Davao),Dengue,267
2023-03-26,Region XI (Davao),Dengue,206
2023-04-02,Region XI (Davao),Dengue,175
2023-04-09,Region XI (Davao),Dengue,170
2023-04-16,Region XI (Davao),Dengue,249
2023-04-23,Region XI (Davao),Dengue,268
2023-04-30,Region XI (Davao),Dengue,278
2023-05-07,Region XI (Davao),Dengue,285
2023-05-14,Region XI (Davao),Dengue,348
2023-05-21,Region XI (Davao),Dengue,383
2023-05-28,Region XI (Davao),Dengue,383
2023-06-04,Region XI (Davao),Dengue,461
2023-06-11,Region XI (Davao),Dengue,361
2023-06-18,Region XI (Davao),Dengue,446
2023-06-25,Region XI (Davao),Dengue,455
2023-07-02,Region XI (Davao),Dengue,512
2023-07-09,Region XI (Davao),Dengue,465
2023-07-16,Region XI (Davao),Dengue,466
2023-07-23,Region XI (Davao),Dengue,479
2023-07-30,Region XI (Davao),Dengue,555
2023-08-06,Region XI (Davao),Dengue,629
2023-08-13,Region XI (Davao),Dengue,580
2023-08-20,Region XI (Davao),Dengue,584
2023-08-27,Region XI (Davao),Dengue,547
2023-09-03,Region XI (Davao),Dengue,624
2023-09-10,Region XI (Davao),Dengue,621
2023-09-17,Region XI (Davao),Dengue,587
2023-09-24,Region XI (Davao),Dengue,521
2023-10-01,Region XI (Davao),Dengue,461
2023-10-08,Region XI (Davao),Dengue,460
2023-10-15,Region XI (Davao),Dengue,434
2023-10-22,Region XI (Davao),Dengue,485
2023-10-29,Region XI (Davao),Dengue,384
2023-11-05,Region XI (Davao),Dengue,407
2023-11-12,Region XI (Davao),Dengue,487
2023-11-19,Region XI (Davao),Dengue,426
2023-11-26,Region XI (Davao),Dengue,396
2023-12-03,Region XI (Davao),Dengue,494
2023-12-10,Region XI (Davao),Dengue,447
2023-12-17,Region XI (Davao),Dengue,469
2023-12-24,Region XI (Davao),Dengue,400
2023-12-31,Region XI (Davao),Dengue,475
2024-01-07,Region XI (Davao),Dengue,536
2024-01-14,Region XI (Davao),Dengue,512
2024-01-21,Region XI (Davao),Dengue,481
2024-01-28,Region XI (Davao),Dengue,470
2024-02-04,Region XI (Davao),Dengue,389
2024-02-11,Region XI (Davao),Dengue,445
2024-02-18,Region XI (Davao),Dengue,412
2024-02-25,Region XI (Davao),Dengue,353
2024-03-03,Region XI (Davao),Dengue,396
2024-03-10,Region XI (Davao),Dengue,395
2024-03-17,Region XI (Davao),Dengue,331
2024-03-24,Region XI (Davao),Dengue,409
2024-03-31,Region XI (Davao),Dengue,314
2024-04-07,Region XI (Davao),Dengue,343
2024-04-14,Region XI (Davao),Dengue,307
2024-04-21,Region XI (Davao),Dengue,299
2024-04-28,Region XI (Davao),Dengue,259
2024-05-05,Region XI (Davao),Dengue,284
2024-05-12,Region XI (Davao),Dengue,286
2024-05-19,Region XI (Davao),Dengue,250
2024-05-26,Region XI (Davao),Dengue,299
2024-06-02,Region XI (Davao),Dengue,344
2024-06-09,Region XI (Davao),Dengue,393
2024-06-16,Region XI (Davao),Dengue,428
2024-06-23,Region XI (Davao),Dengue,479
2024-06-30,Region XI (Davao),Dengue,580
2024-07-07,Region XI (Davao),Dengue,699
2024-07-14,Region XI (Davao),Dengue,733
2024-07-21,Region XI (Davao),Dengue,762
2024-07-28,Region XI (Davao),Dengue,878
2024-08-04,Region XI (Davao),Dengue,1022
2024-08-11,Region XI (Davao),Dengue,1204
2024-08-18,Region XI (Davao),Dengue,1301
2024-08-25,Region XI (Davao),Dengue,1192
2024-09-01,Region XI (Davao),Dengue,1074
2024-09-08,Region XI (Davao),Dengue,954
2024-09-15,Region XI (Davao),Dengue,980
2024-09-22,Region XI (Davao),Dengue,819
2024-09-29,Region XI (Davao),Dengue,679
2024-10-06,Region XI (Davao),Dengue,738
2024-10-13,Region XI (Davao),Dengue,639
2024-10-20,Region XI (Davao),Dengue,516
2024-10-27,Region XI (Davao),Dengue,508
2024-11-03,Region XI (Davao),Dengue,487
2024-11-10,Region XI (Davao),Dengue,496
2024-11-17,Region XI (Davao),Dengue,438
2024-11-24,Region XI (Davao),Dengue,423
2024-12-01,Region XI (Davao),Dengue,389
2024-12-08,Region XI (Davao),Dengue,454
2024-12-15,Region XI (Davao),Dengue,352
2024-12-22,Region XI (Davao),Dengue,288
2024-12-29,Region XI (Davao),Dengue,410
2025-01-05,Region XI (Davao),Dengue,295
2025-01-12,Region XI (Davao),Dengue,441
2025-01-19,Region XI (Davao),Dengue,454
2025-01-26,Region XI (Davao),Dengue,415
2025-02-02,Region XI (Davao),Dengue,392
2025-02-09,Region XI (Davao),Dengue,405
2025-02-16,Region XI (Davao),Dengue,394
2025-02-23,Region XI (Davao),Dengue,395
2025-03-02,Region XI (Davao),Dengue,347
2025-03-09,Region XI (Davao),Dengue,362
2025-03-16,Region XI (Davao),Dengue,344
2025-03-23,Region XI (Davao),Dengue,408
2025-03-30,Region XI (Davao),Dengue,334
2025-04-06,Region XI (Davao),Dengue,380
2025-04-13,Region XI (Davao),Dengue,303
2025-04-20,Region XI (Davao),Dengue,285
2025-04-27,Region XI (Davao),Dengue,307
2025-05-04,Region XI (Davao),Dengue,272
2025-05-11,Region XI (Davao),Dengue,236
2025-05-18,Region XI (Davao),Dengue,259
2025-05-25,Region XI (Davao),Dengue,265
2025-06-01,Region XI (Davao),Dengue,255
2025-06-08,Region XI (Davao),Dengue,300
2025-06-15,Region XI (Davao),Dengue,255
2025-06-22,Region XI (Davao),Dengue,294
2025-06-29,Region XI (Davao),Dengue,290
2025-07-06,Region XI (Davao),Dengue,323
2025-07-13,Region XI (Davao),Dengue,297
2025-07-20,Region XI (Davao),Dengue,298
2025-07-27,Region XI (Davao),Dengue,258
2025-08-03,Region XI (Davao),Dengue,246
2025-08-10,Region XI (Davao),Dengue,240
2025-08-17,Region XI (Davao),Dengue,243
2025-08-24,Region XI (Davao),Dengue,216
2025-08-31,Region XI (Davao),Dengue,206
2025-09-07,Region XI (Davao),Dengue,246
2025-09-14,Region XI (Davao),Dengue,222
2025-09-21,Region XI (Davao),Dengue,245
2025-09-28,Region XI (Davao),Dengue,253
2025-10-05,Region XI (Davao),Dengue,241
2025-10-12,Region XI (Davao),Dengue,241
2025-10-19,Region XI (Davao),Dengue,251
2025-10-26,Region XI (Davao),Dengue,293
2025-11-02,Region XI (Davao),Dengue,240
2025-11-09,Region XI (Davao),Dengue,159
2025-11-16,Region XI (Davao),Dengue,121
2025-11-23,Region XI (Davao),Dengue,96
2025-11-30,Region XI (Davao),Dengue,143
2025-12-07,Region XI (Davao),Dengue,140
2025-12-14,Region XI (Davao),Dengue,67
2025-12-21,Region XI (Davao),Dengue,12
2025-12-28,Region XI (Davao),Dengue,69
2016-01-10,Region XII (SOCCSKSARGEN),Dengue,447
2016-01-17,Region XII (SOCCSKSARGEN),Dengue,284
2016-01-24,Region XII (SOCCSKSARGEN),Dengue,248
2016-01-31,Region XII (SOCCSKSARGEN),Dengue,252
2016-02-07,Region XII (SOCCSKSARGEN),Dengue,212
2016-02-14,Region XII (SOCCSKSARGEN),Dengue,212
2016-02-21,Region XII (SOCCSKSARGEN),Dengue,240
2016-02-28,Region XII (SOCCSKSARGEN),Dengue,179
2016-03-06,Region XII (SOCCSKSARGEN),Dengue,179
2016-03-13,Region XII (SOCCSKSARGEN),Dengue,208
2016-03-20,Region XII (SOCCSKSARGEN),Dengue,105
2016-03-27,Region XII (SOCCSKSARGEN),Dengue,174
2016-04-03,Region XII (SOCCSKSARGEN),Dengue,136
2016-04-10,Region XII (SOCCSKSARGEN),Dengue,184
2016-04-17,Region XII (SOCCSKSARGEN),Dengue,202
2016-04-24,Region XII (SOCCSKSARGEN),Dengue,132
2016-05-01,Region XII (SOCCSKSARGEN),Dengue,99
2016-05-08,Region XII (SOCCSKSARGEN),Dengue,151
2016-05-15,Region XII (SOCCSKSARGEN),Dengue,141
2016-05-22,Region XII (SOCCSKSARGEN),Dengue,147
2016-05-29,Region XII (SOCCSKSARGEN),Dengue,192
2016-06-05,Region XII (SOCCSKSARGEN),Dengue,236
2016-06-12,Region XII (SOCCSKSARGEN),Dengue,281
2016-06-19,Region XII (SOCCSKSARGEN),Dengue,349
2016-06-26,Region XII (SOCCSKSARGEN),Dengue,394
2016-07-03,Region XII (SOCCSKSARGEN),Dengue,484
2016-07-10,Region XII (SOCCSKSARGEN),Dengue,593
2016-07-17,Region XII (SOCCSKSARGEN),Dengue,626
2016-07-24,Region XII (SOCCSKSARGEN),Dengue,756
2016-07-31,Region XII (SOCCSKSARGEN),Dengue,792
2016-08-07,Region XII (SOCCSKSARGEN),Dengue,666
2016-08-14,Region XII (SOCCSKSARGEN),Dengue,640
2016-08-21,Region XII (SOCCSKSARGEN),Dengue,650
2016-08-28,Region XII (SOCCSKSARGEN),Dengue,626
2016-09-04,Region XII (SOCCSKSARGEN),Dengue,534
2016-09-11,Region XII (SOCCSKSARGEN),Dengue,581
2016-09-18,Region XII (SOCCSKSARGEN),Dengue,499
2016-09-25,Region XII (SOCCSKSARGEN),Dengue,499
2016-10-02,Region XII (SOCCSKSARGEN),Dengue,447
2016-10-09,Region XII (SOCCSKSARGEN),Dengue,476
2016-10-16,Region XII (SOCCSKSARGEN),Dengue,398
2016-10-23,Region XII (SOCCSKSARGEN),Dengue,446
2016-10-30,Region XII (SOCCSKSARGEN),Dengue,423
2016-11-06,Region XII (SOCCSKSARGEN),Dengue,366
2016-11-13,Region XII (SOCCSKSARGEN),Dengue,424
2016-11-20,Region XII (SOCCSKSARGEN),Dengue,426
2016-11-27,Region XII (SOCCSKSARGEN),Dengue,477
2016-12-04,Region XII (SOCCSKSARGEN),Dengue,401
2016-12-11,Region XII (SOCCSKSARGEN),Dengue,387
2016-12-18,Region XII (SOCCSKSARGEN),Dengue,304
2016-12-25,Region XII (SOCCSKSARGEN),Dengue,196
2017-01-01,Region XII (SOCCSKSARGEN),Dengue,369
2017-01-08,Region XII (SOCCSKSARGEN),Dengue,341
2017-01-15,Region XII (SOCCSKSARGEN),Dengue,341
2017-01-22,Region XII (SOCCSKSARGEN),Dengue,315
2017-01-29,Region XII (SOCCSKSARGEN),Dengue,273
2017-02-05,Region XII (SOCCSKSARGEN),Dengue,231
2017-02-12,Region XII (SOCCSKSARGEN),Dengue,189
2017-02-19,Region XII (SOCCSKSARGEN),Dengue,269
2017-02-26,Region XII (SOCCSKSARGEN),Dengue,262
2017-03-05,Region XII (SOCCSKSARGEN),Dengue,275
2017-03-12,Region XII (SOCCSKSARGEN),Dengue,233
2017-03-19,Region XII (SOCCSKSARGEN),Dengue,241
2017-03-26,Region XII (SOCCSKSARGEN),Dengue,194
2017-04-02,Region XII (SOCCSKSARGEN),Dengue,213
2017-04-09,Region XII (SOCCSKSARGEN),Dengue,205
2017-04-16,Region XII (SOCCSKSARGEN),Dengue,206
2017-04-23,Region XII (SOCCSKSARGEN),Dengue,209
2017-04-30,Region XII (SOCCSKSARGEN),Dengue,197
2017-05-07,Region XII (SOCCSKSARGEN),Dengue,210
2017-05-14,Region XII (SOCCSKSARGEN),Dengue,187
2017-05-21,Region XII (SOCCSKSARGEN),Dengue,191
2017-05-28,Region XII (SOCCSKSARGEN),Dengue,170
2017-06-04,Region XII (SOCCSKSARGEN),Dengue,206
2017-06-11,Region XII (SOCCSKSARGEN),Dengue,204
2017-06-18,Region XII (SOCCSKSARGEN),Dengue,180
2017-06-25,Region XII (SOCCSKSARGEN),Dengue,174
2017-07-02,Region XII (SOCCSKSARGEN),Dengue,157
2017-07-09,Region XII (SOCCSKSARGEN),Dengue,130
2017-07-16,Region XII (SOCCSKSARGEN),Dengue,138
2017-07-23,Region XII (SOCCSKSARGEN),Dengue,163
2017-07-30,Region XII (SOCCSKSARGEN),Dengue,165
2017-08-06,Region XII (SOCCSKSARGEN),Dengue,191
2017-08-13,Region XII (SOCCSKSARGEN),Dengue,168
2017-08-20,Region XII (SOCCSKSARGEN),Dengue,184
2017-08-27,Region XII (SOCCSKSARGEN),Dengue,200
2017-09-03,Region XII (SOCCSKSARGEN),Dengue,200
2017-09-10,Region XII (SOCCSKSARGEN),Dengue,181
2017-09-17,Region XII (SOCCSKSARGEN),Dengue,129
2017-09-24,Region XII (SOCCSKSARGEN),Dengue,125
2017-10-01,Region XII (SOCCSKSARGEN),Dengue,116
2017-10-08,Region XII (SOCCSKSARGEN),Dengue,119
2017-10-15,Region XII (SOCCSKSARGEN),Dengue,87
2017-10-22,Region XII (SOCCSKSARGEN),Dengue,93
2017-10-29,Region XII (SOCCSKSARGEN),Dengue,89
2017-11-05,Region XII (SOCCSKSARGEN),Dengue,97
2017-11-12,Region XII (SOCCSKSARGEN),Dengue,85
2017-11-19,Region XII (SOCCSKSARGEN),Dengue,75
2017-11-26,Region XII (SOCCSKSARGEN),Dengue,89
2017-12-03,Region XII (SOCCSKSARGEN),Dengue,89
2017-12-10,Region XII (SOCCSKSARGEN),Dengue,71
2017-12-17,Region XII (SOCCSKSARGEN),Dengue,66
2017-12-24,Region XII (SOCCSKSARGEN),Dengue,73
2017-12-31,Region XII (SOCCSKSARGEN),Dengue,111
2018-01-07,Region XII (SOCCSKSARGEN),Dengue,89
2018-01-14,Region XII (SOCCSKSARGEN),Dengue,105
2018-01-21,Region XII (SOCCSKSARGEN),Dengue,107
2018-01-28,Region XII (SOCCSKSARGEN),Dengue,123
2018-02-04,Region XII (SOCCSKSARGEN),Dengue,80
2018-02-11,Region XII (SOCCSKSARGEN),Dengue,82
2018-02-18,Region XII (SOCCSKSARGEN),Dengue,83
2018-02-25,Region XII (SOCCSKSARGEN),Dengue,101
2018-03-04,Region XII (SOCCSKSARGEN),Dengue,124
2018-03-11,Region XII (SOCCSKSARGEN),Dengue,113
2018-03-18,Region XII (SOCCSKSARGEN),Dengue,114
2018-03-25,Region XII (SOCCSKSARGEN),Dengue,106
2018-04-01,Region XII (SOCCSKSARGEN),Dengue,89
2018-04-08,Region XII (SOCCSKSARGEN),Dengue,74
2018-04-15,Region XII (SOCCSKSARGEN),Dengue,103
2018-04-22,Region XII (SOCCSKSARGEN),Dengue,82
2018-04-29,Region XII (SOCCSKSARGEN),Dengue,109
2018-05-06,Region XII (SOCCSKSARGEN),Dengue,113
2018-05-13,Region XII (SOCCSKSARGEN),Dengue,121
2018-05-20,Region XII (SOCCSKSARGEN),Dengue,102
2018-05-27,Region XII (SOCCSKSARGEN),Dengue,141
2018-06-03,Region XII (SOCCSKSARGEN),Dengue,180
2018-06-10,Region XII (SOCCSKSARGEN),Dengue,219
2018-06-17,Region XII (SOCCSKSARGEN),Dengue,213
2018-06-24,Region XII (SOCCSKSARGEN),Dengue,195
2018-07-01,Region XII (SOCCSKSARGEN),Dengue,197
2018-07-08,Region XII (SOCCSKSARGEN),Dengue,205
2018-07-15,Region XII (SOCCSKSARGEN),Dengue,234
2018-07-22,Region XII (SOCCSKSARGEN),Dengue,202
2018-07-29,Region XII (SOCCSKSARGEN),Dengue,224
2018-08-05,Region XII (SOCCSKSARGEN),Dengue,193
2018-08-12,Region XII (SOCCSKSARGEN),Dengue,224
2018-08-19,Region XII (SOCCSKSARGEN),Dengue,204
2018-08-26,Region XII (SOCCSKSARGEN),Dengue,194
2018-09-02,Region XII (SOCCSKSARGEN),Dengue,163
2018-09-09,Region XII (SOCCSKSARGEN),Dengue,185
2018-09-16,Region XII (SOCCSKSARGEN),Dengue,178
2018-09-23,Region XII (SOCCSKSARGEN),Dengue,194
2018-09-30,Region XII (SOCCSKSARGEN),Dengue,190
2018-10-07,Region XII (SOCCSKSARGEN),Dengue,264
2018-10-14,Region XII (SOCCSKSARGEN),Dengue,203
2018-10-21,Region XII (SOCCSKSARGEN),Dengue,213
2018-10-28,Region XII (SOCCSKSARGEN),Dengue,178
2018-11-04,Region XII (SOCCSKSARGEN),Dengue,175
2018-11-11,Region XII (SOCCSKSARGEN),Dengue,180
2018-11-18,Region XII (SOCCSKSARGEN),Dengue,226
2018-11-25,Region XII (SOCCSKSARGEN),Dengue,196
2018-12-02,Region XII (SOCCSKSARGEN),Dengue,210
2018-12-09,Region XII (SOCCSKSARGEN),Dengue,222
2018-12-16,Region XII (SOCCSKSARGEN),Dengue,195
2018-12-23,Region XII (SOCCSKSARGEN),Dengue,181
2018-12-30,Region XII (SOCCSKSARGEN),Dengue,296
2019-01-06,Region XII (SOCCSKSARGEN),Dengue,380
2019-01-13,Region XII (SOCCSKSARGEN),Dengue,369
2019-01-20,Region XII (SOCCSKSARGEN),Dengue,358
2019-01-27,Region XII (SOCCSKSARGEN),Dengue,351
2019-02-03,Region XII (SOCCSKSARGEN),Dengue,425
2019-02-10,Region XII (SOCCSKSARGEN),Dengue,393
2019-02-17,Region XII (SOCCSKSARGEN),Dengue,361
2019-02-24,Region XII (SOCCSKSARGEN),Dengue,312
2019-03-03,Region XII (SOCCSKSARGEN),Dengue,335
2019-03-10,Region XII (SOCCSKSARGEN),Dengue,310
2019-03-17,Region XII (SOCCSKSARGEN),Dengue,247
2019-03-24,Region XII (SOCCSKSARGEN),Dengue,250
2019-03-31,Region XII (SOCCSKSARGEN),Dengue,202
2019-04-07,Region XII (SOCCSKSARGEN),Dengue,202
2019-04-14,Region XII (SOCCSKSARGEN),Dengue,215
2019-04-21,Region XII (SOCCSKSARGEN),Dengue,264
2019-04-28,Region XII (SOCCSKSARGEN),Dengue,247
2019-05-05,Region XII (SOCCSKSARGEN),Dengue,367
2019-05-12,Region XII (SOCCSKSARGEN),Dengue,354
2019-05-19,Region XII (SOCCSKSARGEN),Dengue,370
2019-05-26,Region XII (SOCCSKSARGEN),Dengue,452
2019-06-02,Region XII (SOCCSKSARGEN),Dengue,512
2019-06-09,Region XII (SOCCSKSARGEN),Dengue,573
2019-06-16,Region XII (SOCCSKSARGEN),Dengue,662
2019-06-23,Region XII (SOCCSKSARGEN),Dengue,682
2019-06-30,Region XII (SOCCSKSARGEN),Dengue,763
2019-07-07,Region XII (SOCCSKSARGEN),Dengue,768
2019-07-14,Region XII (SOCCSKSARGEN),Dengue,774
2019-07-21,Region XII (SOCCSKSARGEN),Dengue,826
2019-07-28,Region XII (SOCCSKSARGEN),Dengue,909
2019-08-04,Region XII (SOCCSKSARGEN),Dengue,919
2019-08-11,Region XII (SOCCSKSARGEN),Dengue,767
2019-08-18,Region XII (SOCCSKSARGEN),Dengue,648
2019-08-25,Region XII (SOCCSKSARGEN),Dengue,530
2019-09-01,Region XII (SOCCSKSARGEN),Dengue,509
2019-09-08,Region XII (SOCCSKSARGEN),Dengue,369
2019-09-15,Region XII (SOCCSKSARGEN),Dengue,264
2019-09-22,Region XII (SOCCSKSARGEN),Dengue,297
2019-09-29,Region XII (SOCCSKSARGEN),Dengue,322
2019-10-06,Region XII (SOCCSKSARGEN),Dengue,270
2019-10-13,Region XII (SOCCSKSARGEN),Dengue,213
2019-10-20,Region XII (SOCCSKSARGEN),Dengue,193
2019-10-27,Region XII (SOCCSKSARGEN),Dengue,161
2019-11-03,Region XII (SOCCSKSARGEN),Dengue,198
2019-11-10,Region XII (SOCCSKSARGEN),Dengue,164
2019-11-17,Region XII (SOCCSKSARGEN),Dengue,136
2019-11-24,Region XII (SOCCSKSARGEN),Dengue,121
2019-12-01,Region XII (SOCCSKSARGEN),Dengue,112
2019-12-08,Region XII (SOCCSKSARGEN),Dengue,94
2019-12-15,Region XII (SOCCSKSARGEN),Dengue,13
2019-12-22,Region XII (SOCCSKSARGEN),Dengue,40
2019-12-29,Region XII (SOCCSKSARGEN),Dengue,68
2022-01-09,Region XII (SOCCSKSARGEN),Dengue,63
2022-01-16,Region XII (SOCCSKSARGEN),Dengue,48
2022-01-23,Region XII (SOCCSKSARGEN),Dengue,35
2022-01-30,Region XII (SOCCSKSARGEN),Dengue,40
2022-02-06,Region XII (SOCCSKSARGEN),Dengue,45
2022-02-13,Region XII (SOCCSKSARGEN),Dengue,44
2022-02-20,Region XII (SOCCSKSARGEN),Dengue,59
2022-02-27,Region XII (SOCCSKSARGEN),Dengue,57
2022-03-06,Region XII (SOCCSKSARGEN),Dengue,68
2022-03-13,Region XII (SOCCSKSARGEN),Dengue,88
2022-03-20,Region XII (SOCCSKSARGEN),Dengue,91
2022-03-27,Region XII (SOCCSKSARGEN),Dengue,109
2022-04-03,Region XII (SOCCSKSARGEN),Dengue,107
2022-04-10,Region XII (SOCCSKSARGEN),Dengue,121
2022-04-17,Region XII (SOCCSKSARGEN),Dengue,190
2022-04-24,Region XII (SOCCSKSARGEN),Dengue,162
2022-05-01,Region XII (SOCCSKSARGEN),Dengue,155
2022-05-08,Region XII (SOCCSKSARGEN),Dengue,222
2022-05-15,Region XII (SOCCSKSARGEN),Dengue,238
2022-05-22,Region XII (SOCCSKSARGEN),Dengue,261
2022-05-29,Region XII (SOCCSKSARGEN),Dengue,283
2022-06-05,Region XII (SOCCSKSARGEN),Dengue,289
2022-06-12,Region XII (SOCCSKSARGEN),Dengue,304
2022-06-19,Region XII (SOCCSKSARGEN),Dengue,250
2022-06-26,Region XII (SOCCSKSARGEN),Dengue,237
2022-07-03,Region XII (SOCCSKSARGEN),Dengue,235
2022-07-10,Region XII (SOCCSKSARGEN),Dengue,192
2022-07-17,Region XII (SOCCSKSARGEN),Dengue,179
2022-07-24,Region XII (SOCCSKSARGEN),Dengue,170
2022-07-31,Region XII (SOCCSKSARGEN),Dengue,120
2022-08-07,Region XII (SOCCSKSARGEN),Dengue,180
2022-08-14,Region XII (SOCCSKSARGEN),Dengue,138
2022-08-21,Region XII (SOCCSKSARGEN),Dengue,149
2022-08-28,Region XII (SOCCSKSARGEN),Dengue,135
2022-09-04,Region XII (SOCCSKSARGEN),Dengue,124
2022-09-11,Region XII (SOCCSKSARGEN),Dengue,156
2022-09-18,Region XII (SOCCSKSARGEN),Dengue,106
2022-09-25,Region XII (SOCCSKSARGEN),Dengue,147
2022-10-02,Region XII (SOCCSKSARGEN),Dengue,134
2022-10-09,Region XII (SOCCSKSARGEN),Dengue,124
2022-10-16,Region XII (SOCCSKSARGEN),Dengue,116
2022-10-23,Region XII (SOCCSKSARGEN),Dengue,91
2022-10-30,Region XII (SOCCSKSARGEN),Dengue,88
2022-11-06,Region XII (SOCCSKSARGEN),Dengue,128
2022-11-13,Region XII (SOCCSKSARGEN),Dengue,147
2022-11-20,Region XII (SOCCSKSARGEN),Dengue,117
2022-11-27,Region XII (SOCCSKSARGEN),Dengue,142
2022-12-04,Region XII (SOCCSKSARGEN),Dengue,148
2022-12-11,Region XII (SOCCSKSARGEN),Dengue,103
2022-12-18,Region XII (SOCCSKSARGEN),Dengue,114
2022-12-25,Region XII (SOCCSKSARGEN),Dengue,127
2023-01-01,Region XII (SOCCSKSARGEN),Dengue,155
2023-01-08,Region XII (SOCCSKSARGEN),Dengue,187
2023-01-15,Region XII (SOCCSKSARGEN),Dengue,145
2023-01-22,Region XII (SOCCSKSARGEN),Dengue,174
2023-01-29,Region XII (SOCCSKSARGEN),Dengue,169
2023-02-05,Region XII (SOCCSKSARGEN),Dengue,175
2023-02-12,Region XII (SOCCSKSARGEN),Dengue,165
2023-02-19,Region XII (SOCCSKSARGEN),Dengue,193
2023-02-26,Region XII (SOCCSKSARGEN),Dengue,187
2023-03-05,Region XII (SOCCSKSARGEN),Dengue,220
2023-03-12,Region XII (SOCCSKSARGEN),Dengue,221
2023-03-19,Region XII (SOCCSKSARGEN),Dengue,217
2023-03-26,Region XII (SOCCSKSARGEN),Dengue,151
2023-04-02,Region XII (SOCCSKSARGEN),Dengue,155
2023-04-09,Region XII (SOCCSKSARGEN),Dengue,164
2023-04-16,Region XII (SOCCSKSARGEN),Dengue,164
2023-04-23,Region XII (SOCCSKSARGEN),Dengue,208
2023-04-30,Region XII (SOCCSKSARGEN),Dengue,231
2023-05-07,Region XII (SOCCSKSARGEN),Dengue,249
2023-05-14,Region XII (SOCCSKSARGEN),Dengue,322
2023-05-21,Region XII (SOCCSKSARGEN),Dengue,398
2023-05-28,Region XII (SOCCSKSARGEN),Dengue,422
2023-06-04,Region XII (SOCCSKSARGEN),Dengue,409
2023-06-11,Region XII (SOCCSKSARGEN),Dengue,413
2023-06-18,Region XII (SOCCSKSARGEN),Dengue,377
2023-06-25,Region XII (SOCCSKSARGEN),Dengue,425
2023-07-02,Region XII (SOCCSKSARGEN),Dengue,421
2023-07-09,Region XII (SOCCSKSARGEN),Dengue,397
2023-07-16,Region XII (SOCCSKSARGEN),Dengue,359
2023-07-23,Region XII (SOCCSKSARGEN),Dengue,343
2023-07-30,Region XII (SOCCSKSARGEN),Dengue,394
2023-08-06,Region XII (SOCCSKSARGEN),Dengue,364
2023-08-13,Region XII (SOCCSKSARGEN),Dengue,376
2023-08-20,Region XII (SOCCSKSARGEN),Dengue,379
2023-08-27,Region XII (SOCCSKSARGEN),Dengue,298
2023-09-03,Region XII (SOCCSKSARGEN),Dengue,394
2023-09-10,Region XII (SOCCSKSARGEN),Dengue,364
2023-09-17,Region XII (SOCCSKSARGEN),Dengue,354
2023-09-24,Region XII (SOCCSKSARGEN),Dengue,331
2023-10-01,Region XII (SOCCSKSARGEN),Dengue,311
2023-10-08,Region XII (SOCCSKSARGEN),Dengue,348
2023-10-15,Region XII (SOCCSKSARGEN),Dengue,303
2023-10-22,Region XII (SOCCSKSARGEN),Dengue,339
2023-10-29,Region XII (SOCCSKSARGEN),Dengue,290
2023-11-05,Region XII (SOCCSKSARGEN),Dengue,239
2023-11-12,Region XII (SOCCSKSARGEN),Dengue,268
2023-11-19,Region XII (SOCCSKSARGEN),Dengue,252
2023-11-26,Region XII (SOCCSKSARGEN),Dengue,265
2023-12-03,Region XII (SOCCSKSARGEN),Dengue,277
2023-12-10,Region XII (SOCCSKSARGEN),Dengue,211
2023-12-17,Region XII (SOCCSKSARGEN),Dengue,204
2023-12-24,Region XII (SOCCSKSARGEN),Dengue,183
2023-12-31,Region XII (SOCCSKSARGEN),Dengue,226
2024-01-07,Region XII (SOCCSKSARGEN),Dengue,366
2024-01-14,Region XII (SOCCSKSARGEN),Dengue,346
2024-01-21,Region XII (SOCCSKSARGEN),Dengue,288
2024-01-28,Region XII (SOCCSKSARGEN),Dengue,334
2024-02-04,Region XII (SOCCSKSARGEN),Dengue,335
2024-02-11,Region XII (SOCCSKSARGEN),Dengue,356
2024-02-18,Region XII (SOCCSKSARGEN),Dengue,414
2024-02-25,Region XII (SOCCSKSARGEN),Dengue,439
2024-03-03,Region XII (SOCCSKSARGEN),Dengue,511
2024-03-10,Region XII (SOCCSKSARGEN),Dengue,498
2024-03-17,Region XII (SOCCSKSARGEN),Dengue,471
2024-03-24,Region XII (SOCCSKSARGEN),Dengue,465
2024-03-31,Region XII (SOCCSKSARGEN),Dengue,387
2024-04-07,Region XII (SOCCSKSARGEN),Dengue,446
2024-04-14,Region XII (SOCCSKSARGEN),Dengue,439
2024-04-21,Region XII (SOCCSKSARGEN),Dengue,425
2024-04-28,Region XII (SOCCSKSARGEN),Dengue,389
2024-05-05,Region XII (SOCCSKSARGEN),Dengue,358
2024-05-12,Region XII (SOCCSKSARGEN),Dengue,366
2024-05-19,Region XII (SOCCSKSARGEN),Dengue,355
2024-05-26,Region XII (SOCCSKSARGEN),Dengue,366
2024-06-02,Region XII (SOCCSKSARGEN),Dengue,401
2024-06-09,Region XII (SOCCSKSARGEN),Dengue,423
2024-06-16,Region XII (SOCCSKSARGEN),Dengue,458
2024-06-23,Region XII (SOCCSKSARGEN),Dengue,510
2024-06-30,Region XII (SOCCSKSARGEN),Dengue,509
2024-07-07,Region XII (SOCCSKSARGEN),Dengue,666
2024-07-14,Region XII (SOCCSKSARGEN),Dengue,633
2024-07-21,Region XII (SOCCSKSARGEN),Dengue,631
2024-07-28,Region XII (SOCCSKSARGEN),Dengue,705
2024-08-04,Region XII (SOCCSKSARGEN),Dengue,772
2024-08-11,Region XII (SOCCSKSARGEN),Dengue,776
2024-08-18,Region XII (SOCCSKSARGEN),Dengue,872
2024-08-25,Region XII (SOCCSKSARGEN),Dengue,746
2024-09-01,Region XII (SOCCSKSARGEN),Dengue,669
2024-09-08,Region XII (SOCCSKSARGEN),Dengue,644
2024-09-15,Region XII (SOCCSKSARGEN),Dengue,567
2024-09-22,Region XII (SOCCSKSARGEN),Dengue,562
2024-09-29,Region XII (SOCCSKSARGEN),Dengue,465
2024-10-06,Region XII (SOCCSKSARGEN),Dengue,470
2024-10-13,Region XII (SOCCSKSARGEN),Dengue,457
2024-10-20,Region XII (SOCCSKSARGEN),Dengue,377
2024-10-27,Region XII (SOCCSKSARGEN),Dengue,381
2024-11-03,Region XII (SOCCSKSARGEN),Dengue,307
2024-11-10,Region XII (SOCCSKSARGEN),Dengue,318
2024-11-17,Region XII (SOCCSKSARGEN),Dengue,264
2024-11-24,Region XII (SOCCSKSARGEN),Dengue,314
2024-12-01,Region XII (SOCCSKSARGEN),Dengue,260
2024-12-08,Region XII (SOCCSKSARGEN),Dengue,252
2024-12-15,Region XII (SOCCSKSARGEN),Dengue,232
2024-12-22,Region XII (SOCCSKSARGEN),Dengue,159
2024-12-29,Region XII (SOCCSKSARGEN),Dengue,228
2025-01-05,Region XII (SOCCSKSARGEN),Dengue,156
2025-01-12,Region XII (SOCCSKSARGEN),Dengue,290
2025-01-19,Region XII (SOCCSKSARGEN),Dengue,298
2025-01-26,Region XII (SOCCSKSARGEN),Dengue,265
2025-02-02,Region XII (SOCCSKSARGEN),Dengue,311
2025-02-09,Region XII (SOCCSKSARGEN),Dengue,250
2025-02-16,Region XII (SOCCSKSARGEN),Dengue,316
2025-02-23,Region XII (SOCCSKSARGEN),Dengue,297
2025-03-02,Region XII (SOCCSKSARGEN),Dengue,248
2025-03-09,Region XII (SOCCSKSARGEN),Dengue,293
2025-03-16,Region XII (SOCCSKSARGEN),Dengue,314
2025-03-23,Region XII (SOCCSKSARGEN),Dengue,293
2025-03-30,Region XII (SOCCSKSARGEN),Dengue,231
2025-04-06,Region XII (SOCCSKSARGEN),Dengue,252
2025-04-13,Region XII (SOCCSKSARGEN),Dengue,224
2025-04-20,Region XII (SOCCSKSARGEN),Dengue,208
2025-04-27,Region XII (SOCCSKSARGEN),Dengue,237
2025-05-04,Region XII (SOCCSKSARGEN),Dengue,235
2025-05-11,Region XII (SOCCSKSARGEN),Dengue,228
2025-05-18,Region XII (SOCCSKSARGEN),Dengue,279
2025-05-25,Region XII (SOCCSKSARGEN),Dengue,290
2025-06-01,Region XII (SOCCSKSARGEN),Dengue,246
2025-06-08,Region XII (SOCCSKSARGEN),Dengue,261
2025-06-15,Region XII (SOCCSKSARGEN),Dengue,307
2025-06-22,Region XII (SOCCSKSARGEN),Dengue,308
2025-06-29,Region XII (SOCCSKSARGEN),Dengue,289
2025-07-06,Region XII (SOCCSKSARGEN),Dengue,333
2025-07-13,Region XII (SOCCSKSARGEN),Dengue,278
2025-07-20,Region XII (SOCCSKSARGEN),Dengue,300
2025-07-27,Region XII (SOCCSKSARGEN),Dengue,321
2025-08-03,Region XII (SOCCSKSARGEN),Dengue,269
2025-08-10,Region XII (SOCCSKSARGEN),Dengue,301
2025-08-17,Region XII (SOCCSKSARGEN),Dengue,288
2025-08-24,Region XII (SOCCSKSARGEN),Dengue,182
2025-08-31,Region XII (SOCCSKSARGEN),Dengue,239
2025-09-07,Region XII (SOCCSKSARGEN),Dengue,205
2025-09-14,Region XII (SOCCSKSARGEN),Dengue,214
2025-09-21,Region XII (SOCCSKSARGEN),Dengue,203
2025-09-28,Region XII (SOCCSKSARGEN),Dengue,189
2025-10-05,Region XII (SOCCSKSARGEN),Dengue,224
2025-10-12,Region XII (SOCCSKSARGEN),Dengue,199
2025-10-19,Region XII (SOCCSKSARGEN),Dengue,206
2025-10-26,Region XII (SOCCSKSARGEN),Dengue,203
2025-11-02,Region XII (SOCCSKSARGEN),Dengue,129
2025-11-09,Region XII (SOCCSKSARGEN),Dengue,28
2025-11-16,Region XII (SOCCSKSARGEN),Dengue,36
2025-11-23,Region XII (SOCCSKSARGEN),Dengue,53
2025-11-30,Region XII (SOCCSKSARGEN),Dengue,62
2025-12-07,Region XII (SOCCSKSARGEN),Dengue,40
2025-12-14,Region XII (SOCCSKSARGEN),Dengue,28
2025-12-21,Region XII (SOCCSKSARGEN),Dengue,17
2025-12-28,Region XII (SOCCSKSARGEN),Dengue,16
