date,region,disease,cases,deaths
2018-01-01,Bangsamoro (BARMM),Acute Bloody Diarrhea,26.0,0.0
2018-02-01,Bangsamoro (BARMM),Acute Bloody Diarrhea,13.0,0.0
2018-03-01,Bangsamoro (BARMM),Acute Bloody Diarrhea,23.0,0.0
2018-04-01,Bangsamoro (BARMM),Acute Bloody Diarrhea,14.0,0.0
2018-05-01,Bangsamoro (BARMM),Acute Bloody Diarrhea,13.0,0.0
2018-06-01,Bangsamoro (BARMM),Acute Bloody Diarrhea,11.0,0.0
2018-07-01,Bangsamoro (BARMM),Acute Bloody Diarrhea,13.0,0.0
2018-08-01,Bangsamoro (BARMM),Acute Bloody Diarrhea,15.0,1.0
2018-09-01,Bangsamoro (BARMM),Acute Bloody Diarrhea,11.0,0.0
2018-10-01,Bangsamoro (BARMM),Acute Bloody Diarrhea,17.0,0.0
2018-11-01,Bangsamoro (BARMM),Acute Bloody Diarrhea,14.0,0.0
2018-12-01,Bangsamoro (BARMM),Acute Bloody Diarrhea,13.0,0.0
2019-01-01,Bangsamoro (BARMM),Acute Bloody Diarrhea,25.0,0.0
2019-02-01,Bangsamoro (BARMM),Acute Bloody Diarrhea,27.0,0.0
2019-03-01,Bangsamoro (BARMM),Acute Bloody Diarrhea,46.0,0.0
2019-04-01,Bangsamoro (BARMM),Acute Bloody Diarrhea,18.0,0.0
2019-05-01,Bangsamoro (BARMM),Acute Bloody Diarrhea,24.0,0.0
2019-06-01,Bangsamoro (BARMM),Acute Bloody Diarrhea,33.0,0.0
2019-07-01,Bangsamoro (BARMM),Acute Bloody Diarrhea,27.0,0.0
2019-08-01,Bangsamoro (BARMM),Acute Bloody Diarrhea,26.0,0.0
2019-09-01,Bangsamoro (BARMM),Acute Bloody Diarrhea,17.0,0.0
2019-10-01,Bangsamoro (BARMM),Acute Bloody Diarrhea,11.0,0.0
2019-11-01,Bangsamoro (BARMM),Acute Bloody Diarrhea,22.0,0.0
2019-12-01,Bangsamoro (BARMM),Acute Bloody Diarrhea,27.0,0.0
2020-01-01,Bangsamoro (BARMM),Acute Bloody Diarrhea,22.0,0.0
2020-02-01,Bangsamoro (BARMM),Acute Bloody Diarrhea,12.0,0.0
2020-03-01,Bangsamoro (BARMM),Acute Bloody Diarrhea,11.0,0.0
2020-04-01,Bangsamoro (BARMM),Acute Bloody Diarrhea,5.0,0.0
2020-05-01,Bangsamoro (BARMM),Acute Bloody Diarrhea,6.0,0.0
2020-06-01,Bangsamoro (BARMM),Acute Bloody Diarrhea,3.0,0.0
2020-07-01,Bangsamoro (BARMM),Acute Bloody Diarrhea,3.0,0.0
2020-08-01,Bangsamoro (BARMM),Acute Bloody Diarrhea,10.0,0.0
2020-09-01,Bangsamoro (BARMM),Acute Bloody Diarrhea,5.0,0.0
2020-10-01,Bangsamoro (BARMM),Acute Bloody Diarrhea,10.0,0.0
2020-11-01,Bangsamoro (BARMM),Acute Bloody Diarrhea,22.0,0.0
2020-12-01,Bangsamoro (BARMM),Acute Bloody Diarrhea,13.0,0.0
2021-01-01,Bangsamoro (BARMM),Acute Bloody Diarrhea,3.0,0.0
2021-02-01,Bangsamoro (BARMM),Acute Bloody Diarrhea,5.0,0.0
2021-03-01,Bangsamoro (BARMM),Acute Bloody Diarrhea,10.0,0.0
2021-04-01,Bangsamoro (BARMM),Acute Bloody Diarrhea,10.0,0.0
2021-05-01,Bangsamoro (BARMM),Acute Bloody Diarrhea,23.0,0.0
2021-06-01,Bangsamoro (BARMM),Acute Bloody Diarrhea,3.0,0.0
2021-07-01,Bangsamoro (BARMM),Acute Bloody Diarrhea,3.0,0.0
2021-08-01,Bangsamoro (BARMM),Acute Bloody Diarrhea,5.0,0.0
2021-09-01,Bangsamoro (BARMM),Acute Bloody Diarrhea,5.0,0.0
2021-10-01,Bangsamoro (BARMM),Acute Bloody Diarrhea,4.0,0.0
2021-11-01,Bangsamoro (BARMM),Acute Bloody Diarrhea,5.0,0.0
2021-12-01,Bangsamoro (BARMM),Acute Bloody Diarrhea,2.0,0.0
2022-01-01,Bangsamoro (BARMM),Acute Bloody Diarrhea,0.0,0.0
2022-02-01,Bangsamoro (BARMM),Acute Bloody Diarrhea,7.0,1.0
2022-03-01,Bangsamoro (BARMM),Acute Bloody Diarrhea,9.0,0.0
2022-04-01,Bangsamoro (BARMM),Acute Bloody Diarrhea,19.0,0.0
2022-05-01,Bangsamoro (BARMM),Acute Bloody Diarrhea,7.0,0.0
2022-06-01,Bangsamoro (BARMM),Acute Bloody Diarrhea,7.0,0.0
2022-07-01,Bangsamoro (BARMM),Acute Bloody Diarrhea,21.0,0.0
2022-08-01,Bangsamoro (BARMM),Acute Bloody Diarrhea,19.0,0.0
2022-09-01,Bangsamoro (BARMM),Acute Bloody Diarrhea,13.0,0.0
2022-10-01,Bangsamoro (BARMM),Acute Bloody Diarrhea,24.0,0.0
2022-11-01,Bangsamoro (BARMM),Acute Bloody Diarrhea,23.0,0.0
2022-12-01,Bangsamoro (BARMM),Acute Bloody Diarrhea,19.0,0.0
2023-01-01,Bangsamoro (BARMM),Acute Bloody Diarrhea,17.0,0.0
2023-02-01,Bangsamoro (BARMM),Acute Bloody Diarrhea,36.0,0.0
2023-03-01,Bangsamoro (BARMM),Acute Bloody Diarrhea,26.0,0.0
2023-04-01,Bangsamoro (BARMM),Acute Bloody Diarrhea,19.0,0.0
2023-05-01,Bangsamoro (BARMM),Acute Bloody Diarrhea,31.0,0.0
2023-06-01,Bangsamoro (BARMM),Acute Bloody Diarrhea,22.0,0.0
2023-07-01,Bangsamoro (BARMM),Acute Bloody Diarrhea,19.0,0.0
2023-08-01,Bangsamoro (BARMM),Acute Bloody Diarrhea,13.0,0.0
2023-09-01,Bangsamoro (BARMM),Acute Bloody Diarrhea,14.0,0.0
2023-10-01,Bangsamoro (BARMM),Acute Bloody Diarrhea,7.0,0.0
2023-11-01,Bangsamoro (BARMM),Acute Bloody Diarrhea,11.0,0.0
2023-12-01,Bangsamoro (BARMM),Acute Bloody Diarrhea,8.0,0.0
2024-01-01,Bangsamoro (BARMM),Acute Bloody Diarrhea,13.0,0.0
2024-02-01,Bangsamoro (BARMM),Acute Bloody Diarrhea,16.0,0.0
2024-03-01,Bangsamoro (BARMM),Acute Bloody Diarrhea,22.0,0.0
2024-04-01,Bangsamoro (BARMM),Acute Bloody Diarrhea,29.0,0.0
2024-05-01,Bangsamoro (BARMM),Acute Bloody Diarrhea,54.0,1.0
2024-06-01,Bangsamoro (BARMM),Acute Bloody Diarrhea,45.0,0.0
2024-07-01,Bangsamoro (BARMM),Acute Bloody Diarrhea,48.0,2.0
2024-08-01,Bangsamoro (BARMM),Acute Bloody Diarrhea,42.0,2.0
2024-09-01,Bangsamoro (BARMM),Acute Bloody Diarrhea,40.0,1.0
2024-10-01,Bangsamoro (BARMM),Acute Bloody Diarrhea,41.0,1.0
2024-11-01,Bangsamoro (BARMM),Acute Bloody Diarrhea,31.0,0.0
2024-12-01,Bangsamoro (BARMM),Acute Bloody Diarrhea,28.0,1.0
2025-01-01,Bangsamoro (BARMM),Acute Bloody Diarrhea,84.0,0.0
2025-02-01,Bangsamoro (BARMM),Acute Bloody Diarrhea,107.0,1.0
2025-03-01,Bangsamoro (BARMM),Acute Bloody Diarrhea,102.0,0.0
2025-04-01,Bangsamoro (BARMM),Acute Bloody Diarrhea,43.0,2.0
2025-05-01,Bangsamoro (BARMM),Acute Bloody Diarrhea,55.0,1.0
2025-06-01,Bangsamoro (BARMM),Acute Bloody Diarrhea,42.0,0.0
2025-07-01,Bangsamoro (BARMM),Acute Bloody Diarrhea,42.0,0.0
2025-08-01,Bangsamoro (BARMM),Acute Bloody Diarrhea,61.0,0.0
2025-09-01,Bangsamoro (BARMM),Acute Bloody Diarrhea,40.0,0.0
2025-10-01,Bangsamoro (BARMM),Acute Bloody Diarrhea,32.0,0.0
2025-11-01,Bangsamoro (BARMM),Acute Bloody Diarrhea,1.0,0.0
2025-12-01,Bangsamoro (BARMM),Acute Bloody Diarrhea,8.0,0.0
2026-01-01,Bangsamoro (BARMM),Acute Bloody Diarrhea,41.0,0.0
2026-02-01,Bangsamoro (BARMM),Acute Bloody Diarrhea,41.0,0.0
2026-03-01,Bangsamoro (BARMM),Acute Bloody Diarrhea,41.0,0.0
2026-04-01,Bangsamoro (BARMM),Acute Bloody Diarrhea,35.0,1.0
2026-05-01,Bangsamoro (BARMM),Acute Bloody Diarrhea,39.0,0.0
2026-06-01,Bangsamoro (BARMM),Acute Bloody Diarrhea,40.0,0.0
2026-07-01,Bangsamoro (BARMM),Acute Bloody Diarrhea,17.0,2.0
2026-08-01,Bangsamoro (BARMM),Acute Bloody Diarrhea,12.0,1.0
2026-09-01,Bangsamoro (BARMM),Acute Bloody Diarrhea,6.0,0.0
2018-01-01,Bicol Region,Acute Bloody Diarrhea,2.0,0.0
2018-02-01,Bicol Region,Acute Bloody Diarrhea,3.0,0.0
2018-03-01,Bicol Region,Acute Bloody Diarrhea,8.0,0.0
2018-04-01,Bicol Region,Acute Bloody Diarrhea,5.0,0.0
2018-05-01,Bicol Region,Acute Bloody Diarrhea,2.0,0.0
2018-06-01,Bicol Region,Acute Bloody Diarrhea,3.0,0.0
2018-07-01,Bicol Region,Acute Bloody Diarrhea,2.0,0.0
2018-08-01,Bicol Region,Acute Bloody Diarrhea,2.0,0.0
2018-09-01,Bicol Region,Acute Bloody Diarrhea,0.0,0.0
2018-10-01,Bicol Region,Acute Bloody Diarrhea,2.0,0.0
2018-11-01,Bicol Region,Acute Bloody Diarrhea,1.0,0.0
2018-12-01,Bicol Region,Acute Bloody Diarrhea,0.0,0.0
2019-01-01,Bicol Region,Acute Bloody Diarrhea,7.0,0.0
2019-02-01,Bicol Region,Acute Bloody Diarrhea,5.0,0.0
2019-03-01,Bicol Region,Acute Bloody Diarrhea,8.0,0.0
2019-04-01,Bicol Region,Acute Bloody Diarrhea,17.0,0.0
2019-05-01,Bicol Region,Acute Bloody Diarrhea,21.0,0.0
2019-06-01,Bicol Region,Acute Bloody Diarrhea,12.0,0.0
2019-07-01,Bicol Region,Acute Bloody Diarrhea,10.0,0.0
2019-08-01,Bicol Region,Acute Bloody Diarrhea,17.0,0.0
2019-09-01,Bicol Region,Acute Bloody Diarrhea,7.0,0.0
2019-10-01,Bicol Region,Acute Bloody Diarrhea,11.0,0.0
2019-11-01,Bicol Region,Acute Bloody Diarrhea,13.0,0.0
2019-12-01,Bicol Region,Acute Bloody Diarrhea,37.0,0.0
2020-01-01,Bicol Region,Acute Bloody Diarrhea,40.0,0.0
2020-02-01,Bicol Region,Acute Bloody Diarrhea,25.0,0.0
2020-03-01,Bicol Region,Acute Bloody Diarrhea,18.0,0.0
2020-04-01,Bicol Region,Acute Bloody Diarrhea,7.0,0.0
2020-05-01,Bicol Region,Acute Bloody Diarrhea,14.0,0.0
2020-06-01,Bicol Region,Acute Bloody Diarrhea,19.0,0.0
2020-07-01,Bicol Region,Acute Bloody Diarrhea,14.0,0.0
2020-08-01,Bicol Region,Acute Bloody Diarrhea,7.0,0.0
2020-09-01,Bicol Region,Acute Bloody Diarrhea,7.0,0.0
2020-10-01,Bicol Region,Acute Bloody Diarrhea,14.0,0.0
2020-11-01,Bicol Region,Acute Bloody Diarrhea,12.0,0.0
2020-12-01,Bicol Region,Acute Bloody Diarrhea,15.0,0.0
2021-01-01,Bicol Region,Acute Bloody Diarrhea,11.0,0.0
2021-02-01,Bicol Region,Acute Bloody Diarrhea,2.0,0.0
2021-03-01,Bicol Region,Acute Bloody Diarrhea,7.0,0.0
2021-04-01,Bicol Region,Acute Bloody Diarrhea,5.0,0.0
2021-05-01,Bicol Region,Acute Bloody Diarrhea,5.0,0.0
2021-06-01,Bicol Region,Acute Bloody Diarrhea,8.0,0.0
2021-07-01,Bicol Region,Acute Bloody Diarrhea,11.0,0.0
2021-08-01,Bicol Region,Acute Bloody Diarrhea,12.0,0.0
2021-09-01,Bicol Region,Acute Bloody Diarrhea,8.0,0.0
2021-10-01,Bicol Region,Acute Bloody Diarrhea,11.0,0.0
2021-11-01,Bicol Region,Acute Bloody Diarrhea,8.0,0.0
2021-12-01,Bicol Region,Acute Bloody Diarrhea,13.0,0.0
2022-01-01,Bicol Region,Acute Bloody Diarrhea,10.0,0.0
2022-02-01,Bicol Region,Acute Bloody Diarrhea,5.0,0.0
2022-03-01,Bicol Region,Acute Bloody Diarrhea,8.0,0.0
2022-04-01,Bicol Region,Acute Bloody Diarrhea,11.0,1.0
2022-05-01,Bicol Region,Acute Bloody Diarrhea,17.0,0.0
2022-06-01,Bicol Region,Acute Bloody Diarrhea,6.0,0.0
2022-07-01,Bicol Region,Acute Bloody Diarrhea,6.0,0.0
2022-08-01,Bicol Region,Acute Bloody Diarrhea,9.0,0.0
2022-09-01,Bicol Region,Acute Bloody Diarrhea,12.0,0.0
2022-10-01,Bicol Region,Acute Bloody Diarrhea,10.0,0.0
2022-11-01,Bicol Region,Acute Bloody Diarrhea,11.0,0.0
2022-12-01,Bicol Region,Acute Bloody Diarrhea,11.0,0.0
2023-01-01,Bicol Region,Acute Bloody Diarrhea,10.0,0.0
2023-02-01,Bicol Region,Acute Bloody Diarrhea,4.0,0.0
2023-03-01,Bicol Region,Acute Bloody Diarrhea,8.0,0.0
2023-04-01,Bicol Region,Acute Bloody Diarrhea,8.0,0.0
2023-05-01,Bicol Region,Acute Bloody Diarrhea,9.0,0.0
2023-06-01,Bicol Region,Acute Bloody Diarrhea,6.0,0.0
2023-07-01,Bicol Region,Acute Bloody Diarrhea,2.0,0.0
2023-08-01,Bicol Region,Acute Bloody Diarrhea,9.0,0.0
2023-09-01,Bicol Region,Acute Bloody Diarrhea,15.0,0.0
2023-10-01,Bicol Region,Acute Bloody Diarrhea,9.0,0.0
2023-11-01,Bicol Region,Acute Bloody Diarrhea,4.0,0.0
2023-12-01,Bicol Region,Acute Bloody Diarrhea,5.0,0.0
2024-01-01,Bicol Region,Acute Bloody Diarrhea,9.0,0.0
2024-02-01,Bicol Region,Acute Bloody Diarrhea,12.0,0.0
2024-03-01,Bicol Region,Acute Bloody Diarrhea,7.0,0.0
2024-04-01,Bicol Region,Acute Bloody Diarrhea,9.0,0.0
2024-05-01,Bicol Region,Acute Bloody Diarrhea,7.0,0.0
2024-06-01,Bicol Region,Acute Bloody Diarrhea,7.0,0.0
2024-07-01,Bicol Region,Acute Bloody Diarrhea,6.0,0.0
2024-08-01,Bicol Region,Acute Bloody Diarrhea,5.0,0.0
2024-09-01,Bicol Region,Acute Bloody Diarrhea,3.0,0.0
2024-10-01,Bicol Region,Acute Bloody Diarrhea,1.0,0.0
2024-11-01,Bicol Region,Acute Bloody Diarrhea,6.0,0.0
2024-12-01,Bicol Region,Acute Bloody Diarrhea,1.0,0.0
2025-01-01,Bicol Region,Acute Bloody Diarrhea,22.0,0.0
2025-02-01,Bicol Region,Acute Bloody Diarrhea,20.0,0.0
2025-03-01,Bicol Region,Acute Bloody Diarrhea,22.0,0.0
2025-04-01,Bicol Region,Acute Bloody Diarrhea,15.0,0.0
2025-05-01,Bicol Region,Acute Bloody Diarrhea,16.0,0.0
2025-06-01,Bicol Region,Acute Bloody Diarrhea,14.0,0.0
2025-07-01,Bicol Region,Acute Bloody Diarrhea,22.0,0.0
2025-08-01,Bicol Region,Acute Bloody Diarrhea,20.0,0.0
2025-09-01,Bicol Region,Acute Bloody Diarrhea,10.0,0.0
2025-10-01,Bicol Region,Acute Bloody Diarrhea,10.0,0.0
2025-11-01,Bicol Region,Acute Bloody Diarrhea,9.0,0.0
2025-12-01,Bicol Region,Acute Bloody Diarrhea,13.0,0.0
2026-01-01,Bicol Region,Acute Bloody Diarrhea,9.0,0.0
2026-02-01,Bicol Region,Acute Bloody Diarrhea,15.0,0.0
2026-03-01,Bicol Region,Acute Bloody Diarrhea,6.0,0.0
2026-04-01,Bicol Region,Acute Bloody Diarrhea,17.0,0.0
2026-05-01,Bicol Region,Acute Bloody Diarrhea,21.0,0.0
2026-06-01,Bicol Region,Acute Bloody Diarrhea,26.0,0.0
2026-07-01,Bicol Region,Acute Bloody Diarrhea,17.0,0.0
2026-08-01,Bicol Region,Acute Bloody Diarrhea,16.0,1.0
2026-09-01,Bicol Region,Acute Bloody Diarrhea,5.0,0.0
2018-01-01,CALABARZON,Acute Bloody Diarrhea,82.0,0.0
2018-02-01,CALABARZON,Acute Bloody Diarrhea,79.0,0.0
2018-03-01,CALABARZON,Acute Bloody Diarrhea,57.0,0.0
2018-04-01,CALABARZON,Acute Bloody Diarrhea,99.0,0.0
2018-05-01,CALABARZON,Acute Bloody Diarrhea,119.0,0.0
2018-06-01,CALABARZON,Acute Bloody Diarrhea,119.0,0.0
2018-07-01,CALABARZON,Acute Bloody Diarrhea,132.0,0.0
2018-08-01,CALABARZON,Acute Bloody Diarrhea,93.0,0.0
2018-09-01,CALABARZON,Acute Bloody Diarrhea,73.0,0.0
2018-10-01,CALABARZON,Acute Bloody Diarrhea,64.0,0.0
2018-11-01,CALABARZON,Acute Bloody Diarrhea,38.0,0.0
2018-12-01,CALABARZON,Acute Bloody Diarrhea,30.0,0.0
2019-01-01,CALABARZON,Acute Bloody Diarrhea,63.0,0.0
2019-02-01,CALABARZON,Acute Bloody Diarrhea,49.0,0.0
2019-03-01,CALABARZON,Acute Bloody Diarrhea,48.0,0.0
2019-04-01,CALABARZON,Acute Bloody Diarrhea,50.0,0.0
2019-05-01,CALABARZON,Acute Bloody Diarrhea,74.0,0.0
2019-06-01,CALABARZON,Acute Bloody Diarrhea,68.0,0.0
2019-07-01,CALABARZON,Acute Bloody Diarrhea,74.0,0.0
2019-08-01,CALABARZON,Acute Bloody Diarrhea,70.0,0.0
2019-09-01,CALABARZON,Acute Bloody Diarrhea,51.0,0.0
2019-10-01,CALABARZON,Acute Bloody Diarrhea,53.0,0.0
2019-11-01,CALABARZON,Acute Bloody Diarrhea,45.0,0.0
2019-12-01,CALABARZON,Acute Bloody Diarrhea,36.0,0.0
2020-01-01,CALABARZON,Acute Bloody Diarrhea,68.0,0.0
2020-02-01,CALABARZON,Acute Bloody Diarrhea,34.0,0.0
2020-03-01,CALABARZON,Acute Bloody Diarrhea,19.0,0.0
2020-04-01,CALABARZON,Acute Bloody Diarrhea,3.0,0.0
2020-05-01,CALABARZON,Acute Bloody Diarrhea,6.0,0.0
2020-06-01,CALABARZON,Acute Bloody Diarrhea,6.0,0.0
2020-07-01,CALABARZON,Acute Bloody Diarrhea,3.0,0.0
2020-08-01,CALABARZON,Acute Bloody Diarrhea,6.0,0.0
2020-09-01,CALABARZON,Acute Bloody Diarrhea,6.0,0.0
2020-10-01,CALABARZON,Acute Bloody Diarrhea,7.0,0.0
2020-11-01,CALABARZON,Acute Bloody Diarrhea,11.0,0.0
2020-12-01,CALABARZON,Acute Bloody Diarrhea,8.0,0.0
2021-01-01,CALABARZON,Acute Bloody Diarrhea,8.0,0.0
2021-02-01,CALABARZON,Acute Bloody Diarrhea,16.0,0.0
2021-03-01,CALABARZON,Acute Bloody Diarrhea,11.0,0.0
2021-04-01,CALABARZON,Acute Bloody Diarrhea,3.0,0.0
2021-05-01,CALABARZON,Acute Bloody Diarrhea,11.0,0.0
2021-06-01,CALABARZON,Acute Bloody Diarrhea,7.0,0.0
2021-07-01,CALABARZON,Acute Bloody Diarrhea,4.0,0.0
2021-08-01,CALABARZON,Acute Bloody Diarrhea,1.0,0.0
2021-09-01,CALABARZON,Acute Bloody Diarrhea,14.0,0.0
2021-10-01,CALABARZON,Acute Bloody Diarrhea,10.0,0.0
2021-11-01,CALABARZON,Acute Bloody Diarrhea,28.0,0.0
2021-12-01,CALABARZON,Acute Bloody Diarrhea,12.0,0.0
2022-01-01,CALABARZON,Acute Bloody Diarrhea,7.0,0.0
2022-02-01,CALABARZON,Acute Bloody Diarrhea,16.0,0.0
2022-03-01,CALABARZON,Acute Bloody Diarrhea,22.0,0.0
2022-04-01,CALABARZON,Acute Bloody Diarrhea,23.0,0.0
2022-05-01,CALABARZON,Acute Bloody Diarrhea,42.0,0.0
2022-06-01,CALABARZON,Acute Bloody Diarrhea,42.0,1.0
2022-07-01,CALABARZON,Acute Bloody Diarrhea,35.0,0.0
2022-08-01,CALABARZON,Acute Bloody Diarrhea,31.0,0.0
2022-09-01,CALABARZON,Acute Bloody Diarrhea,54.0,3.0
2022-10-01,CALABARZON,Acute Bloody Diarrhea,30.0,0.0
2022-11-01,CALABARZON,Acute Bloody Diarrhea,34.0,0.0
2022-12-01,CALABARZON,Acute Bloody Diarrhea,35.0,0.0
2023-01-01,CALABARZON,Acute Bloody Diarrhea,31.0,0.0
2023-02-01,CALABARZON,Acute Bloody Diarrhea,32.0,0.0
2023-03-01,CALABARZON,Acute Bloody Diarrhea,38.0,0.0
2023-04-01,CALABARZON,Acute Bloody Diarrhea,50.0,1.0
2023-05-01,CALABARZON,Acute Bloody Diarrhea,29.0,0.0
2023-06-01,CALABARZON,Acute Bloody Diarrhea,8.0,0.0
2023-07-01,CALABARZON,Acute Bloody Diarrhea,25.0,0.0
2023-08-01,CALABARZON,Acute Bloody Diarrhea,21.0,0.0
2023-09-01,CALABARZON,Acute Bloody Diarrhea,18.0,0.0
2023-10-01,CALABARZON,Acute Bloody Diarrhea,14.0,0.0
2023-11-01,CALABARZON,Acute Bloody Diarrhea,21.0,0.0
2023-12-01,CALABARZON,Acute Bloody Diarrhea,19.0,0.0
2024-01-01,CALABARZON,Acute Bloody Diarrhea,23.0,0.0
2024-02-01,CALABARZON,Acute Bloody Diarrhea,30.0,0.0
2024-03-01,CALABARZON,Acute Bloody Diarrhea,16.0,0.0
2024-04-01,CALABARZON,Acute Bloody Diarrhea,32.0,0.0
2024-05-01,CALABARZON,Acute Bloody Diarrhea,43.0,0.0
2024-06-01,CALABARZON,Acute Bloody Diarrhea,36.0,0.0
2024-07-01,CALABARZON,Acute Bloody Diarrhea,41.0,0.0
2024-08-01,CALABARZON,Acute Bloody Diarrhea,28.0,0.0
2024-09-01,CALABARZON,Acute Bloody Diarrhea,19.0,0.0
2024-10-01,CALABARZON,Acute Bloody Diarrhea,25.0,0.0
2024-11-01,CALABARZON,Acute Bloody Diarrhea,16.0,0.0
2024-12-01,CALABARZON,Acute Bloody Diarrhea,18.0,0.0
2025-01-01,CALABARZON,Acute Bloody Diarrhea,52.0,0.0
2025-02-01,CALABARZON,Acute Bloody Diarrhea,37.0,0.0
2025-03-01,CALABARZON,Acute Bloody Diarrhea,38.0,0.0
2025-04-01,CALABARZON,Acute Bloody Diarrhea,54.0,1.0
2025-05-01,CALABARZON,Acute Bloody Diarrhea,56.0,0.0
2025-06-01,CALABARZON,Acute Bloody Diarrhea,60.0,0.0
2025-07-01,CALABARZON,Acute Bloody Diarrhea,111.0,1.0
2025-08-01,CALABARZON,Acute Bloody Diarrhea,101.0,0.0
2025-09-01,CALABARZON,Acute Bloody Diarrhea,98.0,0.0
2025-10-01,CALABARZON,Acute Bloody Diarrhea,75.0,0.0
2025-11-01,CALABARZON,Acute Bloody Diarrhea,20.0,0.0
2025-12-01,CALABARZON,Acute Bloody Diarrhea,21.0,0.0
2026-01-01,CALABARZON,Acute Bloody Diarrhea,89.0,0.0
2026-02-01,CALABARZON,Acute Bloody Diarrhea,69.0,0.0
2026-03-01,CALABARZON,Acute Bloody Diarrhea,65.0,0.0
2026-04-01,CALABARZON,Acute Bloody Diarrhea,52.0,0.0
2026-05-01,CALABARZON,Acute Bloody Diarrhea,73.0,0.0
2026-06-01,CALABARZON,Acute Bloody Diarrhea,78.0,0.0
2026-07-01,CALABARZON,Acute Bloody Diarrhea,82.0,0.0
2026-08-01,CALABARZON,Acute Bloody Diarrhea,88.0,0.0
2026-09-01,CALABARZON,Acute Bloody Diarrhea,52.0,0.0
2018-01-01,Cagayan Valley,Acute Bloody Diarrhea,123.0,0.0
2018-02-01,Cagayan Valley,Acute Bloody Diarrhea,96.0,0.0
2018-03-01,Cagayan Valley,Acute Bloody Diarrhea,120.0,0.0
2018-04-01,Cagayan Valley,Acute Bloody Diarrhea,121.0,0.0
2018-05-01,Cagayan Valley,Acute Bloody Diarrhea,157.0,0.0
2018-06-01,Cagayan Valley,Acute Bloody Diarrhea,181.0,0.0
2018-07-01,Cagayan Valley,Acute Bloody Diarrhea,185.0,0.0
2018-08-01,Cagayan Valley,Acute Bloody Diarrhea,152.0,0.0
2018-09-01,Cagayan Valley,Acute Bloody Diarrhea,120.0,0.0
2018-10-01,Cagayan Valley,Acute Bloody Diarrhea,84.0,0.0
2018-11-01,Cagayan Valley,Acute Bloody Diarrhea,79.0,0.0
2018-12-01,Cagayan Valley,Acute Bloody Diarrhea,103.0,0.0
2019-01-01,Cagayan Valley,Acute Bloody Diarrhea,120.0,0.0
2019-02-01,Cagayan Valley,Acute Bloody Diarrhea,79.0,0.0
2019-03-01,Cagayan Valley,Acute Bloody Diarrhea,120.0,0.0
2019-04-01,Cagayan Valley,Acute Bloody Diarrhea,127.0,0.0
2019-05-01,Cagayan Valley,Acute Bloody Diarrhea,130.0,0.0
2019-06-01,Cagayan Valley,Acute Bloody Diarrhea,137.0,0.0
2019-07-01,Cagayan Valley,Acute Bloody Diarrhea,81.0,0.0
2019-08-01,Cagayan Valley,Acute Bloody Diarrhea,81.0,0.0
2019-09-01,Cagayan Valley,Acute Bloody Diarrhea,59.0,0.0
2019-10-01,Cagayan Valley,Acute Bloody Diarrhea,57.0,0.0
2019-11-01,Cagayan Valley,Acute Bloody Diarrhea,64.0,0.0
2019-12-01,Cagayan Valley,Acute Bloody Diarrhea,60.0,0.0
2020-01-01,Cagayan Valley,Acute Bloody Diarrhea,104.0,0.0
2020-02-01,Cagayan Valley,Acute Bloody Diarrhea,83.0,0.0
2020-03-01,Cagayan Valley,Acute Bloody Diarrhea,29.0,0.0
2020-04-01,Cagayan Valley,Acute Bloody Diarrhea,10.0,0.0
2020-05-01,Cagayan Valley,Acute Bloody Diarrhea,26.0,0.0
2020-06-01,Cagayan Valley,Acute Bloody Diarrhea,29.0,0.0
2020-07-01,Cagayan Valley,Acute Bloody Diarrhea,40.0,0.0
2020-08-01,Cagayan Valley,Acute Bloody Diarrhea,29.0,0.0
2020-09-01,Cagayan Valley,Acute Bloody Diarrhea,13.0,0.0
2020-10-01,Cagayan Valley,Acute Bloody Diarrhea,24.0,0.0
2020-11-01,Cagayan Valley,Acute Bloody Diarrhea,33.0,0.0
2020-12-01,Cagayan Valley,Acute Bloody Diarrhea,4.0,0.0
2021-01-01,Cagayan Valley,Acute Bloody Diarrhea,13.0,0.0
2021-02-01,Cagayan Valley,Acute Bloody Diarrhea,32.0,0.0
2021-03-01,Cagayan Valley,Acute Bloody Diarrhea,24.0,0.0
2021-04-01,Cagayan Valley,Acute Bloody Diarrhea,8.0,0.0
2021-05-01,Cagayan Valley,Acute Bloody Diarrhea,20.0,0.0
2021-06-01,Cagayan Valley,Acute Bloody Diarrhea,24.0,0.0
2021-07-01,Cagayan Valley,Acute Bloody Diarrhea,20.0,0.0
2021-08-01,Cagayan Valley,Acute Bloody Diarrhea,14.0,0.0
2021-09-01,Cagayan Valley,Acute Bloody Diarrhea,12.0,0.0
2021-10-01,Cagayan Valley,Acute Bloody Diarrhea,6.0,0.0
2021-11-01,Cagayan Valley,Acute Bloody Diarrhea,7.0,0.0
2021-12-01,Cagayan Valley,Acute Bloody Diarrhea,9.0,0.0
2022-01-01,Cagayan Valley,Acute Bloody Diarrhea,14.0,0.0
2022-02-01,Cagayan Valley,Acute Bloody Diarrhea,38.0,0.0
2022-03-01,Cagayan Valley,Acute Bloody Diarrhea,61.0,0.0
2022-04-01,Cagayan Valley,Acute Bloody Diarrhea,68.0,1.0
2022-05-01,Cagayan Valley,Acute Bloody Diarrhea,67.0,0.0
2022-06-01,Cagayan Valley,Acute Bloody Diarrhea,107.0,0.0
2022-07-01,Cagayan Valley,Acute Bloody Diarrhea,62.0,0.0
2022-08-01,Cagayan Valley,Acute Bloody Diarrhea,61.0,0.0
2022-09-01,Cagayan Valley,Acute Bloody Diarrhea,82.0,0.0
2022-10-01,Cagayan Valley,Acute Bloody Diarrhea,207.0,0.0
2022-11-01,Cagayan Valley,Acute Bloody Diarrhea,246.0,1.0
2022-12-01,Cagayan Valley,Acute Bloody Diarrhea,222.0,0.0
2023-01-01,Cagayan Valley,Acute Bloody Diarrhea,287.0,0.0
2023-02-01,Cagayan Valley,Acute Bloody Diarrhea,144.0,0.0
2023-03-01,Cagayan Valley,Acute Bloody Diarrhea,212.0,0.0
2023-04-01,Cagayan Valley,Acute Bloody Diarrhea,159.0,1.0
2023-05-01,Cagayan Valley,Acute Bloody Diarrhea,183.0,0.0
2023-06-01,Cagayan Valley,Acute Bloody Diarrhea,150.0,0.0
2023-07-01,Cagayan Valley,Acute Bloody Diarrhea,122.0,0.0
2023-08-01,Cagayan Valley,Acute Bloody Diarrhea,170.0,0.0
2023-09-01,Cagayan Valley,Acute Bloody Diarrhea,109.0,0.0
2023-10-01,Cagayan Valley,Acute Bloody Diarrhea,78.0,0.0
2023-11-01,Cagayan Valley,Acute Bloody Diarrhea,61.0,0.0
2023-12-01,Cagayan Valley,Acute Bloody Diarrhea,60.0,0.0
2024-01-01,Cagayan Valley,Acute Bloody Diarrhea,98.0,0.0
2024-02-01,Cagayan Valley,Acute Bloody Diarrhea,104.0,0.0
2024-03-01,Cagayan Valley,Acute Bloody Diarrhea,126.0,0.0
2024-04-01,Cagayan Valley,Acute Bloody Diarrhea,151.0,0.0
2024-05-01,Cagayan Valley,Acute Bloody Diarrhea,108.0,0.0
2024-06-01,Cagayan Valley,Acute Bloody Diarrhea,160.0,0.0
2024-07-01,Cagayan Valley,Acute Bloody Diarrhea,155.0,1.0
2024-08-01,Cagayan Valley,Acute Bloody Diarrhea,128.0,0.0
2024-09-01,Cagayan Valley,Acute Bloody Diarrhea,76.0,0.0
2024-10-01,Cagayan Valley,Acute Bloody Diarrhea,83.0,0.0
2024-11-01,Cagayan Valley,Acute Bloody Diarrhea,105.0,0.0
2024-12-01,Cagayan Valley,Acute Bloody Diarrhea,85.0,0.0
2025-01-01,Cagayan Valley,Acute Bloody Diarrhea,139.0,0.0
2025-02-01,Cagayan Valley,Acute Bloody Diarrhea,137.0,0.0
2025-03-01,Cagayan Valley,Acute Bloody Diarrhea,104.0,0.0
2025-04-01,Cagayan Valley,Acute Bloody Diarrhea,124.0,0.0
2025-05-01,Cagayan Valley,Acute Bloody Diarrhea,176.0,0.0
2025-06-01,Cagayan Valley,Acute Bloody Diarrhea,192.0,0.0
2025-07-01,Cagayan Valley,Acute Bloody Diarrhea,224.0,0.0
2025-08-01,Cagayan Valley,Acute Bloody Diarrhea,141.0,0.0
2025-09-01,Cagayan Valley,Acute Bloody Diarrhea,91.0,0.0
2025-10-01,Cagayan Valley,Acute Bloody Diarrhea,69.0,0.0
2025-11-01,Cagayan Valley,Acute Bloody Diarrhea,7.0,0.0
2025-12-01,Cagayan Valley,Acute Bloody Diarrhea,7.0,0.0
2026-01-01,Cagayan Valley,Acute Bloody Diarrhea,52.0,0.0
2026-02-01,Cagayan Valley,Acute Bloody Diarrhea,48.0,0.0
2026-03-01,Cagayan Valley,Acute Bloody Diarrhea,30.0,0.0
2026-04-01,Cagayan Valley,Acute Bloody Diarrhea,51.0,0.0
2026-05-01,Cagayan Valley,Acute Bloody Diarrhea,38.0,0.0
2026-06-01,Cagayan Valley,Acute Bloody Diarrhea,57.0,0.0
2026-07-01,Cagayan Valley,Acute Bloody Diarrhea,51.0,0.0
2026-08-01,Cagayan Valley,Acute Bloody Diarrhea,88.0,0.0
2026-09-01,Cagayan Valley,Acute Bloody Diarrhea,30.0,0.0
2018-01-01,Caraga,Acute Bloody Diarrhea,257.0,0.0
2018-02-01,Caraga,Acute Bloody Diarrhea,224.0,1.0
2018-03-01,Caraga,Acute Bloody Diarrhea,244.0,0.0
2018-04-01,Caraga,Acute Bloody Diarrhea,230.0,0.0
2018-05-01,Caraga,Acute Bloody Diarrhea,269.0,0.0
2018-06-01,Caraga,Acute Bloody Diarrhea,315.0,0.0
2018-07-01,Caraga,Acute Bloody Diarrhea,268.0,0.0
2018-08-01,Caraga,Acute Bloody Diarrhea,234.0,0.0
2018-09-01,Caraga,Acute Bloody Diarrhea,207.0,0.0
2018-10-01,Caraga,Acute Bloody Diarrhea,193.0,1.0
2018-11-01,Caraga,Acute Bloody Diarrhea,255.0,0.0
2018-12-01,Caraga,Acute Bloody Diarrhea,190.0,0.0
2019-01-01,Caraga,Acute Bloody Diarrhea,189.0,0.0
2019-02-01,Caraga,Acute Bloody Diarrhea,171.0,0.0
2019-03-01,Caraga,Acute Bloody Diarrhea,199.0,0.0
2019-04-01,Caraga,Acute Bloody Diarrhea,261.0,0.0
2019-05-01,Caraga,Acute Bloody Diarrhea,212.0,0.0
2019-06-01,Caraga,Acute Bloody Diarrhea,228.0,0.0
2019-07-01,Caraga,Acute Bloody Diarrhea,268.0,0.0
2019-08-01,Caraga,Acute Bloody Diarrhea,195.0,0.0
2019-09-01,Caraga,Acute Bloody Diarrhea,153.0,0.0
2019-10-01,Caraga,Acute Bloody Diarrhea,132.0,0.0
2019-11-01,Caraga,Acute Bloody Diarrhea,101.0,0.0
2019-12-01,Caraga,Acute Bloody Diarrhea,107.0,0.0
2020-01-01,Caraga,Acute Bloody Diarrhea,161.0,0.0
2020-02-01,Caraga,Acute Bloody Diarrhea,107.0,0.0
2020-03-01,Caraga,Acute Bloody Diarrhea,92.0,0.0
2020-04-01,Caraga,Acute Bloody Diarrhea,54.0,0.0
2020-05-01,Caraga,Acute Bloody Diarrhea,78.0,1.0
2020-06-01,Caraga,Acute Bloody Diarrhea,83.0,0.0
2020-07-01,Caraga,Acute Bloody Diarrhea,66.0,0.0
2020-08-01,Caraga,Acute Bloody Diarrhea,60.0,0.0
2020-09-01,Caraga,Acute Bloody Diarrhea,45.0,0.0
2020-10-01,Caraga,Acute Bloody Diarrhea,11.0,0.0
2020-11-01,Caraga,Acute Bloody Diarrhea,30.0,0.0
2020-12-01,Caraga,Acute Bloody Diarrhea,24.0,0.0
2021-01-01,Caraga,Acute Bloody Diarrhea,34.0,0.0
2021-02-01,Caraga,Acute Bloody Diarrhea,41.0,0.0
2021-03-01,Caraga,Acute Bloody Diarrhea,37.0,0.0
2021-04-01,Caraga,Acute Bloody Diarrhea,36.0,0.0
2021-05-01,Caraga,Acute Bloody Diarrhea,23.0,0.0
2021-06-01,Caraga,Acute Bloody Diarrhea,21.0,1.0
2021-07-01,Caraga,Acute Bloody Diarrhea,25.0,0.0
2021-08-01,Caraga,Acute Bloody Diarrhea,16.0,0.0
2021-09-01,Caraga,Acute Bloody Diarrhea,12.0,0.0
2021-10-01,Caraga,Acute Bloody Diarrhea,24.0,1.0
2021-11-01,Caraga,Acute Bloody Diarrhea,35.0,0.0
2021-12-01,Caraga,Acute Bloody Diarrhea,29.0,0.0
2022-01-01,Caraga,Acute Bloody Diarrhea,66.0,0.0
2022-02-01,Caraga,Acute Bloody Diarrhea,41.0,0.0
2022-03-01,Caraga,Acute Bloody Diarrhea,58.0,0.0
2022-04-01,Caraga,Acute Bloody Diarrhea,81.0,0.0
2022-05-01,Caraga,Acute Bloody Diarrhea,81.0,1.0
2022-06-01,Caraga,Acute Bloody Diarrhea,74.0,0.0
2022-07-01,Caraga,Acute Bloody Diarrhea,100.0,0.0
2022-08-01,Caraga,Acute Bloody Diarrhea,83.0,0.0
2022-09-01,Caraga,Acute Bloody Diarrhea,65.0,0.0
2022-10-01,Caraga,Acute Bloody Diarrhea,68.0,0.0
2022-11-01,Caraga,Acute Bloody Diarrhea,96.0,0.0
2022-12-01,Caraga,Acute Bloody Diarrhea,51.0,0.0
2023-01-01,Caraga,Acute Bloody Diarrhea,103.0,0.0
2023-02-01,Caraga,Acute Bloody Diarrhea,95.0,0.0
2023-03-01,Caraga,Acute Bloody Diarrhea,111.0,0.0
2023-04-01,Caraga,Acute Bloody Diarrhea,125.0,0.0
2023-05-01,Caraga,Acute Bloody Diarrhea,154.0,0.0
2023-06-01,Caraga,Acute Bloody Diarrhea,112.0,0.0
2023-07-01,Caraga,Acute Bloody Diarrhea,100.0,0.0
2023-08-01,Caraga,Acute Bloody Diarrhea,59.0,0.0
2023-09-01,Caraga,Acute Bloody Diarrhea,39.0,0.0
2023-10-01,Caraga,Acute Bloody Diarrhea,27.0,0.0
2023-11-01,Caraga,Acute Bloody Diarrhea,50.0,0.0
2023-12-01,Caraga,Acute Bloody Diarrhea,21.0,0.0
2024-01-01,Caraga,Acute Bloody Diarrhea,22.0,0.0
2024-02-01,Caraga,Acute Bloody Diarrhea,17.0,0.0
2024-03-01,Caraga,Acute Bloody Diarrhea,32.0,1.0
2024-04-01,Caraga,Acute Bloody Diarrhea,51.0,0.0
2024-05-01,Caraga,Acute Bloody Diarrhea,35.0,0.0
2024-06-01,Caraga,Acute Bloody Diarrhea,28.0,0.0
2024-07-01,Caraga,Acute Bloody Diarrhea,37.0,0.0
2024-08-01,Caraga,Acute Bloody Diarrhea,44.0,0.0
2024-09-01,Caraga,Acute Bloody Diarrhea,27.0,0.0
2024-10-01,Caraga,Acute Bloody Diarrhea,39.0,0.0
2024-11-01,Caraga,Acute Bloody Diarrhea,31.0,0.0
2024-12-01,Caraga,Acute Bloody Diarrhea,57.0,0.0
2025-01-01,Caraga,Acute Bloody Diarrhea,81.0,0.0
2025-02-01,Caraga,Acute Bloody Diarrhea,71.0,0.0
2025-03-01,Caraga,Acute Bloody Diarrhea,64.0,0.0
2025-04-01,Caraga,Acute Bloody Diarrhea,45.0,0.0
2025-05-01,Caraga,Acute Bloody Diarrhea,19.0,0.0
2025-06-01,Caraga,Acute Bloody Diarrhea,23.0,0.0
2025-07-01,Caraga,Acute Bloody Diarrhea,18.0,0.0
2025-08-01,Caraga,Acute Bloody Diarrhea,14.0,0.0
2025-09-01,Caraga,Acute Bloody Diarrhea,12.0,0.0
2025-10-01,Caraga,Acute Bloody Diarrhea,26.0,0.0
2025-11-01,Caraga,Acute Bloody Diarrhea,5.0,0.0
2025-12-01,Caraga,Acute Bloody Diarrhea,11.0,0.0
2026-01-01,Caraga,Acute Bloody Diarrhea,17.0,0.0
2026-02-01,Caraga,Acute Bloody Diarrhea,14.0,0.0
2026-03-01,Caraga,Acute Bloody Diarrhea,11.0,0.0
2026-04-01,Caraga,Acute Bloody Diarrhea,20.0,0.0
2026-05-01,Caraga,Acute Bloody Diarrhea,23.0,0.0
2026-06-01,Caraga,Acute Bloody Diarrhea,7.0,0.0
2026-07-01,Caraga,Acute Bloody Diarrhea,23.0,1.0
2026-08-01,Caraga,Acute Bloody Diarrhea,39.0,0.0
2026-09-01,Caraga,Acute Bloody Diarrhea,7.0,0.0
2018-01-01,Central Luzon,Acute Bloody Diarrhea,47.0,0.0
2018-02-01,Central Luzon,Acute Bloody Diarrhea,41.0,0.0
2018-03-01,Central Luzon,Acute Bloody Diarrhea,78.0,0.0
2018-04-01,Central Luzon,Acute Bloody Diarrhea,64.0,0.0
2018-05-01,Central Luzon,Acute Bloody Diarrhea,67.0,0.0
2018-06-01,Central Luzon,Acute Bloody Diarrhea,54.0,0.0
2018-07-01,Central Luzon,Acute Bloody Diarrhea,78.0,0.0
2018-08-01,Central Luzon,Acute Bloody Diarrhea,58.0,0.0
2018-09-01,Central Luzon,Acute Bloody Diarrhea,53.0,0.0
2018-10-01,Central Luzon,Acute Bloody Diarrhea,40.0,0.0
2018-11-01,Central Luzon,Acute Bloody Diarrhea,49.0,0.0
2018-12-01,Central Luzon,Acute Bloody Diarrhea,51.0,0.0
2019-01-01,Central Luzon,Acute Bloody Diarrhea,36.0,0.0
2019-02-01,Central Luzon,Acute Bloody Diarrhea,29.0,0.0
2019-03-01,Central Luzon,Acute Bloody Diarrhea,21.0,0.0
2019-04-01,Central Luzon,Acute Bloody Diarrhea,32.0,0.0
2019-05-01,Central Luzon,Acute Bloody Diarrhea,35.0,0.0
2019-06-01,Central Luzon,Acute Bloody Diarrhea,31.0,0.0
2019-07-01,Central Luzon,Acute Bloody Diarrhea,37.0,0.0
2019-08-01,Central Luzon,Acute Bloody Diarrhea,19.0,0.0
2019-09-01,Central Luzon,Acute Bloody Diarrhea,22.0,0.0
2019-10-01,Central Luzon,Acute Bloody Diarrhea,25.0,0.0
2019-11-01,Central Luzon,Acute Bloody Diarrhea,7.0,0.0
2019-12-01,Central Luzon,Acute Bloody Diarrhea,9.0,0.0
2020-01-01,Central Luzon,Acute Bloody Diarrhea,32.0,0.0
2020-02-01,Central Luzon,Acute Bloody Diarrhea,27.0,0.0
2020-03-01,Central Luzon,Acute Bloody Diarrhea,20.0,0.0
2020-04-01,Central Luzon,Acute Bloody Diarrhea,11.0,0.0
2020-05-01,Central Luzon,Acute Bloody Diarrhea,6.0,0.0
2020-06-01,Central Luzon,Acute Bloody Diarrhea,18.0,0.0
2020-07-01,Central Luzon,Acute Bloody Diarrhea,15.0,0.0
2020-08-01,Central Luzon,Acute Bloody Diarrhea,12.0,0.0
2020-09-01,Central Luzon,Acute Bloody Diarrhea,10.0,0.0
2020-10-01,Central Luzon,Acute Bloody Diarrhea,15.0,0.0
2020-11-01,Central Luzon,Acute Bloody Diarrhea,17.0,0.0
2020-12-01,Central Luzon,Acute Bloody Diarrhea,11.0,0.0
2021-01-01,Central Luzon,Acute Bloody Diarrhea,20.0,0.0
2021-02-01,Central Luzon,Acute Bloody Diarrhea,14.0,0.0
2021-03-01,Central Luzon,Acute Bloody Diarrhea,11.0,0.0
2021-04-01,Central Luzon,Acute Bloody Diarrhea,6.0,0.0
2021-05-01,Central Luzon,Acute Bloody Diarrhea,10.0,0.0
2021-06-01,Central Luzon,Acute Bloody Diarrhea,14.0,0.0
2021-07-01,Central Luzon,Acute Bloody Diarrhea,23.0,0.0
2021-08-01,Central Luzon,Acute Bloody Diarrhea,7.0,0.0
2021-09-01,Central Luzon,Acute Bloody Diarrhea,13.0,0.0
2021-10-01,Central Luzon,Acute Bloody Diarrhea,20.0,0.0
2021-11-01,Central Luzon,Acute Bloody Diarrhea,28.0,0.0
2021-12-01,Central Luzon,Acute Bloody Diarrhea,26.0,0.0
2022-01-01,Central Luzon,Acute Bloody Diarrhea,33.0,0.0
2022-02-01,Central Luzon,Acute Bloody Diarrhea,36.0,0.0
2022-03-01,Central Luzon,Acute Bloody Diarrhea,58.0,0.0
2022-04-01,Central Luzon,Acute Bloody Diarrhea,64.0,0.0
2022-05-01,Central Luzon,Acute Bloody Diarrhea,52.0,0.0
2022-06-01,Central Luzon,Acute Bloody Diarrhea,41.0,0.0
2022-07-01,Central Luzon,Acute Bloody Diarrhea,51.0,0.0
2022-08-01,Central Luzon,Acute Bloody Diarrhea,73.0,2.0
2022-09-01,Central Luzon,Acute Bloody Diarrhea,67.0,0.0
2022-10-01,Central Luzon,Acute Bloody Diarrhea,55.0,0.0
2022-11-01,Central Luzon,Acute Bloody Diarrhea,49.0,0.0
2022-12-01,Central Luzon,Acute Bloody Diarrhea,57.0,0.0
2023-01-01,Central Luzon,Acute Bloody Diarrhea,95.0,0.0
2023-02-01,Central Luzon,Acute Bloody Diarrhea,71.0,1.0
2023-03-01,Central Luzon,Acute Bloody Diarrhea,88.0,1.0
2023-04-01,Central Luzon,Acute Bloody Diarrhea,86.0,0.0
2023-05-01,Central Luzon,Acute Bloody Diarrhea,107.0,0.0
2023-06-01,Central Luzon,Acute Bloody Diarrhea,45.0,0.0
2023-07-01,Central Luzon,Acute Bloody Diarrhea,33.0,0.0
2023-08-01,Central Luzon,Acute Bloody Diarrhea,52.0,0.0
2023-09-01,Central Luzon,Acute Bloody Diarrhea,71.0,0.0
2023-10-01,Central Luzon,Acute Bloody Diarrhea,40.0,0.0
2023-11-01,Central Luzon,Acute Bloody Diarrhea,28.0,0.0
2023-12-01,Central Luzon,Acute Bloody Diarrhea,26.0,0.0
2024-01-01,Central Luzon,Acute Bloody Diarrhea,17.0,0.0
2024-02-01,Central Luzon,Acute Bloody Diarrhea,13.0,0.0
2024-03-01,Central Luzon,Acute Bloody Diarrhea,32.0,0.0
2024-04-01,Central Luzon,Acute Bloody Diarrhea,50.0,0.0
2024-05-01,Central Luzon,Acute Bloody Diarrhea,47.0,0.0
2024-06-01,Central Luzon,Acute Bloody Diarrhea,43.0,1.0
2024-07-01,Central Luzon,Acute Bloody Diarrhea,29.0,0.0
2024-08-01,Central Luzon,Acute Bloody Diarrhea,26.0,0.0
2024-09-01,Central Luzon,Acute Bloody Diarrhea,36.0,0.0
2024-10-01,Central Luzon,Acute Bloody Diarrhea,37.0,0.0
2024-11-01,Central Luzon,Acute Bloody Diarrhea,40.0,0.0
2024-12-01,Central Luzon,Acute Bloody Diarrhea,34.0,0.0
2025-01-01,Central Luzon,Acute Bloody Diarrhea,31.0,0.0
2025-02-01,Central Luzon,Acute Bloody Diarrhea,27.0,0.0
2025-03-01,Central Luzon,Acute Bloody Diarrhea,39.0,0.0
2025-04-01,Central Luzon,Acute Bloody Diarrhea,56.0,0.0
2025-05-01,Central Luzon,Acute Bloody Diarrhea,47.0,0.0
2025-06-01,Central Luzon,Acute Bloody Diarrhea,25.0,0.0
2025-07-01,Central Luzon,Acute Bloody Diarrhea,35.0,0.0
2025-08-01,Central Luzon,Acute Bloody Diarrhea,20.0,0.0
2025-09-01,Central Luzon,Acute Bloody Diarrhea,15.0,0.0
2025-10-01,Central Luzon,Acute Bloody Diarrhea,13.0,0.0
2025-11-01,Central Luzon,Acute Bloody Diarrhea,18.0,0.0
2025-12-01,Central Luzon,Acute Bloody Diarrhea,32.0,0.0
2026-01-01,Central Luzon,Acute Bloody Diarrhea,20.0,0.0
2026-02-01,Central Luzon,Acute Bloody Diarrhea,19.0,0.0
2026-03-01,Central Luzon,Acute Bloody Diarrhea,24.0,0.0
2026-04-01,Central Luzon,Acute Bloody Diarrhea,18.0,0.0
2026-05-01,Central Luzon,Acute Bloody Diarrhea,42.0,0.0
2026-06-01,Central Luzon,Acute Bloody Diarrhea,32.0,0.0
2026-07-01,Central Luzon,Acute Bloody Diarrhea,30.0,0.0
2026-08-01,Central Luzon,Acute Bloody Diarrhea,36.0,0.0
2026-09-01,Central Luzon,Acute Bloody Diarrhea,12.0,0.0
2018-01-01,Central Visayas,Acute Bloody Diarrhea,685.0,2.0
2018-02-01,Central Visayas,Acute Bloody Diarrhea,543.0,2.0
2018-03-01,Central Visayas,Acute Bloody Diarrhea,497.0,1.0
2018-04-01,Central Visayas,Acute Bloody Diarrhea,486.0,0.0
2018-05-01,Central Visayas,Acute Bloody Diarrhea,494.0,1.0
2018-06-01,Central Visayas,Acute Bloody Diarrhea,556.0,2.0
2018-07-01,Central Visayas,Acute Bloody Diarrhea,622.0,1.0
2018-08-01,Central Visayas,Acute Bloody Diarrhea,541.0,2.0
2018-09-01,Central Visayas,Acute Bloody Diarrhea,268.0,1.0
2018-10-01,Central Visayas,Acute Bloody Diarrhea,278.0,0.0
2018-11-01,Central Visayas,Acute Bloody Diarrhea,277.0,1.0
2018-12-01,Central Visayas,Acute Bloody Diarrhea,227.0,0.0
2019-01-01,Central Visayas,Acute Bloody Diarrhea,512.0,3.0
2019-02-01,Central Visayas,Acute Bloody Diarrhea,407.0,1.0
2019-03-01,Central Visayas,Acute Bloody Diarrhea,424.0,2.0
2019-04-01,Central Visayas,Acute Bloody Diarrhea,357.0,0.0
2019-05-01,Central Visayas,Acute Bloody Diarrhea,403.0,1.0
2019-06-01,Central Visayas,Acute Bloody Diarrhea,385.0,2.0
2019-07-01,Central Visayas,Acute Bloody Diarrhea,482.0,0.0
2019-08-01,Central Visayas,Acute Bloody Diarrhea,423.0,5.0
2019-09-01,Central Visayas,Acute Bloody Diarrhea,306.0,2.0
2019-10-01,Central Visayas,Acute Bloody Diarrhea,332.0,2.0
2019-11-01,Central Visayas,Acute Bloody Diarrhea,296.0,1.0
2019-12-01,Central Visayas,Acute Bloody Diarrhea,460.0,0.0
2020-01-01,Central Visayas,Acute Bloody Diarrhea,700.0,9.0
2020-02-01,Central Visayas,Acute Bloody Diarrhea,461.0,4.0
2020-03-01,Central Visayas,Acute Bloody Diarrhea,321.0,4.0
2020-04-01,Central Visayas,Acute Bloody Diarrhea,111.0,2.0
2020-05-01,Central Visayas,Acute Bloody Diarrhea,180.0,9.0
2020-06-01,Central Visayas,Acute Bloody Diarrhea,115.0,0.0
2020-07-01,Central Visayas,Acute Bloody Diarrhea,128.0,0.0
2020-08-01,Central Visayas,Acute Bloody Diarrhea,97.0,1.0
2020-09-01,Central Visayas,Acute Bloody Diarrhea,76.0,3.0
2020-10-01,Central Visayas,Acute Bloody Diarrhea,118.0,5.0
2020-11-01,Central Visayas,Acute Bloody Diarrhea,119.0,11.0
2020-12-01,Central Visayas,Acute Bloody Diarrhea,100.0,0.0
2021-01-01,Central Visayas,Acute Bloody Diarrhea,218.0,8.0
2021-02-01,Central Visayas,Acute Bloody Diarrhea,198.0,9.0
2021-03-01,Central Visayas,Acute Bloody Diarrhea,151.0,10.0
2021-04-01,Central Visayas,Acute Bloody Diarrhea,144.0,6.0
2021-05-01,Central Visayas,Acute Bloody Diarrhea,215.0,14.0
2021-06-01,Central Visayas,Acute Bloody Diarrhea,227.0,9.0
2021-07-01,Central Visayas,Acute Bloody Diarrhea,147.0,7.0
2021-08-01,Central Visayas,Acute Bloody Diarrhea,86.0,6.0
2021-09-01,Central Visayas,Acute Bloody Diarrhea,78.0,4.0
2021-10-01,Central Visayas,Acute Bloody Diarrhea,118.0,8.0
2021-11-01,Central Visayas,Acute Bloody Diarrhea,145.0,1.0
2021-12-01,Central Visayas,Acute Bloody Diarrhea,121.0,2.0
2022-01-01,Central Visayas,Acute Bloody Diarrhea,229.0,17.0
2022-02-01,Central Visayas,Acute Bloody Diarrhea,113.0,8.0
2022-03-01,Central Visayas,Acute Bloody Diarrhea,151.0,3.0
2022-04-01,Central Visayas,Acute Bloody Diarrhea,164.0,9.0
2022-05-01,Central Visayas,Acute Bloody Diarrhea,197.0,0.0
2022-06-01,Central Visayas,Acute Bloody Diarrhea,155.0,4.0
2022-07-01,Central Visayas,Acute Bloody Diarrhea,135.0,1.0
2022-08-01,Central Visayas,Acute Bloody Diarrhea,238.0,8.0
2022-09-01,Central Visayas,Acute Bloody Diarrhea,185.0,6.0
2022-10-01,Central Visayas,Acute Bloody Diarrhea,131.0,6.0
2022-11-01,Central Visayas,Acute Bloody Diarrhea,142.0,5.0
2022-12-01,Central Visayas,Acute Bloody Diarrhea,124.0,0.0
2023-01-01,Central Visayas,Acute Bloody Diarrhea,255.0,1.0
2023-02-01,Central Visayas,Acute Bloody Diarrhea,131.0,2.0
2023-03-01,Central Visayas,Acute Bloody Diarrhea,217.0,6.0
2023-04-01,Central Visayas,Acute Bloody Diarrhea,196.0,3.0
2023-05-01,Central Visayas,Acute Bloody Diarrhea,153.0,1.0
2023-06-01,Central Visayas,Acute Bloody Diarrhea,124.0,0.0
2023-07-01,Central Visayas,Acute Bloody Diarrhea,91.0,0.0
2023-08-01,Central Visayas,Acute Bloody Diarrhea,49.0,0.0
2023-09-01,Central Visayas,Acute Bloody Diarrhea,82.0,0.0
2023-10-01,Central Visayas,Acute Bloody Diarrhea,54.0,0.0
2023-11-01,Central Visayas,Acute Bloody Diarrhea,54.0,0.0
2023-12-01,Central Visayas,Acute Bloody Diarrhea,68.0,0.0
2024-01-01,Central Visayas,Acute Bloody Diarrhea,62.0,0.0
2024-02-01,Central Visayas,Acute Bloody Diarrhea,90.0,0.0
2024-03-01,Central Visayas,Acute Bloody Diarrhea,139.0,0.0
2024-04-01,Central Visayas,Acute Bloody Diarrhea,143.0,1.0
2024-05-01,Central Visayas,Acute Bloody Diarrhea,169.0,1.0
2024-06-01,Central Visayas,Acute Bloody Diarrhea,174.0,0.0
2024-07-01,Central Visayas,Acute Bloody Diarrhea,285.0,0.0
2024-08-01,Central Visayas,Acute Bloody Diarrhea,213.0,0.0
2024-09-01,Central Visayas,Acute Bloody Diarrhea,147.0,0.0
2024-10-01,Central Visayas,Acute Bloody Diarrhea,139.0,0.0
2024-11-01,Central Visayas,Acute Bloody Diarrhea,120.0,0.0
2024-12-01,Central Visayas,Acute Bloody Diarrhea,126.0,0.0
2025-01-01,Central Visayas,Acute Bloody Diarrhea,211.0,0.0
2025-02-01,Central Visayas,Acute Bloody Diarrhea,174.0,0.0
2025-03-01,Central Visayas,Acute Bloody Diarrhea,151.0,1.0
2025-04-01,Central Visayas,Acute Bloody Diarrhea,151.0,0.0
2025-05-01,Central Visayas,Acute Bloody Diarrhea,114.0,0.0
2025-06-01,Central Visayas,Acute Bloody Diarrhea,132.0,0.0
2025-07-01,Central Visayas,Acute Bloody Diarrhea,166.0,1.0
2025-08-01,Central Visayas,Acute Bloody Diarrhea,109.0,1.0
2025-09-01,Central Visayas,Acute Bloody Diarrhea,99.0,1.0
2025-10-01,Central Visayas,Acute Bloody Diarrhea,130.0,0.0
2025-11-01,Central Visayas,Acute Bloody Diarrhea,78.0,0.0
2025-12-01,Central Visayas,Acute Bloody Diarrhea,59.0,0.0
2026-01-01,Central Visayas,Acute Bloody Diarrhea,113.0,0.0
2026-02-01,Central Visayas,Acute Bloody Diarrhea,193.0,0.0
2026-03-01,Central Visayas,Acute Bloody Diarrhea,185.0,0.0
2026-04-01,Central Visayas,Acute Bloody Diarrhea,182.0,0.0
2026-05-01,Central Visayas,Acute Bloody Diarrhea,128.0,0.0
2026-06-01,Central Visayas,Acute Bloody Diarrhea,159.0,0.0
2026-07-01,Central Visayas,Acute Bloody Diarrhea,131.0,0.0
2026-08-01,Central Visayas,Acute Bloody Diarrhea,232.0,0.0
2026-09-01,Central Visayas,Acute Bloody Diarrhea,83.0,0.0
2018-01-01,Cordillera Administrative Region,Acute Bloody Diarrhea,109.0,0.0
2018-02-01,Cordillera Administrative Region,Acute Bloody Diarrhea,121.0,0.0
2018-03-01,Cordillera Administrative Region,Acute Bloody Diarrhea,150.0,0.0
2018-04-01,Cordillera Administrative Region,Acute Bloody Diarrhea,172.0,0.0
2018-05-01,Cordillera Administrative Region,Acute Bloody Diarrhea,190.0,0.0
2018-06-01,Cordillera Administrative Region,Acute Bloody Diarrhea,161.0,0.0
2018-07-01,Cordillera Administrative Region,Acute Bloody Diarrhea,141.0,0.0
2018-08-01,Cordillera Administrative Region,Acute Bloody Diarrhea,136.0,0.0
2018-09-01,Cordillera Administrative Region,Acute Bloody Diarrhea,131.0,0.0
2018-10-01,Cordillera Administrative Region,Acute Bloody Diarrhea,150.0,0.0
2018-11-01,Cordillera Administrative Region,Acute Bloody Diarrhea,113.0,0.0
2018-12-01,Cordillera Administrative Region,Acute Bloody Diarrhea,83.0,0.0
2019-01-01,Cordillera Administrative Region,Acute Bloody Diarrhea,135.0,0.0
2019-02-01,Cordillera Administrative Region,Acute Bloody Diarrhea,125.0,0.0
2019-03-01,Cordillera Administrative Region,Acute Bloody Diarrhea,163.0,1.0
2019-04-01,Cordillera Administrative Region,Acute Bloody Diarrhea,178.0,0.0
2019-05-01,Cordillera Administrative Region,Acute Bloody Diarrhea,169.0,0.0
2019-06-01,Cordillera Administrative Region,Acute Bloody Diarrhea,112.0,0.0
2019-07-01,Cordillera Administrative Region,Acute Bloody Diarrhea,148.0,0.0
2019-08-01,Cordillera Administrative Region,Acute Bloody Diarrhea,116.0,0.0
2019-09-01,Cordillera Administrative Region,Acute Bloody Diarrhea,99.0,0.0
2019-10-01,Cordillera Administrative Region,Acute Bloody Diarrhea,80.0,0.0
2019-11-01,Cordillera Administrative Region,Acute Bloody Diarrhea,56.0,0.0
2019-12-01,Cordillera Administrative Region,Acute Bloody Diarrhea,46.0,0.0
2020-01-01,Cordillera Administrative Region,Acute Bloody Diarrhea,61.0,0.0
2020-02-01,Cordillera Administrative Region,Acute Bloody Diarrhea,66.0,0.0
2020-03-01,Cordillera Administrative Region,Acute Bloody Diarrhea,44.0,0.0
2020-04-01,Cordillera Administrative Region,Acute Bloody Diarrhea,45.0,0.0
2020-05-01,Cordillera Administrative Region,Acute Bloody Diarrhea,89.0,0.0
2020-06-01,Cordillera Administrative Region,Acute Bloody Diarrhea,63.0,0.0
2020-07-01,Cordillera Administrative Region,Acute Bloody Diarrhea,103.0,0.0
2020-08-01,Cordillera Administrative Region,Acute Bloody Diarrhea,90.0,0.0
2020-09-01,Cordillera Administrative Region,Acute Bloody Diarrhea,74.0,0.0
2020-10-01,Cordillera Administrative Region,Acute Bloody Diarrhea,84.0,0.0
2020-11-01,Cordillera Administrative Region,Acute Bloody Diarrhea,67.0,0.0
2020-12-01,Cordillera Administrative Region,Acute Bloody Diarrhea,77.0,0.0
2021-01-01,Cordillera Administrative Region,Acute Bloody Diarrhea,48.0,0.0
2021-02-01,Cordillera Administrative Region,Acute Bloody Diarrhea,57.0,0.0
2021-03-01,Cordillera Administrative Region,Acute Bloody Diarrhea,73.0,0.0
2021-04-01,Cordillera Administrative Region,Acute Bloody Diarrhea,29.0,0.0
2021-05-01,Cordillera Administrative Region,Acute Bloody Diarrhea,44.0,0.0
2021-06-01,Cordillera Administrative Region,Acute Bloody Diarrhea,76.0,0.0
2021-07-01,Cordillera Administrative Region,Acute Bloody Diarrhea,86.0,0.0
2021-08-01,Cordillera Administrative Region,Acute Bloody Diarrhea,43.0,0.0
2021-09-01,Cordillera Administrative Region,Acute Bloody Diarrhea,13.0,0.0
2021-10-01,Cordillera Administrative Region,Acute Bloody Diarrhea,36.0,0.0
2021-11-01,Cordillera Administrative Region,Acute Bloody Diarrhea,45.0,0.0
2021-12-01,Cordillera Administrative Region,Acute Bloody Diarrhea,21.0,0.0
2022-01-01,Cordillera Administrative Region,Acute Bloody Diarrhea,43.0,0.0
2022-02-01,Cordillera Administrative Region,Acute Bloody Diarrhea,27.0,0.0
2022-03-01,Cordillera Administrative Region,Acute Bloody Diarrhea,75.0,0.0
2022-04-01,Cordillera Administrative Region,Acute Bloody Diarrhea,66.0,0.0
2022-05-01,Cordillera Administrative Region,Acute Bloody Diarrhea,111.0,0.0
2022-06-01,Cordillera Administrative Region,Acute Bloody Diarrhea,140.0,0.0
2022-07-01,Cordillera Administrative Region,Acute Bloody Diarrhea,93.0,0.0
2022-08-01,Cordillera Administrative Region,Acute Bloody Diarrhea,65.0,0.0
2022-09-01,Cordillera Administrative Region,Acute Bloody Diarrhea,72.0,0.0
2022-10-01,Cordillera Administrative Region,Acute Bloody Diarrhea,64.0,0.0
2022-11-01,Cordillera Administrative Region,Acute Bloody Diarrhea,83.0,0.0
2022-12-01,Cordillera Administrative Region,Acute Bloody Diarrhea,65.0,0.0
2023-01-01,Cordillera Administrative Region,Acute Bloody Diarrhea,96.0,0.0
2023-02-01,Cordillera Administrative Region,Acute Bloody Diarrhea,94.0,0.0
2023-03-01,Cordillera Administrative Region,Acute Bloody Diarrhea,128.0,0.0
2023-04-01,Cordillera Administrative Region,Acute Bloody Diarrhea,70.0,0.0
2023-05-01,Cordillera Administrative Region,Acute Bloody Diarrhea,119.0,0.0
2023-06-01,Cordillera Administrative Region,Acute Bloody Diarrhea,105.0,1.0
2023-07-01,Cordillera Administrative Region,Acute Bloody Diarrhea,133.0,0.0
2023-08-01,Cordillera Administrative Region,Acute Bloody Diarrhea,109.0,0.0
2023-09-01,Cordillera Administrative Region,Acute Bloody Diarrhea,130.0,0.0
2023-10-01,Cordillera Administrative Region,Acute Bloody Diarrhea,115.0,0.0
2023-11-01,Cordillera Administrative Region,Acute Bloody Diarrhea,73.0,0.0
2023-12-01,Cordillera Administrative Region,Acute Bloody Diarrhea,38.0,0.0
2024-01-01,Cordillera Administrative Region,Acute Bloody Diarrhea,95.0,0.0
2024-02-01,Cordillera Administrative Region,Acute Bloody Diarrhea,74.0,0.0
2024-03-01,Cordillera Administrative Region,Acute Bloody Diarrhea,56.0,0.0
2024-04-01,Cordillera Administrative Region,Acute Bloody Diarrhea,88.0,0.0
2024-05-01,Cordillera Administrative Region,Acute Bloody Diarrhea,68.0,0.0
2024-06-01,Cordillera Administrative Region,Acute Bloody Diarrhea,46.0,0.0
2024-07-01,Cordillera Administrative Region,Acute Bloody Diarrhea,68.0,0.0
2024-08-01,Cordillera Administrative Region,Acute Bloody Diarrhea,41.0,0.0
2024-09-01,Cordillera Administrative Region,Acute Bloody Diarrhea,31.0,0.0
2024-10-01,Cordillera Administrative Region,Acute Bloody Diarrhea,26.0,0.0
2024-11-01,Cordillera Administrative Region,Acute Bloody Diarrhea,27.0,0.0
2024-12-01,Cordillera Administrative Region,Acute Bloody Diarrhea,19.0,0.0
2025-01-01,Cordillera Administrative Region,Acute Bloody Diarrhea,49.0,0.0
2025-02-01,Cordillera Administrative Region,Acute Bloody Diarrhea,48.0,0.0
2025-03-01,Cordillera Administrative Region,Acute Bloody Diarrhea,45.0,0.0
2025-04-01,Cordillera Administrative Region,Acute Bloody Diarrhea,53.0,0.0
2025-05-01,Cordillera Administrative Region,Acute Bloody Diarrhea,75.0,0.0
2025-06-01,Cordillera Administrative Region,Acute Bloody Diarrhea,82.0,0.0
2025-07-01,Cordillera Administrative Region,Acute Bloody Diarrhea,64.0,0.0
2025-08-01,Cordillera Administrative Region,Acute Bloody Diarrhea,40.0,0.0
2025-09-01,Cordillera Administrative Region,Acute Bloody Diarrhea,39.0,0.0
2025-10-01,Cordillera Administrative Region,Acute Bloody Diarrhea,52.0,0.0
2025-11-01,Cordillera Administrative Region,Acute Bloody Diarrhea,47.0,0.0
2025-12-01,Cordillera Administrative Region,Acute Bloody Diarrhea,44.0,0.0
2026-01-01,Cordillera Administrative Region,Acute Bloody Diarrhea,37.0,0.0
2026-02-01,Cordillera Administrative Region,Acute Bloody Diarrhea,25.0,0.0
2026-03-01,Cordillera Administrative Region,Acute Bloody Diarrhea,23.0,0.0
2026-04-01,Cordillera Administrative Region,Acute Bloody Diarrhea,24.0,0.0
2026-05-01,Cordillera Administrative Region,Acute Bloody Diarrhea,36.0,0.0
2026-06-01,Cordillera Administrative Region,Acute Bloody Diarrhea,26.0,0.0
2026-07-01,Cordillera Administrative Region,Acute Bloody Diarrhea,43.0,0.0
2026-08-01,Cordillera Administrative Region,Acute Bloody Diarrhea,27.0,0.0
2026-09-01,Cordillera Administrative Region,Acute Bloody Diarrhea,14.0,0.0
2018-01-01,Davao Region,Acute Bloody Diarrhea,25.0,0.0
2018-02-01,Davao Region,Acute Bloody Diarrhea,14.0,0.0
2018-03-01,Davao Region,Acute Bloody Diarrhea,13.0,0.0
2018-04-01,Davao Region,Acute Bloody Diarrhea,17.0,0.0
2018-05-01,Davao Region,Acute Bloody Diarrhea,14.0,0.0
2018-06-01,Davao Region,Acute Bloody Diarrhea,10.0,0.0
2018-07-01,Davao Region,Acute Bloody Diarrhea,12.0,0.0
2018-08-01,Davao Region,Acute Bloody Diarrhea,15.0,0.0
2018-09-01,Davao Region,Acute Bloody Diarrhea,13.0,0.0
2018-10-01,Davao Region,Acute Bloody Diarrhea,13.0,0.0
2018-11-01,Davao Region,Acute Bloody Diarrhea,9.0,0.0
2018-12-01,Davao Region,Acute Bloody Diarrhea,3.0,0.0
2019-01-01,Davao Region,Acute Bloody Diarrhea,9.0,0.0
2019-02-01,Davao Region,Acute Bloody Diarrhea,7.0,0.0
2019-03-01,Davao Region,Acute Bloody Diarrhea,22.0,0.0
2019-04-01,Davao Region,Acute Bloody Diarrhea,10.0,0.0
2019-05-01,Davao Region,Acute Bloody Diarrhea,30.0,0.0
2019-06-01,Davao Region,Acute Bloody Diarrhea,29.0,0.0
2019-07-01,Davao Region,Acute Bloody Diarrhea,15.0,0.0
2019-08-01,Davao Region,Acute Bloody Diarrhea,14.0,0.0
2019-09-01,Davao Region,Acute Bloody Diarrhea,13.0,0.0
2019-10-01,Davao Region,Acute Bloody Diarrhea,27.0,0.0
2019-11-01,Davao Region,Acute Bloody Diarrhea,18.0,0.0
2019-12-01,Davao Region,Acute Bloody Diarrhea,16.0,0.0
2020-01-01,Davao Region,Acute Bloody Diarrhea,16.0,0.0
2020-02-01,Davao Region,Acute Bloody Diarrhea,20.0,0.0
2020-03-01,Davao Region,Acute Bloody Diarrhea,31.0,0.0
2020-04-01,Davao Region,Acute Bloody Diarrhea,13.0,0.0
2020-05-01,Davao Region,Acute Bloody Diarrhea,9.0,0.0
2020-06-01,Davao Region,Acute Bloody Diarrhea,4.0,0.0
2020-07-01,Davao Region,Acute Bloody Diarrhea,10.0,0.0
2020-08-01,Davao Region,Acute Bloody Diarrhea,7.0,0.0
2020-09-01,Davao Region,Acute Bloody Diarrhea,7.0,0.0
2020-10-01,Davao Region,Acute Bloody Diarrhea,6.0,0.0
2020-11-01,Davao Region,Acute Bloody Diarrhea,1.0,0.0
2020-12-01,Davao Region,Acute Bloody Diarrhea,6.0,0.0
2021-01-01,Davao Region,Acute Bloody Diarrhea,34.0,0.0
2021-02-01,Davao Region,Acute Bloody Diarrhea,20.0,0.0
2021-03-01,Davao Region,Acute Bloody Diarrhea,51.0,0.0
2021-04-01,Davao Region,Acute Bloody Diarrhea,64.0,0.0
2021-05-01,Davao Region,Acute Bloody Diarrhea,82.0,0.0
2021-06-01,Davao Region,Acute Bloody Diarrhea,44.0,0.0
2021-07-01,Davao Region,Acute Bloody Diarrhea,22.0,1.0
2021-08-01,Davao Region,Acute Bloody Diarrhea,23.0,0.0
2021-09-01,Davao Region,Acute Bloody Diarrhea,14.0,0.0
2021-10-01,Davao Region,Acute Bloody Diarrhea,18.0,0.0
2021-11-01,Davao Region,Acute Bloody Diarrhea,15.0,0.0
2021-12-01,Davao Region,Acute Bloody Diarrhea,5.0,0.0
2022-01-01,Davao Region,Acute Bloody Diarrhea,24.0,0.0
2022-02-01,Davao Region,Acute Bloody Diarrhea,18.0,0.0
2022-03-01,Davao Region,Acute Bloody Diarrhea,51.0,0.0
2022-04-01,Davao Region,Acute Bloody Diarrhea,45.0,0.0
2022-05-01,Davao Region,Acute Bloody Diarrhea,62.0,0.0
2022-06-01,Davao Region,Acute Bloody Diarrhea,57.0,0.0
2022-07-01,Davao Region,Acute Bloody Diarrhea,43.0,0.0
2022-08-01,Davao Region,Acute Bloody Diarrhea,37.0,0.0
2022-09-01,Davao Region,Acute Bloody Diarrhea,28.0,1.0
2022-10-01,Davao Region,Acute Bloody Diarrhea,48.0,0.0
2022-11-01,Davao Region,Acute Bloody Diarrhea,52.0,0.0
2022-12-01,Davao Region,Acute Bloody Diarrhea,29.0,0.0
2023-01-01,Davao Region,Acute Bloody Diarrhea,54.0,0.0
2023-02-01,Davao Region,Acute Bloody Diarrhea,14.0,0.0
2023-03-01,Davao Region,Acute Bloody Diarrhea,29.0,0.0
2023-04-01,Davao Region,Acute Bloody Diarrhea,22.0,0.0
2023-05-01,Davao Region,Acute Bloody Diarrhea,33.0,0.0
2023-06-01,Davao Region,Acute Bloody Diarrhea,22.0,0.0
2023-07-01,Davao Region,Acute Bloody Diarrhea,25.0,0.0
2023-08-01,Davao Region,Acute Bloody Diarrhea,12.0,0.0
2023-09-01,Davao Region,Acute Bloody Diarrhea,26.0,0.0
2023-10-01,Davao Region,Acute Bloody Diarrhea,11.0,0.0
2023-11-01,Davao Region,Acute Bloody Diarrhea,17.0,0.0
2023-12-01,Davao Region,Acute Bloody Diarrhea,11.0,0.0
2024-01-01,Davao Region,Acute Bloody Diarrhea,10.0,0.0
2024-02-01,Davao Region,Acute Bloody Diarrhea,13.0,0.0
2024-03-01,Davao Region,Acute Bloody Diarrhea,23.0,0.0
2024-04-01,Davao Region,Acute Bloody Diarrhea,26.0,0.0
2024-05-01,Davao Region,Acute Bloody Diarrhea,56.0,0.0
2024-06-01,Davao Region,Acute Bloody Diarrhea,32.0,0.0
2024-07-01,Davao Region,Acute Bloody Diarrhea,38.0,0.0
2024-08-01,Davao Region,Acute Bloody Diarrhea,56.0,0.0
2024-09-01,Davao Region,Acute Bloody Diarrhea,22.0,0.0
2024-10-01,Davao Region,Acute Bloody Diarrhea,51.0,0.0
2024-11-01,Davao Region,Acute Bloody Diarrhea,53.0,0.0
2024-12-01,Davao Region,Acute Bloody Diarrhea,35.0,0.0
2025-01-01,Davao Region,Acute Bloody Diarrhea,50.0,0.0
2025-02-01,Davao Region,Acute Bloody Diarrhea,33.0,0.0
2025-03-01,Davao Region,Acute Bloody Diarrhea,71.0,0.0
2025-04-01,Davao Region,Acute Bloody Diarrhea,25.0,0.0
2025-05-01,Davao Region,Acute Bloody Diarrhea,19.0,0.0
2025-06-01,Davao Region,Acute Bloody Diarrhea,23.0,0.0
2025-07-01,Davao Region,Acute Bloody Diarrhea,30.0,0.0
2025-08-01,Davao Region,Acute Bloody Diarrhea,25.0,1.0
2025-09-01,Davao Region,Acute Bloody Diarrhea,28.0,0.0
2025-10-01,Davao Region,Acute Bloody Diarrhea,42.0,0.0
2025-11-01,Davao Region,Acute Bloody Diarrhea,23.0,0.0
2025-12-01,Davao Region,Acute Bloody Diarrhea,18.0,0.0
2026-01-01,Davao Region,Acute Bloody Diarrhea,19.0,0.0
2026-02-01,Davao Region,Acute Bloody Diarrhea,25.0,0.0
2026-03-01,Davao Region,Acute Bloody Diarrhea,15.0,0.0
2026-04-01,Davao Region,Acute Bloody Diarrhea,17.0,0.0
2026-05-01,Davao Region,Acute Bloody Diarrhea,26.0,0.0
2026-06-01,Davao Region,Acute Bloody Diarrhea,39.0,0.0
2026-07-01,Davao Region,Acute Bloody Diarrhea,44.0,0.0
2026-08-01,Davao Region,Acute Bloody Diarrhea,59.0,0.0
2026-09-01,Davao Region,Acute Bloody Diarrhea,18.0,0.0
2018-01-01,Eastern Visayas,Acute Bloody Diarrhea,56.0,0.0
2018-02-01,Eastern Visayas,Acute Bloody Diarrhea,53.0,0.0
2018-03-01,Eastern Visayas,Acute Bloody Diarrhea,35.0,0.0
2018-04-01,Eastern Visayas,Acute Bloody Diarrhea,28.0,0.0
2018-05-01,Eastern Visayas,Acute Bloody Diarrhea,17.0,0.0
2018-06-01,Eastern Visayas,Acute Bloody Diarrhea,16.0,0.0
2018-07-01,Eastern Visayas,Acute Bloody Diarrhea,30.0,0.0
2018-08-01,Eastern Visayas,Acute Bloody Diarrhea,27.0,0.0
2018-09-01,Eastern Visayas,Acute Bloody Diarrhea,44.0,0.0
2018-10-01,Eastern Visayas,Acute Bloody Diarrhea,20.0,0.0
2018-11-01,Eastern Visayas,Acute Bloody Diarrhea,13.0,0.0
2018-12-01,Eastern Visayas,Acute Bloody Diarrhea,8.0,0.0
2019-01-01,Eastern Visayas,Acute Bloody Diarrhea,30.0,0.0
2019-02-01,Eastern Visayas,Acute Bloody Diarrhea,27.0,0.0
2019-03-01,Eastern Visayas,Acute Bloody Diarrhea,41.0,0.0
2019-04-01,Eastern Visayas,Acute Bloody Diarrhea,35.0,0.0
2019-05-01,Eastern Visayas,Acute Bloody Diarrhea,15.0,0.0
2019-06-01,Eastern Visayas,Acute Bloody Diarrhea,32.0,0.0
2019-07-01,Eastern Visayas,Acute Bloody Diarrhea,37.0,0.0
2019-08-01,Eastern Visayas,Acute Bloody Diarrhea,21.0,0.0
2019-09-01,Eastern Visayas,Acute Bloody Diarrhea,30.0,0.0
2019-10-01,Eastern Visayas,Acute Bloody Diarrhea,31.0,0.0
2019-11-01,Eastern Visayas,Acute Bloody Diarrhea,22.0,0.0
2019-12-01,Eastern Visayas,Acute Bloody Diarrhea,11.0,0.0
2020-01-01,Eastern Visayas,Acute Bloody Diarrhea,57.0,0.0
2020-02-01,Eastern Visayas,Acute Bloody Diarrhea,39.0,0.0
2020-03-01,Eastern Visayas,Acute Bloody Diarrhea,59.0,0.0
2020-04-01,Eastern Visayas,Acute Bloody Diarrhea,17.0,0.0
2020-05-01,Eastern Visayas,Acute Bloody Diarrhea,4.0,0.0
2020-06-01,Eastern Visayas,Acute Bloody Diarrhea,11.0,0.0
2020-07-01,Eastern Visayas,Acute Bloody Diarrhea,6.0,0.0
2020-08-01,Eastern Visayas,Acute Bloody Diarrhea,5.0,0.0
2020-09-01,Eastern Visayas,Acute Bloody Diarrhea,10.0,0.0
2020-10-01,Eastern Visayas,Acute Bloody Diarrhea,10.0,0.0
2020-11-01,Eastern Visayas,Acute Bloody Diarrhea,13.0,0.0
2020-12-01,Eastern Visayas,Acute Bloody Diarrhea,1.0,0.0
2021-01-01,Eastern Visayas,Acute Bloody Diarrhea,32.0,0.0
2021-02-01,Eastern Visayas,Acute Bloody Diarrhea,17.0,0.0
2021-03-01,Eastern Visayas,Acute Bloody Diarrhea,22.0,0.0
2021-04-01,Eastern Visayas,Acute Bloody Diarrhea,38.0,0.0
2021-05-01,Eastern Visayas,Acute Bloody Diarrhea,28.0,0.0
2021-06-01,Eastern Visayas,Acute Bloody Diarrhea,18.0,0.0
2021-07-01,Eastern Visayas,Acute Bloody Diarrhea,8.0,0.0
2021-08-01,Eastern Visayas,Acute Bloody Diarrhea,6.0,0.0
2021-09-01,Eastern Visayas,Acute Bloody Diarrhea,7.0,0.0
2021-10-01,Eastern Visayas,Acute Bloody Diarrhea,8.0,0.0
2021-11-01,Eastern Visayas,Acute Bloody Diarrhea,8.0,0.0
2021-12-01,Eastern Visayas,Acute Bloody Diarrhea,11.0,0.0
2022-01-01,Eastern Visayas,Acute Bloody Diarrhea,14.0,0.0
2022-02-01,Eastern Visayas,Acute Bloody Diarrhea,20.0,0.0
2022-03-01,Eastern Visayas,Acute Bloody Diarrhea,41.0,0.0
2022-04-01,Eastern Visayas,Acute Bloody Diarrhea,23.0,0.0
2022-05-01,Eastern Visayas,Acute Bloody Diarrhea,27.0,0.0
2022-06-01,Eastern Visayas,Acute Bloody Diarrhea,25.0,0.0
2022-07-01,Eastern Visayas,Acute Bloody Diarrhea,78.0,0.0
2022-08-01,Eastern Visayas,Acute Bloody Diarrhea,37.0,0.0
2022-09-01,Eastern Visayas,Acute Bloody Diarrhea,26.0,0.0
2022-10-01,Eastern Visayas,Acute Bloody Diarrhea,35.0,0.0
2022-11-01,Eastern Visayas,Acute Bloody Diarrhea,41.0,0.0
2022-12-01,Eastern Visayas,Acute Bloody Diarrhea,19.0,0.0
2023-01-01,Eastern Visayas,Acute Bloody Diarrhea,42.0,0.0
2023-02-01,Eastern Visayas,Acute Bloody Diarrhea,45.0,0.0
2023-03-01,Eastern Visayas,Acute Bloody Diarrhea,69.0,0.0
2023-04-01,Eastern Visayas,Acute Bloody Diarrhea,38.0,0.0
2023-05-01,Eastern Visayas,Acute Bloody Diarrhea,31.0,0.0
2023-06-01,Eastern Visayas,Acute Bloody Diarrhea,47.0,0.0
2023-07-01,Eastern Visayas,Acute Bloody Diarrhea,24.0,0.0
2023-08-01,Eastern Visayas,Acute Bloody Diarrhea,41.0,0.0
2023-09-01,Eastern Visayas,Acute Bloody Diarrhea,43.0,0.0
2023-10-01,Eastern Visayas,Acute Bloody Diarrhea,37.0,0.0
2023-11-01,Eastern Visayas,Acute Bloody Diarrhea,36.0,0.0
2023-12-01,Eastern Visayas,Acute Bloody Diarrhea,20.0,0.0
2024-01-01,Eastern Visayas,Acute Bloody Diarrhea,42.0,0.0
2024-02-01,Eastern Visayas,Acute Bloody Diarrhea,51.0,0.0
2024-03-01,Eastern Visayas,Acute Bloody Diarrhea,35.0,0.0
2024-04-01,Eastern Visayas,Acute Bloody Diarrhea,19.0,0.0
2024-05-01,Eastern Visayas,Acute Bloody Diarrhea,18.0,0.0
2024-06-01,Eastern Visayas,Acute Bloody Diarrhea,7.0,0.0
2024-07-01,Eastern Visayas,Acute Bloody Diarrhea,8.0,0.0
2024-08-01,Eastern Visayas,Acute Bloody Diarrhea,12.0,0.0
2024-09-01,Eastern Visayas,Acute Bloody Diarrhea,12.0,0.0
2024-10-01,Eastern Visayas,Acute Bloody Diarrhea,6.0,0.0
2024-11-01,Eastern Visayas,Acute Bloody Diarrhea,9.0,0.0
2024-12-01,Eastern Visayas,Acute Bloody Diarrhea,8.0,0.0
2025-01-01,Eastern Visayas,Acute Bloody Diarrhea,31.0,0.0
2025-02-01,Eastern Visayas,Acute Bloody Diarrhea,36.0,0.0
2025-03-01,Eastern Visayas,Acute Bloody Diarrhea,54.0,0.0
2025-04-01,Eastern Visayas,Acute Bloody Diarrhea,61.0,0.0
2025-05-01,Eastern Visayas,Acute Bloody Diarrhea,72.0,1.0
2025-06-01,Eastern Visayas,Acute Bloody Diarrhea,61.0,0.0
2025-07-01,Eastern Visayas,Acute Bloody Diarrhea,55.0,0.0
2025-08-01,Eastern Visayas,Acute Bloody Diarrhea,52.0,0.0
2025-09-01,Eastern Visayas,Acute Bloody Diarrhea,57.0,0.0
2025-10-01,Eastern Visayas,Acute Bloody Diarrhea,42.0,0.0
2025-11-01,Eastern Visayas,Acute Bloody Diarrhea,16.0,0.0
2025-12-01,Eastern Visayas,Acute Bloody Diarrhea,4.0,0.0
2026-01-01,Eastern Visayas,Acute Bloody Diarrhea,40.0,0.0
2026-02-01,Eastern Visayas,Acute Bloody Diarrhea,20.0,0.0
2026-03-01,Eastern Visayas,Acute Bloody Diarrhea,33.0,0.0
2026-04-01,Eastern Visayas,Acute Bloody Diarrhea,32.0,0.0
2026-05-01,Eastern Visayas,Acute Bloody Diarrhea,16.0,0.0
2026-06-01,Eastern Visayas,Acute Bloody Diarrhea,13.0,0.0
2026-07-01,Eastern Visayas,Acute Bloody Diarrhea,15.0,0.0
2026-08-01,Eastern Visayas,Acute Bloody Diarrhea,8.0,0.0
2026-09-01,Eastern Visayas,Acute Bloody Diarrhea,3.0,0.0
2018-01-01,Ilocos Region,Acute Bloody Diarrhea,5.0,0.0
2018-02-01,Ilocos Region,Acute Bloody Diarrhea,4.0,0.0
2018-03-01,Ilocos Region,Acute Bloody Diarrhea,5.0,0.0
2018-04-01,Ilocos Region,Acute Bloody Diarrhea,14.0,0.0
2018-05-01,Ilocos Region,Acute Bloody Diarrhea,20.0,0.0
2018-06-01,Ilocos Region,Acute Bloody Diarrhea,8.0,0.0
2018-07-01,Ilocos Region,Acute Bloody Diarrhea,11.0,0.0
2018-08-01,Ilocos Region,Acute Bloody Diarrhea,5.0,0.0
2018-09-01,Ilocos Region,Acute Bloody Diarrhea,3.0,0.0
2018-10-01,Ilocos Region,Acute Bloody Diarrhea,2.0,0.0
2018-11-01,Ilocos Region,Acute Bloody Diarrhea,6.0,0.0
2018-12-01,Ilocos Region,Acute Bloody Diarrhea,3.0,0.0
2019-01-01,Ilocos Region,Acute Bloody Diarrhea,6.0,0.0
2019-02-01,Ilocos Region,Acute Bloody Diarrhea,3.0,0.0
2019-03-01,Ilocos Region,Acute Bloody Diarrhea,2.0,0.0
2019-04-01,Ilocos Region,Acute Bloody Diarrhea,3.0,0.0
2019-05-01,Ilocos Region,Acute Bloody Diarrhea,2.0,0.0
2019-06-01,Ilocos Region,Acute Bloody Diarrhea,4.0,1.0
2019-07-01,Ilocos Region,Acute Bloody Diarrhea,15.0,1.0
2019-08-01,Ilocos Region,Acute Bloody Diarrhea,5.0,0.0
2019-09-01,Ilocos Region,Acute Bloody Diarrhea,6.0,0.0
2019-10-01,Ilocos Region,Acute Bloody Diarrhea,3.0,1.0
2019-11-01,Ilocos Region,Acute Bloody Diarrhea,0.0,0.0
2019-12-01,Ilocos Region,Acute Bloody Diarrhea,0.0,0.0
2020-01-01,Ilocos Region,Acute Bloody Diarrhea,4.0,0.0
2020-02-01,Ilocos Region,Acute Bloody Diarrhea,1.0,0.0
2020-03-01,Ilocos Region,Acute Bloody Diarrhea,3.0,0.0
2020-04-01,Ilocos Region,Acute Bloody Diarrhea,0.0,0.0
2020-05-01,Ilocos Region,Acute Bloody Diarrhea,1.0,0.0
2020-06-01,Ilocos Region,Acute Bloody Diarrhea,0.0,0.0
2020-07-01,Ilocos Region,Acute Bloody Diarrhea,0.0,0.0
2020-08-01,Ilocos Region,Acute Bloody Diarrhea,0.0,0.0
2020-09-01,Ilocos Region,Acute Bloody Diarrhea,0.0,0.0
2020-10-01,Ilocos Region,Acute Bloody Diarrhea,1.0,0.0
2020-11-01,Ilocos Region,Acute Bloody Diarrhea,0.0,0.0
2020-12-01,Ilocos Region,Acute Bloody Diarrhea,0.0,0.0
2021-01-01,Ilocos Region,Acute Bloody Diarrhea,0.0,0.0
2021-02-01,Ilocos Region,Acute Bloody Diarrhea,1.0,0.0
2021-03-01,Ilocos Region,Acute Bloody Diarrhea,0.0,0.0
2021-04-01,Ilocos Region,Acute Bloody Diarrhea,1.0,0.0
2021-05-01,Ilocos Region,Acute Bloody Diarrhea,0.0,0.0
2021-06-01,Ilocos Region,Acute Bloody Diarrhea,0.0,0.0
2021-07-01,Ilocos Region,Acute Bloody Diarrhea,0.0,0.0
2021-08-01,Ilocos Region,Acute Bloody Diarrhea,0.0,0.0
2021-09-01,Ilocos Region,Acute Bloody Diarrhea,0.0,0.0
2021-10-01,Ilocos Region,Acute Bloody Diarrhea,0.0,0.0
2021-11-01,Ilocos Region,Acute Bloody Diarrhea,0.0,0.0
2021-12-01,Ilocos Region,Acute Bloody Diarrhea,0.0,0.0
2022-01-01,Ilocos Region,Acute Bloody Diarrhea,0.0,0.0
2022-02-01,Ilocos Region,Acute Bloody Diarrhea,1.0,0.0
2022-03-01,Ilocos Region,Acute Bloody Diarrhea,1.0,0.0
2022-04-01,Ilocos Region,Acute Bloody Diarrhea,0.0,0.0
2022-05-01,Ilocos Region,Acute Bloody Diarrhea,6.0,0.0
2022-06-01,Ilocos Region,Acute Bloody Diarrhea,2.0,0.0
2022-07-01,Ilocos Region,Acute Bloody Diarrhea,2.0,0.0
2022-08-01,Ilocos Region,Acute Bloody Diarrhea,10.0,0.0
2022-09-01,Ilocos Region,Acute Bloody Diarrhea,53.0,0.0
2022-10-01,Ilocos Region,Acute Bloody Diarrhea,3.0,0.0
2022-11-01,Ilocos Region,Acute Bloody Diarrhea,3.0,0.0
2022-12-01,Ilocos Region,Acute Bloody Diarrhea,3.0,0.0
2023-01-01,Ilocos Region,Acute Bloody Diarrhea,6.0,0.0
2023-02-01,Ilocos Region,Acute Bloody Diarrhea,2.0,0.0
2023-03-01,Ilocos Region,Acute Bloody Diarrhea,1.0,0.0
2023-04-01,Ilocos Region,Acute Bloody Diarrhea,14.0,0.0
2023-05-01,Ilocos Region,Acute Bloody Diarrhea,17.0,0.0
2023-06-01,Ilocos Region,Acute Bloody Diarrhea,19.0,0.0
2023-07-01,Ilocos Region,Acute Bloody Diarrhea,30.0,0.0
2023-08-01,Ilocos Region,Acute Bloody Diarrhea,21.0,0.0
2023-09-01,Ilocos Region,Acute Bloody Diarrhea,19.0,0.0
2023-10-01,Ilocos Region,Acute Bloody Diarrhea,7.0,0.0
2023-11-01,Ilocos Region,Acute Bloody Diarrhea,2.0,0.0
2023-12-01,Ilocos Region,Acute Bloody Diarrhea,1.0,0.0
2024-01-01,Ilocos Region,Acute Bloody Diarrhea,17.0,0.0
2024-02-01,Ilocos Region,Acute Bloody Diarrhea,1.0,0.0
2024-03-01,Ilocos Region,Acute Bloody Diarrhea,4.0,0.0
2024-04-01,Ilocos Region,Acute Bloody Diarrhea,8.0,0.0
2024-05-01,Ilocos Region,Acute Bloody Diarrhea,4.0,0.0
2024-06-01,Ilocos Region,Acute Bloody Diarrhea,5.0,0.0
2024-07-01,Ilocos Region,Acute Bloody Diarrhea,19.0,0.0
2024-08-01,Ilocos Region,Acute Bloody Diarrhea,23.0,0.0
2024-09-01,Ilocos Region,Acute Bloody Diarrhea,21.0,0.0
2024-10-01,Ilocos Region,Acute Bloody Diarrhea,5.0,0.0
2024-11-01,Ilocos Region,Acute Bloody Diarrhea,4.0,0.0
2024-12-01,Ilocos Region,Acute Bloody Diarrhea,1.0,0.0
2025-01-01,Ilocos Region,Acute Bloody Diarrhea,22.0,0.0
2025-02-01,Ilocos Region,Acute Bloody Diarrhea,7.0,0.0
2025-03-01,Ilocos Region,Acute Bloody Diarrhea,6.0,0.0
2025-04-01,Ilocos Region,Acute Bloody Diarrhea,16.0,0.0
2025-05-01,Ilocos Region,Acute Bloody Diarrhea,16.0,0.0
2025-06-01,Ilocos Region,Acute Bloody Diarrhea,24.0,0.0
2025-07-01,Ilocos Region,Acute Bloody Diarrhea,10.0,0.0
2025-08-01,Ilocos Region,Acute Bloody Diarrhea,2.0,0.0
2025-09-01,Ilocos Region,Acute Bloody Diarrhea,5.0,0.0
2025-10-01,Ilocos Region,Acute Bloody Diarrhea,6.0,0.0
2025-11-01,Ilocos Region,Acute Bloody Diarrhea,5.0,0.0
2025-12-01,Ilocos Region,Acute Bloody Diarrhea,52.0,0.0
2026-01-01,Ilocos Region,Acute Bloody Diarrhea,4.0,0.0
2026-02-01,Ilocos Region,Acute Bloody Diarrhea,5.0,0.0
2026-03-01,Ilocos Region,Acute Bloody Diarrhea,4.0,0.0
2026-04-01,Ilocos Region,Acute Bloody Diarrhea,8.0,0.0
2026-05-01,Ilocos Region,Acute Bloody Diarrhea,4.0,0.0
2026-06-01,Ilocos Region,Acute Bloody Diarrhea,13.0,0.0
2026-07-01,Ilocos Region,Acute Bloody Diarrhea,11.0,0.0
2026-08-01,Ilocos Region,Acute Bloody Diarrhea,9.0,0.0
2026-09-01,Ilocos Region,Acute Bloody Diarrhea,8.0,0.0
2018-01-01,MIMAROPA,Acute Bloody Diarrhea,7.0,0.0
2018-02-01,MIMAROPA,Acute Bloody Diarrhea,10.0,0.0
2018-03-01,MIMAROPA,Acute Bloody Diarrhea,23.0,0.0
2018-04-01,MIMAROPA,Acute Bloody Diarrhea,8.0,0.0
2018-05-01,MIMAROPA,Acute Bloody Diarrhea,16.0,0.0
2018-06-01,MIMAROPA,Acute Bloody Diarrhea,15.0,0.0
2018-07-01,MIMAROPA,Acute Bloody Diarrhea,13.0,0.0
2018-08-01,MIMAROPA,Acute Bloody Diarrhea,23.0,0.0
2018-09-01,MIMAROPA,Acute Bloody Diarrhea,8.0,0.0
2018-10-01,MIMAROPA,Acute Bloody Diarrhea,14.0,0.0
2018-11-01,MIMAROPA,Acute Bloody Diarrhea,11.0,0.0
2018-12-01,MIMAROPA,Acute Bloody Diarrhea,6.0,0.0
2019-01-01,MIMAROPA,Acute Bloody Diarrhea,7.0,0.0
2019-02-01,MIMAROPA,Acute Bloody Diarrhea,4.0,0.0
2019-03-01,MIMAROPA,Acute Bloody Diarrhea,6.0,0.0
2019-04-01,MIMAROPA,Acute Bloody Diarrhea,7.0,0.0
2019-05-01,MIMAROPA,Acute Bloody Diarrhea,3.0,0.0
2019-06-01,MIMAROPA,Acute Bloody Diarrhea,9.0,0.0
2019-07-01,MIMAROPA,Acute Bloody Diarrhea,4.0,0.0
2019-08-01,MIMAROPA,Acute Bloody Diarrhea,10.0,0.0
2019-09-01,MIMAROPA,Acute Bloody Diarrhea,17.0,0.0
2019-10-01,MIMAROPA,Acute Bloody Diarrhea,9.0,0.0
2019-11-01,MIMAROPA,Acute Bloody Diarrhea,9.0,0.0
2019-12-01,MIMAROPA,Acute Bloody Diarrhea,3.0,0.0
2020-01-01,MIMAROPA,Acute Bloody Diarrhea,2.0,0.0
2020-02-01,MIMAROPA,Acute Bloody Diarrhea,2.0,0.0
2020-03-01,MIMAROPA,Acute Bloody Diarrhea,2.0,0.0
2020-04-01,MIMAROPA,Acute Bloody Diarrhea,6.0,0.0
2020-05-01,MIMAROPA,Acute Bloody Diarrhea,12.0,0.0
2020-06-01,MIMAROPA,Acute Bloody Diarrhea,9.0,0.0
2020-07-01,MIMAROPA,Acute Bloody Diarrhea,8.0,0.0
2020-08-01,MIMAROPA,Acute Bloody Diarrhea,5.0,0.0
2020-09-01,MIMAROPA,Acute Bloody Diarrhea,8.0,0.0
2020-10-01,MIMAROPA,Acute Bloody Diarrhea,17.0,0.0
2020-11-01,MIMAROPA,Acute Bloody Diarrhea,5.0,0.0
2020-12-01,MIMAROPA,Acute Bloody Diarrhea,0.0,0.0
2021-01-01,MIMAROPA,Acute Bloody Diarrhea,0.0,0.0
2021-02-01,MIMAROPA,Acute Bloody Diarrhea,1.0,0.0
2021-03-01,MIMAROPA,Acute Bloody Diarrhea,8.0,0.0
2021-04-01,MIMAROPA,Acute Bloody Diarrhea,6.0,0.0
2021-05-01,MIMAROPA,Acute Bloody Diarrhea,2.0,0.0
2021-06-01,MIMAROPA,Acute Bloody Diarrhea,9.0,0.0
2021-07-01,MIMAROPA,Acute Bloody Diarrhea,5.0,0.0
2021-08-01,MIMAROPA,Acute Bloody Diarrhea,3.0,0.0
2021-09-01,MIMAROPA,Acute Bloody Diarrhea,2.0,0.0
2021-10-01,MIMAROPA,Acute Bloody Diarrhea,1.0,0.0
2021-11-01,MIMAROPA,Acute Bloody Diarrhea,4.0,0.0
2021-12-01,MIMAROPA,Acute Bloody Diarrhea,4.0,0.0
2022-01-01,MIMAROPA,Acute Bloody Diarrhea,8.0,0.0
2022-02-01,MIMAROPA,Acute Bloody Diarrhea,9.0,0.0
2022-03-01,MIMAROPA,Acute Bloody Diarrhea,11.0,0.0
2022-04-01,MIMAROPA,Acute Bloody Diarrhea,13.0,0.0
2022-05-01,MIMAROPA,Acute Bloody Diarrhea,9.0,0.0
2022-06-01,MIMAROPA,Acute Bloody Diarrhea,15.0,0.0
2022-07-01,MIMAROPA,Acute Bloody Diarrhea,12.0,0.0
2022-08-01,MIMAROPA,Acute Bloody Diarrhea,8.0,0.0
2022-09-01,MIMAROPA,Acute Bloody Diarrhea,5.0,0.0
2022-10-01,MIMAROPA,Acute Bloody Diarrhea,26.0,0.0
2022-11-01,MIMAROPA,Acute Bloody Diarrhea,12.0,0.0
2022-12-01,MIMAROPA,Acute Bloody Diarrhea,7.0,0.0
2023-01-01,MIMAROPA,Acute Bloody Diarrhea,6.0,0.0
2023-02-01,MIMAROPA,Acute Bloody Diarrhea,17.0,0.0
2023-03-01,MIMAROPA,Acute Bloody Diarrhea,6.0,0.0
2023-04-01,MIMAROPA,Acute Bloody Diarrhea,14.0,0.0
2023-05-01,MIMAROPA,Acute Bloody Diarrhea,18.0,0.0
2023-06-01,MIMAROPA,Acute Bloody Diarrhea,5.0,0.0
2023-07-01,MIMAROPA,Acute Bloody Diarrhea,4.0,0.0
2023-08-01,MIMAROPA,Acute Bloody Diarrhea,4.0,0.0
2023-09-01,MIMAROPA,Acute Bloody Diarrhea,16.0,0.0
2023-10-01,MIMAROPA,Acute Bloody Diarrhea,13.0,0.0
2023-11-01,MIMAROPA,Acute Bloody Diarrhea,15.0,0.0
2023-12-01,MIMAROPA,Acute Bloody Diarrhea,13.0,0.0
2024-01-01,MIMAROPA,Acute Bloody Diarrhea,13.0,0.0
2024-02-01,MIMAROPA,Acute Bloody Diarrhea,3.0,0.0
2024-03-01,MIMAROPA,Acute Bloody Diarrhea,9.0,0.0
2024-04-01,MIMAROPA,Acute Bloody Diarrhea,15.0,0.0
2024-05-01,MIMAROPA,Acute Bloody Diarrhea,13.0,0.0
2024-06-01,MIMAROPA,Acute Bloody Diarrhea,11.0,0.0
2024-07-01,MIMAROPA,Acute Bloody Diarrhea,19.0,0.0
2024-08-01,MIMAROPA,Acute Bloody Diarrhea,25.0,0.0
2024-09-01,MIMAROPA,Acute Bloody Diarrhea,23.0,0.0
2024-10-01,MIMAROPA,Acute Bloody Diarrhea,20.0,0.0
2024-11-01,MIMAROPA,Acute Bloody Diarrhea,24.0,0.0
2024-12-01,MIMAROPA,Acute Bloody Diarrhea,38.0,0.0
2025-01-01,MIMAROPA,Acute Bloody Diarrhea,30.0,0.0
2025-02-01,MIMAROPA,Acute Bloody Diarrhea,39.0,0.0
2025-03-01,MIMAROPA,Acute Bloody Diarrhea,32.0,0.0
2025-04-01,MIMAROPA,Acute Bloody Diarrhea,35.0,1.0
2025-05-01,MIMAROPA,Acute Bloody Diarrhea,56.0,1.0
2025-06-01,MIMAROPA,Acute Bloody Diarrhea,24.0,0.0
2025-07-01,MIMAROPA,Acute Bloody Diarrhea,35.0,0.0
2025-08-01,MIMAROPA,Acute Bloody Diarrhea,33.0,0.0
2025-09-01,MIMAROPA,Acute Bloody Diarrhea,22.0,0.0
2025-10-01,MIMAROPA,Acute Bloody Diarrhea,13.0,0.0
2025-11-01,MIMAROPA,Acute Bloody Diarrhea,6.0,0.0
2025-12-01,MIMAROPA,Acute Bloody Diarrhea,3.0,0.0
2026-01-01,MIMAROPA,Acute Bloody Diarrhea,6.0,0.0
2026-02-01,MIMAROPA,Acute Bloody Diarrhea,14.0,0.0
2026-03-01,MIMAROPA,Acute Bloody Diarrhea,11.0,0.0
2026-04-01,MIMAROPA,Acute Bloody Diarrhea,14.0,0.0
2026-05-01,MIMAROPA,Acute Bloody Diarrhea,14.0,0.0
2026-06-01,MIMAROPA,Acute Bloody Diarrhea,17.0,0.0
2026-07-01,MIMAROPA,Acute Bloody Diarrhea,27.0,0.0
2026-08-01,MIMAROPA,Acute Bloody Diarrhea,24.0,0.0
2026-09-01,MIMAROPA,Acute Bloody Diarrhea,5.0,0.0
2018-01-01,National Capital Region,Acute Bloody Diarrhea,4.0,0.0
2018-02-01,National Capital Region,Acute Bloody Diarrhea,3.0,0.0
2018-03-01,National Capital Region,Acute Bloody Diarrhea,8.0,0.0
2018-04-01,National Capital Region,Acute Bloody Diarrhea,5.0,0.0
2018-05-01,National Capital Region,Acute Bloody Diarrhea,8.0,0.0
2018-06-01,National Capital Region,Acute Bloody Diarrhea,5.0,0.0
2018-07-01,National Capital Region,Acute Bloody Diarrhea,7.0,0.0
2018-08-01,National Capital Region,Acute Bloody Diarrhea,5.0,0.0
2018-09-01,National Capital Region,Acute Bloody Diarrhea,7.0,0.0
2018-10-01,National Capital Region,Acute Bloody Diarrhea,1.0,0.0
2018-11-01,National Capital Region,Acute Bloody Diarrhea,0.0,0.0
2018-12-01,National Capital Region,Acute Bloody Diarrhea,4.0,0.0
2019-01-01,National Capital Region,Acute Bloody Diarrhea,4.0,0.0
2019-02-01,National Capital Region,Acute Bloody Diarrhea,4.0,0.0
2019-03-01,National Capital Region,Acute Bloody Diarrhea,7.0,0.0
2019-04-01,National Capital Region,Acute Bloody Diarrhea,4.0,0.0
2019-05-01,National Capital Region,Acute Bloody Diarrhea,7.0,0.0
2019-06-01,National Capital Region,Acute Bloody Diarrhea,9.0,0.0
2019-07-01,National Capital Region,Acute Bloody Diarrhea,19.0,0.0
2019-08-01,National Capital Region,Acute Bloody Diarrhea,12.0,0.0
2019-09-01,National Capital Region,Acute Bloody Diarrhea,5.0,0.0
2019-10-01,National Capital Region,Acute Bloody Diarrhea,11.0,0.0
2019-11-01,National Capital Region,Acute Bloody Diarrhea,10.0,0.0
2019-12-01,National Capital Region,Acute Bloody Diarrhea,4.0,0.0
2020-01-01,National Capital Region,Acute Bloody Diarrhea,10.0,0.0
2020-02-01,National Capital Region,Acute Bloody Diarrhea,13.0,0.0
2020-03-01,National Capital Region,Acute Bloody Diarrhea,2.0,0.0
2020-04-01,National Capital Region,Acute Bloody Diarrhea,0.0,0.0
2020-05-01,National Capital Region,Acute Bloody Diarrhea,0.0,0.0
2020-06-01,National Capital Region,Acute Bloody Diarrhea,0.0,0.0
2020-07-01,National Capital Region,Acute Bloody Diarrhea,0.0,0.0
2020-08-01,National Capital Region,Acute Bloody Diarrhea,0.0,0.0
2020-09-01,National Capital Region,Acute Bloody Diarrhea,0.0,0.0
2020-10-01,National Capital Region,Acute Bloody Diarrhea,0.0,0.0
2020-11-01,National Capital Region,Acute Bloody Diarrhea,1.0,0.0
2020-12-01,National Capital Region,Acute Bloody Diarrhea,1.0,0.0
2021-01-01,National Capital Region,Acute Bloody Diarrhea,2.0,0.0
2021-02-01,National Capital Region,Acute Bloody Diarrhea,5.0,0.0
2021-03-01,National Capital Region,Acute Bloody Diarrhea,2.0,0.0
2021-04-01,National Capital Region,Acute Bloody Diarrhea,1.0,0.0
2021-05-01,National Capital Region,Acute Bloody Diarrhea,2.0,0.0
2021-06-01,National Capital Region,Acute Bloody Diarrhea,8.0,0.0
2021-07-01,National Capital Region,Acute Bloody Diarrhea,5.0,1.0
2021-08-01,National Capital Region,Acute Bloody Diarrhea,5.0,0.0
2021-09-01,National Capital Region,Acute Bloody Diarrhea,1.0,0.0
2021-10-01,National Capital Region,Acute Bloody Diarrhea,9.0,0.0
2021-11-01,National Capital Region,Acute Bloody Diarrhea,5.0,0.0
2021-12-01,National Capital Region,Acute Bloody Diarrhea,1.0,0.0
2022-01-01,National Capital Region,Acute Bloody Diarrhea,1.0,0.0
2022-02-01,National Capital Region,Acute Bloody Diarrhea,8.0,0.0
2022-03-01,National Capital Region,Acute Bloody Diarrhea,7.0,0.0
2022-04-01,National Capital Region,Acute Bloody Diarrhea,10.0,0.0
2022-05-01,National Capital Region,Acute Bloody Diarrhea,15.0,0.0
2022-06-01,National Capital Region,Acute Bloody Diarrhea,19.0,0.0
2022-07-01,National Capital Region,Acute Bloody Diarrhea,15.0,1.0
2022-08-01,National Capital Region,Acute Bloody Diarrhea,17.0,1.0
2022-09-01,National Capital Region,Acute Bloody Diarrhea,21.0,0.0
2022-10-01,National Capital Region,Acute Bloody Diarrhea,27.0,0.0
2022-11-01,National Capital Region,Acute Bloody Diarrhea,33.0,1.0
2022-12-01,National Capital Region,Acute Bloody Diarrhea,25.0,0.0
2023-01-01,National Capital Region,Acute Bloody Diarrhea,12.0,0.0
2023-02-01,National Capital Region,Acute Bloody Diarrhea,16.0,0.0
2023-03-01,National Capital Region,Acute Bloody Diarrhea,25.0,0.0
2023-04-01,National Capital Region,Acute Bloody Diarrhea,26.0,0.0
2023-05-01,National Capital Region,Acute Bloody Diarrhea,23.0,0.0
2023-06-01,National Capital Region,Acute Bloody Diarrhea,15.0,0.0
2023-07-01,National Capital Region,Acute Bloody Diarrhea,18.0,0.0
2023-08-01,National Capital Region,Acute Bloody Diarrhea,13.0,0.0
2023-09-01,National Capital Region,Acute Bloody Diarrhea,20.0,1.0
2023-10-01,National Capital Region,Acute Bloody Diarrhea,16.0,0.0
2023-11-01,National Capital Region,Acute Bloody Diarrhea,21.0,0.0
2023-12-01,National Capital Region,Acute Bloody Diarrhea,5.0,0.0
2024-01-01,National Capital Region,Acute Bloody Diarrhea,23.0,0.0
2024-02-01,National Capital Region,Acute Bloody Diarrhea,15.0,0.0
2024-03-01,National Capital Region,Acute Bloody Diarrhea,11.0,0.0
2024-04-01,National Capital Region,Acute Bloody Diarrhea,25.0,0.0
2024-05-01,National Capital Region,Acute Bloody Diarrhea,17.0,0.0
2024-06-01,National Capital Region,Acute Bloody Diarrhea,19.0,0.0
2024-07-01,National Capital Region,Acute Bloody Diarrhea,22.0,0.0
2024-08-01,National Capital Region,Acute Bloody Diarrhea,50.0,0.0
2024-09-01,National Capital Region,Acute Bloody Diarrhea,35.0,0.0
2024-10-01,National Capital Region,Acute Bloody Diarrhea,37.0,0.0
2024-11-01,National Capital Region,Acute Bloody Diarrhea,31.0,0.0
2024-12-01,National Capital Region,Acute Bloody Diarrhea,29.0,0.0
2025-01-01,National Capital Region,Acute Bloody Diarrhea,31.0,0.0
2025-02-01,National Capital Region,Acute Bloody Diarrhea,30.0,0.0
2025-03-01,National Capital Region,Acute Bloody Diarrhea,40.0,0.0
2025-04-01,National Capital Region,Acute Bloody Diarrhea,51.0,0.0
2025-05-01,National Capital Region,Acute Bloody Diarrhea,46.0,0.0
2025-06-01,National Capital Region,Acute Bloody Diarrhea,56.0,0.0
2025-07-01,National Capital Region,Acute Bloody Diarrhea,54.0,0.0
2025-08-01,National Capital Region,Acute Bloody Diarrhea,53.0,0.0
2025-09-01,National Capital Region,Acute Bloody Diarrhea,53.0,0.0
2025-10-01,National Capital Region,Acute Bloody Diarrhea,25.0,0.0
2025-11-01,National Capital Region,Acute Bloody Diarrhea,1.0,0.0
2025-12-01,National Capital Region,Acute Bloody Diarrhea,0.0,0.0
2026-01-01,National Capital Region,Acute Bloody Diarrhea,35.0,0.0
2026-02-01,National Capital Region,Acute Bloody Diarrhea,29.0,0.0
2026-03-01,National Capital Region,Acute Bloody Diarrhea,37.0,0.0
2026-04-01,National Capital Region,Acute Bloody Diarrhea,36.0,0.0
2026-05-01,National Capital Region,Acute Bloody Diarrhea,36.0,0.0
2026-06-01,National Capital Region,Acute Bloody Diarrhea,44.0,0.0
2026-07-01,National Capital Region,Acute Bloody Diarrhea,57.0,1.0
2026-08-01,National Capital Region,Acute Bloody Diarrhea,61.0,0.0
2026-09-01,National Capital Region,Acute Bloody Diarrhea,29.0,0.0
2018-01-01,Negros Island Region,Acute Bloody Diarrhea,121.0,2.0
2018-02-01,Negros Island Region,Acute Bloody Diarrhea,61.0,0.0
2018-03-01,Negros Island Region,Acute Bloody Diarrhea,70.0,0.0
2018-04-01,Negros Island Region,Acute Bloody Diarrhea,53.0,0.0
2018-05-01,Negros Island Region,Acute Bloody Diarrhea,70.0,1.0
2018-06-01,Negros Island Region,Acute Bloody Diarrhea,81.0,0.0
2018-07-01,Negros Island Region,Acute Bloody Diarrhea,271.0,0.0
2018-08-01,Negros Island Region,Acute Bloody Diarrhea,58.0,0.0
2018-09-01,Negros Island Region,Acute Bloody Diarrhea,60.0,0.0
2018-10-01,Negros Island Region,Acute Bloody Diarrhea,76.0,0.0
2018-11-01,Negros Island Region,Acute Bloody Diarrhea,81.0,0.0
2018-12-01,Negros Island Region,Acute Bloody Diarrhea,79.0,0.0
2019-01-01,Negros Island Region,Acute Bloody Diarrhea,87.0,0.0
2019-02-01,Negros Island Region,Acute Bloody Diarrhea,57.0,0.0
2019-03-01,Negros Island Region,Acute Bloody Diarrhea,72.0,0.0
2019-04-01,Negros Island Region,Acute Bloody Diarrhea,63.0,0.0
2019-05-01,Negros Island Region,Acute Bloody Diarrhea,62.0,0.0
2019-06-01,Negros Island Region,Acute Bloody Diarrhea,56.0,0.0
2019-07-01,Negros Island Region,Acute Bloody Diarrhea,69.0,0.0
2019-08-01,Negros Island Region,Acute Bloody Diarrhea,70.0,0.0
2019-09-01,Negros Island Region,Acute Bloody Diarrhea,97.0,0.0
2019-10-01,Negros Island Region,Acute Bloody Diarrhea,64.0,0.0
2019-11-01,Negros Island Region,Acute Bloody Diarrhea,58.0,0.0
2019-12-01,Negros Island Region,Acute Bloody Diarrhea,58.0,0.0
2020-01-01,Negros Island Region,Acute Bloody Diarrhea,88.0,0.0
2020-02-01,Negros Island Region,Acute Bloody Diarrhea,52.0,0.0
2020-03-01,Negros Island Region,Acute Bloody Diarrhea,54.0,0.0
2020-04-01,Negros Island Region,Acute Bloody Diarrhea,40.0,1.0
2020-05-01,Negros Island Region,Acute Bloody Diarrhea,40.0,0.0
2020-06-01,Negros Island Region,Acute Bloody Diarrhea,43.0,0.0
2020-07-01,Negros Island Region,Acute Bloody Diarrhea,86.0,0.0
2020-08-01,Negros Island Region,Acute Bloody Diarrhea,88.0,0.0
2020-09-01,Negros Island Region,Acute Bloody Diarrhea,68.0,0.0
2020-10-01,Negros Island Region,Acute Bloody Diarrhea,50.0,0.0
2020-11-01,Negros Island Region,Acute Bloody Diarrhea,24.0,0.0
2020-12-01,Negros Island Region,Acute Bloody Diarrhea,19.0,0.0
2021-01-01,Negros Island Region,Acute Bloody Diarrhea,58.0,0.0
2021-02-01,Negros Island Region,Acute Bloody Diarrhea,71.0,0.0
2021-03-01,Negros Island Region,Acute Bloody Diarrhea,53.0,1.0
2021-04-01,Negros Island Region,Acute Bloody Diarrhea,40.0,1.0
2021-05-01,Negros Island Region,Acute Bloody Diarrhea,31.0,0.0
2021-06-01,Negros Island Region,Acute Bloody Diarrhea,35.0,0.0
2021-07-01,Negros Island Region,Acute Bloody Diarrhea,42.0,1.0
2021-08-01,Negros Island Region,Acute Bloody Diarrhea,35.0,0.0
2021-09-01,Negros Island Region,Acute Bloody Diarrhea,21.0,1.0
2021-10-01,Negros Island Region,Acute Bloody Diarrhea,17.0,0.0
2021-11-01,Negros Island Region,Acute Bloody Diarrhea,10.0,0.0
2021-12-01,Negros Island Region,Acute Bloody Diarrhea,26.0,0.0
2022-01-01,Negros Island Region,Acute Bloody Diarrhea,68.0,0.0
2022-02-01,Negros Island Region,Acute Bloody Diarrhea,30.0,0.0
2022-03-01,Negros Island Region,Acute Bloody Diarrhea,50.0,0.0
2022-04-01,Negros Island Region,Acute Bloody Diarrhea,45.0,0.0
2022-05-01,Negros Island Region,Acute Bloody Diarrhea,133.0,0.0
2022-06-01,Negros Island Region,Acute Bloody Diarrhea,99.0,0.0
2022-07-01,Negros Island Region,Acute Bloody Diarrhea,145.0,0.0
2022-08-01,Negros Island Region,Acute Bloody Diarrhea,111.0,1.0
2022-09-01,Negros Island Region,Acute Bloody Diarrhea,95.0,0.0
2022-10-01,Negros Island Region,Acute Bloody Diarrhea,92.0,0.0
2022-11-01,Negros Island Region,Acute Bloody Diarrhea,116.0,1.0
2022-12-01,Negros Island Region,Acute Bloody Diarrhea,114.0,1.0
2023-01-01,Negros Island Region,Acute Bloody Diarrhea,108.0,2.0
2023-02-01,Negros Island Region,Acute Bloody Diarrhea,49.0,0.0
2023-03-01,Negros Island Region,Acute Bloody Diarrhea,78.0,0.0
2023-04-01,Negros Island Region,Acute Bloody Diarrhea,53.0,0.0
2023-05-01,Negros Island Region,Acute Bloody Diarrhea,75.0,0.0
2023-06-01,Negros Island Region,Acute Bloody Diarrhea,77.0,0.0
2023-07-01,Negros Island Region,Acute Bloody Diarrhea,46.0,1.0
2023-08-01,Negros Island Region,Acute Bloody Diarrhea,9.0,0.0
2023-09-01,Negros Island Region,Acute Bloody Diarrhea,14.0,0.0
2023-10-01,Negros Island Region,Acute Bloody Diarrhea,16.0,0.0
2023-11-01,Negros Island Region,Acute Bloody Diarrhea,34.0,0.0
2023-12-01,Negros Island Region,Acute Bloody Diarrhea,11.0,0.0
2024-01-01,Negros Island Region,Acute Bloody Diarrhea,19.0,1.0
2024-02-01,Negros Island Region,Acute Bloody Diarrhea,24.0,0.0
2024-03-01,Negros Island Region,Acute Bloody Diarrhea,53.0,0.0
2024-04-01,Negros Island Region,Acute Bloody Diarrhea,60.0,0.0
2024-05-01,Negros Island Region,Acute Bloody Diarrhea,64.0,1.0
2024-06-01,Negros Island Region,Acute Bloody Diarrhea,53.0,0.0
2024-07-01,Negros Island Region,Acute Bloody Diarrhea,90.0,0.0
2024-08-01,Negros Island Region,Acute Bloody Diarrhea,44.0,0.0
2024-09-01,Negros Island Region,Acute Bloody Diarrhea,28.0,0.0
2024-10-01,Negros Island Region,Acute Bloody Diarrhea,34.0,0.0
2024-11-01,Negros Island Region,Acute Bloody Diarrhea,27.0,0.0
2024-12-01,Negros Island Region,Acute Bloody Diarrhea,32.0,0.0
2025-01-01,Negros Island Region,Acute Bloody Diarrhea,57.0,0.0
2025-02-01,Negros Island Region,Acute Bloody Diarrhea,33.0,0.0
2025-03-01,Negros Island Region,Acute Bloody Diarrhea,36.0,0.0
2025-04-01,Negros Island Region,Acute Bloody Diarrhea,43.0,0.0
2025-05-01,Negros Island Region,Acute Bloody Diarrhea,55.0,0.0
2025-06-01,Negros Island Region,Acute Bloody Diarrhea,39.0,0.0
2025-07-01,Negros Island Region,Acute Bloody Diarrhea,46.0,0.0
2025-08-01,Negros Island Region,Acute Bloody Diarrhea,28.0,0.0
2025-09-01,Negros Island Region,Acute Bloody Diarrhea,40.0,0.0
2025-10-01,Negros Island Region,Acute Bloody Diarrhea,39.0,0.0
2025-11-01,Negros Island Region,Acute Bloody Diarrhea,28.0,0.0
2025-12-01,Negros Island Region,Acute Bloody Diarrhea,15.0,0.0
2026-01-01,Negros Island Region,Acute Bloody Diarrhea,43.0,0.0
2026-02-01,Negros Island Region,Acute Bloody Diarrhea,28.0,0.0
2026-03-01,Negros Island Region,Acute Bloody Diarrhea,35.0,0.0
2026-04-01,Negros Island Region,Acute Bloody Diarrhea,25.0,0.0
2026-05-01,Negros Island Region,Acute Bloody Diarrhea,23.0,0.0
2026-06-01,Negros Island Region,Acute Bloody Diarrhea,17.0,0.0
2026-07-01,Negros Island Region,Acute Bloody Diarrhea,11.0,0.0
2026-08-01,Negros Island Region,Acute Bloody Diarrhea,15.0,0.0
2026-09-01,Negros Island Region,Acute Bloody Diarrhea,7.0,0.0
2018-01-01,Northern Mindanao,Acute Bloody Diarrhea,204.0,0.0
2018-02-01,Northern Mindanao,Acute Bloody Diarrhea,176.0,0.0
2018-03-01,Northern Mindanao,Acute Bloody Diarrhea,131.0,0.0
2018-04-01,Northern Mindanao,Acute Bloody Diarrhea,128.0,0.0
2018-05-01,Northern Mindanao,Acute Bloody Diarrhea,117.0,0.0
2018-06-01,Northern Mindanao,Acute Bloody Diarrhea,125.0,0.0
2018-07-01,Northern Mindanao,Acute Bloody Diarrhea,108.0,0.0
2018-08-01,Northern Mindanao,Acute Bloody Diarrhea,107.0,0.0
2018-09-01,Northern Mindanao,Acute Bloody Diarrhea,115.0,0.0
2018-10-01,Northern Mindanao,Acute Bloody Diarrhea,87.0,0.0
2018-11-01,Northern Mindanao,Acute Bloody Diarrhea,96.0,0.0
2018-12-01,Northern Mindanao,Acute Bloody Diarrhea,70.0,0.0
2019-01-01,Northern Mindanao,Acute Bloody Diarrhea,103.0,0.0
2019-02-01,Northern Mindanao,Acute Bloody Diarrhea,71.0,0.0
2019-03-01,Northern Mindanao,Acute Bloody Diarrhea,90.0,1.0
2019-04-01,Northern Mindanao,Acute Bloody Diarrhea,109.0,0.0
2019-05-01,Northern Mindanao,Acute Bloody Diarrhea,85.0,0.0
2019-06-01,Northern Mindanao,Acute Bloody Diarrhea,95.0,0.0
2019-07-01,Northern Mindanao,Acute Bloody Diarrhea,123.0,0.0
2019-08-01,Northern Mindanao,Acute Bloody Diarrhea,94.0,0.0
2019-09-01,Northern Mindanao,Acute Bloody Diarrhea,50.0,0.0
2019-10-01,Northern Mindanao,Acute Bloody Diarrhea,42.0,0.0
2019-11-01,Northern Mindanao,Acute Bloody Diarrhea,48.0,0.0
2019-12-01,Northern Mindanao,Acute Bloody Diarrhea,34.0,0.0
2020-01-01,Northern Mindanao,Acute Bloody Diarrhea,93.0,0.0
2020-02-01,Northern Mindanao,Acute Bloody Diarrhea,69.0,0.0
2020-03-01,Northern Mindanao,Acute Bloody Diarrhea,61.0,0.0
2020-04-01,Northern Mindanao,Acute Bloody Diarrhea,46.0,0.0
2020-05-01,Northern Mindanao,Acute Bloody Diarrhea,63.0,0.0
2020-06-01,Northern Mindanao,Acute Bloody Diarrhea,46.0,0.0
2020-07-01,Northern Mindanao,Acute Bloody Diarrhea,39.0,0.0
2020-08-01,Northern Mindanao,Acute Bloody Diarrhea,35.0,0.0
2020-09-01,Northern Mindanao,Acute Bloody Diarrhea,35.0,0.0
2020-10-01,Northern Mindanao,Acute Bloody Diarrhea,27.0,0.0
2020-11-01,Northern Mindanao,Acute Bloody Diarrhea,41.0,0.0
2020-12-01,Northern Mindanao,Acute Bloody Diarrhea,45.0,0.0
2021-01-01,Northern Mindanao,Acute Bloody Diarrhea,71.0,1.0
2021-02-01,Northern Mindanao,Acute Bloody Diarrhea,62.0,0.0
2021-03-01,Northern Mindanao,Acute Bloody Diarrhea,74.0,1.0
2021-04-01,Northern Mindanao,Acute Bloody Diarrhea,52.0,1.0
2021-05-01,Northern Mindanao,Acute Bloody Diarrhea,51.0,0.0
2021-06-01,Northern Mindanao,Acute Bloody Diarrhea,46.0,0.0
2021-07-01,Northern Mindanao,Acute Bloody Diarrhea,37.0,0.0
2021-08-01,Northern Mindanao,Acute Bloody Diarrhea,16.0,0.0
2021-09-01,Northern Mindanao,Acute Bloody Diarrhea,32.0,0.0
2021-10-01,Northern Mindanao,Acute Bloody Diarrhea,61.0,0.0
2021-11-01,Northern Mindanao,Acute Bloody Diarrhea,87.0,0.0
2021-12-01,Northern Mindanao,Acute Bloody Diarrhea,73.0,1.0
2022-01-01,Northern Mindanao,Acute Bloody Diarrhea,67.0,0.0
2022-02-01,Northern Mindanao,Acute Bloody Diarrhea,70.0,0.0
2022-03-01,Northern Mindanao,Acute Bloody Diarrhea,95.0,0.0
2022-04-01,Northern Mindanao,Acute Bloody Diarrhea,99.0,0.0
2022-05-01,Northern Mindanao,Acute Bloody Diarrhea,124.0,0.0
2022-06-01,Northern Mindanao,Acute Bloody Diarrhea,120.0,0.0
2022-07-01,Northern Mindanao,Acute Bloody Diarrhea,117.0,1.0
2022-08-01,Northern Mindanao,Acute Bloody Diarrhea,108.0,0.0
2022-09-01,Northern Mindanao,Acute Bloody Diarrhea,105.0,0.0
2022-10-01,Northern Mindanao,Acute Bloody Diarrhea,113.0,0.0
2022-11-01,Northern Mindanao,Acute Bloody Diarrhea,96.0,0.0
2022-12-01,Northern Mindanao,Acute Bloody Diarrhea,80.0,0.0
2023-01-01,Northern Mindanao,Acute Bloody Diarrhea,178.0,0.0
2023-02-01,Northern Mindanao,Acute Bloody Diarrhea,130.0,0.0
2023-03-01,Northern Mindanao,Acute Bloody Diarrhea,107.0,0.0
2023-04-01,Northern Mindanao,Acute Bloody Diarrhea,63.0,0.0
2023-05-01,Northern Mindanao,Acute Bloody Diarrhea,93.0,0.0
2023-06-01,Northern Mindanao,Acute Bloody Diarrhea,26.0,0.0
2023-07-01,Northern Mindanao,Acute Bloody Diarrhea,45.0,0.0
2023-08-01,Northern Mindanao,Acute Bloody Diarrhea,16.0,1.0
2023-09-01,Northern Mindanao,Acute Bloody Diarrhea,7.0,0.0
2023-10-01,Northern Mindanao,Acute Bloody Diarrhea,10.0,0.0
2023-11-01,Northern Mindanao,Acute Bloody Diarrhea,9.0,0.0
2023-12-01,Northern Mindanao,Acute Bloody Diarrhea,4.0,0.0
2024-01-01,Northern Mindanao,Acute Bloody Diarrhea,14.0,0.0
2024-02-01,Northern Mindanao,Acute Bloody Diarrhea,21.0,0.0
2024-03-01,Northern Mindanao,Acute Bloody Diarrhea,64.0,0.0
2024-04-01,Northern Mindanao,Acute Bloody Diarrhea,69.0,0.0
2024-05-01,Northern Mindanao,Acute Bloody Diarrhea,73.0,0.0
2024-06-01,Northern Mindanao,Acute Bloody Diarrhea,82.0,0.0
2024-07-01,Northern Mindanao,Acute Bloody Diarrhea,83.0,0.0
2024-08-01,Northern Mindanao,Acute Bloody Diarrhea,86.0,0.0
2024-09-01,Northern Mindanao,Acute Bloody Diarrhea,39.0,0.0
2024-10-01,Northern Mindanao,Acute Bloody Diarrhea,59.0,0.0
2024-11-01,Northern Mindanao,Acute Bloody Diarrhea,57.0,0.0
2024-12-01,Northern Mindanao,Acute Bloody Diarrhea,54.0,0.0
2025-01-01,Northern Mindanao,Acute Bloody Diarrhea,117.0,0.0
2025-02-01,Northern Mindanao,Acute Bloody Diarrhea,102.0,0.0
2025-03-01,Northern Mindanao,Acute Bloody Diarrhea,112.0,0.0
2025-04-01,Northern Mindanao,Acute Bloody Diarrhea,89.0,0.0
2025-05-01,Northern Mindanao,Acute Bloody Diarrhea,105.0,0.0
2025-06-01,Northern Mindanao,Acute Bloody Diarrhea,105.0,0.0
2025-07-01,Northern Mindanao,Acute Bloody Diarrhea,103.0,0.0
2025-08-01,Northern Mindanao,Acute Bloody Diarrhea,82.0,0.0
2025-09-01,Northern Mindanao,Acute Bloody Diarrhea,86.0,0.0
2025-10-01,Northern Mindanao,Acute Bloody Diarrhea,88.0,0.0
2025-11-01,Northern Mindanao,Acute Bloody Diarrhea,66.0,0.0
2025-12-01,Northern Mindanao,Acute Bloody Diarrhea,58.0,0.0
2026-01-01,Northern Mindanao,Acute Bloody Diarrhea,87.0,0.0
2026-02-01,Northern Mindanao,Acute Bloody Diarrhea,59.0,0.0
2026-03-01,Northern Mindanao,Acute Bloody Diarrhea,53.0,0.0
2026-04-01,Northern Mindanao,Acute Bloody Diarrhea,47.0,0.0
2026-05-01,Northern Mindanao,Acute Bloody Diarrhea,54.0,0.0
2026-06-01,Northern Mindanao,Acute Bloody Diarrhea,56.0,0.0
2026-07-01,Northern Mindanao,Acute Bloody Diarrhea,46.0,0.0
2026-08-01,Northern Mindanao,Acute Bloody Diarrhea,51.0,0.0
2026-09-01,Northern Mindanao,Acute Bloody Diarrhea,29.0,0.0
2018-01-01,SOCCSKSARGEN,Acute Bloody Diarrhea,23.0,0.0
2018-02-01,SOCCSKSARGEN,Acute Bloody Diarrhea,19.0,0.0
2018-03-01,SOCCSKSARGEN,Acute Bloody Diarrhea,28.0,0.0
2018-04-01,SOCCSKSARGEN,Acute Bloody Diarrhea,11.0,0.0
2018-05-01,SOCCSKSARGEN,Acute Bloody Diarrhea,14.0,0.0
2018-06-01,SOCCSKSARGEN,Acute Bloody Diarrhea,7.0,0.0
2018-07-01,SOCCSKSARGEN,Acute Bloody Diarrhea,26.0,0.0
2018-08-01,SOCCSKSARGEN,Acute Bloody Diarrhea,22.0,0.0
2018-09-01,SOCCSKSARGEN,Acute Bloody Diarrhea,18.0,0.0
2018-10-01,SOCCSKSARGEN,Acute Bloody Diarrhea,10.0,0.0
2018-11-01,SOCCSKSARGEN,Acute Bloody Diarrhea,9.0,0.0
2018-12-01,SOCCSKSARGEN,Acute Bloody Diarrhea,8.0,0.0
2019-01-01,SOCCSKSARGEN,Acute Bloody Diarrhea,29.0,0.0
2019-02-01,SOCCSKSARGEN,Acute Bloody Diarrhea,27.0,0.0
2019-03-01,SOCCSKSARGEN,Acute Bloody Diarrhea,18.0,0.0
2019-04-01,SOCCSKSARGEN,Acute Bloody Diarrhea,11.0,0.0
2019-05-01,SOCCSKSARGEN,Acute Bloody Diarrhea,16.0,0.0
2019-06-01,SOCCSKSARGEN,Acute Bloody Diarrhea,14.0,0.0
2019-07-01,SOCCSKSARGEN,Acute Bloody Diarrhea,15.0,0.0
2019-08-01,SOCCSKSARGEN,Acute Bloody Diarrhea,11.0,0.0
2019-09-01,SOCCSKSARGEN,Acute Bloody Diarrhea,9.0,0.0
2019-10-01,SOCCSKSARGEN,Acute Bloody Diarrhea,11.0,0.0
2019-11-01,SOCCSKSARGEN,Acute Bloody Diarrhea,11.0,0.0
2019-12-01,SOCCSKSARGEN,Acute Bloody Diarrhea,7.0,0.0
2020-01-01,SOCCSKSARGEN,Acute Bloody Diarrhea,21.0,0.0
2020-02-01,SOCCSKSARGEN,Acute Bloody Diarrhea,7.0,0.0
2020-03-01,SOCCSKSARGEN,Acute Bloody Diarrhea,11.0,0.0
2020-04-01,SOCCSKSARGEN,Acute Bloody Diarrhea,7.0,0.0
2020-05-01,SOCCSKSARGEN,Acute Bloody Diarrhea,7.0,0.0
2020-06-01,SOCCSKSARGEN,Acute Bloody Diarrhea,11.0,0.0
2020-07-01,SOCCSKSARGEN,Acute Bloody Diarrhea,13.0,0.0
2020-08-01,SOCCSKSARGEN,Acute Bloody Diarrhea,2.0,0.0
2020-09-01,SOCCSKSARGEN,Acute Bloody Diarrhea,4.0,0.0
2020-10-01,SOCCSKSARGEN,Acute Bloody Diarrhea,8.0,0.0
2020-11-01,SOCCSKSARGEN,Acute Bloody Diarrhea,5.0,0.0
2020-12-01,SOCCSKSARGEN,Acute Bloody Diarrhea,3.0,0.0
2021-01-01,SOCCSKSARGEN,Acute Bloody Diarrhea,3.0,0.0
2021-02-01,SOCCSKSARGEN,Acute Bloody Diarrhea,5.0,0.0
2021-03-01,SOCCSKSARGEN,Acute Bloody Diarrhea,9.0,0.0
2021-04-01,SOCCSKSARGEN,Acute Bloody Diarrhea,7.0,0.0
2021-05-01,SOCCSKSARGEN,Acute Bloody Diarrhea,6.0,0.0
2021-06-01,SOCCSKSARGEN,Acute Bloody Diarrhea,4.0,0.0
2021-07-01,SOCCSKSARGEN,Acute Bloody Diarrhea,5.0,0.0
2021-08-01,SOCCSKSARGEN,Acute Bloody Diarrhea,3.0,0.0
2021-09-01,SOCCSKSARGEN,Acute Bloody Diarrhea,0.0,0.0
2021-10-01,SOCCSKSARGEN,Acute Bloody Diarrhea,3.0,0.0
2021-11-01,SOCCSKSARGEN,Acute Bloody Diarrhea,3.0,0.0
2021-12-01,SOCCSKSARGEN,Acute Bloody Diarrhea,1.0,0.0
2022-01-01,SOCCSKSARGEN,Acute Bloody Diarrhea,1.0,0.0
2022-02-01,SOCCSKSARGEN,Acute Bloody Diarrhea,6.0,0.0
2022-03-01,SOCCSKSARGEN,Acute Bloody Diarrhea,9.0,0.0
2022-04-01,SOCCSKSARGEN,Acute Bloody Diarrhea,8.0,0.0
2022-05-01,SOCCSKSARGEN,Acute Bloody Diarrhea,18.0,0.0
2022-06-01,SOCCSKSARGEN,Acute Bloody Diarrhea,18.0,0.0
2022-07-01,SOCCSKSARGEN,Acute Bloody Diarrhea,10.0,0.0
2022-08-01,SOCCSKSARGEN,Acute Bloody Diarrhea,17.0,0.0
2022-09-01,SOCCSKSARGEN,Acute Bloody Diarrhea,20.0,0.0
2022-10-01,SOCCSKSARGEN,Acute Bloody Diarrhea,3.0,0.0
2022-11-01,SOCCSKSARGEN,Acute Bloody Diarrhea,14.0,0.0
2022-12-01,SOCCSKSARGEN,Acute Bloody Diarrhea,5.0,0.0
2023-01-01,SOCCSKSARGEN,Acute Bloody Diarrhea,22.0,0.0
2023-02-01,SOCCSKSARGEN,Acute Bloody Diarrhea,15.0,0.0
2023-03-01,SOCCSKSARGEN,Acute Bloody Diarrhea,6.0,0.0
2023-04-01,SOCCSKSARGEN,Acute Bloody Diarrhea,9.0,0.0
2023-05-01,SOCCSKSARGEN,Acute Bloody Diarrhea,16.0,0.0
2023-06-01,SOCCSKSARGEN,Acute Bloody Diarrhea,4.0,0.0
2023-07-01,SOCCSKSARGEN,Acute Bloody Diarrhea,9.0,0.0
2023-08-01,SOCCSKSARGEN,Acute Bloody Diarrhea,18.0,0.0
2023-09-01,SOCCSKSARGEN,Acute Bloody Diarrhea,14.0,0.0
2023-10-01,SOCCSKSARGEN,Acute Bloody Diarrhea,9.0,0.0
2023-11-01,SOCCSKSARGEN,Acute Bloody Diarrhea,4.0,0.0
2023-12-01,SOCCSKSARGEN,Acute Bloody Diarrhea,1.0,0.0
2024-01-01,SOCCSKSARGEN,Acute Bloody Diarrhea,3.0,0.0
2024-02-01,SOCCSKSARGEN,Acute Bloody Diarrhea,12.0,0.0
2024-03-01,SOCCSKSARGEN,Acute Bloody Diarrhea,28.0,0.0
2024-04-01,SOCCSKSARGEN,Acute Bloody Diarrhea,8.0,0.0
2024-05-01,SOCCSKSARGEN,Acute Bloody Diarrhea,12.0,0.0
2024-06-01,SOCCSKSARGEN,Acute Bloody Diarrhea,20.0,0.0
2024-07-01,SOCCSKSARGEN,Acute Bloody Diarrhea,14.0,1.0
2024-08-01,SOCCSKSARGEN,Acute Bloody Diarrhea,13.0,0.0
2024-09-01,SOCCSKSARGEN,Acute Bloody Diarrhea,6.0,0.0
2024-10-01,SOCCSKSARGEN,Acute Bloody Diarrhea,14.0,0.0
2024-11-01,SOCCSKSARGEN,Acute Bloody Diarrhea,14.0,0.0
2024-12-01,SOCCSKSARGEN,Acute Bloody Diarrhea,11.0,0.0
2025-01-01,SOCCSKSARGEN,Acute Bloody Diarrhea,19.0,0.0
2025-02-01,SOCCSKSARGEN,Acute Bloody Diarrhea,18.0,1.0
2025-03-01,SOCCSKSARGEN,Acute Bloody Diarrhea,23.0,0.0
2025-04-01,SOCCSKSARGEN,Acute Bloody Diarrhea,20.0,0.0
2025-05-01,SOCCSKSARGEN,Acute Bloody Diarrhea,30.0,0.0
2025-06-01,SOCCSKSARGEN,Acute Bloody Diarrhea,26.0,0.0
2025-07-01,SOCCSKSARGEN,Acute Bloody Diarrhea,37.0,0.0
2025-08-01,SOCCSKSARGEN,Acute Bloody Diarrhea,18.0,0.0
2025-09-01,SOCCSKSARGEN,Acute Bloody Diarrhea,27.0,0.0
2025-10-01,SOCCSKSARGEN,Acute Bloody Diarrhea,20.0,0.0
2025-11-01,SOCCSKSARGEN,Acute Bloody Diarrhea,15.0,0.0
2025-12-01,SOCCSKSARGEN,Acute Bloody Diarrhea,14.0,0.0
2026-01-01,SOCCSKSARGEN,Acute Bloody Diarrhea,8.0,0.0
2026-02-01,SOCCSKSARGEN,Acute Bloody Diarrhea,7.0,0.0
2026-03-01,SOCCSKSARGEN,Acute Bloody Diarrhea,19.0,0.0
2026-04-01,SOCCSKSARGEN,Acute Bloody Diarrhea,24.0,0.0
2026-05-01,SOCCSKSARGEN,Acute Bloody Diarrhea,24.0,0.0
2026-06-01,SOCCSKSARGEN,Acute Bloody Diarrhea,22.0,0.0
2026-07-01,SOCCSKSARGEN,Acute Bloody Diarrhea,23.0,0.0
2026-08-01,SOCCSKSARGEN,Acute Bloody Diarrhea,29.0,0.0
2026-09-01,SOCCSKSARGEN,Acute Bloody Diarrhea,13.0,0.0
2018-01-01,Western Visayas,Acute Bloody Diarrhea,5.0,0.0
2018-02-01,Western Visayas,Acute Bloody Diarrhea,3.0,0.0
2018-03-01,Western Visayas,Acute Bloody Diarrhea,3.0,0.0
2018-04-01,Western Visayas,Acute Bloody Diarrhea,7.0,0.0
2018-05-01,Western Visayas,Acute Bloody Diarrhea,4.0,0.0
2018-06-01,Western Visayas,Acute Bloody Diarrhea,5.0,0.0
2018-07-01,Western Visayas,Acute Bloody Diarrhea,3.0,0.0
2018-08-01,Western Visayas,Acute Bloody Diarrhea,4.0,0.0
2018-09-01,Western Visayas,Acute Bloody Diarrhea,8.0,0.0
2018-10-01,Western Visayas,Acute Bloody Diarrhea,8.0,0.0
2018-11-01,Western Visayas,Acute Bloody Diarrhea,12.0,0.0
2018-12-01,Western Visayas,Acute Bloody Diarrhea,7.0,0.0
2019-01-01,Western Visayas,Acute Bloody Diarrhea,2.0,0.0
2019-02-01,Western Visayas,Acute Bloody Diarrhea,1.0,0.0
2019-03-01,Western Visayas,Acute Bloody Diarrhea,0.0,0.0
2019-04-01,Western Visayas,Acute Bloody Diarrhea,0.0,0.0
2019-05-01,Western Visayas,Acute Bloody Diarrhea,0.0,0.0
2019-06-01,Western Visayas,Acute Bloody Diarrhea,2.0,0.0
2019-07-01,Western Visayas,Acute Bloody Diarrhea,3.0,0.0
2019-08-01,Western Visayas,Acute Bloody Diarrhea,3.0,0.0
2019-09-01,Western Visayas,Acute Bloody Diarrhea,0.0,0.0
2019-10-01,Western Visayas,Acute Bloody Diarrhea,0.0,0.0
2019-11-01,Western Visayas,Acute Bloody Diarrhea,0.0,0.0
2019-12-01,Western Visayas,Acute Bloody Diarrhea,0.0,0.0
2020-01-01,Western Visayas,Acute Bloody Diarrhea,1.0,0.0
2020-02-01,Western Visayas,Acute Bloody Diarrhea,1.0,0.0
2020-03-01,Western Visayas,Acute Bloody Diarrhea,1.0,0.0
2020-04-01,Western Visayas,Acute Bloody Diarrhea,0.0,0.0
2020-05-01,Western Visayas,Acute Bloody Diarrhea,0.0,0.0
2020-06-01,Western Visayas,Acute Bloody Diarrhea,0.0,0.0
2020-07-01,Western Visayas,Acute Bloody Diarrhea,1.0,0.0
2020-08-01,Western Visayas,Acute Bloody Diarrhea,0.0,0.0
2020-09-01,Western Visayas,Acute Bloody Diarrhea,0.0,0.0
2020-10-01,Western Visayas,Acute Bloody Diarrhea,1.0,0.0
2020-11-01,Western Visayas,Acute Bloody Diarrhea,0.0,0.0
2020-12-01,Western Visayas,Acute Bloody Diarrhea,0.0,0.0
2021-01-01,Western Visayas,Acute Bloody Diarrhea,0.0,0.0
2021-02-01,Western Visayas,Acute Bloody Diarrhea,0.0,0.0
2021-03-01,Western Visayas,Acute Bloody Diarrhea,0.0,0.0
2021-04-01,Western Visayas,Acute Bloody Diarrhea,0.0,0.0
2021-05-01,Western Visayas,Acute Bloody Diarrhea,0.0,0.0
2021-06-01,Western Visayas,Acute Bloody Diarrhea,0.0,0.0
2021-07-01,Western Visayas,Acute Bloody Diarrhea,0.0,0.0
2021-08-01,Western Visayas,Acute Bloody Diarrhea,0.0,0.0
2021-09-01,Western Visayas,Acute Bloody Diarrhea,0.0,0.0
2021-10-01,Western Visayas,Acute Bloody Diarrhea,0.0,0.0
2021-11-01,Western Visayas,Acute Bloody Diarrhea,0.0,0.0
2021-12-01,Western Visayas,Acute Bloody Diarrhea,0.0,0.0
2022-01-01,Western Visayas,Acute Bloody Diarrhea,0.0,0.0
2022-02-01,Western Visayas,Acute Bloody Diarrhea,0.0,0.0
2022-03-01,Western Visayas,Acute Bloody Diarrhea,0.0,0.0
2022-04-01,Western Visayas,Acute Bloody Diarrhea,0.0,0.0
2022-05-01,Western Visayas,Acute Bloody Diarrhea,0.0,0.0
2022-06-01,Western Visayas,Acute Bloody Diarrhea,0.0,0.0
2022-07-01,Western Visayas,Acute Bloody Diarrhea,1.0,0.0
2022-08-01,Western Visayas,Acute Bloody Diarrhea,0.0,0.0
2022-09-01,Western Visayas,Acute Bloody Diarrhea,0.0,0.0
2022-10-01,Western Visayas,Acute Bloody Diarrhea,0.0,0.0
2022-11-01,Western Visayas,Acute Bloody Diarrhea,0.0,0.0
2022-12-01,Western Visayas,Acute Bloody Diarrhea,0.0,0.0
2023-01-01,Western Visayas,Acute Bloody Diarrhea,0.0,0.0
2023-02-01,Western Visayas,Acute Bloody Diarrhea,0.0,0.0
2023-03-01,Western Visayas,Acute Bloody Diarrhea,0.0,0.0
2023-04-01,Western Visayas,Acute Bloody Diarrhea,0.0,0.0
2023-05-01,Western Visayas,Acute Bloody Diarrhea,1.0,0.0
2023-06-01,Western Visayas,Acute Bloody Diarrhea,0.0,0.0
2023-07-01,Western Visayas,Acute Bloody Diarrhea,1.0,0.0
2023-08-01,Western Visayas,Acute Bloody Diarrhea,0.0,0.0
2023-09-01,Western Visayas,Acute Bloody Diarrhea,0.0,0.0
2023-10-01,Western Visayas,Acute Bloody Diarrhea,0.0,0.0
2023-11-01,Western Visayas,Acute Bloody Diarrhea,0.0,0.0
2023-12-01,Western Visayas,Acute Bloody Diarrhea,0.0,0.0
2024-01-01,Western Visayas,Acute Bloody Diarrhea,1.0,0.0
2024-02-01,Western Visayas,Acute Bloody Diarrhea,1.0,0.0
2024-03-01,Western Visayas,Acute Bloody Diarrhea,2.0,0.0
2024-04-01,Western Visayas,Acute Bloody Diarrhea,0.0,0.0
2024-05-01,Western Visayas,Acute Bloody Diarrhea,0.0,0.0
2024-06-01,Western Visayas,Acute Bloody Diarrhea,0.0,0.0
2024-07-01,Western Visayas,Acute Bloody Diarrhea,0.0,0.0
2024-08-01,Western Visayas,Acute Bloody Diarrhea,0.0,0.0
2024-09-01,Western Visayas,Acute Bloody Diarrhea,0.0,0.0
2024-10-01,Western Visayas,Acute Bloody Diarrhea,0.0,0.0
2024-11-01,Western Visayas,Acute Bloody Diarrhea,0.0,0.0
2024-12-01,Western Visayas,Acute Bloody Diarrhea,0.0,0.0
2025-01-01,Western Visayas,Acute Bloody Diarrhea,0.0,0.0
2025-02-01,Western Visayas,Acute Bloody Diarrhea,1.0,0.0
2025-03-01,Western Visayas,Acute Bloody Diarrhea,0.0,0.0
2025-04-01,Western Visayas,Acute Bloody Diarrhea,0.0,0.0
2025-05-01,Western Visayas,Acute Bloody Diarrhea,0.0,0.0
2025-06-01,Western Visayas,Acute Bloody Diarrhea,0.0,0.0
2025-07-01,Western Visayas,Acute Bloody Diarrhea,0.0,0.0
2025-08-01,Western Visayas,Acute Bloody Diarrhea,0.0,0.0
2025-09-01,Western Visayas,Acute Bloody Diarrhea,0.0,0.0
2025-10-01,Western Visayas,Acute Bloody Diarrhea,1.0,0.0
2025-11-01,Western Visayas,Acute Bloody Diarrhea,0.0,0.0
2025-12-01,Western Visayas,Acute Bloody Diarrhea,0.0,0.0
2026-01-01,Western Visayas,Acute Bloody Diarrhea,3.0,0.0
2026-02-01,Western Visayas,Acute Bloody Diarrhea,1.0,0.0
2026-03-01,Western Visayas,Acute Bloody Diarrhea,1.0,0.0
2026-04-01,Western Visayas,Acute Bloody Diarrhea,1.0,0.0
2026-05-01,Western Visayas,Acute Bloody Diarrhea,0.0,0.0
2026-06-01,Western Visayas,Acute Bloody Diarrhea,1.0,0.0
2026-07-01,Western Visayas,Acute Bloody Diarrhea,2.0,0.0
2018-01-01,Zamboanga Peninsula,Acute Bloody Diarrhea,412.0,0.0
2018-02-01,Zamboanga Peninsula,Acute Bloody Diarrhea,319.0,0.0
2018-03-01,Zamboanga Peninsula,Acute Bloody Diarrhea,184.0,0.0
2018-04-01,Zamboanga Peninsula,Acute Bloody Diarrhea,219.0,0.0
2018-05-01,Zamboanga Peninsula,Acute Bloody Diarrhea,138.0,0.0
2018-06-01,Zamboanga Peninsula,Acute Bloody Diarrhea,82.0,0.0
2018-07-01,Zamboanga Peninsula,Acute Bloody Diarrhea,146.0,0.0
2018-08-01,Zamboanga Peninsula,Acute Bloody Diarrhea,285.0,1.0
2018-09-01,Zamboanga Peninsula,Acute Bloody Diarrhea,214.0,0.0
2018-10-01,Zamboanga Peninsula,Acute Bloody Diarrhea,225.0,0.0
2018-11-01,Zamboanga Peninsula,Acute Bloody Diarrhea,224.0,0.0
2018-12-01,Zamboanga Peninsula,Acute Bloody Diarrhea,148.0,0.0
2019-01-01,Zamboanga Peninsula,Acute Bloody Diarrhea,260.0,0.0
2019-02-01,Zamboanga Peninsula,Acute Bloody Diarrhea,136.0,0.0
2019-03-01,Zamboanga Peninsula,Acute Bloody Diarrhea,275.0,1.0
2019-04-01,Zamboanga Peninsula,Acute Bloody Diarrhea,212.0,1.0
2019-05-01,Zamboanga Peninsula,Acute Bloody Diarrhea,163.0,0.0
2019-06-01,Zamboanga Peninsula,Acute Bloody Diarrhea,199.0,0.0
2019-07-01,Zamboanga Peninsula,Acute Bloody Diarrhea,256.0,0.0
2019-08-01,Zamboanga Peninsula,Acute Bloody Diarrhea,260.0,0.0
2019-09-01,Zamboanga Peninsula,Acute Bloody Diarrhea,193.0,0.0
2019-10-01,Zamboanga Peninsula,Acute Bloody Diarrhea,196.0,0.0
2019-11-01,Zamboanga Peninsula,Acute Bloody Diarrhea,197.0,0.0
2019-12-01,Zamboanga Peninsula,Acute Bloody Diarrhea,163.0,0.0
2020-01-01,Zamboanga Peninsula,Acute Bloody Diarrhea,211.0,0.0
2020-02-01,Zamboanga Peninsula,Acute Bloody Diarrhea,157.0,1.0
2020-03-01,Zamboanga Peninsula,Acute Bloody Diarrhea,122.0,1.0
2020-04-01,Zamboanga Peninsula,Acute Bloody Diarrhea,66.0,0.0
2020-05-01,Zamboanga Peninsula,Acute Bloody Diarrhea,63.0,1.0
2020-06-01,Zamboanga Peninsula,Acute Bloody Diarrhea,60.0,0.0
2020-07-01,Zamboanga Peninsula,Acute Bloody Diarrhea,46.0,0.0
2020-08-01,Zamboanga Peninsula,Acute Bloody Diarrhea,68.0,0.0
2020-09-01,Zamboanga Peninsula,Acute Bloody Diarrhea,46.0,0.0
2020-10-01,Zamboanga Peninsula,Acute Bloody Diarrhea,56.0,0.0
2020-11-01,Zamboanga Peninsula,Acute Bloody Diarrhea,37.0,0.0
2020-12-01,Zamboanga Peninsula,Acute Bloody Diarrhea,51.0,0.0
2021-01-01,Zamboanga Peninsula,Acute Bloody Diarrhea,48.0,0.0
2021-02-01,Zamboanga Peninsula,Acute Bloody Diarrhea,73.0,0.0
2021-03-01,Zamboanga Peninsula,Acute Bloody Diarrhea,73.0,0.0
2021-04-01,Zamboanga Peninsula,Acute Bloody Diarrhea,78.0,0.0
2021-05-01,Zamboanga Peninsula,Acute Bloody Diarrhea,44.0,1.0
2021-06-01,Zamboanga Peninsula,Acute Bloody Diarrhea,33.0,0.0
2021-07-01,Zamboanga Peninsula,Acute Bloody Diarrhea,48.0,0.0
2021-08-01,Zamboanga Peninsula,Acute Bloody Diarrhea,46.0,0.0
2021-09-01,Zamboanga Peninsula,Acute Bloody Diarrhea,33.0,0.0
2021-10-01,Zamboanga Peninsula,Acute Bloody Diarrhea,32.0,0.0
2021-11-01,Zamboanga Peninsula,Acute Bloody Diarrhea,40.0,0.0
2021-12-01,Zamboanga Peninsula,Acute Bloody Diarrhea,40.0,0.0
2022-01-01,Zamboanga Peninsula,Acute Bloody Diarrhea,63.0,0.0
2022-02-01,Zamboanga Peninsula,Acute Bloody Diarrhea,72.0,0.0
2022-03-01,Zamboanga Peninsula,Acute Bloody Diarrhea,106.0,0.0
2022-04-01,Zamboanga Peninsula,Acute Bloody Diarrhea,135.0,1.0
2022-05-01,Zamboanga Peninsula,Acute Bloody Diarrhea,175.0,2.0
2022-06-01,Zamboanga Peninsula,Acute Bloody Diarrhea,159.0,0.0
2022-07-01,Zamboanga Peninsula,Acute Bloody Diarrhea,237.0,0.0
2022-08-01,Zamboanga Peninsula,Acute Bloody Diarrhea,169.0,1.0
2022-09-01,Zamboanga Peninsula,Acute Bloody Diarrhea,150.0,0.0
2022-10-01,Zamboanga Peninsula,Acute Bloody Diarrhea,153.0,0.0
2022-11-01,Zamboanga Peninsula,Acute Bloody Diarrhea,250.0,1.0
2022-12-01,Zamboanga Peninsula,Acute Bloody Diarrhea,143.0,0.0
2023-01-01,Zamboanga Peninsula,Acute Bloody Diarrhea,233.0,1.0
2023-02-01,Zamboanga Peninsula,Acute Bloody Diarrhea,258.0,0.0
2023-03-01,Zamboanga Peninsula,Acute Bloody Diarrhea,238.0,0.0
2023-04-01,Zamboanga Peninsula,Acute Bloody Diarrhea,197.0,0.0
2023-05-01,Zamboanga Peninsula,Acute Bloody Diarrhea,203.0,0.0
2023-06-01,Zamboanga Peninsula,Acute Bloody Diarrhea,113.0,0.0
2023-07-01,Zamboanga Peninsula,Acute Bloody Diarrhea,117.0,0.0
2023-08-01,Zamboanga Peninsula,Acute Bloody Diarrhea,88.0,0.0
2023-09-01,Zamboanga Peninsula,Acute Bloody Diarrhea,74.0,1.0
2023-10-01,Zamboanga Peninsula,Acute Bloody Diarrhea,98.0,0.0
2023-11-01,Zamboanga Peninsula,Acute Bloody Diarrhea,109.0,1.0
2023-12-01,Zamboanga Peninsula,Acute Bloody Diarrhea,47.0,0.0
2024-01-01,Zamboanga Peninsula,Acute Bloody Diarrhea,80.0,0.0
2024-02-01,Zamboanga Peninsula,Acute Bloody Diarrhea,76.0,0.0
2024-03-01,Zamboanga Peninsula,Acute Bloody Diarrhea,204.0,0.0
2024-04-01,Zamboanga Peninsula,Acute Bloody Diarrhea,211.0,0.0
2024-05-01,Zamboanga Peninsula,Acute Bloody Diarrhea,210.0,0.0
2024-06-01,Zamboanga Peninsula,Acute Bloody Diarrhea,201.0,0.0
2024-07-01,Zamboanga Peninsula,Acute Bloody Diarrhea,196.0,0.0
2024-08-01,Zamboanga Peninsula,Acute Bloody Diarrhea,160.0,0.0
2024-09-01,Zamboanga Peninsula,Acute Bloody Diarrhea,196.0,1.0
2024-10-01,Zamboanga Peninsula,Acute Bloody Diarrhea,176.0,0.0
2024-11-01,Zamboanga Peninsula,Acute Bloody Diarrhea,179.0,1.0
2024-12-01,Zamboanga Peninsula,Acute Bloody Diarrhea,169.0,0.0
2025-01-01,Zamboanga Peninsula,Acute Bloody Diarrhea,268.0,1.0
2025-02-01,Zamboanga Peninsula,Acute Bloody Diarrhea,233.0,0.0
2025-03-01,Zamboanga Peninsula,Acute Bloody Diarrhea,240.0,0.0
2025-04-01,Zamboanga Peninsula,Acute Bloody Diarrhea,248.0,0.0
2025-05-01,Zamboanga Peninsula,Acute Bloody Diarrhea,337.0,0.0
2025-06-01,Zamboanga Peninsula,Acute Bloody Diarrhea,370.0,0.0
2025-07-01,Zamboanga Peninsula,Acute Bloody Diarrhea,365.0,1.0
2025-08-01,Zamboanga Peninsula,Acute Bloody Diarrhea,230.0,0.0
2025-09-01,Zamboanga Peninsula,Acute Bloody Diarrhea,214.0,0.0
2025-10-01,Zamboanga Peninsula,Acute Bloody Diarrhea,129.0,0.0
2025-11-01,Zamboanga Peninsula,Acute Bloody Diarrhea,28.0,0.0
2025-12-01,Zamboanga Peninsula,Acute Bloody Diarrhea,45.0,0.0
2026-01-01,Zamboanga Peninsula,Acute Bloody Diarrhea,220.0,0.0
2026-02-01,Zamboanga Peninsula,Acute Bloody Diarrhea,218.0,0.0
2026-03-01,Zamboanga Peninsula,Acute Bloody Diarrhea,269.0,0.0
2026-04-01,Zamboanga Peninsula,Acute Bloody Diarrhea,226.0,0.0
2026-05-01,Zamboanga Peninsula,Acute Bloody Diarrhea,188.0,0.0
2026-06-01,Zamboanga Peninsula,Acute Bloody Diarrhea,217.0,0.0
2026-07-01,Zamboanga Peninsula,Acute Bloody Diarrhea,125.0,0.0
2026-08-01,Zamboanga Peninsula,Acute Bloody Diarrhea,135.0,0.0
2026-09-01,Zamboanga Peninsula,Acute Bloody Diarrhea,38.0,0.0
2018-02-01,Bangsamoro (BARMM),Acute Viral Hepatitis,1.0,0.0
2018-03-01,Bangsamoro (BARMM),Acute Viral Hepatitis,2.0,0.0
2018-04-01,Bangsamoro (BARMM),Acute Viral Hepatitis,0.0,0.0
2018-05-01,Bangsamoro (BARMM),Acute Viral Hepatitis,0.0,0.0
2018-06-01,Bangsamoro (BARMM),Acute Viral Hepatitis,0.0,0.0
2018-07-01,Bangsamoro (BARMM),Acute Viral Hepatitis,0.0,0.0
2018-08-01,Bangsamoro (BARMM),Acute Viral Hepatitis,0.0,0.0
2018-09-01,Bangsamoro (BARMM),Acute Viral Hepatitis,1.0,0.0
2018-10-01,Bangsamoro (BARMM),Acute Viral Hepatitis,0.0,0.0
2018-11-01,Bangsamoro (BARMM),Acute Viral Hepatitis,1.0,0.0
2018-12-01,Bangsamoro (BARMM),Acute Viral Hepatitis,0.0,0.0
2019-01-01,Bangsamoro (BARMM),Acute Viral Hepatitis,0.0,0.0
2019-02-01,Bangsamoro (BARMM),Acute Viral Hepatitis,1.0,0.0
2019-03-01,Bangsamoro (BARMM),Acute Viral Hepatitis,0.0,0.0
2019-04-01,Bangsamoro (BARMM),Acute Viral Hepatitis,0.0,0.0
2019-05-01,Bangsamoro (BARMM),Acute Viral Hepatitis,1.0,0.0
2019-06-01,Bangsamoro (BARMM),Acute Viral Hepatitis,1.0,0.0
2019-07-01,Bangsamoro (BARMM),Acute Viral Hepatitis,1.0,0.0
2019-08-01,Bangsamoro (BARMM),Acute Viral Hepatitis,0.0,0.0
2019-09-01,Bangsamoro (BARMM),Acute Viral Hepatitis,3.0,0.0
2019-10-01,Bangsamoro (BARMM),Acute Viral Hepatitis,1.0,0.0
2019-11-01,Bangsamoro (BARMM),Acute Viral Hepatitis,2.0,0.0
2019-12-01,Bangsamoro (BARMM),Acute Viral Hepatitis,0.0,0.0
2020-01-01,Bangsamoro (BARMM),Acute Viral Hepatitis,1.0,0.0
2020-02-01,Bangsamoro (BARMM),Acute Viral Hepatitis,3.0,0.0
2020-03-01,Bangsamoro (BARMM),Acute Viral Hepatitis,0.0,0.0
2020-04-01,Bangsamoro (BARMM),Acute Viral Hepatitis,1.0,0.0
2020-05-01,Bangsamoro (BARMM),Acute Viral Hepatitis,1.0,0.0
2020-06-01,Bangsamoro (BARMM),Acute Viral Hepatitis,1.0,0.0
2020-07-01,Bangsamoro (BARMM),Acute Viral Hepatitis,1.0,0.0
2020-08-01,Bangsamoro (BARMM),Acute Viral Hepatitis,0.0,0.0
2020-09-01,Bangsamoro (BARMM),Acute Viral Hepatitis,0.0,0.0
2020-10-01,Bangsamoro (BARMM),Acute Viral Hepatitis,0.0,0.0
2020-11-01,Bangsamoro (BARMM),Acute Viral Hepatitis,0.0,0.0
2020-12-01,Bangsamoro (BARMM),Acute Viral Hepatitis,0.0,0.0
2021-01-01,Bangsamoro (BARMM),Acute Viral Hepatitis,2.0,0.0
2021-02-01,Bangsamoro (BARMM),Acute Viral Hepatitis,0.0,0.0
2021-03-01,Bangsamoro (BARMM),Acute Viral Hepatitis,0.0,0.0
2021-04-01,Bangsamoro (BARMM),Acute Viral Hepatitis,0.0,0.0
2021-05-01,Bangsamoro (BARMM),Acute Viral Hepatitis,0.0,0.0
2021-06-01,Bangsamoro (BARMM),Acute Viral Hepatitis,0.0,0.0
2021-07-01,Bangsamoro (BARMM),Acute Viral Hepatitis,0.0,0.0
2021-08-01,Bangsamoro (BARMM),Acute Viral Hepatitis,0.0,0.0
2021-09-01,Bangsamoro (BARMM),Acute Viral Hepatitis,0.0,0.0
2021-10-01,Bangsamoro (BARMM),Acute Viral Hepatitis,0.0,0.0
2021-11-01,Bangsamoro (BARMM),Acute Viral Hepatitis,0.0,0.0
2021-12-01,Bangsamoro (BARMM),Acute Viral Hepatitis,0.0,0.0
2022-01-01,Bangsamoro (BARMM),Acute Viral Hepatitis,0.0,0.0
2022-02-01,Bangsamoro (BARMM),Acute Viral Hepatitis,0.0,0.0
2022-03-01,Bangsamoro (BARMM),Acute Viral Hepatitis,0.0,0.0
2022-04-01,Bangsamoro (BARMM),Acute Viral Hepatitis,2.0,0.0
2022-05-01,Bangsamoro (BARMM),Acute Viral Hepatitis,1.0,0.0
2022-06-01,Bangsamoro (BARMM),Acute Viral Hepatitis,0.0,0.0
2022-07-01,Bangsamoro (BARMM),Acute Viral Hepatitis,1.0,0.0
2022-08-01,Bangsamoro (BARMM),Acute Viral Hepatitis,0.0,0.0
2022-09-01,Bangsamoro (BARMM),Acute Viral Hepatitis,0.0,0.0
2022-10-01,Bangsamoro (BARMM),Acute Viral Hepatitis,1.0,0.0
2022-11-01,Bangsamoro (BARMM),Acute Viral Hepatitis,1.0,1.0
2022-12-01,Bangsamoro (BARMM),Acute Viral Hepatitis,2.0,0.0
2023-01-01,Bangsamoro (BARMM),Acute Viral Hepatitis,3.0,0.0
2023-02-01,Bangsamoro (BARMM),Acute Viral Hepatitis,1.0,0.0
2023-03-01,Bangsamoro (BARMM),Acute Viral Hepatitis,0.0,0.0
2023-04-01,Bangsamoro (BARMM),Acute Viral Hepatitis,0.0,0.0
2023-05-01,Bangsamoro (BARMM),Acute Viral Hepatitis,1.0,0.0
2018-01-01,Bicol Region,Acute Viral Hepatitis,1.0,0.0
2018-02-01,Bicol Region,Acute Viral Hepatitis,0.0,0.0
2018-03-01,Bicol Region,Acute Viral Hepatitis,1.0,0.0
2018-04-01,Bicol Region,Acute Viral Hepatitis,0.0,0.0
2018-05-01,Bicol Region,Acute Viral Hepatitis,0.0,0.0
2018-06-01,Bicol Region,Acute Viral Hepatitis,0.0,0.0
2018-07-01,Bicol Region,Acute Viral Hepatitis,0.0,0.0
2018-08-01,Bicol Region,Acute Viral Hepatitis,0.0,0.0
2018-09-01,Bicol Region,Acute Viral Hepatitis,0.0,0.0
2018-10-01,Bicol Region,Acute Viral Hepatitis,0.0,0.0
2018-11-01,Bicol Region,Acute Viral Hepatitis,0.0,0.0
2018-12-01,Bicol Region,Acute Viral Hepatitis,0.0,0.0
2019-01-01,Bicol Region,Acute Viral Hepatitis,1.0,0.0
2019-02-01,Bicol Region,Acute Viral Hepatitis,0.0,0.0
2019-03-01,Bicol Region,Acute Viral Hepatitis,0.0,0.0
2019-04-01,Bicol Region,Acute Viral Hepatitis,0.0,0.0
2019-05-01,Bicol Region,Acute Viral Hepatitis,0.0,0.0
2019-06-01,Bicol Region,Acute Viral Hepatitis,0.0,0.0
2019-07-01,Bicol Region,Acute Viral Hepatitis,0.0,0.0
2019-08-01,Bicol Region,Acute Viral Hepatitis,0.0,0.0
2019-09-01,Bicol Region,Acute Viral Hepatitis,0.0,0.0
2019-10-01,Bicol Region,Acute Viral Hepatitis,0.0,0.0
2019-11-01,Bicol Region,Acute Viral Hepatitis,0.0,0.0
2019-12-01,Bicol Region,Acute Viral Hepatitis,0.0,0.0
2020-01-01,Bicol Region,Acute Viral Hepatitis,0.0,0.0
2020-02-01,Bicol Region,Acute Viral Hepatitis,0.0,0.0
2020-03-01,Bicol Region,Acute Viral Hepatitis,0.0,0.0
2020-04-01,Bicol Region,Acute Viral Hepatitis,0.0,0.0
2020-05-01,Bicol Region,Acute Viral Hepatitis,0.0,0.0
2020-06-01,Bicol Region,Acute Viral Hepatitis,0.0,0.0
2020-07-01,Bicol Region,Acute Viral Hepatitis,0.0,0.0
2020-08-01,Bicol Region,Acute Viral Hepatitis,0.0,0.0
2020-09-01,Bicol Region,Acute Viral Hepatitis,0.0,0.0
2020-10-01,Bicol Region,Acute Viral Hepatitis,0.0,0.0
2020-11-01,Bicol Region,Acute Viral Hepatitis,0.0,0.0
2020-12-01,Bicol Region,Acute Viral Hepatitis,0.0,0.0
2021-01-01,Bicol Region,Acute Viral Hepatitis,1.0,0.0
2021-02-01,Bicol Region,Acute Viral Hepatitis,0.0,0.0
2021-03-01,Bicol Region,Acute Viral Hepatitis,0.0,0.0
2021-04-01,Bicol Region,Acute Viral Hepatitis,0.0,0.0
2021-05-01,Bicol Region,Acute Viral Hepatitis,0.0,0.0
2021-06-01,Bicol Region,Acute Viral Hepatitis,0.0,0.0
2021-07-01,Bicol Region,Acute Viral Hepatitis,0.0,0.0
2021-08-01,Bicol Region,Acute Viral Hepatitis,0.0,0.0
2021-09-01,Bicol Region,Acute Viral Hepatitis,0.0,0.0
2021-10-01,Bicol Region,Acute Viral Hepatitis,0.0,0.0
2021-11-01,Bicol Region,Acute Viral Hepatitis,0.0,0.0
2021-12-01,Bicol Region,Acute Viral Hepatitis,0.0,0.0
2022-01-01,Bicol Region,Acute Viral Hepatitis,0.0,0.0
2022-02-01,Bicol Region,Acute Viral Hepatitis,0.0,0.0
2022-03-01,Bicol Region,Acute Viral Hepatitis,2.0,0.0
2022-04-01,Bicol Region,Acute Viral Hepatitis,0.0,0.0
2022-05-01,Bicol Region,Acute Viral Hepatitis,0.0,0.0
2022-06-01,Bicol Region,Acute Viral Hepatitis,0.0,0.0
2022-07-01,Bicol Region,Acute Viral Hepatitis,0.0,0.0
2022-08-01,Bicol Region,Acute Viral Hepatitis,0.0,0.0
2022-09-01,Bicol Region,Acute Viral Hepatitis,0.0,0.0
2022-10-01,Bicol Region,Acute Viral Hepatitis,0.0,0.0
2022-11-01,Bicol Region,Acute Viral Hepatitis,0.0,0.0
2022-12-01,Bicol Region,Acute Viral Hepatitis,0.0,0.0
2023-01-01,Bicol Region,Acute Viral Hepatitis,0.0,0.0
2023-02-01,Bicol Region,Acute Viral Hepatitis,0.0,0.0
2023-03-01,Bicol Region,Acute Viral Hepatitis,0.0,0.0
2023-04-01,Bicol Region,Acute Viral Hepatitis,0.0,0.0
2023-05-01,Bicol Region,Acute Viral Hepatitis,0.0,0.0
2023-06-01,Bicol Region,Acute Viral Hepatitis,0.0,0.0
2023-07-01,Bicol Region,Acute Viral Hepatitis,0.0,0.0
2023-08-01,Bicol Region,Acute Viral Hepatitis,0.0,0.0
2023-09-01,Bicol Region,Acute Viral Hepatitis,0.0,0.0
2023-10-01,Bicol Region,Acute Viral Hepatitis,0.0,0.0
2023-11-01,Bicol Region,Acute Viral Hepatitis,0.0,0.0
2023-12-01,Bicol Region,Acute Viral Hepatitis,0.0,0.0
2024-01-01,Bicol Region,Acute Viral Hepatitis,0.0,0.0
2024-02-01,Bicol Region,Acute Viral Hepatitis,1.0,0.0
2018-01-01,CALABARZON,Acute Viral Hepatitis,1.0,0.0
2018-02-01,CALABARZON,Acute Viral Hepatitis,1.0,0.0
2018-03-01,CALABARZON,Acute Viral Hepatitis,3.0,0.0
2018-04-01,CALABARZON,Acute Viral Hepatitis,1.0,0.0
2018-05-01,CALABARZON,Acute Viral Hepatitis,1.0,0.0
2018-06-01,CALABARZON,Acute Viral Hepatitis,3.0,0.0
2018-07-01,CALABARZON,Acute Viral Hepatitis,5.0,0.0
2018-08-01,CALABARZON,Acute Viral Hepatitis,4.0,0.0
2018-09-01,CALABARZON,Acute Viral Hepatitis,2.0,0.0
2018-10-01,CALABARZON,Acute Viral Hepatitis,5.0,0.0
2018-11-01,CALABARZON,Acute Viral Hepatitis,0.0,0.0
2018-12-01,CALABARZON,Acute Viral Hepatitis,5.0,0.0
2019-01-01,CALABARZON,Acute Viral Hepatitis,1.0,0.0
2019-02-01,CALABARZON,Acute Viral Hepatitis,3.0,0.0
2019-03-01,CALABARZON,Acute Viral Hepatitis,1.0,0.0
2019-04-01,CALABARZON,Acute Viral Hepatitis,2.0,0.0
2019-05-01,CALABARZON,Acute Viral Hepatitis,0.0,0.0
2019-06-01,CALABARZON,Acute Viral Hepatitis,1.0,0.0
2019-07-01,CALABARZON,Acute Viral Hepatitis,0.0,0.0
2019-08-01,CALABARZON,Acute Viral Hepatitis,2.0,0.0
2019-09-01,CALABARZON,Acute Viral Hepatitis,5.0,0.0
2019-10-01,CALABARZON,Acute Viral Hepatitis,3.0,0.0
2019-11-01,CALABARZON,Acute Viral Hepatitis,5.0,0.0
2019-12-01,CALABARZON,Acute Viral Hepatitis,0.0,0.0
2020-01-01,CALABARZON,Acute Viral Hepatitis,2.0,0.0
2020-02-01,CALABARZON,Acute Viral Hepatitis,1.0,0.0
2020-03-01,CALABARZON,Acute Viral Hepatitis,0.0,0.0
2020-04-01,CALABARZON,Acute Viral Hepatitis,0.0,0.0
2020-05-01,CALABARZON,Acute Viral Hepatitis,0.0,0.0
2020-06-01,CALABARZON,Acute Viral Hepatitis,1.0,0.0
2020-07-01,CALABARZON,Acute Viral Hepatitis,0.0,0.0
2020-08-01,CALABARZON,Acute Viral Hepatitis,0.0,0.0
2020-09-01,CALABARZON,Acute Viral Hepatitis,0.0,0.0
2020-10-01,CALABARZON,Acute Viral Hepatitis,0.0,0.0
2020-11-01,CALABARZON,Acute Viral Hepatitis,0.0,0.0
2020-12-01,CALABARZON,Acute Viral Hepatitis,0.0,0.0
2021-01-01,CALABARZON,Acute Viral Hepatitis,1.0,0.0
2021-02-01,CALABARZON,Acute Viral Hepatitis,0.0,0.0
2021-03-01,CALABARZON,Acute Viral Hepatitis,0.0,0.0
2021-04-01,CALABARZON,Acute Viral Hepatitis,0.0,0.0
2021-05-01,CALABARZON,Acute Viral Hepatitis,0.0,0.0
2021-06-01,CALABARZON,Acute Viral Hepatitis,0.0,0.0
2021-07-01,CALABARZON,Acute Viral Hepatitis,0.0,0.0
2021-08-01,CALABARZON,Acute Viral Hepatitis,0.0,0.0
2021-09-01,CALABARZON,Acute Viral Hepatitis,0.0,0.0
2021-10-01,CALABARZON,Acute Viral Hepatitis,0.0,0.0
2021-11-01,CALABARZON,Acute Viral Hepatitis,0.0,0.0
2021-12-01,CALABARZON,Acute Viral Hepatitis,0.0,0.0
2022-01-01,CALABARZON,Acute Viral Hepatitis,0.0,0.0
2022-02-01,CALABARZON,Acute Viral Hepatitis,0.0,0.0
2022-03-01,CALABARZON,Acute Viral Hepatitis,0.0,0.0
2022-04-01,CALABARZON,Acute Viral Hepatitis,1.0,0.0
2022-05-01,CALABARZON,Acute Viral Hepatitis,0.0,0.0
2022-06-01,CALABARZON,Acute Viral Hepatitis,1.0,0.0
2022-07-01,CALABARZON,Acute Viral Hepatitis,0.0,0.0
2022-08-01,CALABARZON,Acute Viral Hepatitis,2.0,0.0
2022-09-01,CALABARZON,Acute Viral Hepatitis,0.0,0.0
2022-10-01,CALABARZON,Acute Viral Hepatitis,0.0,0.0
2022-11-01,CALABARZON,Acute Viral Hepatitis,1.0,0.0
2022-12-01,CALABARZON,Acute Viral Hepatitis,1.0,0.0
2023-01-01,CALABARZON,Acute Viral Hepatitis,1.0,0.0
2023-02-01,CALABARZON,Acute Viral Hepatitis,0.0,0.0
2023-03-01,CALABARZON,Acute Viral Hepatitis,3.0,0.0
2023-04-01,CALABARZON,Acute Viral Hepatitis,1.0,0.0
2023-05-01,CALABARZON,Acute Viral Hepatitis,0.0,0.0
2023-06-01,CALABARZON,Acute Viral Hepatitis,0.0,0.0
2023-07-01,CALABARZON,Acute Viral Hepatitis,0.0,0.0
2023-08-01,CALABARZON,Acute Viral Hepatitis,0.0,0.0
2023-09-01,CALABARZON,Acute Viral Hepatitis,0.0,0.0
2023-10-01,CALABARZON,Acute Viral Hepatitis,0.0,0.0
2023-11-01,CALABARZON,Acute Viral Hepatitis,0.0,0.0
2023-12-01,CALABARZON,Acute Viral Hepatitis,0.0,0.0
2024-01-01,CALABARZON,Acute Viral Hepatitis,3.0,0.0
2024-02-01,CALABARZON,Acute Viral Hepatitis,4.0,0.0
2024-03-01,CALABARZON,Acute Viral Hepatitis,3.0,0.0
2024-04-01,CALABARZON,Acute Viral Hepatitis,1.0,0.0
2024-05-01,CALABARZON,Acute Viral Hepatitis,1.0,0.0
2024-06-01,CALABARZON,Acute Viral Hepatitis,0.0,0.0
2024-07-01,CALABARZON,Acute Viral Hepatitis,0.0,0.0
2024-08-01,CALABARZON,Acute Viral Hepatitis,0.0,0.0
2024-09-01,CALABARZON,Acute Viral Hepatitis,0.0,0.0
2024-10-01,CALABARZON,Acute Viral Hepatitis,1.0,0.0
2024-11-01,CALABARZON,Acute Viral Hepatitis,0.0,0.0
2024-12-01,CALABARZON,Acute Viral Hepatitis,0.0,0.0
2025-01-01,CALABARZON,Acute Viral Hepatitis,5.0,0.0
2025-02-01,CALABARZON,Acute Viral Hepatitis,0.0,0.0
2025-03-01,CALABARZON,Acute Viral Hepatitis,3.0,0.0
2025-04-01,CALABARZON,Acute Viral Hepatitis,2.0,0.0
2025-05-01,CALABARZON,Acute Viral Hepatitis,0.0,0.0
2025-06-01,CALABARZON,Acute Viral Hepatitis,3.0,0.0
2025-07-01,CALABARZON,Acute Viral Hepatitis,3.0,1.0
2025-08-01,CALABARZON,Acute Viral Hepatitis,2.0,0.0
2018-03-01,Cagayan Valley,Acute Viral Hepatitis,2.0,0.0
2018-04-01,Cagayan Valley,Acute Viral Hepatitis,1.0,0.0
2018-05-01,Cagayan Valley,Acute Viral Hepatitis,2.0,0.0
2018-06-01,Cagayan Valley,Acute Viral Hepatitis,2.0,0.0
2018-07-01,Cagayan Valley,Acute Viral Hepatitis,1.0,0.0
2018-08-01,Cagayan Valley,Acute Viral Hepatitis,1.0,0.0
2018-09-01,Cagayan Valley,Acute Viral Hepatitis,0.0,0.0
2018-10-01,Cagayan Valley,Acute Viral Hepatitis,0.0,0.0
2018-11-01,Cagayan Valley,Acute Viral Hepatitis,0.0,0.0
2018-12-01,Cagayan Valley,Acute Viral Hepatitis,0.0,0.0
2019-01-01,Cagayan Valley,Acute Viral Hepatitis,0.0,0.0
2019-02-01,Cagayan Valley,Acute Viral Hepatitis,0.0,0.0
2019-03-01,Cagayan Valley,Acute Viral Hepatitis,0.0,0.0
2019-04-01,Cagayan Valley,Acute Viral Hepatitis,0.0,0.0
2019-05-01,Cagayan Valley,Acute Viral Hepatitis,0.0,0.0
2019-06-01,Cagayan Valley,Acute Viral Hepatitis,0.0,0.0
2019-07-01,Cagayan Valley,Acute Viral Hepatitis,0.0,0.0
2019-08-01,Cagayan Valley,Acute Viral Hepatitis,2.0,0.0
2019-09-01,Cagayan Valley,Acute Viral Hepatitis,0.0,0.0
2019-10-01,Cagayan Valley,Acute Viral Hepatitis,0.0,0.0
2019-11-01,Cagayan Valley,Acute Viral Hepatitis,1.0,0.0
2019-12-01,Cagayan Valley,Acute Viral Hepatitis,0.0,0.0
2020-01-01,Cagayan Valley,Acute Viral Hepatitis,0.0,0.0
2020-02-01,Cagayan Valley,Acute Viral Hepatitis,0.0,0.0
2020-03-01,Cagayan Valley,Acute Viral Hepatitis,0.0,0.0
2020-04-01,Cagayan Valley,Acute Viral Hepatitis,0.0,0.0
2020-05-01,Cagayan Valley,Acute Viral Hepatitis,0.0,0.0
2020-06-01,Cagayan Valley,Acute Viral Hepatitis,0.0,0.0
2020-07-01,Cagayan Valley,Acute Viral Hepatitis,0.0,0.0
2020-08-01,Cagayan Valley,Acute Viral Hepatitis,0.0,0.0
2020-09-01,Cagayan Valley,Acute Viral Hepatitis,0.0,0.0
2020-10-01,Cagayan Valley,Acute Viral Hepatitis,0.0,0.0
2020-11-01,Cagayan Valley,Acute Viral Hepatitis,0.0,0.0
2020-12-01,Cagayan Valley,Acute Viral Hepatitis,0.0,0.0
2021-01-01,Cagayan Valley,Acute Viral Hepatitis,0.0,0.0
2021-02-01,Cagayan Valley,Acute Viral Hepatitis,0.0,0.0
2021-03-01,Cagayan Valley,Acute Viral Hepatitis,0.0,0.0
2021-04-01,Cagayan Valley,Acute Viral Hepatitis,0.0,0.0
2021-05-01,Cagayan Valley,Acute Viral Hepatitis,0.0,0.0
2021-06-01,Cagayan Valley,Acute Viral Hepatitis,0.0,0.0
2021-07-01,Cagayan Valley,Acute Viral Hepatitis,0.0,0.0
2021-08-01,Cagayan Valley,Acute Viral Hepatitis,0.0,0.0
2021-09-01,Cagayan Valley,Acute Viral Hepatitis,0.0,0.0
2021-10-01,Cagayan Valley,Acute Viral Hepatitis,0.0,0.0
2021-11-01,Cagayan Valley,Acute Viral Hepatitis,0.0,0.0
2021-12-01,Cagayan Valley,Acute Viral Hepatitis,0.0,0.0
2022-01-01,Cagayan Valley,Acute Viral Hepatitis,0.0,0.0
2022-02-01,Cagayan Valley,Acute Viral Hepatitis,1.0,0.0
2022-03-01,Cagayan Valley,Acute Viral Hepatitis,0.0,0.0
2022-04-01,Cagayan Valley,Acute Viral Hepatitis,0.0,0.0
2022-05-01,Cagayan Valley,Acute Viral Hepatitis,0.0,0.0
2022-06-01,Cagayan Valley,Acute Viral Hepatitis,0.0,0.0
2022-07-01,Cagayan Valley,Acute Viral Hepatitis,0.0,0.0
2022-08-01,Cagayan Valley,Acute Viral Hepatitis,0.0,0.0
2022-09-01,Cagayan Valley,Acute Viral Hepatitis,0.0,0.0
2022-10-01,Cagayan Valley,Acute Viral Hepatitis,0.0,0.0
2022-11-01,Cagayan Valley,Acute Viral Hepatitis,0.0,0.0
2022-12-01,Cagayan Valley,Acute Viral Hepatitis,0.0,0.0
2023-01-01,Cagayan Valley,Acute Viral Hepatitis,0.0,0.0
2023-02-01,Cagayan Valley,Acute Viral Hepatitis,0.0,0.0
2023-03-01,Cagayan Valley,Acute Viral Hepatitis,0.0,0.0
2023-04-01,Cagayan Valley,Acute Viral Hepatitis,0.0,0.0
2023-05-01,Cagayan Valley,Acute Viral Hepatitis,0.0,0.0
2023-06-01,Cagayan Valley,Acute Viral Hepatitis,0.0,0.0
2023-07-01,Cagayan Valley,Acute Viral Hepatitis,0.0,0.0
2023-08-01,Cagayan Valley,Acute Viral Hepatitis,0.0,0.0
2023-09-01,Cagayan Valley,Acute Viral Hepatitis,1.0,0.0
2023-10-01,Cagayan Valley,Acute Viral Hepatitis,0.0,0.0
2023-11-01,Cagayan Valley,Acute Viral Hepatitis,0.0,0.0
2023-12-01,Cagayan Valley,Acute Viral Hepatitis,0.0,0.0
2024-01-01,Cagayan Valley,Acute Viral Hepatitis,3.0,0.0
2018-02-01,Caraga,Acute Viral Hepatitis,1.0,0.0
2018-03-01,Caraga,Acute Viral Hepatitis,0.0,0.0
2018-04-01,Caraga,Acute Viral Hepatitis,3.0,0.0
2018-05-01,Caraga,Acute Viral Hepatitis,0.0,0.0
2018-06-01,Caraga,Acute Viral Hepatitis,2.0,0.0
2018-07-01,Caraga,Acute Viral Hepatitis,3.0,0.0
2018-08-01,Caraga,Acute Viral Hepatitis,3.0,0.0
2018-09-01,Caraga,Acute Viral Hepatitis,1.0,0.0
2018-10-01,Caraga,Acute Viral Hepatitis,3.0,0.0
2018-11-01,Caraga,Acute Viral Hepatitis,0.0,0.0
2018-12-01,Caraga,Acute Viral Hepatitis,1.0,0.0
2019-01-01,Caraga,Acute Viral Hepatitis,0.0,0.0
2019-02-01,Caraga,Acute Viral Hepatitis,0.0,0.0
2019-03-01,Caraga,Acute Viral Hepatitis,0.0,0.0
2019-04-01,Caraga,Acute Viral Hepatitis,1.0,0.0
2019-05-01,Caraga,Acute Viral Hepatitis,0.0,0.0
2019-06-01,Caraga,Acute Viral Hepatitis,0.0,0.0
2019-07-01,Caraga,Acute Viral Hepatitis,2.0,0.0
2019-08-01,Caraga,Acute Viral Hepatitis,0.0,0.0
2019-09-01,Caraga,Acute Viral Hepatitis,1.0,0.0
2019-10-01,Caraga,Acute Viral Hepatitis,0.0,0.0
2019-11-01,Caraga,Acute Viral Hepatitis,3.0,0.0
2019-12-01,Caraga,Acute Viral Hepatitis,0.0,0.0
2020-01-01,Caraga,Acute Viral Hepatitis,4.0,0.0
2020-02-01,Caraga,Acute Viral Hepatitis,0.0,0.0
2020-03-01,Caraga,Acute Viral Hepatitis,0.0,0.0
2020-04-01,Caraga,Acute Viral Hepatitis,1.0,0.0
2020-05-01,Caraga,Acute Viral Hepatitis,1.0,0.0
2020-06-01,Caraga,Acute Viral Hepatitis,0.0,0.0
2020-07-01,Caraga,Acute Viral Hepatitis,1.0,0.0
2020-08-01,Caraga,Acute Viral Hepatitis,1.0,0.0
2020-09-01,Caraga,Acute Viral Hepatitis,0.0,0.0
2020-10-01,Caraga,Acute Viral Hepatitis,1.0,0.0
2020-11-01,Caraga,Acute Viral Hepatitis,0.0,0.0
2020-12-01,Caraga,Acute Viral Hepatitis,0.0,0.0
2021-01-01,Caraga,Acute Viral Hepatitis,0.0,0.0
2021-02-01,Caraga,Acute Viral Hepatitis,1.0,0.0
2021-03-01,Caraga,Acute Viral Hepatitis,1.0,0.0
2021-04-01,Caraga,Acute Viral Hepatitis,0.0,0.0
2021-05-01,Caraga,Acute Viral Hepatitis,0.0,0.0
2021-06-01,Caraga,Acute Viral Hepatitis,0.0,0.0
2021-07-01,Caraga,Acute Viral Hepatitis,1.0,0.0
2021-08-01,Caraga,Acute Viral Hepatitis,2.0,0.0
2021-09-01,Caraga,Acute Viral Hepatitis,0.0,0.0
2021-10-01,Caraga,Acute Viral Hepatitis,0.0,0.0
2021-11-01,Caraga,Acute Viral Hepatitis,0.0,0.0
2021-12-01,Caraga,Acute Viral Hepatitis,0.0,0.0
2022-01-01,Caraga,Acute Viral Hepatitis,0.0,0.0
2022-02-01,Caraga,Acute Viral Hepatitis,1.0,0.0
2022-03-01,Caraga,Acute Viral Hepatitis,0.0,0.0
2022-04-01,Caraga,Acute Viral Hepatitis,0.0,0.0
2022-05-01,Caraga,Acute Viral Hepatitis,1.0,0.0
2022-06-01,Caraga,Acute Viral Hepatitis,2.0,1.0
2022-07-01,Caraga,Acute Viral Hepatitis,1.0,0.0
2022-08-01,Caraga,Acute Viral Hepatitis,1.0,0.0
2022-09-01,Caraga,Acute Viral Hepatitis,0.0,0.0
2022-10-01,Caraga,Acute Viral Hepatitis,0.0,0.0
2022-11-01,Caraga,Acute Viral Hepatitis,0.0,0.0
2022-12-01,Caraga,Acute Viral Hepatitis,0.0,0.0
2023-01-01,Caraga,Acute Viral Hepatitis,1.0,0.0
2023-02-01,Caraga,Acute Viral Hepatitis,0.0,0.0
2023-03-01,Caraga,Acute Viral Hepatitis,0.0,0.0
2023-04-01,Caraga,Acute Viral Hepatitis,0.0,0.0
2023-05-01,Caraga,Acute Viral Hepatitis,0.0,0.0
2023-06-01,Caraga,Acute Viral Hepatitis,0.0,0.0
2023-07-01,Caraga,Acute Viral Hepatitis,0.0,0.0
2023-08-01,Caraga,Acute Viral Hepatitis,0.0,0.0
2023-09-01,Caraga,Acute Viral Hepatitis,0.0,0.0
2023-10-01,Caraga,Acute Viral Hepatitis,0.0,0.0
2023-11-01,Caraga,Acute Viral Hepatitis,0.0,0.0
2023-12-01,Caraga,Acute Viral Hepatitis,0.0,0.0
2024-01-01,Caraga,Acute Viral Hepatitis,0.0,0.0
2024-02-01,Caraga,Acute Viral Hepatitis,0.0,0.0
2024-03-01,Caraga,Acute Viral Hepatitis,0.0,0.0
2024-04-01,Caraga,Acute Viral Hepatitis,0.0,0.0
2024-05-01,Caraga,Acute Viral Hepatitis,0.0,0.0
2024-06-01,Caraga,Acute Viral Hepatitis,0.0,0.0
2024-07-01,Caraga,Acute Viral Hepatitis,0.0,0.0
2024-08-01,Caraga,Acute Viral Hepatitis,0.0,0.0
2024-09-01,Caraga,Acute Viral Hepatitis,0.0,0.0
2024-10-01,Caraga,Acute Viral Hepatitis,0.0,0.0
2024-11-01,Caraga,Acute Viral Hepatitis,0.0,0.0
2024-12-01,Caraga,Acute Viral Hepatitis,0.0,0.0
2025-01-01,Caraga,Acute Viral Hepatitis,0.0,0.0
2025-02-01,Caraga,Acute Viral Hepatitis,0.0,0.0
2025-03-01,Caraga,Acute Viral Hepatitis,0.0,0.0
2025-04-01,Caraga,Acute Viral Hepatitis,0.0,0.0
2025-05-01,Caraga,Acute Viral Hepatitis,1.0,0.0
2018-03-01,Central Luzon,Acute Viral Hepatitis,1.0,0.0
2018-04-01,Central Luzon,Acute Viral Hepatitis,0.0,0.0
2018-05-01,Central Luzon,Acute Viral Hepatitis,1.0,0.0
2018-06-01,Central Luzon,Acute Viral Hepatitis,1.0,0.0
2018-07-01,Central Luzon,Acute Viral Hepatitis,0.0,0.0
2018-08-01,Central Luzon,Acute Viral Hepatitis,0.0,0.0
2018-09-01,Central Luzon,Acute Viral Hepatitis,1.0,0.0
2018-10-01,Central Luzon,Acute Viral Hepatitis,1.0,0.0
2018-11-01,Central Luzon,Acute Viral Hepatitis,0.0,0.0
2018-12-01,Central Luzon,Acute Viral Hepatitis,0.0,0.0
2019-01-01,Central Luzon,Acute Viral Hepatitis,0.0,0.0
2019-02-01,Central Luzon,Acute Viral Hepatitis,0.0,0.0
2019-03-01,Central Luzon,Acute Viral Hepatitis,1.0,0.0
2019-04-01,Central Luzon,Acute Viral Hepatitis,0.0,0.0
2019-05-01,Central Luzon,Acute Viral Hepatitis,0.0,0.0
2019-06-01,Central Luzon,Acute Viral Hepatitis,1.0,0.0
2019-07-01,Central Luzon,Acute Viral Hepatitis,3.0,0.0
2019-08-01,Central Luzon,Acute Viral Hepatitis,0.0,0.0
2019-09-01,Central Luzon,Acute Viral Hepatitis,0.0,0.0
2019-10-01,Central Luzon,Acute Viral Hepatitis,1.0,0.0
2019-11-01,Central Luzon,Acute Viral Hepatitis,1.0,0.0
2019-12-01,Central Luzon,Acute Viral Hepatitis,1.0,0.0
2020-01-01,Central Luzon,Acute Viral Hepatitis,2.0,0.0
2020-02-01,Central Luzon,Acute Viral Hepatitis,0.0,0.0
2020-03-01,Central Luzon,Acute Viral Hepatitis,0.0,0.0
2020-04-01,Central Luzon,Acute Viral Hepatitis,0.0,0.0
2020-05-01,Central Luzon,Acute Viral Hepatitis,0.0,0.0
2020-06-01,Central Luzon,Acute Viral Hepatitis,0.0,0.0
2020-07-01,Central Luzon,Acute Viral Hepatitis,0.0,0.0
2020-08-01,Central Luzon,Acute Viral Hepatitis,0.0,0.0
2020-09-01,Central Luzon,Acute Viral Hepatitis,0.0,0.0
2020-10-01,Central Luzon,Acute Viral Hepatitis,0.0,0.0
2020-11-01,Central Luzon,Acute Viral Hepatitis,0.0,0.0
2020-12-01,Central Luzon,Acute Viral Hepatitis,0.0,0.0
2021-01-01,Central Luzon,Acute Viral Hepatitis,0.0,0.0
2021-02-01,Central Luzon,Acute Viral Hepatitis,0.0,0.0
2021-03-01,Central Luzon,Acute Viral Hepatitis,0.0,0.0
2021-04-01,Central Luzon,Acute Viral Hepatitis,0.0,0.0
2021-05-01,Central Luzon,Acute Viral Hepatitis,0.0,0.0
2021-06-01,Central Luzon,Acute Viral Hepatitis,0.0,0.0
2021-07-01,Central Luzon,Acute Viral Hepatitis,1.0,0.0
2021-08-01,Central Luzon,Acute Viral Hepatitis,0.0,0.0
2021-09-01,Central Luzon,Acute Viral Hepatitis,1.0,0.0
2021-10-01,Central Luzon,Acute Viral Hepatitis,0.0,0.0
2021-11-01,Central Luzon,Acute Viral Hepatitis,0.0,0.0
2021-12-01,Central Luzon,Acute Viral Hepatitis,1.0,0.0
2022-01-01,Central Luzon,Acute Viral Hepatitis,0.0,0.0
2022-02-01,Central Luzon,Acute Viral Hepatitis,0.0,0.0
2022-03-01,Central Luzon,Acute Viral Hepatitis,0.0,0.0
2022-04-01,Central Luzon,Acute Viral Hepatitis,1.0,0.0
2022-05-01,Central Luzon,Acute Viral Hepatitis,0.0,0.0
2022-06-01,Central Luzon,Acute Viral Hepatitis,1.0,0.0
2022-07-01,Central Luzon,Acute Viral Hepatitis,0.0,0.0
2022-08-01,Central Luzon,Acute Viral Hepatitis,0.0,0.0
2022-09-01,Central Luzon,Acute Viral Hepatitis,1.0,0.0
2022-10-01,Central Luzon,Acute Viral Hepatitis,1.0,0.0
2022-11-01,Central Luzon,Acute Viral Hepatitis,1.0,0.0
2022-12-01,Central Luzon,Acute Viral Hepatitis,1.0,0.0
2023-01-01,Central Luzon,Acute Viral Hepatitis,1.0,0.0
2023-02-01,Central Luzon,Acute Viral Hepatitis,1.0,0.0
2023-03-01,Central Luzon,Acute Viral Hepatitis,0.0,0.0
2023-04-01,Central Luzon,Acute Viral Hepatitis,1.0,0.0
2023-05-01,Central Luzon,Acute Viral Hepatitis,2.0,0.0
2023-06-01,Central Luzon,Acute Viral Hepatitis,0.0,0.0
2023-07-01,Central Luzon,Acute Viral Hepatitis,0.0,0.0
2023-08-01,Central Luzon,Acute Viral Hepatitis,0.0,0.0
2023-09-01,Central Luzon,Acute Viral Hepatitis,0.0,0.0
2023-10-01,Central Luzon,Acute Viral Hepatitis,1.0,0.0
2023-11-01,Central Luzon,Acute Viral Hepatitis,0.0,0.0
2023-12-01,Central Luzon,Acute Viral Hepatitis,0.0,0.0
2024-01-01,Central Luzon,Acute Viral Hepatitis,0.0,0.0
2024-02-01,Central Luzon,Acute Viral Hepatitis,1.0,0.0
2024-03-01,Central Luzon,Acute Viral Hepatitis,1.0,0.0
2024-04-01,Central Luzon,Acute Viral Hepatitis,0.0,0.0
2024-05-01,Central Luzon,Acute Viral Hepatitis,2.0,0.0
2024-06-01,Central Luzon,Acute Viral Hepatitis,0.0,0.0
2024-07-01,Central Luzon,Acute Viral Hepatitis,0.0,0.0
2024-08-01,Central Luzon,Acute Viral Hepatitis,0.0,0.0
2024-09-01,Central Luzon,Acute Viral Hepatitis,1.0,0.0
2024-10-01,Central Luzon,Acute Viral Hepatitis,0.0,0.0
2024-11-01,Central Luzon,Acute Viral Hepatitis,0.0,0.0
2024-12-01,Central Luzon,Acute Viral Hepatitis,1.0,0.0
2025-01-01,Central Luzon,Acute Viral Hepatitis,1.0,0.0
2025-02-01,Central Luzon,Acute Viral Hepatitis,0.0,0.0
2025-03-01,Central Luzon,Acute Viral Hepatitis,0.0,0.0
2025-04-01,Central Luzon,Acute Viral Hepatitis,0.0,0.0
2025-05-01,Central Luzon,Acute Viral Hepatitis,1.0,0.0
2025-06-01,Central Luzon,Acute Viral Hepatitis,2.0,0.0
2025-07-01,Central Luzon,Acute Viral Hepatitis,1.0,0.0
2025-08-01,Central Luzon,Acute Viral Hepatitis,0.0,0.0
2025-09-01,Central Luzon,Acute Viral Hepatitis,1.0,0.0
2018-01-01,Central Visayas,Acute Viral Hepatitis,7.0,0.0
2018-02-01,Central Visayas,Acute Viral Hepatitis,11.0,0.0
2018-03-01,Central Visayas,Acute Viral Hepatitis,16.0,0.0
2018-04-01,Central Visayas,Acute Viral Hepatitis,8.0,0.0
2018-05-01,Central Visayas,Acute Viral Hepatitis,7.0,0.0
2018-06-01,Central Visayas,Acute Viral Hepatitis,3.0,0.0
2018-07-01,Central Visayas,Acute Viral Hepatitis,7.0,0.0
2018-08-01,Central Visayas,Acute Viral Hepatitis,6.0,0.0
2018-09-01,Central Visayas,Acute Viral Hepatitis,5.0,0.0
2018-10-01,Central Visayas,Acute Viral Hepatitis,2.0,0.0
2018-11-01,Central Visayas,Acute Viral Hepatitis,0.0,0.0
2018-12-01,Central Visayas,Acute Viral Hepatitis,2.0,0.0
2019-01-01,Central Visayas,Acute Viral Hepatitis,3.0,0.0
2019-02-01,Central Visayas,Acute Viral Hepatitis,3.0,0.0
2019-03-01,Central Visayas,Acute Viral Hepatitis,6.0,1.0
2019-04-01,Central Visayas,Acute Viral Hepatitis,2.0,0.0
2019-05-01,Central Visayas,Acute Viral Hepatitis,2.0,0.0
2019-06-01,Central Visayas,Acute Viral Hepatitis,5.0,0.0
2019-07-01,Central Visayas,Acute Viral Hepatitis,3.0,0.0
2019-08-01,Central Visayas,Acute Viral Hepatitis,2.0,0.0
2019-09-01,Central Visayas,Acute Viral Hepatitis,4.0,0.0
2019-10-01,Central Visayas,Acute Viral Hepatitis,5.0,0.0
2019-11-01,Central Visayas,Acute Viral Hepatitis,4.0,0.0
2019-12-01,Central Visayas,Acute Viral Hepatitis,4.0,0.0
2020-01-01,Central Visayas,Acute Viral Hepatitis,0.0,0.0
2020-02-01,Central Visayas,Acute Viral Hepatitis,1.0,0.0
2020-03-01,Central Visayas,Acute Viral Hepatitis,1.0,0.0
2020-04-01,Central Visayas,Acute Viral Hepatitis,1.0,0.0
2020-05-01,Central Visayas,Acute Viral Hepatitis,1.0,0.0
2020-06-01,Central Visayas,Acute Viral Hepatitis,0.0,0.0
2020-07-01,Central Visayas,Acute Viral Hepatitis,3.0,0.0
2020-08-01,Central Visayas,Acute Viral Hepatitis,1.0,0.0
2020-09-01,Central Visayas,Acute Viral Hepatitis,2.0,0.0
2020-10-01,Central Visayas,Acute Viral Hepatitis,1.0,0.0
2020-11-01,Central Visayas,Acute Viral Hepatitis,2.0,0.0
2020-12-01,Central Visayas,Acute Viral Hepatitis,1.0,0.0
2021-01-01,Central Visayas,Acute Viral Hepatitis,1.0,0.0
2021-02-01,Central Visayas,Acute Viral Hepatitis,1.0,1.0
2021-03-01,Central Visayas,Acute Viral Hepatitis,4.0,1.0
2021-04-01,Central Visayas,Acute Viral Hepatitis,3.0,0.0
2021-05-01,Central Visayas,Acute Viral Hepatitis,3.0,0.0
2021-06-01,Central Visayas,Acute Viral Hepatitis,0.0,0.0
2021-07-01,Central Visayas,Acute Viral Hepatitis,0.0,0.0
2021-08-01,Central Visayas,Acute Viral Hepatitis,1.0,0.0
2021-09-01,Central Visayas,Acute Viral Hepatitis,0.0,0.0
2021-10-01,Central Visayas,Acute Viral Hepatitis,2.0,1.0
2021-11-01,Central Visayas,Acute Viral Hepatitis,1.0,0.0
2021-12-01,Central Visayas,Acute Viral Hepatitis,0.0,0.0
2022-01-01,Central Visayas,Acute Viral Hepatitis,4.0,0.0
2022-02-01,Central Visayas,Acute Viral Hepatitis,0.0,0.0
2022-03-01,Central Visayas,Acute Viral Hepatitis,1.0,0.0
2022-04-01,Central Visayas,Acute Viral Hepatitis,1.0,0.0
2022-05-01,Central Visayas,Acute Viral Hepatitis,1.0,0.0
2022-06-01,Central Visayas,Acute Viral Hepatitis,2.0,0.0
2022-07-01,Central Visayas,Acute Viral Hepatitis,0.0,0.0
2022-08-01,Central Visayas,Acute Viral Hepatitis,1.0,0.0
2022-09-01,Central Visayas,Acute Viral Hepatitis,7.0,0.0
2022-10-01,Central Visayas,Acute Viral Hepatitis,1.0,0.0
2022-11-01,Central Visayas,Acute Viral Hepatitis,4.0,0.0
2022-12-01,Central Visayas,Acute Viral Hepatitis,0.0,0.0
2023-01-01,Central Visayas,Acute Viral Hepatitis,3.0,0.0
2023-02-01,Central Visayas,Acute Viral Hepatitis,1.0,0.0
2023-03-01,Central Visayas,Acute Viral Hepatitis,2.0,0.0
2023-04-01,Central Visayas,Acute Viral Hepatitis,5.0,0.0
2023-05-01,Central Visayas,Acute Viral Hepatitis,2.0,0.0
2023-06-01,Central Visayas,Acute Viral Hepatitis,3.0,0.0
2023-07-01,Central Visayas,Acute Viral Hepatitis,0.0,0.0
2023-08-01,Central Visayas,Acute Viral Hepatitis,2.0,0.0
2023-09-01,Central Visayas,Acute Viral Hepatitis,0.0,0.0
2023-10-01,Central Visayas,Acute Viral Hepatitis,0.0,0.0
2023-11-01,Central Visayas,Acute Viral Hepatitis,0.0,0.0
2023-12-01,Central Visayas,Acute Viral Hepatitis,7.0,0.0
2024-01-01,Central Visayas,Acute Viral Hepatitis,2.0,0.0
2024-02-01,Central Visayas,Acute Viral Hepatitis,0.0,0.0
2024-03-01,Central Visayas,Acute Viral Hepatitis,3.0,0.0
2024-04-01,Central Visayas,Acute Viral Hepatitis,1.0,0.0
2024-05-01,Central Visayas,Acute Viral Hepatitis,1.0,0.0
2024-06-01,Central Visayas,Acute Viral Hepatitis,2.0,0.0
2024-07-01,Central Visayas,Acute Viral Hepatitis,1.0,0.0
2024-08-01,Central Visayas,Acute Viral Hepatitis,2.0,0.0
2024-09-01,Central Visayas,Acute Viral Hepatitis,3.0,0.0
2024-10-01,Central Visayas,Acute Viral Hepatitis,3.0,0.0
2024-11-01,Central Visayas,Acute Viral Hepatitis,1.0,0.0
2024-12-01,Central Visayas,Acute Viral Hepatitis,3.0,0.0
2025-01-01,Central Visayas,Acute Viral Hepatitis,38.0,0.0
2025-02-01,Central Visayas,Acute Viral Hepatitis,14.0,0.0
2025-03-01,Central Visayas,Acute Viral Hepatitis,15.0,0.0
2025-04-01,Central Visayas,Acute Viral Hepatitis,2.0,1.0
2025-05-01,Central Visayas,Acute Viral Hepatitis,3.0,0.0
2025-06-01,Central Visayas,Acute Viral Hepatitis,1.0,0.0
2025-07-01,Central Visayas,Acute Viral Hepatitis,3.0,0.0
2025-08-01,Central Visayas,Acute Viral Hepatitis,4.0,0.0
2025-09-01,Central Visayas,Acute Viral Hepatitis,3.0,0.0
2018-02-01,Cordillera Administrative Region,Acute Viral Hepatitis,4.0,0.0
2018-03-01,Cordillera Administrative Region,Acute Viral Hepatitis,0.0,0.0
2018-04-01,Cordillera Administrative Region,Acute Viral Hepatitis,2.0,0.0
2018-05-01,Cordillera Administrative Region,Acute Viral Hepatitis,0.0,0.0
2018-06-01,Cordillera Administrative Region,Acute Viral Hepatitis,1.0,0.0
2018-07-01,Cordillera Administrative Region,Acute Viral Hepatitis,0.0,0.0
2018-08-01,Cordillera Administrative Region,Acute Viral Hepatitis,0.0,0.0
2018-09-01,Cordillera Administrative Region,Acute Viral Hepatitis,0.0,0.0
2018-10-01,Cordillera Administrative Region,Acute Viral Hepatitis,0.0,0.0
2018-11-01,Cordillera Administrative Region,Acute Viral Hepatitis,0.0,0.0
2018-12-01,Cordillera Administrative Region,Acute Viral Hepatitis,0.0,0.0
2019-01-01,Cordillera Administrative Region,Acute Viral Hepatitis,0.0,0.0
2019-02-01,Cordillera Administrative Region,Acute Viral Hepatitis,0.0,0.0
2019-03-01,Cordillera Administrative Region,Acute Viral Hepatitis,0.0,0.0
2019-04-01,Cordillera Administrative Region,Acute Viral Hepatitis,1.0,0.0
2019-05-01,Cordillera Administrative Region,Acute Viral Hepatitis,1.0,0.0
2019-06-01,Cordillera Administrative Region,Acute Viral Hepatitis,0.0,0.0
2019-07-01,Cordillera Administrative Region,Acute Viral Hepatitis,0.0,0.0
2019-08-01,Cordillera Administrative Region,Acute Viral Hepatitis,0.0,0.0
2019-09-01,Cordillera Administrative Region,Acute Viral Hepatitis,0.0,0.0
2019-10-01,Cordillera Administrative Region,Acute Viral Hepatitis,0.0,0.0
2019-11-01,Cordillera Administrative Region,Acute Viral Hepatitis,0.0,0.0
2019-12-01,Cordillera Administrative Region,Acute Viral Hepatitis,0.0,0.0
2020-01-01,Cordillera Administrative Region,Acute Viral Hepatitis,1.0,0.0
2020-02-01,Cordillera Administrative Region,Acute Viral Hepatitis,0.0,0.0
2020-03-01,Cordillera Administrative Region,Acute Viral Hepatitis,0.0,0.0
2020-04-01,Cordillera Administrative Region,Acute Viral Hepatitis,0.0,0.0
2020-05-01,Cordillera Administrative Region,Acute Viral Hepatitis,0.0,0.0
2020-06-01,Cordillera Administrative Region,Acute Viral Hepatitis,0.0,0.0
2020-07-01,Cordillera Administrative Region,Acute Viral Hepatitis,0.0,0.0
2020-08-01,Cordillera Administrative Region,Acute Viral Hepatitis,0.0,0.0
2020-09-01,Cordillera Administrative Region,Acute Viral Hepatitis,0.0,0.0
2020-10-01,Cordillera Administrative Region,Acute Viral Hepatitis,0.0,0.0
2020-11-01,Cordillera Administrative Region,Acute Viral Hepatitis,0.0,0.0
2020-12-01,Cordillera Administrative Region,Acute Viral Hepatitis,0.0,0.0
2021-01-01,Cordillera Administrative Region,Acute Viral Hepatitis,0.0,0.0
2021-02-01,Cordillera Administrative Region,Acute Viral Hepatitis,0.0,0.0
2021-03-01,Cordillera Administrative Region,Acute Viral Hepatitis,0.0,0.0
2021-04-01,Cordillera Administrative Region,Acute Viral Hepatitis,0.0,0.0
2021-05-01,Cordillera Administrative Region,Acute Viral Hepatitis,0.0,0.0
2021-06-01,Cordillera Administrative Region,Acute Viral Hepatitis,0.0,0.0
2021-07-01,Cordillera Administrative Region,Acute Viral Hepatitis,0.0,0.0
2021-08-01,Cordillera Administrative Region,Acute Viral Hepatitis,0.0,0.0
2021-09-01,Cordillera Administrative Region,Acute Viral Hepatitis,0.0,0.0
2021-10-01,Cordillera Administrative Region,Acute Viral Hepatitis,0.0,0.0
2021-11-01,Cordillera Administrative Region,Acute Viral Hepatitis,0.0,0.0
2021-12-01,Cordillera Administrative Region,Acute Viral Hepatitis,0.0,0.0
2022-01-01,Cordillera Administrative Region,Acute Viral Hepatitis,0.0,0.0
2022-02-01,Cordillera Administrative Region,Acute Viral Hepatitis,0.0,0.0
2022-03-01,Cordillera Administrative Region,Acute Viral Hepatitis,0.0,0.0
2022-04-01,Cordillera Administrative Region,Acute Viral Hepatitis,0.0,0.0
2022-05-01,Cordillera Administrative Region,Acute Viral Hepatitis,0.0,0.0
2022-06-01,Cordillera Administrative Region,Acute Viral Hepatitis,0.0,0.0
2022-07-01,Cordillera Administrative Region,Acute Viral Hepatitis,0.0,0.0
2022-08-01,Cordillera Administrative Region,Acute Viral Hepatitis,0.0,0.0
2022-09-01,Cordillera Administrative Region,Acute Viral Hepatitis,0.0,0.0
2022-10-01,Cordillera Administrative Region,Acute Viral Hepatitis,0.0,0.0
2022-11-01,Cordillera Administrative Region,Acute Viral Hepatitis,0.0,0.0
2022-12-01,Cordillera Administrative Region,Acute Viral Hepatitis,0.0,0.0
2023-01-01,Cordillera Administrative Region,Acute Viral Hepatitis,0.0,0.0
2023-02-01,Cordillera Administrative Region,Acute Viral Hepatitis,1.0,0.0
2023-03-01,Cordillera Administrative Region,Acute Viral Hepatitis,0.0,0.0
2023-04-01,Cordillera Administrative Region,Acute Viral Hepatitis,2.0,0.0
2023-05-01,Cordillera Administrative Region,Acute Viral Hepatitis,0.0,0.0
2023-06-01,Cordillera Administrative Region,Acute Viral Hepatitis,0.0,0.0
2023-07-01,Cordillera Administrative Region,Acute Viral Hepatitis,0.0,0.0
2023-08-01,Cordillera Administrative Region,Acute Viral Hepatitis,0.0,0.0
2023-09-01,Cordillera Administrative Region,Acute Viral Hepatitis,0.0,0.0
2023-10-01,Cordillera Administrative Region,Acute Viral Hepatitis,0.0,0.0
2023-11-01,Cordillera Administrative Region,Acute Viral Hepatitis,0.0,0.0
2023-12-01,Cordillera Administrative Region,Acute Viral Hepatitis,0.0,0.0
2024-01-01,Cordillera Administrative Region,Acute Viral Hepatitis,0.0,0.0
2024-02-01,Cordillera Administrative Region,Acute Viral Hepatitis,0.0,0.0
2024-03-01,Cordillera Administrative Region,Acute Viral Hepatitis,0.0,0.0
2024-04-01,Cordillera Administrative Region,Acute Viral Hepatitis,0.0,0.0
2024-05-01,Cordillera Administrative Region,Acute Viral Hepatitis,0.0,0.0
2024-06-01,Cordillera Administrative Region,Acute Viral Hepatitis,0.0,0.0
2024-07-01,Cordillera Administrative Region,Acute Viral Hepatitis,0.0,0.0
2024-08-01,Cordillera Administrative Region,Acute Viral Hepatitis,0.0,0.0
2024-09-01,Cordillera Administrative Region,Acute Viral Hepatitis,0.0,0.0
2024-10-01,Cordillera Administrative Region,Acute Viral Hepatitis,0.0,0.0
2024-11-01,Cordillera Administrative Region,Acute Viral Hepatitis,0.0,0.0
2024-12-01,Cordillera Administrative Region,Acute Viral Hepatitis,0.0,0.0
2025-01-01,Cordillera Administrative Region,Acute Viral Hepatitis,0.0,0.0
2025-02-01,Cordillera Administrative Region,Acute Viral Hepatitis,0.0,0.0
2025-03-01,Cordillera Administrative Region,Acute Viral Hepatitis,0.0,0.0
2025-04-01,Cordillera Administrative Region,Acute Viral Hepatitis,0.0,0.0
2025-05-01,Cordillera Administrative Region,Acute Viral Hepatitis,0.0,0.0
2025-06-01,Cordillera Administrative Region,Acute Viral Hepatitis,0.0,0.0
2025-07-01,Cordillera Administrative Region,Acute Viral Hepatitis,0.0,0.0
2025-08-01,Cordillera Administrative Region,Acute Viral Hepatitis,1.0,0.0
2025-09-01,Cordillera Administrative Region,Acute Viral Hepatitis,1.0,0.0
2018-03-01,Davao Region,Acute Viral Hepatitis,1.0,0.0
2018-04-01,Davao Region,Acute Viral Hepatitis,0.0,0.0
2018-05-01,Davao Region,Acute Viral Hepatitis,0.0,0.0
2018-06-01,Davao Region,Acute Viral Hepatitis,0.0,0.0
2018-07-01,Davao Region,Acute Viral Hepatitis,0.0,0.0
2018-08-01,Davao Region,Acute Viral Hepatitis,0.0,0.0
2018-09-01,Davao Region,Acute Viral Hepatitis,0.0,0.0
2018-10-01,Davao Region,Acute Viral Hepatitis,1.0,0.0
2018-11-01,Davao Region,Acute Viral Hepatitis,0.0,0.0
2018-12-01,Davao Region,Acute Viral Hepatitis,0.0,0.0
2019-01-01,Davao Region,Acute Viral Hepatitis,0.0,0.0
2019-02-01,Davao Region,Acute Viral Hepatitis,0.0,0.0
2019-03-01,Davao Region,Acute Viral Hepatitis,0.0,0.0
2019-04-01,Davao Region,Acute Viral Hepatitis,0.0,0.0
2019-05-01,Davao Region,Acute Viral Hepatitis,1.0,0.0
2019-06-01,Davao Region,Acute Viral Hepatitis,0.0,0.0
2019-07-01,Davao Region,Acute Viral Hepatitis,0.0,0.0
2019-08-01,Davao Region,Acute Viral Hepatitis,0.0,0.0
2019-09-01,Davao Region,Acute Viral Hepatitis,0.0,0.0
2019-10-01,Davao Region,Acute Viral Hepatitis,1.0,0.0
2019-11-01,Davao Region,Acute Viral Hepatitis,0.0,0.0
2019-12-01,Davao Region,Acute Viral Hepatitis,0.0,0.0
2020-01-01,Davao Region,Acute Viral Hepatitis,0.0,0.0
2020-02-01,Davao Region,Acute Viral Hepatitis,0.0,0.0
2020-03-01,Davao Region,Acute Viral Hepatitis,0.0,0.0
2020-04-01,Davao Region,Acute Viral Hepatitis,1.0,0.0
2020-05-01,Davao Region,Acute Viral Hepatitis,0.0,0.0
2020-06-01,Davao Region,Acute Viral Hepatitis,0.0,0.0
2020-07-01,Davao Region,Acute Viral Hepatitis,0.0,0.0
2020-08-01,Davao Region,Acute Viral Hepatitis,0.0,0.0
2020-09-01,Davao Region,Acute Viral Hepatitis,0.0,0.0
2020-10-01,Davao Region,Acute Viral Hepatitis,0.0,0.0
2020-11-01,Davao Region,Acute Viral Hepatitis,0.0,0.0
2020-12-01,Davao Region,Acute Viral Hepatitis,0.0,0.0
2021-01-01,Davao Region,Acute Viral Hepatitis,0.0,0.0
2021-02-01,Davao Region,Acute Viral Hepatitis,0.0,0.0
2021-03-01,Davao Region,Acute Viral Hepatitis,0.0,0.0
2021-04-01,Davao Region,Acute Viral Hepatitis,0.0,0.0
2021-05-01,Davao Region,Acute Viral Hepatitis,0.0,0.0
2021-06-01,Davao Region,Acute Viral Hepatitis,1.0,0.0
2021-07-01,Davao Region,Acute Viral Hepatitis,0.0,0.0
2021-08-01,Davao Region,Acute Viral Hepatitis,0.0,0.0
2021-09-01,Davao Region,Acute Viral Hepatitis,1.0,0.0
2021-10-01,Davao Region,Acute Viral Hepatitis,0.0,0.0
2021-11-01,Davao Region,Acute Viral Hepatitis,0.0,0.0
2021-12-01,Davao Region,Acute Viral Hepatitis,0.0,0.0
2022-01-01,Davao Region,Acute Viral Hepatitis,0.0,0.0
2022-02-01,Davao Region,Acute Viral Hepatitis,0.0,0.0
2022-03-01,Davao Region,Acute Viral Hepatitis,0.0,0.0
2022-04-01,Davao Region,Acute Viral Hepatitis,1.0,0.0
2022-05-01,Davao Region,Acute Viral Hepatitis,1.0,0.0
2022-06-01,Davao Region,Acute Viral Hepatitis,1.0,0.0
2022-07-01,Davao Region,Acute Viral Hepatitis,2.0,0.0
2022-08-01,Davao Region,Acute Viral Hepatitis,1.0,0.0
2022-09-01,Davao Region,Acute Viral Hepatitis,0.0,0.0
2022-10-01,Davao Region,Acute Viral Hepatitis,0.0,0.0
2022-11-01,Davao Region,Acute Viral Hepatitis,0.0,0.0
2022-12-01,Davao Region,Acute Viral Hepatitis,0.0,0.0
2023-01-01,Davao Region,Acute Viral Hepatitis,0.0,0.0
2023-02-01,Davao Region,Acute Viral Hepatitis,0.0,0.0
2023-03-01,Davao Region,Acute Viral Hepatitis,0.0,0.0
2023-04-01,Davao Region,Acute Viral Hepatitis,0.0,0.0
2023-05-01,Davao Region,Acute Viral Hepatitis,0.0,0.0
2023-06-01,Davao Region,Acute Viral Hepatitis,0.0,0.0
2023-07-01,Davao Region,Acute Viral Hepatitis,0.0,0.0
2023-08-01,Davao Region,Acute Viral Hepatitis,0.0,0.0
2023-09-01,Davao Region,Acute Viral Hepatitis,0.0,0.0
2023-10-01,Davao Region,Acute Viral Hepatitis,0.0,0.0
2023-11-01,Davao Region,Acute Viral Hepatitis,1.0,0.0
2023-12-01,Davao Region,Acute Viral Hepatitis,1.0,0.0
2024-01-01,Davao Region,Acute Viral Hepatitis,4.0,0.0
2024-02-01,Davao Region,Acute Viral Hepatitis,0.0,0.0
2024-03-01,Davao Region,Acute Viral Hepatitis,0.0,0.0
2024-04-01,Davao Region,Acute Viral Hepatitis,0.0,0.0
2024-05-01,Davao Region,Acute Viral Hepatitis,0.0,0.0
2024-06-01,Davao Region,Acute Viral Hepatitis,0.0,0.0
2024-07-01,Davao Region,Acute Viral Hepatitis,0.0,0.0
2024-08-01,Davao Region,Acute Viral Hepatitis,0.0,0.0
2024-09-01,Davao Region,Acute Viral Hepatitis,0.0,0.0
2024-10-01,Davao Region,Acute Viral Hepatitis,0.0,0.0
2024-11-01,Davao Region,Acute Viral Hepatitis,0.0,0.0
2024-12-01,Davao Region,Acute Viral Hepatitis,0.0,0.0
2025-01-01,Davao Region,Acute Viral Hepatitis,0.0,0.0
2025-02-01,Davao Region,Acute Viral Hepatitis,1.0,0.0
2025-03-01,Davao Region,Acute Viral Hepatitis,0.0,0.0
2025-04-01,Davao Region,Acute Viral Hepatitis,3.0,0.0
2025-05-01,Davao Region,Acute Viral Hepatitis,0.0,0.0
2025-06-01,Davao Region,Acute Viral Hepatitis,0.0,0.0
2025-07-01,Davao Region,Acute Viral Hepatitis,2.0,0.0
2025-08-01,Davao Region,Acute Viral Hepatitis,1.0,0.0
2018-08-01,Eastern Visayas,Acute Viral Hepatitis,1.0,0.0
2018-09-01,Eastern Visayas,Acute Viral Hepatitis,0.0,0.0
2018-10-01,Eastern Visayas,Acute Viral Hepatitis,0.0,0.0
2018-11-01,Eastern Visayas,Acute Viral Hepatitis,0.0,0.0
2018-12-01,Eastern Visayas,Acute Viral Hepatitis,0.0,0.0
2019-01-01,Eastern Visayas,Acute Viral Hepatitis,0.0,0.0
2019-02-01,Eastern Visayas,Acute Viral Hepatitis,0.0,0.0
2019-03-01,Eastern Visayas,Acute Viral Hepatitis,0.0,0.0
2019-04-01,Eastern Visayas,Acute Viral Hepatitis,0.0,0.0
2019-05-01,Eastern Visayas,Acute Viral Hepatitis,0.0,0.0
2019-06-01,Eastern Visayas,Acute Viral Hepatitis,0.0,0.0
2019-07-01,Eastern Visayas,Acute Viral Hepatitis,0.0,0.0
2019-08-01,Eastern Visayas,Acute Viral Hepatitis,0.0,0.0
2019-09-01,Eastern Visayas,Acute Viral Hepatitis,0.0,0.0
2019-10-01,Eastern Visayas,Acute Viral Hepatitis,0.0,0.0
2019-11-01,Eastern Visayas,Acute Viral Hepatitis,0.0,0.0
2019-12-01,Eastern Visayas,Acute Viral Hepatitis,0.0,0.0
2020-01-01,Eastern Visayas,Acute Viral Hepatitis,0.0,0.0
2020-02-01,Eastern Visayas,Acute Viral Hepatitis,0.0,0.0
2020-03-01,Eastern Visayas,Acute Viral Hepatitis,1.0,0.0
2020-04-01,Eastern Visayas,Acute Viral Hepatitis,0.0,0.0
2020-05-01,Eastern Visayas,Acute Viral Hepatitis,0.0,0.0
2020-06-01,Eastern Visayas,Acute Viral Hepatitis,0.0,0.0
2020-07-01,Eastern Visayas,Acute Viral Hepatitis,0.0,0.0
2020-08-01,Eastern Visayas,Acute Viral Hepatitis,0.0,0.0
2020-09-01,Eastern Visayas,Acute Viral Hepatitis,1.0,0.0
2020-10-01,Eastern Visayas,Acute Viral Hepatitis,0.0,0.0
2020-11-01,Eastern Visayas,Acute Viral Hepatitis,0.0,0.0
2020-12-01,Eastern Visayas,Acute Viral Hepatitis,0.0,0.0
2021-01-01,Eastern Visayas,Acute Viral Hepatitis,0.0,0.0
2021-02-01,Eastern Visayas,Acute Viral Hepatitis,0.0,0.0
2021-03-01,Eastern Visayas,Acute Viral Hepatitis,0.0,0.0
2021-04-01,Eastern Visayas,Acute Viral Hepatitis,0.0,0.0
2021-05-01,Eastern Visayas,Acute Viral Hepatitis,0.0,0.0
2021-06-01,Eastern Visayas,Acute Viral Hepatitis,0.0,0.0
2021-07-01,Eastern Visayas,Acute Viral Hepatitis,0.0,0.0
2021-08-01,Eastern Visayas,Acute Viral Hepatitis,0.0,0.0
2021-09-01,Eastern Visayas,Acute Viral Hepatitis,0.0,0.0
2021-10-01,Eastern Visayas,Acute Viral Hepatitis,0.0,0.0
2021-11-01,Eastern Visayas,Acute Viral Hepatitis,0.0,0.0
2021-12-01,Eastern Visayas,Acute Viral Hepatitis,0.0,0.0
2022-01-01,Eastern Visayas,Acute Viral Hepatitis,0.0,0.0
2022-02-01,Eastern Visayas,Acute Viral Hepatitis,1.0,0.0
2022-03-01,Eastern Visayas,Acute Viral Hepatitis,1.0,0.0
2022-04-01,Eastern Visayas,Acute Viral Hepatitis,0.0,0.0
2022-05-01,Eastern Visayas,Acute Viral Hepatitis,0.0,0.0
2022-06-01,Eastern Visayas,Acute Viral Hepatitis,0.0,0.0
2022-07-01,Eastern Visayas,Acute Viral Hepatitis,0.0,0.0
2022-08-01,Eastern Visayas,Acute Viral Hepatitis,0.0,0.0
2022-09-01,Eastern Visayas,Acute Viral Hepatitis,1.0,0.0
2022-10-01,Eastern Visayas,Acute Viral Hepatitis,0.0,0.0
2022-11-01,Eastern Visayas,Acute Viral Hepatitis,0.0,0.0
2022-12-01,Eastern Visayas,Acute Viral Hepatitis,0.0,0.0
2023-01-01,Eastern Visayas,Acute Viral Hepatitis,0.0,0.0
2023-02-01,Eastern Visayas,Acute Viral Hepatitis,0.0,0.0
2023-03-01,Eastern Visayas,Acute Viral Hepatitis,1.0,0.0
2023-04-01,Eastern Visayas,Acute Viral Hepatitis,2.0,0.0
2023-05-01,Eastern Visayas,Acute Viral Hepatitis,7.0,0.0
2023-06-01,Eastern Visayas,Acute Viral Hepatitis,2.0,0.0
2023-07-01,Eastern Visayas,Acute Viral Hepatitis,0.0,0.0
2023-08-01,Eastern Visayas,Acute Viral Hepatitis,0.0,0.0
2023-09-01,Eastern Visayas,Acute Viral Hepatitis,0.0,0.0
2023-10-01,Eastern Visayas,Acute Viral Hepatitis,0.0,0.0
2023-11-01,Eastern Visayas,Acute Viral Hepatitis,0.0,0.0
2023-12-01,Eastern Visayas,Acute Viral Hepatitis,0.0,0.0
2024-01-01,Eastern Visayas,Acute Viral Hepatitis,0.0,0.0
2024-02-01,Eastern Visayas,Acute Viral Hepatitis,0.0,0.0
2024-03-01,Eastern Visayas,Acute Viral Hepatitis,0.0,0.0
2024-04-01,Eastern Visayas,Acute Viral Hepatitis,0.0,0.0
2024-05-01,Eastern Visayas,Acute Viral Hepatitis,0.0,0.0
2024-06-01,Eastern Visayas,Acute Viral Hepatitis,0.0,0.0
2024-07-01,Eastern Visayas,Acute Viral Hepatitis,0.0,0.0
2024-08-01,Eastern Visayas,Acute Viral Hepatitis,0.0,0.0
2024-09-01,Eastern Visayas,Acute Viral Hepatitis,1.0,0.0
2024-10-01,Eastern Visayas,Acute Viral Hepatitis,0.0,0.0
2024-11-01,Eastern Visayas,Acute Viral Hepatitis,0.0,0.0
2024-12-01,Eastern Visayas,Acute Viral Hepatitis,0.0,0.0
2025-01-01,Eastern Visayas,Acute Viral Hepatitis,0.0,0.0
2025-02-01,Eastern Visayas,Acute Viral Hepatitis,0.0,0.0
2025-03-01,Eastern Visayas,Acute Viral Hepatitis,1.0,0.0
2025-04-01,Eastern Visayas,Acute Viral Hepatitis,0.0,0.0
2025-05-01,Eastern Visayas,Acute Viral Hepatitis,0.0,0.0
2025-06-01,Eastern Visayas,Acute Viral Hepatitis,1.0,0.0
2025-07-01,Eastern Visayas,Acute Viral Hepatitis,1.0,0.0
2025-08-01,Eastern Visayas,Acute Viral Hepatitis,2.0,0.0
2025-09-01,Eastern Visayas,Acute Viral Hepatitis,1.0,0.0
2018-07-01,Ilocos Region,Acute Viral Hepatitis,1.0,0.0
2018-08-01,Ilocos Region,Acute Viral Hepatitis,0.0,0.0
2018-09-01,Ilocos Region,Acute Viral Hepatitis,0.0,0.0
2018-10-01,Ilocos Region,Acute Viral Hepatitis,0.0,0.0
2018-11-01,Ilocos Region,Acute Viral Hepatitis,1.0,0.0
2018-12-01,Ilocos Region,Acute Viral Hepatitis,0.0,0.0
2019-01-01,Ilocos Region,Acute Viral Hepatitis,0.0,0.0
2019-02-01,Ilocos Region,Acute Viral Hepatitis,0.0,0.0
2019-03-01,Ilocos Region,Acute Viral Hepatitis,0.0,0.0
2019-04-01,Ilocos Region,Acute Viral Hepatitis,2.0,0.0
2019-05-01,Ilocos Region,Acute Viral Hepatitis,3.0,0.0
2019-06-01,Ilocos Region,Acute Viral Hepatitis,2.0,0.0
2019-07-01,Ilocos Region,Acute Viral Hepatitis,2.0,0.0
2019-08-01,Ilocos Region,Acute Viral Hepatitis,1.0,0.0
2019-09-01,Ilocos Region,Acute Viral Hepatitis,1.0,0.0
2019-10-01,Ilocos Region,Acute Viral Hepatitis,0.0,0.0
2019-11-01,Ilocos Region,Acute Viral Hepatitis,0.0,0.0
2019-12-01,Ilocos Region,Acute Viral Hepatitis,0.0,0.0
2020-01-01,Ilocos Region,Acute Viral Hepatitis,0.0,0.0
2020-02-01,Ilocos Region,Acute Viral Hepatitis,0.0,0.0
2020-03-01,Ilocos Region,Acute Viral Hepatitis,0.0,0.0
2020-04-01,Ilocos Region,Acute Viral Hepatitis,0.0,0.0
2020-05-01,Ilocos Region,Acute Viral Hepatitis,0.0,0.0
2020-06-01,Ilocos Region,Acute Viral Hepatitis,0.0,0.0
2020-07-01,Ilocos Region,Acute Viral Hepatitis,0.0,0.0
2020-08-01,Ilocos Region,Acute Viral Hepatitis,0.0,0.0
2020-09-01,Ilocos Region,Acute Viral Hepatitis,0.0,0.0
2020-10-01,Ilocos Region,Acute Viral Hepatitis,0.0,0.0
2020-11-01,Ilocos Region,Acute Viral Hepatitis,0.0,0.0
2020-12-01,Ilocos Region,Acute Viral Hepatitis,0.0,0.0
2021-01-01,Ilocos Region,Acute Viral Hepatitis,0.0,0.0
2021-02-01,Ilocos Region,Acute Viral Hepatitis,0.0,0.0
2021-03-01,Ilocos Region,Acute Viral Hepatitis,0.0,0.0
2021-04-01,Ilocos Region,Acute Viral Hepatitis,0.0,0.0
2021-05-01,Ilocos Region,Acute Viral Hepatitis,0.0,0.0
2021-06-01,Ilocos Region,Acute Viral Hepatitis,0.0,0.0
2021-07-01,Ilocos Region,Acute Viral Hepatitis,0.0,0.0
2021-08-01,Ilocos Region,Acute Viral Hepatitis,0.0,0.0
2021-09-01,Ilocos Region,Acute Viral Hepatitis,0.0,0.0
2021-10-01,Ilocos Region,Acute Viral Hepatitis,0.0,0.0
2021-11-01,Ilocos Region,Acute Viral Hepatitis,0.0,0.0
2021-12-01,Ilocos Region,Acute Viral Hepatitis,0.0,0.0
2022-01-01,Ilocos Region,Acute Viral Hepatitis,0.0,0.0
2022-02-01,Ilocos Region,Acute Viral Hepatitis,0.0,0.0
2022-03-01,Ilocos Region,Acute Viral Hepatitis,0.0,0.0
2022-04-01,Ilocos Region,Acute Viral Hepatitis,0.0,0.0
2022-05-01,Ilocos Region,Acute Viral Hepatitis,0.0,0.0
2022-06-01,Ilocos Region,Acute Viral Hepatitis,0.0,0.0
2022-07-01,Ilocos Region,Acute Viral Hepatitis,0.0,0.0
2022-08-01,Ilocos Region,Acute Viral Hepatitis,0.0,0.0
2022-09-01,Ilocos Region,Acute Viral Hepatitis,0.0,0.0
2022-10-01,Ilocos Region,Acute Viral Hepatitis,0.0,0.0
2022-11-01,Ilocos Region,Acute Viral Hepatitis,0.0,0.0
2022-12-01,Ilocos Region,Acute Viral Hepatitis,0.0,0.0
2023-01-01,Ilocos Region,Acute Viral Hepatitis,0.0,0.0
2023-02-01,Ilocos Region,Acute Viral Hepatitis,0.0,0.0
2023-03-01,Ilocos Region,Acute Viral Hepatitis,0.0,0.0
2023-04-01,Ilocos Region,Acute Viral Hepatitis,0.0,0.0
2023-05-01,Ilocos Region,Acute Viral Hepatitis,1.0,0.0
2023-06-01,Ilocos Region,Acute Viral Hepatitis,0.0,0.0
2023-07-01,Ilocos Region,Acute Viral Hepatitis,0.0,0.0
2023-08-01,Ilocos Region,Acute Viral Hepatitis,0.0,0.0
2023-09-01,Ilocos Region,Acute Viral Hepatitis,0.0,0.0
2023-10-01,Ilocos Region,Acute Viral Hepatitis,0.0,0.0
2023-11-01,Ilocos Region,Acute Viral Hepatitis,0.0,0.0
2023-12-01,Ilocos Region,Acute Viral Hepatitis,1.0,0.0
2024-01-01,Ilocos Region,Acute Viral Hepatitis,0.0,0.0
2024-02-01,Ilocos Region,Acute Viral Hepatitis,1.0,0.0
2018-06-01,MIMAROPA,Acute Viral Hepatitis,1.0,0.0
2018-07-01,MIMAROPA,Acute Viral Hepatitis,1.0,0.0
2018-08-01,MIMAROPA,Acute Viral Hepatitis,1.0,0.0
2018-09-01,MIMAROPA,Acute Viral Hepatitis,0.0,0.0
2018-10-01,MIMAROPA,Acute Viral Hepatitis,0.0,0.0
2018-11-01,MIMAROPA,Acute Viral Hepatitis,0.0,0.0
2018-12-01,MIMAROPA,Acute Viral Hepatitis,0.0,0.0
2019-01-01,MIMAROPA,Acute Viral Hepatitis,0.0,0.0
2019-02-01,MIMAROPA,Acute Viral Hepatitis,0.0,0.0
2019-03-01,MIMAROPA,Acute Viral Hepatitis,0.0,0.0
2019-04-01,MIMAROPA,Acute Viral Hepatitis,0.0,0.0
2019-05-01,MIMAROPA,Acute Viral Hepatitis,1.0,0.0
2019-06-01,MIMAROPA,Acute Viral Hepatitis,0.0,0.0
2019-07-01,MIMAROPA,Acute Viral Hepatitis,0.0,0.0
2019-08-01,MIMAROPA,Acute Viral Hepatitis,0.0,0.0
2019-09-01,MIMAROPA,Acute Viral Hepatitis,1.0,0.0
2019-10-01,MIMAROPA,Acute Viral Hepatitis,2.0,0.0
2019-11-01,MIMAROPA,Acute Viral Hepatitis,0.0,0.0
2019-12-01,MIMAROPA,Acute Viral Hepatitis,0.0,0.0
2020-01-01,MIMAROPA,Acute Viral Hepatitis,0.0,0.0
2020-02-01,MIMAROPA,Acute Viral Hepatitis,0.0,0.0
2020-03-01,MIMAROPA,Acute Viral Hepatitis,0.0,0.0
2020-04-01,MIMAROPA,Acute Viral Hepatitis,0.0,0.0
2020-05-01,MIMAROPA,Acute Viral Hepatitis,0.0,0.0
2020-06-01,MIMAROPA,Acute Viral Hepatitis,0.0,0.0
2020-07-01,MIMAROPA,Acute Viral Hepatitis,0.0,0.0
2020-08-01,MIMAROPA,Acute Viral Hepatitis,0.0,0.0
2020-09-01,MIMAROPA,Acute Viral Hepatitis,1.0,0.0
2020-10-01,MIMAROPA,Acute Viral Hepatitis,0.0,0.0
2020-11-01,MIMAROPA,Acute Viral Hepatitis,0.0,0.0
2020-12-01,MIMAROPA,Acute Viral Hepatitis,0.0,0.0
2021-01-01,MIMAROPA,Acute Viral Hepatitis,0.0,0.0
2021-02-01,MIMAROPA,Acute Viral Hepatitis,0.0,0.0
2021-03-01,MIMAROPA,Acute Viral Hepatitis,0.0,0.0
2021-04-01,MIMAROPA,Acute Viral Hepatitis,0.0,0.0
2021-05-01,MIMAROPA,Acute Viral Hepatitis,0.0,0.0
2021-06-01,MIMAROPA,Acute Viral Hepatitis,0.0,0.0
2021-07-01,MIMAROPA,Acute Viral Hepatitis,0.0,0.0
2021-08-01,MIMAROPA,Acute Viral Hepatitis,1.0,0.0
2021-09-01,MIMAROPA,Acute Viral Hepatitis,0.0,0.0
2021-10-01,MIMAROPA,Acute Viral Hepatitis,0.0,0.0
2021-11-01,MIMAROPA,Acute Viral Hepatitis,0.0,0.0
2021-12-01,MIMAROPA,Acute Viral Hepatitis,0.0,0.0
2022-01-01,MIMAROPA,Acute Viral Hepatitis,0.0,0.0
2022-02-01,MIMAROPA,Acute Viral Hepatitis,0.0,0.0
2022-03-01,MIMAROPA,Acute Viral Hepatitis,0.0,0.0
2022-04-01,MIMAROPA,Acute Viral Hepatitis,0.0,0.0
2022-05-01,MIMAROPA,Acute Viral Hepatitis,0.0,0.0
2022-06-01,MIMAROPA,Acute Viral Hepatitis,0.0,0.0
2022-07-01,MIMAROPA,Acute Viral Hepatitis,0.0,0.0
2022-08-01,MIMAROPA,Acute Viral Hepatitis,0.0,0.0
2022-09-01,MIMAROPA,Acute Viral Hepatitis,0.0,0.0
2022-10-01,MIMAROPA,Acute Viral Hepatitis,0.0,0.0
2022-11-01,MIMAROPA,Acute Viral Hepatitis,0.0,0.0
2022-12-01,MIMAROPA,Acute Viral Hepatitis,0.0,0.0
2023-01-01,MIMAROPA,Acute Viral Hepatitis,0.0,0.0
2023-02-01,MIMAROPA,Acute Viral Hepatitis,0.0,0.0
2023-03-01,MIMAROPA,Acute Viral Hepatitis,0.0,0.0
2023-04-01,MIMAROPA,Acute Viral Hepatitis,0.0,0.0
2023-05-01,MIMAROPA,Acute Viral Hepatitis,0.0,0.0
2023-06-01,MIMAROPA,Acute Viral Hepatitis,0.0,0.0
2023-07-01,MIMAROPA,Acute Viral Hepatitis,0.0,0.0
2023-08-01,MIMAROPA,Acute Viral Hepatitis,0.0,0.0
2023-09-01,MIMAROPA,Acute Viral Hepatitis,0.0,0.0
2023-10-01,MIMAROPA,Acute Viral Hepatitis,0.0,0.0
2023-11-01,MIMAROPA,Acute Viral Hepatitis,1.0,0.0
2018-01-01,National Capital Region,Acute Viral Hepatitis,3.0,0.0
2018-02-01,National Capital Region,Acute Viral Hepatitis,3.0,0.0
2018-03-01,National Capital Region,Acute Viral Hepatitis,0.0,0.0
2018-04-01,National Capital Region,Acute Viral Hepatitis,2.0,0.0
2018-05-01,National Capital Region,Acute Viral Hepatitis,5.0,0.0
2018-06-01,National Capital Region,Acute Viral Hepatitis,3.0,0.0
2018-07-01,National Capital Region,Acute Viral Hepatitis,1.0,0.0
2018-08-01,National Capital Region,Acute Viral Hepatitis,1.0,0.0
2018-09-01,National Capital Region,Acute Viral Hepatitis,1.0,0.0
2018-10-01,National Capital Region,Acute Viral Hepatitis,2.0,0.0
2018-11-01,National Capital Region,Acute Viral Hepatitis,3.0,0.0
2018-12-01,National Capital Region,Acute Viral Hepatitis,1.0,0.0
2019-01-01,National Capital Region,Acute Viral Hepatitis,1.0,0.0
2019-02-01,National Capital Region,Acute Viral Hepatitis,0.0,0.0
2019-03-01,National Capital Region,Acute Viral Hepatitis,1.0,0.0
2019-04-01,National Capital Region,Acute Viral Hepatitis,1.0,0.0
2019-05-01,National Capital Region,Acute Viral Hepatitis,10.0,0.0
2019-06-01,National Capital Region,Acute Viral Hepatitis,6.0,0.0
2019-07-01,National Capital Region,Acute Viral Hepatitis,4.0,0.0
2019-08-01,National Capital Region,Acute Viral Hepatitis,1.0,0.0
2019-09-01,National Capital Region,Acute Viral Hepatitis,2.0,0.0
2019-10-01,National Capital Region,Acute Viral Hepatitis,0.0,0.0
2019-11-01,National Capital Region,Acute Viral Hepatitis,1.0,0.0
2019-12-01,National Capital Region,Acute Viral Hepatitis,0.0,0.0
2020-01-01,National Capital Region,Acute Viral Hepatitis,4.0,0.0
2020-02-01,National Capital Region,Acute Viral Hepatitis,1.0,0.0
2020-03-01,National Capital Region,Acute Viral Hepatitis,0.0,0.0
2020-04-01,National Capital Region,Acute Viral Hepatitis,0.0,0.0
2020-05-01,National Capital Region,Acute Viral Hepatitis,0.0,0.0
2020-06-01,National Capital Region,Acute Viral Hepatitis,0.0,0.0
2020-07-01,National Capital Region,Acute Viral Hepatitis,0.0,0.0
2020-08-01,National Capital Region,Acute Viral Hepatitis,0.0,0.0
2020-09-01,National Capital Region,Acute Viral Hepatitis,0.0,0.0
2020-10-01,National Capital Region,Acute Viral Hepatitis,0.0,0.0
2020-11-01,National Capital Region,Acute Viral Hepatitis,1.0,0.0
2020-12-01,National Capital Region,Acute Viral Hepatitis,0.0,0.0
2021-01-01,National Capital Region,Acute Viral Hepatitis,0.0,0.0
2021-02-01,National Capital Region,Acute Viral Hepatitis,0.0,0.0
2021-03-01,National Capital Region,Acute Viral Hepatitis,0.0,0.0
2021-04-01,National Capital Region,Acute Viral Hepatitis,0.0,0.0
2021-05-01,National Capital Region,Acute Viral Hepatitis,2.0,0.0
2021-06-01,National Capital Region,Acute Viral Hepatitis,0.0,0.0
2021-07-01,National Capital Region,Acute Viral Hepatitis,0.0,0.0
2021-08-01,National Capital Region,Acute Viral Hepatitis,1.0,0.0
2021-09-01,National Capital Region,Acute Viral Hepatitis,0.0,0.0
2021-10-01,National Capital Region,Acute Viral Hepatitis,0.0,0.0
2021-11-01,National Capital Region,Acute Viral Hepatitis,0.0,0.0
2021-12-01,National Capital Region,Acute Viral Hepatitis,0.0,0.0
2022-01-01,National Capital Region,Acute Viral Hepatitis,0.0,0.0
2022-02-01,National Capital Region,Acute Viral Hepatitis,2.0,0.0
2022-03-01,National Capital Region,Acute Viral Hepatitis,0.0,0.0
2022-04-01,National Capital Region,Acute Viral Hepatitis,0.0,0.0
2022-05-01,National Capital Region,Acute Viral Hepatitis,1.0,0.0
2022-06-01,National Capital Region,Acute Viral Hepatitis,1.0,0.0
2022-07-01,National Capital Region,Acute Viral Hepatitis,0.0,0.0
2022-08-01,National Capital Region,Acute Viral Hepatitis,0.0,0.0
2022-09-01,National Capital Region,Acute Viral Hepatitis,1.0,0.0
2022-10-01,National Capital Region,Acute Viral Hepatitis,1.0,0.0
2022-11-01,National Capital Region,Acute Viral Hepatitis,0.0,0.0
2022-12-01,National Capital Region,Acute Viral Hepatitis,0.0,0.0
2023-01-01,National Capital Region,Acute Viral Hepatitis,2.0,0.0
2023-02-01,National Capital Region,Acute Viral Hepatitis,0.0,0.0
2023-03-01,National Capital Region,Acute Viral Hepatitis,2.0,0.0
2023-04-01,National Capital Region,Acute Viral Hepatitis,1.0,0.0
2023-05-01,National Capital Region,Acute Viral Hepatitis,2.0,0.0
2023-06-01,National Capital Region,Acute Viral Hepatitis,1.0,0.0
2023-07-01,National Capital Region,Acute Viral Hepatitis,2.0,1.0
2023-08-01,National Capital Region,Acute Viral Hepatitis,2.0,0.0
2023-09-01,National Capital Region,Acute Viral Hepatitis,1.0,0.0
2023-10-01,National Capital Region,Acute Viral Hepatitis,0.0,0.0
2023-11-01,National Capital Region,Acute Viral Hepatitis,2.0,0.0
2023-12-01,National Capital Region,Acute Viral Hepatitis,0.0,0.0
2024-01-01,National Capital Region,Acute Viral Hepatitis,2.0,0.0
2024-02-01,National Capital Region,Acute Viral Hepatitis,1.0,0.0
2024-03-01,National Capital Region,Acute Viral Hepatitis,1.0,0.0
2024-04-01,National Capital Region,Acute Viral Hepatitis,0.0,0.0
2024-05-01,National Capital Region,Acute Viral Hepatitis,0.0,0.0
2024-06-01,National Capital Region,Acute Viral Hepatitis,0.0,0.0
2024-07-01,National Capital Region,Acute Viral Hepatitis,0.0,0.0
2024-08-01,National Capital Region,Acute Viral Hepatitis,0.0,0.0
2024-09-01,National Capital Region,Acute Viral Hepatitis,0.0,0.0
2024-10-01,National Capital Region,Acute Viral Hepatitis,0.0,0.0
2024-11-01,National Capital Region,Acute Viral Hepatitis,1.0,0.0
2024-12-01,National Capital Region,Acute Viral Hepatitis,0.0,0.0
2025-01-01,National Capital Region,Acute Viral Hepatitis,0.0,0.0
2025-02-01,National Capital Region,Acute Viral Hepatitis,1.0,0.0
2025-03-01,National Capital Region,Acute Viral Hepatitis,4.0,0.0
2025-04-01,National Capital Region,Acute Viral Hepatitis,1.0,0.0
2025-05-01,National Capital Region,Acute Viral Hepatitis,0.0,0.0
2025-06-01,National Capital Region,Acute Viral Hepatitis,1.0,0.0
2025-07-01,National Capital Region,Acute Viral Hepatitis,1.0,0.0
2025-08-01,National Capital Region,Acute Viral Hepatitis,2.0,0.0
2024-02-01,Negros Island Region,Acute Viral Hepatitis,3.0,0.0
2024-03-01,Negros Island Region,Acute Viral Hepatitis,1.0,0.0
2024-04-01,Negros Island Region,Acute Viral Hepatitis,0.0,0.0
2024-05-01,Negros Island Region,Acute Viral Hepatitis,0.0,0.0
2024-06-01,Negros Island Region,Acute Viral Hepatitis,0.0,0.0
2024-07-01,Negros Island Region,Acute Viral Hepatitis,0.0,0.0
2024-08-01,Negros Island Region,Acute Viral Hepatitis,0.0,0.0
2024-09-01,Negros Island Region,Acute Viral Hepatitis,0.0,0.0
2024-10-01,Negros Island Region,Acute Viral Hepatitis,0.0,0.0
2024-11-01,Negros Island Region,Acute Viral Hepatitis,1.0,0.0
2024-12-01,Negros Island Region,Acute Viral Hepatitis,0.0,0.0
2025-01-01,Negros Island Region,Acute Viral Hepatitis,2.0,0.0
2018-01-01,Northern Mindanao,Acute Viral Hepatitis,1.0,0.0
2018-02-01,Northern Mindanao,Acute Viral Hepatitis,3.0,0.0
2018-03-01,Northern Mindanao,Acute Viral Hepatitis,1.0,0.0
2018-04-01,Northern Mindanao,Acute Viral Hepatitis,0.0,0.0
2018-05-01,Northern Mindanao,Acute Viral Hepatitis,0.0,0.0
2018-06-01,Northern Mindanao,Acute Viral Hepatitis,0.0,0.0
2018-07-01,Northern Mindanao,Acute Viral Hepatitis,2.0,0.0
2018-08-01,Northern Mindanao,Acute Viral Hepatitis,1.0,0.0
2018-09-01,Northern Mindanao,Acute Viral Hepatitis,2.0,0.0
2018-10-01,Northern Mindanao,Acute Viral Hepatitis,1.0,0.0
2018-11-01,Northern Mindanao,Acute Viral Hepatitis,3.0,0.0
2018-12-01,Northern Mindanao,Acute Viral Hepatitis,2.0,0.0
2019-01-01,Northern Mindanao,Acute Viral Hepatitis,7.0,0.0
2019-02-01,Northern Mindanao,Acute Viral Hepatitis,5.0,0.0
2019-03-01,Northern Mindanao,Acute Viral Hepatitis,1.0,0.0
2019-04-01,Northern Mindanao,Acute Viral Hepatitis,1.0,0.0
2019-05-01,Northern Mindanao,Acute Viral Hepatitis,2.0,0.0
2019-06-01,Northern Mindanao,Acute Viral Hepatitis,1.0,0.0
2019-07-01,Northern Mindanao,Acute Viral Hepatitis,0.0,0.0
2019-08-01,Northern Mindanao,Acute Viral Hepatitis,2.0,0.0
2019-09-01,Northern Mindanao,Acute Viral Hepatitis,1.0,0.0
2019-10-01,Northern Mindanao,Acute Viral Hepatitis,3.0,0.0
2019-11-01,Northern Mindanao,Acute Viral Hepatitis,0.0,0.0
2019-12-01,Northern Mindanao,Acute Viral Hepatitis,0.0,0.0
2020-01-01,Northern Mindanao,Acute Viral Hepatitis,2.0,0.0
2020-02-01,Northern Mindanao,Acute Viral Hepatitis,3.0,0.0
2020-03-01,Northern Mindanao,Acute Viral Hepatitis,1.0,0.0
2020-04-01,Northern Mindanao,Acute Viral Hepatitis,2.0,0.0
2020-05-01,Northern Mindanao,Acute Viral Hepatitis,1.0,0.0
2020-06-01,Northern Mindanao,Acute Viral Hepatitis,1.0,0.0
2020-07-01,Northern Mindanao,Acute Viral Hepatitis,2.0,0.0
2020-08-01,Northern Mindanao,Acute Viral Hepatitis,3.0,0.0
2020-09-01,Northern Mindanao,Acute Viral Hepatitis,3.0,0.0
2020-10-01,Northern Mindanao,Acute Viral Hepatitis,0.0,0.0
2020-11-01,Northern Mindanao,Acute Viral Hepatitis,1.0,0.0
2020-12-01,Northern Mindanao,Acute Viral Hepatitis,0.0,0.0
2021-01-01,Northern Mindanao,Acute Viral Hepatitis,1.0,0.0
2021-02-01,Northern Mindanao,Acute Viral Hepatitis,1.0,0.0
2021-03-01,Northern Mindanao,Acute Viral Hepatitis,0.0,0.0
2021-04-01,Northern Mindanao,Acute Viral Hepatitis,0.0,0.0
2021-05-01,Northern Mindanao,Acute Viral Hepatitis,0.0,0.0
2021-06-01,Northern Mindanao,Acute Viral Hepatitis,0.0,0.0
2021-07-01,Northern Mindanao,Acute Viral Hepatitis,2.0,0.0
2021-08-01,Northern Mindanao,Acute Viral Hepatitis,2.0,0.0
2021-09-01,Northern Mindanao,Acute Viral Hepatitis,1.0,0.0
2021-10-01,Northern Mindanao,Acute Viral Hepatitis,0.0,0.0
2021-11-01,Northern Mindanao,Acute Viral Hepatitis,0.0,0.0
2021-12-01,Northern Mindanao,Acute Viral Hepatitis,2.0,0.0
2022-01-01,Northern Mindanao,Acute Viral Hepatitis,1.0,0.0
2022-02-01,Northern Mindanao,Acute Viral Hepatitis,0.0,0.0
2022-03-01,Northern Mindanao,Acute Viral Hepatitis,2.0,0.0
2022-04-01,Northern Mindanao,Acute Viral Hepatitis,1.0,0.0
2022-05-01,Northern Mindanao,Acute Viral Hepatitis,0.0,0.0
2022-06-01,Northern Mindanao,Acute Viral Hepatitis,2.0,0.0
2022-07-01,Northern Mindanao,Acute Viral Hepatitis,0.0,0.0
2022-08-01,Northern Mindanao,Acute Viral Hepatitis,0.0,0.0
2022-09-01,Northern Mindanao,Acute Viral Hepatitis,0.0,0.0
2022-10-01,Northern Mindanao,Acute Viral Hepatitis,1.0,0.0
2022-11-01,Northern Mindanao,Acute Viral Hepatitis,0.0,0.0
2022-12-01,Northern Mindanao,Acute Viral Hepatitis,0.0,0.0
2023-01-01,Northern Mindanao,Acute Viral Hepatitis,0.0,0.0
2023-02-01,Northern Mindanao,Acute Viral Hepatitis,0.0,0.0
2023-03-01,Northern Mindanao,Acute Viral Hepatitis,0.0,0.0
2023-04-01,Northern Mindanao,Acute Viral Hepatitis,0.0,0.0
2023-05-01,Northern Mindanao,Acute Viral Hepatitis,0.0,0.0
2023-06-01,Northern Mindanao,Acute Viral Hepatitis,0.0,0.0
2023-07-01,Northern Mindanao,Acute Viral Hepatitis,0.0,0.0
2023-08-01,Northern Mindanao,Acute Viral Hepatitis,0.0,0.0
2023-09-01,Northern Mindanao,Acute Viral Hepatitis,0.0,0.0
2023-10-01,Northern Mindanao,Acute Viral Hepatitis,0.0,0.0
2023-11-01,Northern Mindanao,Acute Viral Hepatitis,1.0,0.0
2023-12-01,Northern Mindanao,Acute Viral Hepatitis,0.0,0.0
2024-01-01,Northern Mindanao,Acute Viral Hepatitis,0.0,0.0
2024-02-01,Northern Mindanao,Acute Viral Hepatitis,0.0,0.0
2024-03-01,Northern Mindanao,Acute Viral Hepatitis,0.0,0.0
2024-04-01,Northern Mindanao,Acute Viral Hepatitis,0.0,0.0
2024-05-01,Northern Mindanao,Acute Viral Hepatitis,1.0,0.0
2024-06-01,Northern Mindanao,Acute Viral Hepatitis,0.0,0.0
2024-07-01,Northern Mindanao,Acute Viral Hepatitis,0.0,0.0
2024-08-01,Northern Mindanao,Acute Viral Hepatitis,0.0,0.0
2024-09-01,Northern Mindanao,Acute Viral Hepatitis,0.0,0.0
2024-10-01,Northern Mindanao,Acute Viral Hepatitis,0.0,0.0
2024-11-01,Northern Mindanao,Acute Viral Hepatitis,1.0,0.0
2024-12-01,Northern Mindanao,Acute Viral Hepatitis,0.0,0.0
2025-01-01,Northern Mindanao,Acute Viral Hepatitis,0.0,0.0
2025-02-01,Northern Mindanao,Acute Viral Hepatitis,0.0,0.0
2025-03-01,Northern Mindanao,Acute Viral Hepatitis,1.0,0.0
2025-04-01,Northern Mindanao,Acute Viral Hepatitis,0.0,0.0
2025-05-01,Northern Mindanao,Acute Viral Hepatitis,3.0,0.0
2025-06-01,Northern Mindanao,Acute Viral Hepatitis,0.0,0.0
2025-07-01,Northern Mindanao,Acute Viral Hepatitis,1.0,0.0
2025-08-01,Northern Mindanao,Acute Viral Hepatitis,2.0,0.0
2018-05-01,SOCCSKSARGEN,Acute Viral Hepatitis,2.0,0.0
2018-06-01,SOCCSKSARGEN,Acute Viral Hepatitis,2.0,0.0
2018-07-01,SOCCSKSARGEN,Acute Viral Hepatitis,0.0,0.0
2018-08-01,SOCCSKSARGEN,Acute Viral Hepatitis,1.0,0.0
2018-09-01,SOCCSKSARGEN,Acute Viral Hepatitis,2.0,0.0
2018-10-01,SOCCSKSARGEN,Acute Viral Hepatitis,1.0,0.0
2018-11-01,SOCCSKSARGEN,Acute Viral Hepatitis,0.0,0.0
2018-12-01,SOCCSKSARGEN,Acute Viral Hepatitis,0.0,0.0
2019-01-01,SOCCSKSARGEN,Acute Viral Hepatitis,1.0,0.0
2019-02-01,SOCCSKSARGEN,Acute Viral Hepatitis,0.0,0.0
2019-03-01,SOCCSKSARGEN,Acute Viral Hepatitis,0.0,0.0
2019-04-01,SOCCSKSARGEN,Acute Viral Hepatitis,0.0,0.0
2019-05-01,SOCCSKSARGEN,Acute Viral Hepatitis,1.0,0.0
2019-06-01,SOCCSKSARGEN,Acute Viral Hepatitis,3.0,0.0
2019-07-01,SOCCSKSARGEN,Acute Viral Hepatitis,0.0,0.0
2019-08-01,SOCCSKSARGEN,Acute Viral Hepatitis,0.0,0.0
2019-09-01,SOCCSKSARGEN,Acute Viral Hepatitis,1.0,0.0
2019-10-01,SOCCSKSARGEN,Acute Viral Hepatitis,0.0,0.0
2019-11-01,SOCCSKSARGEN,Acute Viral Hepatitis,0.0,0.0
2019-12-01,SOCCSKSARGEN,Acute Viral Hepatitis,0.0,0.0
2020-01-01,SOCCSKSARGEN,Acute Viral Hepatitis,0.0,0.0
2020-02-01,SOCCSKSARGEN,Acute Viral Hepatitis,0.0,0.0
2020-03-01,SOCCSKSARGEN,Acute Viral Hepatitis,0.0,0.0
2020-04-01,SOCCSKSARGEN,Acute Viral Hepatitis,0.0,0.0
2020-05-01,SOCCSKSARGEN,Acute Viral Hepatitis,0.0,0.0
2020-06-01,SOCCSKSARGEN,Acute Viral Hepatitis,0.0,0.0
2020-07-01,SOCCSKSARGEN,Acute Viral Hepatitis,1.0,0.0
2020-08-01,SOCCSKSARGEN,Acute Viral Hepatitis,1.0,0.0
2020-09-01,SOCCSKSARGEN,Acute Viral Hepatitis,0.0,0.0
2020-10-01,SOCCSKSARGEN,Acute Viral Hepatitis,0.0,0.0
2020-11-01,SOCCSKSARGEN,Acute Viral Hepatitis,0.0,0.0
2020-12-01,SOCCSKSARGEN,Acute Viral Hepatitis,1.0,0.0
2021-01-01,SOCCSKSARGEN,Acute Viral Hepatitis,0.0,0.0
2021-02-01,SOCCSKSARGEN,Acute Viral Hepatitis,0.0,0.0
2021-03-01,SOCCSKSARGEN,Acute Viral Hepatitis,0.0,0.0
2021-04-01,SOCCSKSARGEN,Acute Viral Hepatitis,0.0,0.0
2021-05-01,SOCCSKSARGEN,Acute Viral Hepatitis,0.0,0.0
2021-06-01,SOCCSKSARGEN,Acute Viral Hepatitis,0.0,0.0
2021-07-01,SOCCSKSARGEN,Acute Viral Hepatitis,0.0,0.0
2021-08-01,SOCCSKSARGEN,Acute Viral Hepatitis,0.0,0.0
2021-09-01,SOCCSKSARGEN,Acute Viral Hepatitis,0.0,0.0
2021-10-01,SOCCSKSARGEN,Acute Viral Hepatitis,0.0,0.0
2021-11-01,SOCCSKSARGEN,Acute Viral Hepatitis,0.0,0.0
2021-12-01,SOCCSKSARGEN,Acute Viral Hepatitis,0.0,0.0
2022-01-01,SOCCSKSARGEN,Acute Viral Hepatitis,0.0,0.0
2022-02-01,SOCCSKSARGEN,Acute Viral Hepatitis,0.0,0.0
2022-03-01,SOCCSKSARGEN,Acute Viral Hepatitis,0.0,0.0
2022-04-01,SOCCSKSARGEN,Acute Viral Hepatitis,0.0,0.0
2022-05-01,SOCCSKSARGEN,Acute Viral Hepatitis,0.0,0.0
2022-06-01,SOCCSKSARGEN,Acute Viral Hepatitis,0.0,0.0
2022-07-01,SOCCSKSARGEN,Acute Viral Hepatitis,0.0,0.0
2022-08-01,SOCCSKSARGEN,Acute Viral Hepatitis,0.0,0.0
2022-09-01,SOCCSKSARGEN,Acute Viral Hepatitis,0.0,0.0
2022-10-01,SOCCSKSARGEN,Acute Viral Hepatitis,0.0,0.0
2022-11-01,SOCCSKSARGEN,Acute Viral Hepatitis,0.0,0.0
2022-12-01,SOCCSKSARGEN,Acute Viral Hepatitis,0.0,0.0
2023-01-01,SOCCSKSARGEN,Acute Viral Hepatitis,1.0,0.0
2023-02-01,SOCCSKSARGEN,Acute Viral Hepatitis,0.0,0.0
2023-03-01,SOCCSKSARGEN,Acute Viral Hepatitis,1.0,0.0
2023-04-01,SOCCSKSARGEN,Acute Viral Hepatitis,0.0,0.0
2023-05-01,SOCCSKSARGEN,Acute Viral Hepatitis,0.0,0.0
2023-06-01,SOCCSKSARGEN,Acute Viral Hepatitis,1.0,0.0
2023-07-01,SOCCSKSARGEN,Acute Viral Hepatitis,0.0,0.0
2023-08-01,SOCCSKSARGEN,Acute Viral Hepatitis,0.0,0.0
2023-09-01,SOCCSKSARGEN,Acute Viral Hepatitis,0.0,0.0
2023-10-01,SOCCSKSARGEN,Acute Viral Hepatitis,0.0,0.0
2023-11-01,SOCCSKSARGEN,Acute Viral Hepatitis,0.0,0.0
2023-12-01,SOCCSKSARGEN,Acute Viral Hepatitis,0.0,0.0
2024-01-01,SOCCSKSARGEN,Acute Viral Hepatitis,0.0,0.0
2024-02-01,SOCCSKSARGEN,Acute Viral Hepatitis,0.0,0.0
2024-03-01,SOCCSKSARGEN,Acute Viral Hepatitis,0.0,0.0
2024-04-01,SOCCSKSARGEN,Acute Viral Hepatitis,0.0,0.0
2024-05-01,SOCCSKSARGEN,Acute Viral Hepatitis,0.0,0.0
2024-06-01,SOCCSKSARGEN,Acute Viral Hepatitis,0.0,0.0
2024-07-01,SOCCSKSARGEN,Acute Viral Hepatitis,0.0,0.0
2024-08-01,SOCCSKSARGEN,Acute Viral Hepatitis,0.0,0.0
2024-09-01,SOCCSKSARGEN,Acute Viral Hepatitis,0.0,0.0
2024-10-01,SOCCSKSARGEN,Acute Viral Hepatitis,0.0,0.0
2024-11-01,SOCCSKSARGEN,Acute Viral Hepatitis,0.0,0.0
2024-12-01,SOCCSKSARGEN,Acute Viral Hepatitis,0.0,0.0
2025-01-01,SOCCSKSARGEN,Acute Viral Hepatitis,0.0,0.0
2025-02-01,SOCCSKSARGEN,Acute Viral Hepatitis,0.0,0.0
2025-03-01,SOCCSKSARGEN,Acute Viral Hepatitis,0.0,0.0
2025-04-01,SOCCSKSARGEN,Acute Viral Hepatitis,1.0,0.0
2025-05-01,SOCCSKSARGEN,Acute Viral Hepatitis,0.0,0.0
2025-06-01,SOCCSKSARGEN,Acute Viral Hepatitis,1.0,0.0
2025-07-01,SOCCSKSARGEN,Acute Viral Hepatitis,0.0,0.0
2025-08-01,SOCCSKSARGEN,Acute Viral Hepatitis,0.0,0.0
2025-09-01,SOCCSKSARGEN,Acute Viral Hepatitis,1.0,0.0
2018-01-01,Western Visayas,Acute Viral Hepatitis,1.0,0.0
2018-02-01,Western Visayas,Acute Viral Hepatitis,1.0,0.0
2018-03-01,Western Visayas,Acute Viral Hepatitis,4.0,0.0
2018-04-01,Western Visayas,Acute Viral Hepatitis,4.0,0.0
2018-05-01,Western Visayas,Acute Viral Hepatitis,7.0,0.0
2018-06-01,Western Visayas,Acute Viral Hepatitis,8.0,0.0
2018-07-01,Western Visayas,Acute Viral Hepatitis,51.0,0.0
2018-08-01,Western Visayas,Acute Viral Hepatitis,41.0,0.0
2018-09-01,Western Visayas,Acute Viral Hepatitis,2.0,0.0
2018-10-01,Western Visayas,Acute Viral Hepatitis,0.0,0.0
2018-11-01,Western Visayas,Acute Viral Hepatitis,2.0,0.0
2018-12-01,Western Visayas,Acute Viral Hepatitis,2.0,0.0
2019-01-01,Western Visayas,Acute Viral Hepatitis,1.0,0.0
2019-02-01,Western Visayas,Acute Viral Hepatitis,1.0,0.0
2019-03-01,Western Visayas,Acute Viral Hepatitis,2.0,0.0
2019-04-01,Western Visayas,Acute Viral Hepatitis,1.0,0.0
2019-05-01,Western Visayas,Acute Viral Hepatitis,1.0,0.0
2019-06-01,Western Visayas,Acute Viral Hepatitis,1.0,0.0
2019-07-01,Western Visayas,Acute Viral Hepatitis,2.0,0.0
2019-08-01,Western Visayas,Acute Viral Hepatitis,6.0,1.0
2019-09-01,Western Visayas,Acute Viral Hepatitis,2.0,0.0
2019-10-01,Western Visayas,Acute Viral Hepatitis,1.0,0.0
2019-11-01,Western Visayas,Acute Viral Hepatitis,2.0,0.0
2019-12-01,Western Visayas,Acute Viral Hepatitis,0.0,0.0
2020-01-01,Western Visayas,Acute Viral Hepatitis,0.0,0.0
2020-02-01,Western Visayas,Acute Viral Hepatitis,1.0,0.0
2020-03-01,Western Visayas,Acute Viral Hepatitis,0.0,0.0
2020-04-01,Western Visayas,Acute Viral Hepatitis,0.0,0.0
2020-05-01,Western Visayas,Acute Viral Hepatitis,0.0,0.0
2020-06-01,Western Visayas,Acute Viral Hepatitis,1.0,0.0
2020-07-01,Western Visayas,Acute Viral Hepatitis,0.0,0.0
2020-08-01,Western Visayas,Acute Viral Hepatitis,0.0,0.0
2020-09-01,Western Visayas,Acute Viral Hepatitis,0.0,0.0
2020-10-01,Western Visayas,Acute Viral Hepatitis,0.0,0.0
2020-11-01,Western Visayas,Acute Viral Hepatitis,0.0,0.0
2020-12-01,Western Visayas,Acute Viral Hepatitis,0.0,0.0
2021-01-01,Western Visayas,Acute Viral Hepatitis,1.0,0.0
2021-02-01,Western Visayas,Acute Viral Hepatitis,0.0,0.0
2021-03-01,Western Visayas,Acute Viral Hepatitis,0.0,0.0
2021-04-01,Western Visayas,Acute Viral Hepatitis,1.0,0.0
2021-05-01,Western Visayas,Acute Viral Hepatitis,0.0,0.0
2021-06-01,Western Visayas,Acute Viral Hepatitis,0.0,0.0
2021-07-01,Western Visayas,Acute Viral Hepatitis,1.0,0.0
2021-08-01,Western Visayas,Acute Viral Hepatitis,0.0,0.0
2021-09-01,Western Visayas,Acute Viral Hepatitis,0.0,0.0
2021-10-01,Western Visayas,Acute Viral Hepatitis,0.0,0.0
2021-11-01,Western Visayas,Acute Viral Hepatitis,0.0,0.0
2021-12-01,Western Visayas,Acute Viral Hepatitis,0.0,0.0
2022-01-01,Western Visayas,Acute Viral Hepatitis,1.0,0.0
2022-02-01,Western Visayas,Acute Viral Hepatitis,0.0,0.0
2022-03-01,Western Visayas,Acute Viral Hepatitis,1.0,0.0
2022-04-01,Western Visayas,Acute Viral Hepatitis,2.0,0.0
2022-05-01,Western Visayas,Acute Viral Hepatitis,7.0,0.0
2022-06-01,Western Visayas,Acute Viral Hepatitis,4.0,0.0
2022-07-01,Western Visayas,Acute Viral Hepatitis,5.0,0.0
2022-08-01,Western Visayas,Acute Viral Hepatitis,2.0,0.0
2022-09-01,Western Visayas,Acute Viral Hepatitis,0.0,0.0
2022-10-01,Western Visayas,Acute Viral Hepatitis,0.0,0.0
2022-11-01,Western Visayas,Acute Viral Hepatitis,5.0,0.0
2022-12-01,Western Visayas,Acute Viral Hepatitis,1.0,0.0
2023-01-01,Western Visayas,Acute Viral Hepatitis,6.0,0.0
2023-02-01,Western Visayas,Acute Viral Hepatitis,5.0,0.0
2023-03-01,Western Visayas,Acute Viral Hepatitis,2.0,0.0
2023-04-01,Western Visayas,Acute Viral Hepatitis,1.0,0.0
2023-05-01,Western Visayas,Acute Viral Hepatitis,1.0,0.0
2023-06-01,Western Visayas,Acute Viral Hepatitis,1.0,0.0
2023-07-01,Western Visayas,Acute Viral Hepatitis,2.0,0.0
2023-08-01,Western Visayas,Acute Viral Hepatitis,1.0,0.0
2023-09-01,Western Visayas,Acute Viral Hepatitis,0.0,0.0
2023-10-01,Western Visayas,Acute Viral Hepatitis,0.0,0.0
2023-11-01,Western Visayas,Acute Viral Hepatitis,0.0,0.0
2023-12-01,Western Visayas,Acute Viral Hepatitis,1.0,0.0
2024-01-01,Western Visayas,Acute Viral Hepatitis,0.0,0.0
2024-02-01,Western Visayas,Acute Viral Hepatitis,0.0,0.0
2024-03-01,Western Visayas,Acute Viral Hepatitis,0.0,0.0
2024-04-01,Western Visayas,Acute Viral Hepatitis,0.0,0.0
2024-05-01,Western Visayas,Acute Viral Hepatitis,0.0,0.0
2024-06-01,Western Visayas,Acute Viral Hepatitis,0.0,0.0
2024-07-01,Western Visayas,Acute Viral Hepatitis,0.0,0.0
2024-08-01,Western Visayas,Acute Viral Hepatitis,4.0,0.0
2024-09-01,Western Visayas,Acute Viral Hepatitis,2.0,0.0
2024-10-01,Western Visayas,Acute Viral Hepatitis,2.0,0.0
2024-11-01,Western Visayas,Acute Viral Hepatitis,0.0,0.0
2024-12-01,Western Visayas,Acute Viral Hepatitis,0.0,0.0
2025-01-01,Western Visayas,Acute Viral Hepatitis,0.0,0.0
2025-02-01,Western Visayas,Acute Viral Hepatitis,1.0,0.0
2025-03-01,Western Visayas,Acute Viral Hepatitis,1.0,0.0
2025-04-01,Western Visayas,Acute Viral Hepatitis,0.0,0.0
2025-05-01,Western Visayas,Acute Viral Hepatitis,0.0,0.0
2025-06-01,Western Visayas,Acute Viral Hepatitis,0.0,0.0
2025-07-01,Western Visayas,Acute Viral Hepatitis,1.0,0.0
2025-08-01,Western Visayas,Acute Viral Hepatitis,5.0,0.0
2018-01-01,Zamboanga Peninsula,Acute Viral Hepatitis,1.0,0.0
2018-02-01,Zamboanga Peninsula,Acute Viral Hepatitis,1.0,0.0
2018-03-01,Zamboanga Peninsula,Acute Viral Hepatitis,2.0,0.0
2018-04-01,Zamboanga Peninsula,Acute Viral Hepatitis,2.0,0.0
2018-05-01,Zamboanga Peninsula,Acute Viral Hepatitis,1.0,0.0
2018-06-01,Zamboanga Peninsula,Acute Viral Hepatitis,2.0,0.0
2018-07-01,Zamboanga Peninsula,Acute Viral Hepatitis,2.0,0.0
2018-08-01,Zamboanga Peninsula,Acute Viral Hepatitis,5.0,0.0
2018-09-01,Zamboanga Peninsula,Acute Viral Hepatitis,0.0,0.0
2018-10-01,Zamboanga Peninsula,Acute Viral Hepatitis,4.0,0.0
2018-11-01,Zamboanga Peninsula,Acute Viral Hepatitis,0.0,0.0
2018-12-01,Zamboanga Peninsula,Acute Viral Hepatitis,0.0,0.0
2019-01-01,Zamboanga Peninsula,Acute Viral Hepatitis,4.0,0.0
2019-02-01,Zamboanga Peninsula,Acute Viral Hepatitis,4.0,0.0
2019-03-01,Zamboanga Peninsula,Acute Viral Hepatitis,3.0,0.0
2019-04-01,Zamboanga Peninsula,Acute Viral Hepatitis,3.0,0.0
2019-05-01,Zamboanga Peninsula,Acute Viral Hepatitis,3.0,0.0
2019-06-01,Zamboanga Peninsula,Acute Viral Hepatitis,3.0,0.0
2019-07-01,Zamboanga Peninsula,Acute Viral Hepatitis,3.0,0.0
2019-08-01,Zamboanga Peninsula,Acute Viral Hepatitis,4.0,0.0
2019-09-01,Zamboanga Peninsula,Acute Viral Hepatitis,3.0,0.0
2019-10-01,Zamboanga Peninsula,Acute Viral Hepatitis,4.0,0.0
2019-11-01,Zamboanga Peninsula,Acute Viral Hepatitis,1.0,0.0
2019-12-01,Zamboanga Peninsula,Acute Viral Hepatitis,2.0,0.0
2020-01-01,Zamboanga Peninsula,Acute Viral Hepatitis,5.0,0.0
2020-02-01,Zamboanga Peninsula,Acute Viral Hepatitis,2.0,0.0
2020-03-01,Zamboanga Peninsula,Acute Viral Hepatitis,0.0,0.0
2020-04-01,Zamboanga Peninsula,Acute Viral Hepatitis,3.0,0.0
2020-05-01,Zamboanga Peninsula,Acute Viral Hepatitis,0.0,0.0
2020-06-01,Zamboanga Peninsula,Acute Viral Hepatitis,0.0,0.0
2020-07-01,Zamboanga Peninsula,Acute Viral Hepatitis,2.0,0.0
2020-08-01,Zamboanga Peninsula,Acute Viral Hepatitis,1.0,0.0
2020-09-01,Zamboanga Peninsula,Acute Viral Hepatitis,0.0,0.0
2020-10-01,Zamboanga Peninsula,Acute Viral Hepatitis,0.0,0.0
2020-11-01,Zamboanga Peninsula,Acute Viral Hepatitis,0.0,0.0
2020-12-01,Zamboanga Peninsula,Acute Viral Hepatitis,0.0,0.0
2021-01-01,Zamboanga Peninsula,Acute Viral Hepatitis,1.0,0.0
2021-02-01,Zamboanga Peninsula,Acute Viral Hepatitis,0.0,0.0
2021-03-01,Zamboanga Peninsula,Acute Viral Hepatitis,2.0,0.0
2021-04-01,Zamboanga Peninsula,Acute Viral Hepatitis,1.0,0.0
2021-05-01,Zamboanga Peninsula,Acute Viral Hepatitis,1.0,0.0
2021-06-01,Zamboanga Peninsula,Acute Viral Hepatitis,0.0,0.0
2021-07-01,Zamboanga Peninsula,Acute Viral Hepatitis,1.0,0.0
2021-08-01,Zamboanga Peninsula,Acute Viral Hepatitis,0.0,0.0
2021-09-01,Zamboanga Peninsula,Acute Viral Hepatitis,0.0,0.0
2021-10-01,Zamboanga Peninsula,Acute Viral Hepatitis,1.0,0.0
2021-11-01,Zamboanga Peninsula,Acute Viral Hepatitis,0.0,0.0
2021-12-01,Zamboanga Peninsula,Acute Viral Hepatitis,0.0,0.0
2022-01-01,Zamboanga Peninsula,Acute Viral Hepatitis,3.0,0.0
2022-02-01,Zamboanga Peninsula,Acute Viral Hepatitis,2.0,0.0
2022-03-01,Zamboanga Peninsula,Acute Viral Hepatitis,3.0,0.0
2022-04-01,Zamboanga Peninsula,Acute Viral Hepatitis,2.0,0.0
2022-05-01,Zamboanga Peninsula,Acute Viral Hepatitis,0.0,0.0
2022-06-01,Zamboanga Peninsula,Acute Viral Hepatitis,7.0,0.0
2022-07-01,Zamboanga Peninsula,Acute Viral Hepatitis,1.0,0.0
2022-08-01,Zamboanga Peninsula,Acute Viral Hepatitis,1.0,0.0
2022-09-01,Zamboanga Peninsula,Acute Viral Hepatitis,1.0,0.0
2022-10-01,Zamboanga Peninsula,Acute Viral Hepatitis,0.0,0.0
2022-11-01,Zamboanga Peninsula,Acute Viral Hepatitis,0.0,0.0
2022-12-01,Zamboanga Peninsula,Acute Viral Hepatitis,0.0,0.0
2023-01-01,Zamboanga Peninsula,Acute Viral Hepatitis,2.0,0.0
2023-02-01,Zamboanga Peninsula,Acute Viral Hepatitis,1.0,0.0
2023-03-01,Zamboanga Peninsula,Acute Viral Hepatitis,1.0,0.0
2023-04-01,Zamboanga Peninsula,Acute Viral Hepatitis,1.0,0.0
2023-05-01,Zamboanga Peninsula,Acute Viral Hepatitis,2.0,0.0
2023-06-01,Zamboanga Peninsula,Acute Viral Hepatitis,1.0,0.0
2023-07-01,Zamboanga Peninsula,Acute Viral Hepatitis,0.0,0.0
2023-08-01,Zamboanga Peninsula,Acute Viral Hepatitis,1.0,0.0
2023-09-01,Zamboanga Peninsula,Acute Viral Hepatitis,2.0,0.0
2023-10-01,Zamboanga Peninsula,Acute Viral Hepatitis,2.0,0.0
2023-11-01,Zamboanga Peninsula,Acute Viral Hepatitis,17.0,0.0
2023-12-01,Zamboanga Peninsula,Acute Viral Hepatitis,15.0,0.0
2024-01-01,Zamboanga Peninsula,Acute Viral Hepatitis,11.0,0.0
2024-02-01,Zamboanga Peninsula,Acute Viral Hepatitis,5.0,0.0
2024-03-01,Zamboanga Peninsula,Acute Viral Hepatitis,9.0,0.0
2024-04-01,Zamboanga Peninsula,Acute Viral Hepatitis,11.0,0.0
2024-05-01,Zamboanga Peninsula,Acute Viral Hepatitis,20.0,0.0
2024-06-01,Zamboanga Peninsula,Acute Viral Hepatitis,7.0,0.0
2024-07-01,Zamboanga Peninsula,Acute Viral Hepatitis,18.0,1.0
2024-08-01,Zamboanga Peninsula,Acute Viral Hepatitis,8.0,0.0
2024-09-01,Zamboanga Peninsula,Acute Viral Hepatitis,8.0,0.0
2024-10-01,Zamboanga Peninsula,Acute Viral Hepatitis,7.0,0.0
2024-11-01,Zamboanga Peninsula,Acute Viral Hepatitis,0.0,0.0
2024-12-01,Zamboanga Peninsula,Acute Viral Hepatitis,0.0,0.0
2025-01-01,Zamboanga Peninsula,Acute Viral Hepatitis,0.0,0.0
2025-02-01,Zamboanga Peninsula,Acute Viral Hepatitis,0.0,0.0
2025-03-01,Zamboanga Peninsula,Acute Viral Hepatitis,1.0,0.0
2025-04-01,Zamboanga Peninsula,Acute Viral Hepatitis,0.0,0.0
2025-05-01,Zamboanga Peninsula,Acute Viral Hepatitis,0.0,0.0
2025-06-01,Zamboanga Peninsula,Acute Viral Hepatitis,0.0,0.0
2025-07-01,Zamboanga Peninsula,Acute Viral Hepatitis,0.0,0.0
2025-08-01,Zamboanga Peninsula,Acute Viral Hepatitis,0.0,0.0
2025-09-01,Zamboanga Peninsula,Acute Viral Hepatitis,1.0,0.0
2018-02-01,Bangsamoro (BARMM),Cholera,1.0,0.0
2018-03-01,Bangsamoro (BARMM),Cholera,0.0,0.0
2018-04-01,Bangsamoro (BARMM),Cholera,0.0,0.0
2018-05-01,Bangsamoro (BARMM),Cholera,0.0,0.0
2018-06-01,Bangsamoro (BARMM),Cholera,0.0,0.0
2018-07-01,Bangsamoro (BARMM),Cholera,0.0,0.0
2018-08-01,Bangsamoro (BARMM),Cholera,1.0,0.0
2018-09-01,Bangsamoro (BARMM),Cholera,0.0,0.0
2018-10-01,Bangsamoro (BARMM),Cholera,0.0,0.0
2018-11-01,Bangsamoro (BARMM),Cholera,0.0,0.0
2018-12-01,Bangsamoro (BARMM),Cholera,0.0,0.0
2019-01-01,Bangsamoro (BARMM),Cholera,0.0,0.0
2019-02-01,Bangsamoro (BARMM),Cholera,0.0,0.0
2019-03-01,Bangsamoro (BARMM),Cholera,0.0,0.0
2019-04-01,Bangsamoro (BARMM),Cholera,0.0,0.0
2019-05-01,Bangsamoro (BARMM),Cholera,1.0,0.0
2019-06-01,Bangsamoro (BARMM),Cholera,0.0,0.0
2019-07-01,Bangsamoro (BARMM),Cholera,0.0,0.0
2019-08-01,Bangsamoro (BARMM),Cholera,0.0,0.0
2019-09-01,Bangsamoro (BARMM),Cholera,0.0,0.0
2019-10-01,Bangsamoro (BARMM),Cholera,1.0,0.0
2019-11-01,Bangsamoro (BARMM),Cholera,0.0,0.0
2019-12-01,Bangsamoro (BARMM),Cholera,0.0,0.0
2020-01-01,Bangsamoro (BARMM),Cholera,0.0,0.0
2020-02-01,Bangsamoro (BARMM),Cholera,0.0,0.0
2020-03-01,Bangsamoro (BARMM),Cholera,0.0,0.0
2020-04-01,Bangsamoro (BARMM),Cholera,2.0,0.0
2020-05-01,Bangsamoro (BARMM),Cholera,0.0,0.0
2020-06-01,Bangsamoro (BARMM),Cholera,0.0,0.0
2020-07-01,Bangsamoro (BARMM),Cholera,0.0,0.0
2020-08-01,Bangsamoro (BARMM),Cholera,0.0,0.0
2020-09-01,Bangsamoro (BARMM),Cholera,0.0,0.0
2020-10-01,Bangsamoro (BARMM),Cholera,0.0,0.0
2020-11-01,Bangsamoro (BARMM),Cholera,0.0,0.0
2020-12-01,Bangsamoro (BARMM),Cholera,0.0,0.0
2021-01-01,Bangsamoro (BARMM),Cholera,0.0,0.0
2021-02-01,Bangsamoro (BARMM),Cholera,0.0,0.0
2021-03-01,Bangsamoro (BARMM),Cholera,0.0,0.0
2021-04-01,Bangsamoro (BARMM),Cholera,0.0,0.0
2021-05-01,Bangsamoro (BARMM),Cholera,11.0,0.0
2021-06-01,Bangsamoro (BARMM),Cholera,0.0,0.0
2021-07-01,Bangsamoro (BARMM),Cholera,1.0,0.0
2021-08-01,Bangsamoro (BARMM),Cholera,5.0,0.0
2021-09-01,Bangsamoro (BARMM),Cholera,1.0,0.0
2021-10-01,Bangsamoro (BARMM),Cholera,2.0,0.0
2021-11-01,Bangsamoro (BARMM),Cholera,0.0,0.0
2021-12-01,Bangsamoro (BARMM),Cholera,0.0,0.0
2022-01-01,Bangsamoro (BARMM),Cholera,0.0,0.0
2022-02-01,Bangsamoro (BARMM),Cholera,0.0,0.0
2022-03-01,Bangsamoro (BARMM),Cholera,0.0,0.0
2022-04-01,Bangsamoro (BARMM),Cholera,0.0,0.0
2022-05-01,Bangsamoro (BARMM),Cholera,0.0,0.0
2022-06-01,Bangsamoro (BARMM),Cholera,0.0,0.0
2022-07-01,Bangsamoro (BARMM),Cholera,0.0,0.0
2022-08-01,Bangsamoro (BARMM),Cholera,0.0,0.0
2022-09-01,Bangsamoro (BARMM),Cholera,0.0,0.0
2022-10-01,Bangsamoro (BARMM),Cholera,0.0,0.0
2022-11-01,Bangsamoro (BARMM),Cholera,0.0,0.0
2022-12-01,Bangsamoro (BARMM),Cholera,0.0,0.0
2023-01-01,Bangsamoro (BARMM),Cholera,0.0,0.0
2023-02-01,Bangsamoro (BARMM),Cholera,0.0,0.0
2023-03-01,Bangsamoro (BARMM),Cholera,1.0,0.0
2023-04-01,Bangsamoro (BARMM),Cholera,1.0,0.0
2023-05-01,Bangsamoro (BARMM),Cholera,0.0,0.0
2023-06-01,Bangsamoro (BARMM),Cholera,0.0,0.0
2023-07-01,Bangsamoro (BARMM),Cholera,0.0,0.0
2023-08-01,Bangsamoro (BARMM),Cholera,3.0,0.0
2023-09-01,Bangsamoro (BARMM),Cholera,0.0,0.0
2023-10-01,Bangsamoro (BARMM),Cholera,1.0,0.0
2023-11-01,Bangsamoro (BARMM),Cholera,0.0,0.0
2023-12-01,Bangsamoro (BARMM),Cholera,0.0,0.0
2024-01-01,Bangsamoro (BARMM),Cholera,0.0,0.0
2024-02-01,Bangsamoro (BARMM),Cholera,0.0,0.0
2024-03-01,Bangsamoro (BARMM),Cholera,4.0,0.0
2024-04-01,Bangsamoro (BARMM),Cholera,1.0,0.0
2024-05-01,Bangsamoro (BARMM),Cholera,7.0,0.0
2024-06-01,Bangsamoro (BARMM),Cholera,4.0,0.0
2024-07-01,Bangsamoro (BARMM),Cholera,3.0,0.0
2024-08-01,Bangsamoro (BARMM),Cholera,18.0,0.0
2024-09-01,Bangsamoro (BARMM),Cholera,3.0,0.0
2024-10-01,Bangsamoro (BARMM),Cholera,3.0,0.0
2024-11-01,Bangsamoro (BARMM),Cholera,4.0,0.0
2024-12-01,Bangsamoro (BARMM),Cholera,5.0,0.0
2025-01-01,Bangsamoro (BARMM),Cholera,1.0,0.0
2025-02-01,Bangsamoro (BARMM),Cholera,4.0,0.0
2025-03-01,Bangsamoro (BARMM),Cholera,10.0,0.0
2025-04-01,Bangsamoro (BARMM),Cholera,6.0,0.0
2025-05-01,Bangsamoro (BARMM),Cholera,20.0,0.0
2025-06-01,Bangsamoro (BARMM),Cholera,7.0,0.0
2025-07-01,Bangsamoro (BARMM),Cholera,6.0,0.0
2025-08-01,Bangsamoro (BARMM),Cholera,5.0,0.0
2025-09-01,Bangsamoro (BARMM),Cholera,0.0,0.0
2025-10-01,Bangsamoro (BARMM),Cholera,0.0,0.0
2025-11-01,Bangsamoro (BARMM),Cholera,0.0,0.0
2025-12-01,Bangsamoro (BARMM),Cholera,0.0,0.0
2026-01-01,Bangsamoro (BARMM),Cholera,1.0,0.0
2026-02-01,Bangsamoro (BARMM),Cholera,0.0,0.0
2026-03-01,Bangsamoro (BARMM),Cholera,0.0,0.0
2026-04-01,Bangsamoro (BARMM),Cholera,0.0,0.0
2026-05-01,Bangsamoro (BARMM),Cholera,7.0,0.0
2026-06-01,Bangsamoro (BARMM),Cholera,1.0,0.0
2026-07-01,Bangsamoro (BARMM),Cholera,1.0,0.0
2026-08-01,Bangsamoro (BARMM),Cholera,11.0,0.0
2018-01-01,Bicol Region,Cholera,101.0,1.0
2018-02-01,Bicol Region,Cholera,80.0,1.0
2018-03-01,Bicol Region,Cholera,69.0,1.0
2018-04-01,Bicol Region,Cholera,69.0,0.0
2018-05-01,Bicol Region,Cholera,70.0,0.0
2018-06-01,Bicol Region,Cholera,63.0,0.0
2018-07-01,Bicol Region,Cholera,61.0,0.0
2018-08-01,Bicol Region,Cholera,55.0,0.0
2018-09-01,Bicol Region,Cholera,51.0,0.0
2018-10-01,Bicol Region,Cholera,66.0,0.0
2018-11-01,Bicol Region,Cholera,40.0,0.0
2018-12-01,Bicol Region,Cholera,49.0,0.0
2019-01-01,Bicol Region,Cholera,55.0,0.0
2019-02-01,Bicol Region,Cholera,36.0,0.0
2019-03-01,Bicol Region,Cholera,41.0,1.0
2019-04-01,Bicol Region,Cholera,60.0,1.0
2019-05-01,Bicol Region,Cholera,73.0,1.0
2019-06-01,Bicol Region,Cholera,55.0,0.0
2019-07-01,Bicol Region,Cholera,43.0,0.0
2019-08-01,Bicol Region,Cholera,32.0,0.0
2019-09-01,Bicol Region,Cholera,32.0,0.0
2019-10-01,Bicol Region,Cholera,30.0,0.0
2019-11-01,Bicol Region,Cholera,22.0,0.0
2019-12-01,Bicol Region,Cholera,51.0,0.0
2020-01-01,Bicol Region,Cholera,40.0,0.0
2020-02-01,Bicol Region,Cholera,25.0,0.0
2020-03-01,Bicol Region,Cholera,37.0,0.0
2020-04-01,Bicol Region,Cholera,26.0,0.0
2020-05-01,Bicol Region,Cholera,22.0,0.0
2020-06-01,Bicol Region,Cholera,41.0,0.0
2020-07-01,Bicol Region,Cholera,34.0,0.0
2020-08-01,Bicol Region,Cholera,28.0,0.0
2020-09-01,Bicol Region,Cholera,36.0,0.0
2020-10-01,Bicol Region,Cholera,53.0,1.0
2020-11-01,Bicol Region,Cholera,33.0,1.0
2020-12-01,Bicol Region,Cholera,30.0,0.0
2021-01-01,Bicol Region,Cholera,22.0,0.0
2021-02-01,Bicol Region,Cholera,17.0,0.0
2021-03-01,Bicol Region,Cholera,20.0,0.0
2021-04-01,Bicol Region,Cholera,16.0,1.0
2021-05-01,Bicol Region,Cholera,14.0,0.0
2021-06-01,Bicol Region,Cholera,20.0,0.0
2021-07-01,Bicol Region,Cholera,14.0,0.0
2021-08-01,Bicol Region,Cholera,11.0,0.0
2021-09-01,Bicol Region,Cholera,8.0,0.0
2021-10-01,Bicol Region,Cholera,15.0,1.0
2021-11-01,Bicol Region,Cholera,7.0,0.0
2021-12-01,Bicol Region,Cholera,21.0,0.0
2022-01-01,Bicol Region,Cholera,13.0,0.0
2022-02-01,Bicol Region,Cholera,9.0,0.0
2022-03-01,Bicol Region,Cholera,22.0,0.0
2022-04-01,Bicol Region,Cholera,22.0,1.0
2022-05-01,Bicol Region,Cholera,11.0,1.0
2022-06-01,Bicol Region,Cholera,17.0,0.0
2022-07-01,Bicol Region,Cholera,18.0,0.0
2022-08-01,Bicol Region,Cholera,8.0,0.0
2022-09-01,Bicol Region,Cholera,33.0,3.0
2022-10-01,Bicol Region,Cholera,18.0,0.0
2022-11-01,Bicol Region,Cholera,27.0,0.0
2022-12-01,Bicol Region,Cholera,10.0,1.0
2023-01-01,Bicol Region,Cholera,56.0,0.0
2023-02-01,Bicol Region,Cholera,41.0,0.0
2023-03-01,Bicol Region,Cholera,30.0,0.0
2023-04-01,Bicol Region,Cholera,19.0,1.0
2023-05-01,Bicol Region,Cholera,10.0,0.0
2023-06-01,Bicol Region,Cholera,21.0,0.0
2023-07-01,Bicol Region,Cholera,13.0,1.0
2023-08-01,Bicol Region,Cholera,43.0,1.0
2023-09-01,Bicol Region,Cholera,21.0,0.0
2023-10-01,Bicol Region,Cholera,24.0,0.0
2023-11-01,Bicol Region,Cholera,11.0,0.0
2023-12-01,Bicol Region,Cholera,3.0,0.0
2024-01-01,Bicol Region,Cholera,19.0,0.0
2024-02-01,Bicol Region,Cholera,16.0,0.0
2024-03-01,Bicol Region,Cholera,14.0,0.0
2024-04-01,Bicol Region,Cholera,1.0,0.0
2024-05-01,Bicol Region,Cholera,2.0,0.0
2024-06-01,Bicol Region,Cholera,4.0,0.0
2024-07-01,Bicol Region,Cholera,11.0,0.0
2024-08-01,Bicol Region,Cholera,2.0,0.0
2024-09-01,Bicol Region,Cholera,3.0,0.0
2024-10-01,Bicol Region,Cholera,0.0,0.0
2024-11-01,Bicol Region,Cholera,0.0,0.0
2024-12-01,Bicol Region,Cholera,1.0,0.0
2025-01-01,Bicol Region,Cholera,5.0,0.0
2025-02-01,Bicol Region,Cholera,2.0,0.0
2025-03-01,Bicol Region,Cholera,2.0,0.0
2025-04-01,Bicol Region,Cholera,6.0,0.0
2025-05-01,Bicol Region,Cholera,12.0,0.0
2025-06-01,Bicol Region,Cholera,10.0,0.0
2025-07-01,Bicol Region,Cholera,4.0,0.0
2025-08-01,Bicol Region,Cholera,1.0,0.0
2025-09-01,Bicol Region,Cholera,2.0,0.0
2025-10-01,Bicol Region,Cholera,1.0,0.0
2025-11-01,Bicol Region,Cholera,0.0,0.0
2025-12-01,Bicol Region,Cholera,0.0,0.0
2026-01-01,Bicol Region,Cholera,4.0,0.0
2026-02-01,Bicol Region,Cholera,3.0,0.0
2026-03-01,Bicol Region,Cholera,11.0,0.0
2026-04-01,Bicol Region,Cholera,17.0,0.0
2026-05-01,Bicol Region,Cholera,58.0,0.0
2026-06-01,Bicol Region,Cholera,45.0,1.0
2026-07-01,Bicol Region,Cholera,10.0,0.0
2026-08-01,Bicol Region,Cholera,7.0,0.0
2026-09-01,Bicol Region,Cholera,5.0,0.0
2018-01-01,CALABARZON,Cholera,1.0,0.0
2018-02-01,CALABARZON,Cholera,1.0,0.0
2018-03-01,CALABARZON,Cholera,0.0,0.0
2018-04-01,CALABARZON,Cholera,2.0,0.0
2018-05-01,CALABARZON,Cholera,0.0,0.0
2018-06-01,CALABARZON,Cholera,0.0,0.0
2018-07-01,CALABARZON,Cholera,0.0,0.0
2018-08-01,CALABARZON,Cholera,6.0,1.0
2018-09-01,CALABARZON,Cholera,1.0,0.0
2018-10-01,CALABARZON,Cholera,0.0,0.0
2018-11-01,CALABARZON,Cholera,0.0,0.0
2018-12-01,CALABARZON,Cholera,0.0,0.0
2019-01-01,CALABARZON,Cholera,0.0,0.0
2019-02-01,CALABARZON,Cholera,0.0,0.0
2019-03-01,CALABARZON,Cholera,0.0,0.0
2019-04-01,CALABARZON,Cholera,0.0,0.0
2019-05-01,CALABARZON,Cholera,0.0,0.0
2019-06-01,CALABARZON,Cholera,0.0,0.0
2019-07-01,CALABARZON,Cholera,0.0,0.0
2019-08-01,CALABARZON,Cholera,0.0,0.0
2019-09-01,CALABARZON,Cholera,0.0,0.0
2019-10-01,CALABARZON,Cholera,0.0,0.0
2019-11-01,CALABARZON,Cholera,0.0,0.0
2019-12-01,CALABARZON,Cholera,0.0,0.0
2020-01-01,CALABARZON,Cholera,0.0,0.0
2020-02-01,CALABARZON,Cholera,0.0,0.0
2020-03-01,CALABARZON,Cholera,0.0,0.0
2020-04-01,CALABARZON,Cholera,0.0,0.0
2020-05-01,CALABARZON,Cholera,0.0,0.0
2020-06-01,CALABARZON,Cholera,0.0,0.0
2020-07-01,CALABARZON,Cholera,0.0,0.0
2020-08-01,CALABARZON,Cholera,0.0,0.0
2020-09-01,CALABARZON,Cholera,0.0,0.0
2020-10-01,CALABARZON,Cholera,0.0,0.0
2020-11-01,CALABARZON,Cholera,0.0,0.0
2020-12-01,CALABARZON,Cholera,0.0,0.0
2021-01-01,CALABARZON,Cholera,0.0,0.0
2021-02-01,CALABARZON,Cholera,0.0,0.0
2021-03-01,CALABARZON,Cholera,0.0,0.0
2021-04-01,CALABARZON,Cholera,0.0,0.0
2021-05-01,CALABARZON,Cholera,0.0,0.0
2021-06-01,CALABARZON,Cholera,0.0,0.0
2021-07-01,CALABARZON,Cholera,0.0,0.0
2021-08-01,CALABARZON,Cholera,0.0,0.0
2021-09-01,CALABARZON,Cholera,0.0,0.0
2021-10-01,CALABARZON,Cholera,72.0,2.0
2021-11-01,CALABARZON,Cholera,6.0,0.0
2021-12-01,CALABARZON,Cholera,0.0,0.0
2022-01-01,CALABARZON,Cholera,0.0,0.0
2022-02-01,CALABARZON,Cholera,0.0,0.0
2022-03-01,CALABARZON,Cholera,0.0,0.0
2022-04-01,CALABARZON,Cholera,0.0,0.0
2022-05-01,CALABARZON,Cholera,0.0,0.0
2022-06-01,CALABARZON,Cholera,0.0,0.0
2022-07-01,CALABARZON,Cholera,1.0,0.0
2022-08-01,CALABARZON,Cholera,2.0,0.0
2022-09-01,CALABARZON,Cholera,9.0,2.0
2022-10-01,CALABARZON,Cholera,10.0,0.0
2022-11-01,CALABARZON,Cholera,150.0,1.0
2022-12-01,CALABARZON,Cholera,7.0,0.0
2023-01-01,CALABARZON,Cholera,37.0,0.0
2023-02-01,CALABARZON,Cholera,4.0,0.0
2023-03-01,CALABARZON,Cholera,2.0,0.0
2023-04-01,CALABARZON,Cholera,4.0,0.0
2023-05-01,CALABARZON,Cholera,0.0,0.0
2023-06-01,CALABARZON,Cholera,0.0,0.0
2023-07-01,CALABARZON,Cholera,0.0,0.0
2023-08-01,CALABARZON,Cholera,0.0,0.0
2023-09-01,CALABARZON,Cholera,2.0,0.0
2023-10-01,CALABARZON,Cholera,0.0,0.0
2023-11-01,CALABARZON,Cholera,0.0,0.0
2023-12-01,CALABARZON,Cholera,0.0,0.0
2024-01-01,CALABARZON,Cholera,1.0,0.0
2024-02-01,CALABARZON,Cholera,0.0,0.0
2024-03-01,CALABARZON,Cholera,2.0,0.0
2024-04-01,CALABARZON,Cholera,1.0,0.0
2024-05-01,CALABARZON,Cholera,1.0,0.0
2024-06-01,CALABARZON,Cholera,1.0,0.0
2024-07-01,CALABARZON,Cholera,0.0,0.0
2024-08-01,CALABARZON,Cholera,3.0,0.0
2024-09-01,CALABARZON,Cholera,1.0,1.0
2024-10-01,CALABARZON,Cholera,0.0,0.0
2024-11-01,CALABARZON,Cholera,0.0,0.0
2024-12-01,CALABARZON,Cholera,0.0,0.0
2025-01-01,CALABARZON,Cholera,0.0,0.0
2025-02-01,CALABARZON,Cholera,1.0,0.0
2025-03-01,CALABARZON,Cholera,0.0,0.0
2025-04-01,CALABARZON,Cholera,1.0,0.0
2025-05-01,CALABARZON,Cholera,0.0,0.0
2025-06-01,CALABARZON,Cholera,0.0,0.0
2025-07-01,CALABARZON,Cholera,0.0,0.0
2025-08-01,CALABARZON,Cholera,1.0,0.0
2025-09-01,CALABARZON,Cholera,0.0,0.0
2025-10-01,CALABARZON,Cholera,0.0,0.0
2025-11-01,CALABARZON,Cholera,0.0,0.0
2025-12-01,CALABARZON,Cholera,0.0,0.0
2026-01-01,CALABARZON,Cholera,1.0,0.0
2026-02-01,CALABARZON,Cholera,2.0,0.0
2026-03-01,CALABARZON,Cholera,0.0,0.0
2026-04-01,CALABARZON,Cholera,0.0,0.0
2026-05-01,CALABARZON,Cholera,1.0,0.0
2026-06-01,CALABARZON,Cholera,0.0,0.0
2026-07-01,CALABARZON,Cholera,1.0,0.0
2022-11-01,Cagayan Valley,Cholera,1.0,0.0
2022-12-01,Cagayan Valley,Cholera,0.0,0.0
2023-01-01,Cagayan Valley,Cholera,0.0,0.0
2023-02-01,Cagayan Valley,Cholera,0.0,0.0
2023-03-01,Cagayan Valley,Cholera,0.0,0.0
2023-04-01,Cagayan Valley,Cholera,0.0,0.0
2023-05-01,Cagayan Valley,Cholera,0.0,0.0
2023-06-01,Cagayan Valley,Cholera,1.0,1.0
2023-07-01,Cagayan Valley,Cholera,1.0,0.0
2023-08-01,Cagayan Valley,Cholera,0.0,0.0
2023-09-01,Cagayan Valley,Cholera,1.0,0.0
2023-10-01,Cagayan Valley,Cholera,0.0,0.0
2023-11-01,Cagayan Valley,Cholera,0.0,0.0
2023-12-01,Cagayan Valley,Cholera,0.0,0.0
2024-01-01,Cagayan Valley,Cholera,0.0,0.0
2024-02-01,Cagayan Valley,Cholera,1.0,0.0
2024-03-01,Cagayan Valley,Cholera,0.0,0.0
2024-04-01,Cagayan Valley,Cholera,3.0,0.0
2024-05-01,Cagayan Valley,Cholera,1.0,0.0
2024-06-01,Cagayan Valley,Cholera,1.0,0.0
2024-07-01,Cagayan Valley,Cholera,0.0,0.0
2024-08-01,Cagayan Valley,Cholera,0.0,0.0
2024-09-01,Cagayan Valley,Cholera,0.0,0.0
2024-10-01,Cagayan Valley,Cholera,0.0,0.0
2024-11-01,Cagayan Valley,Cholera,1.0,0.0
2024-12-01,Cagayan Valley,Cholera,0.0,0.0
2025-01-01,Cagayan Valley,Cholera,0.0,0.0
2025-02-01,Cagayan Valley,Cholera,1.0,1.0
2025-03-01,Cagayan Valley,Cholera,2.0,0.0
2025-04-01,Cagayan Valley,Cholera,1.0,0.0
2018-01-01,Caraga,Cholera,107.0,0.0
2018-02-01,Caraga,Cholera,81.0,0.0
2018-03-01,Caraga,Cholera,102.0,0.0
2018-04-01,Caraga,Cholera,43.0,0.0
2018-05-01,Caraga,Cholera,86.0,0.0
2018-06-01,Caraga,Cholera,67.0,0.0
2018-07-01,Caraga,Cholera,106.0,0.0
2018-08-01,Caraga,Cholera,120.0,0.0
2018-09-01,Caraga,Cholera,102.0,0.0
2018-10-01,Caraga,Cholera,140.0,0.0
2018-11-01,Caraga,Cholera,116.0,0.0
2018-12-01,Caraga,Cholera,120.0,0.0
2019-01-01,Caraga,Cholera,120.0,0.0
2019-02-01,Caraga,Cholera,135.0,0.0
2019-03-01,Caraga,Cholera,154.0,0.0
2019-04-01,Caraga,Cholera,147.0,0.0
2019-05-01,Caraga,Cholera,167.0,0.0
2019-06-01,Caraga,Cholera,97.0,0.0
2019-07-01,Caraga,Cholera,123.0,0.0
2019-08-01,Caraga,Cholera,76.0,0.0
2019-09-01,Caraga,Cholera,80.0,0.0
2019-10-01,Caraga,Cholera,110.0,0.0
2019-11-01,Caraga,Cholera,72.0,0.0
2019-12-01,Caraga,Cholera,55.0,0.0
2020-01-01,Caraga,Cholera,92.0,0.0
2020-02-01,Caraga,Cholera,87.0,0.0
2020-03-01,Caraga,Cholera,57.0,0.0
2020-04-01,Caraga,Cholera,46.0,1.0
2020-05-01,Caraga,Cholera,45.0,0.0
2020-06-01,Caraga,Cholera,46.0,0.0
2020-07-01,Caraga,Cholera,30.0,0.0
2020-08-01,Caraga,Cholera,47.0,0.0
2020-09-01,Caraga,Cholera,35.0,0.0
2020-10-01,Caraga,Cholera,19.0,0.0
2020-11-01,Caraga,Cholera,14.0,0.0
2020-12-01,Caraga,Cholera,20.0,0.0
2021-01-01,Caraga,Cholera,12.0,0.0
2021-02-01,Caraga,Cholera,12.0,0.0
2021-03-01,Caraga,Cholera,15.0,0.0
2021-04-01,Caraga,Cholera,17.0,0.0
2021-05-01,Caraga,Cholera,16.0,0.0
2021-06-01,Caraga,Cholera,32.0,0.0
2021-07-01,Caraga,Cholera,34.0,0.0
2021-08-01,Caraga,Cholera,14.0,0.0
2021-09-01,Caraga,Cholera,16.0,0.0
2021-10-01,Caraga,Cholera,32.0,0.0
2021-11-01,Caraga,Cholera,25.0,0.0
2021-12-01,Caraga,Cholera,175.0,0.0
2022-01-01,Caraga,Cholera,15.0,1.0
2022-02-01,Caraga,Cholera,1.0,0.0
2022-03-01,Caraga,Cholera,18.0,0.0
2022-04-01,Caraga,Cholera,18.0,0.0
2022-05-01,Caraga,Cholera,5.0,0.0
2022-06-01,Caraga,Cholera,2.0,0.0
2022-07-01,Caraga,Cholera,11.0,0.0
2022-08-01,Caraga,Cholera,4.0,0.0
2022-09-01,Caraga,Cholera,7.0,0.0
2022-10-01,Caraga,Cholera,7.0,0.0
2022-11-01,Caraga,Cholera,3.0,0.0
2022-12-01,Caraga,Cholera,5.0,0.0
2023-01-01,Caraga,Cholera,4.0,0.0
2023-02-01,Caraga,Cholera,7.0,0.0
2023-03-01,Caraga,Cholera,5.0,0.0
2023-04-01,Caraga,Cholera,62.0,0.0
2023-05-01,Caraga,Cholera,29.0,0.0
2023-06-01,Caraga,Cholera,0.0,0.0
2023-07-01,Caraga,Cholera,1.0,0.0
2023-08-01,Caraga,Cholera,5.0,0.0
2023-09-01,Caraga,Cholera,0.0,0.0
2023-10-01,Caraga,Cholera,0.0,0.0
2023-11-01,Caraga,Cholera,0.0,0.0
2023-12-01,Caraga,Cholera,0.0,0.0
2024-01-01,Caraga,Cholera,2.0,0.0
2024-02-01,Caraga,Cholera,1.0,0.0
2024-03-01,Caraga,Cholera,3.0,0.0
2024-04-01,Caraga,Cholera,1.0,0.0
2024-05-01,Caraga,Cholera,0.0,0.0
2024-06-01,Caraga,Cholera,1.0,0.0
2024-07-01,Caraga,Cholera,5.0,0.0
2024-08-01,Caraga,Cholera,0.0,0.0
2024-09-01,Caraga,Cholera,0.0,0.0
2024-10-01,Caraga,Cholera,0.0,0.0
2024-11-01,Caraga,Cholera,2.0,0.0
2024-12-01,Caraga,Cholera,0.0,0.0
2025-01-01,Caraga,Cholera,0.0,0.0
2025-02-01,Caraga,Cholera,0.0,0.0
2025-03-01,Caraga,Cholera,0.0,0.0
2025-04-01,Caraga,Cholera,2.0,1.0
2025-05-01,Caraga,Cholera,1.0,1.0
2025-06-01,Caraga,Cholera,1.0,1.0
2025-07-01,Caraga,Cholera,1.0,0.0
2025-08-01,Caraga,Cholera,1.0,1.0
2018-11-01,Central Luzon,Cholera,1.0,0.0
2018-12-01,Central Luzon,Cholera,0.0,0.0
2019-01-01,Central Luzon,Cholera,0.0,0.0
2019-02-01,Central Luzon,Cholera,0.0,0.0
2019-03-01,Central Luzon,Cholera,0.0,0.0
2019-04-01,Central Luzon,Cholera,0.0,0.0
2019-05-01,Central Luzon,Cholera,0.0,0.0
2019-06-01,Central Luzon,Cholera,0.0,0.0
2019-07-01,Central Luzon,Cholera,0.0,0.0
2019-08-01,Central Luzon,Cholera,0.0,0.0
2019-09-01,Central Luzon,Cholera,0.0,0.0
2019-10-01,Central Luzon,Cholera,0.0,0.0
2019-11-01,Central Luzon,Cholera,0.0,0.0
2019-12-01,Central Luzon,Cholera,0.0,0.0
2020-01-01,Central Luzon,Cholera,0.0,0.0
2020-02-01,Central Luzon,Cholera,0.0,0.0
2020-03-01,Central Luzon,Cholera,0.0,0.0
2020-04-01,Central Luzon,Cholera,0.0,0.0
2020-05-01,Central Luzon,Cholera,0.0,0.0
2020-06-01,Central Luzon,Cholera,0.0,0.0
2020-07-01,Central Luzon,Cholera,0.0,0.0
2020-08-01,Central Luzon,Cholera,0.0,0.0
2020-09-01,Central Luzon,Cholera,0.0,0.0
2020-10-01,Central Luzon,Cholera,0.0,0.0
2020-11-01,Central Luzon,Cholera,0.0,0.0
2020-12-01,Central Luzon,Cholera,0.0,0.0
2021-01-01,Central Luzon,Cholera,0.0,0.0
2021-02-01,Central Luzon,Cholera,0.0,0.0
2021-03-01,Central Luzon,Cholera,0.0,0.0
2021-04-01,Central Luzon,Cholera,0.0,0.0
2021-05-01,Central Luzon,Cholera,0.0,0.0
2021-06-01,Central Luzon,Cholera,0.0,0.0
2021-07-01,Central Luzon,Cholera,0.0,0.0
2021-08-01,Central Luzon,Cholera,0.0,0.0
2021-09-01,Central Luzon,Cholera,0.0,0.0
2021-10-01,Central Luzon,Cholera,0.0,0.0
2021-11-01,Central Luzon,Cholera,7.0,0.0
2021-12-01,Central Luzon,Cholera,0.0,0.0
2022-01-01,Central Luzon,Cholera,0.0,0.0
2022-02-01,Central Luzon,Cholera,8.0,0.0
2022-03-01,Central Luzon,Cholera,1.0,0.0
2022-04-01,Central Luzon,Cholera,0.0,0.0
2022-05-01,Central Luzon,Cholera,0.0,0.0
2022-06-01,Central Luzon,Cholera,0.0,0.0
2022-07-01,Central Luzon,Cholera,19.0,1.0
2022-08-01,Central Luzon,Cholera,108.0,3.0
2022-09-01,Central Luzon,Cholera,26.0,0.0
2022-10-01,Central Luzon,Cholera,245.0,3.0
2022-11-01,Central Luzon,Cholera,101.0,2.0
2022-12-01,Central Luzon,Cholera,11.0,0.0
2023-01-01,Central Luzon,Cholera,1.0,0.0
2023-02-01,Central Luzon,Cholera,4.0,1.0
2023-03-01,Central Luzon,Cholera,1.0,0.0
2023-04-01,Central Luzon,Cholera,1.0,0.0
2023-05-01,Central Luzon,Cholera,3.0,0.0
2023-06-01,Central Luzon,Cholera,1.0,0.0
2023-07-01,Central Luzon,Cholera,0.0,0.0
2023-08-01,Central Luzon,Cholera,0.0,0.0
2023-09-01,Central Luzon,Cholera,0.0,0.0
2023-10-01,Central Luzon,Cholera,7.0,1.0
2023-11-01,Central Luzon,Cholera,0.0,0.0
2023-12-01,Central Luzon,Cholera,0.0,0.0
2024-01-01,Central Luzon,Cholera,0.0,0.0
2024-02-01,Central Luzon,Cholera,0.0,0.0
2024-03-01,Central Luzon,Cholera,0.0,0.0
2024-04-01,Central Luzon,Cholera,2.0,0.0
2024-05-01,Central Luzon,Cholera,2.0,0.0
2024-06-01,Central Luzon,Cholera,1.0,1.0
2024-07-01,Central Luzon,Cholera,0.0,0.0
2024-08-01,Central Luzon,Cholera,0.0,0.0
2024-09-01,Central Luzon,Cholera,3.0,0.0
2024-10-01,Central Luzon,Cholera,1.0,0.0
2024-11-01,Central Luzon,Cholera,1.0,0.0
2024-12-01,Central Luzon,Cholera,1.0,0.0
2025-01-01,Central Luzon,Cholera,1.0,0.0
2025-02-01,Central Luzon,Cholera,0.0,0.0
2025-03-01,Central Luzon,Cholera,1.0,0.0
2025-04-01,Central Luzon,Cholera,0.0,0.0
2025-05-01,Central Luzon,Cholera,0.0,0.0
2025-06-01,Central Luzon,Cholera,0.0,0.0
2025-07-01,Central Luzon,Cholera,0.0,0.0
2025-08-01,Central Luzon,Cholera,3.0,0.0
2025-09-01,Central Luzon,Cholera,0.0,0.0
2025-10-01,Central Luzon,Cholera,0.0,0.0
2025-11-01,Central Luzon,Cholera,0.0,0.0
2025-12-01,Central Luzon,Cholera,0.0,0.0
2026-01-01,Central Luzon,Cholera,0.0,0.0
2026-02-01,Central Luzon,Cholera,0.0,0.0
2026-03-01,Central Luzon,Cholera,0.0,0.0
2026-04-01,Central Luzon,Cholera,0.0,0.0
2026-05-01,Central Luzon,Cholera,0.0,0.0
2026-06-01,Central Luzon,Cholera,1.0,0.0
2026-07-01,Central Luzon,Cholera,1.0,0.0
2026-08-01,Central Luzon,Cholera,1.0,0.0
2018-01-01,Central Visayas,Cholera,1.0,0.0
2018-02-01,Central Visayas,Cholera,0.0,0.0
2018-03-01,Central Visayas,Cholera,0.0,0.0
2018-04-01,Central Visayas,Cholera,1.0,0.0
2018-05-01,Central Visayas,Cholera,0.0,0.0
2018-06-01,Central Visayas,Cholera,0.0,0.0
2018-07-01,Central Visayas,Cholera,0.0,0.0
2018-08-01,Central Visayas,Cholera,0.0,0.0
2018-09-01,Central Visayas,Cholera,0.0,0.0
2018-10-01,Central Visayas,Cholera,0.0,0.0
2018-11-01,Central Visayas,Cholera,0.0,0.0
2018-12-01,Central Visayas,Cholera,0.0,0.0
2019-01-01,Central Visayas,Cholera,0.0,0.0
2019-02-01,Central Visayas,Cholera,0.0,0.0
2019-03-01,Central Visayas,Cholera,0.0,0.0
2019-04-01,Central Visayas,Cholera,1.0,0.0
2019-05-01,Central Visayas,Cholera,0.0,0.0
2019-06-01,Central Visayas,Cholera,0.0,0.0
2019-07-01,Central Visayas,Cholera,0.0,0.0
2019-08-01,Central Visayas,Cholera,0.0,0.0
2019-09-01,Central Visayas,Cholera,0.0,0.0
2019-10-01,Central Visayas,Cholera,0.0,0.0
2019-11-01,Central Visayas,Cholera,0.0,0.0
2019-12-01,Central Visayas,Cholera,0.0,0.0
2020-01-01,Central Visayas,Cholera,1.0,0.0
2020-02-01,Central Visayas,Cholera,0.0,0.0
2020-03-01,Central Visayas,Cholera,0.0,0.0
2020-04-01,Central Visayas,Cholera,0.0,0.0
2020-05-01,Central Visayas,Cholera,0.0,0.0
2020-06-01,Central Visayas,Cholera,0.0,0.0
2020-07-01,Central Visayas,Cholera,0.0,0.0
2020-08-01,Central Visayas,Cholera,0.0,0.0
2020-09-01,Central Visayas,Cholera,0.0,0.0
2020-10-01,Central Visayas,Cholera,0.0,0.0
2020-11-01,Central Visayas,Cholera,0.0,0.0
2020-12-01,Central Visayas,Cholera,2.0,0.0
2021-01-01,Central Visayas,Cholera,6.0,0.0
2021-02-01,Central Visayas,Cholera,1.0,0.0
2021-03-01,Central Visayas,Cholera,1.0,0.0
2021-04-01,Central Visayas,Cholera,0.0,0.0
2021-05-01,Central Visayas,Cholera,0.0,0.0
2021-06-01,Central Visayas,Cholera,0.0,0.0
2021-07-01,Central Visayas,Cholera,4.0,0.0
2021-08-01,Central Visayas,Cholera,0.0,0.0
2021-09-01,Central Visayas,Cholera,0.0,0.0
2021-10-01,Central Visayas,Cholera,0.0,0.0
2021-11-01,Central Visayas,Cholera,0.0,0.0
2021-12-01,Central Visayas,Cholera,0.0,0.0
2022-01-01,Central Visayas,Cholera,6.0,0.0
2022-02-01,Central Visayas,Cholera,0.0,0.0
2022-03-01,Central Visayas,Cholera,0.0,0.0
2022-04-01,Central Visayas,Cholera,0.0,0.0
2022-05-01,Central Visayas,Cholera,0.0,0.0
2022-06-01,Central Visayas,Cholera,1.0,0.0
2022-07-01,Central Visayas,Cholera,1.0,0.0
2022-08-01,Central Visayas,Cholera,1.0,0.0
2022-09-01,Central Visayas,Cholera,0.0,0.0
2022-10-01,Central Visayas,Cholera,0.0,0.0
2022-11-01,Central Visayas,Cholera,6.0,0.0
2022-12-01,Central Visayas,Cholera,0.0,0.0
2023-01-01,Central Visayas,Cholera,0.0,0.0
2023-02-01,Central Visayas,Cholera,1.0,0.0
2023-03-01,Central Visayas,Cholera,0.0,0.0
2023-04-01,Central Visayas,Cholera,2.0,0.0
2023-05-01,Central Visayas,Cholera,0.0,0.0
2023-06-01,Central Visayas,Cholera,1.0,0.0
2023-07-01,Central Visayas,Cholera,0.0,0.0
2023-08-01,Central Visayas,Cholera,3.0,0.0
2023-09-01,Central Visayas,Cholera,3.0,0.0
2023-10-01,Central Visayas,Cholera,0.0,0.0
2023-11-01,Central Visayas,Cholera,0.0,0.0
2023-12-01,Central Visayas,Cholera,0.0,0.0
2024-01-01,Central Visayas,Cholera,0.0,0.0
2024-02-01,Central Visayas,Cholera,0.0,0.0
2024-03-01,Central Visayas,Cholera,5.0,0.0
2024-04-01,Central Visayas,Cholera,1.0,1.0
2024-05-01,Central Visayas,Cholera,2.0,1.0
2024-06-01,Central Visayas,Cholera,3.0,2.0
2024-07-01,Central Visayas,Cholera,1.0,0.0
2024-08-01,Central Visayas,Cholera,0.0,0.0
2024-09-01,Central Visayas,Cholera,2.0,0.0
2024-10-01,Central Visayas,Cholera,0.0,0.0
2024-11-01,Central Visayas,Cholera,0.0,0.0
2024-12-01,Central Visayas,Cholera,0.0,0.0
2025-01-01,Central Visayas,Cholera,0.0,0.0
2025-02-01,Central Visayas,Cholera,0.0,0.0
2025-03-01,Central Visayas,Cholera,1.0,0.0
2025-04-01,Central Visayas,Cholera,0.0,0.0
2025-05-01,Central Visayas,Cholera,0.0,0.0
2025-06-01,Central Visayas,Cholera,2.0,0.0
2025-07-01,Central Visayas,Cholera,0.0,0.0
2025-08-01,Central Visayas,Cholera,2.0,0.0
2025-09-01,Central Visayas,Cholera,5.0,0.0
2025-10-01,Central Visayas,Cholera,14.0,1.0
2025-11-01,Central Visayas,Cholera,17.0,0.0
2025-12-01,Central Visayas,Cholera,2.0,0.0
2026-01-01,Central Visayas,Cholera,4.0,0.0
2026-02-01,Central Visayas,Cholera,9.0,0.0
2026-03-01,Central Visayas,Cholera,5.0,0.0
2026-04-01,Central Visayas,Cholera,12.0,0.0
2026-05-01,Central Visayas,Cholera,16.0,0.0
2026-06-01,Central Visayas,Cholera,11.0,1.0
2026-07-01,Central Visayas,Cholera,16.0,1.0
2026-08-01,Central Visayas,Cholera,13.0,2.0
2026-09-01,Central Visayas,Cholera,3.0,0.0
2018-08-01,Cordillera Administrative Region,Cholera,1.0,0.0
2018-09-01,Cordillera Administrative Region,Cholera,0.0,0.0
2018-10-01,Cordillera Administrative Region,Cholera,0.0,0.0
2018-11-01,Cordillera Administrative Region,Cholera,0.0,0.0
2018-12-01,Cordillera Administrative Region,Cholera,0.0,0.0
2019-01-01,Cordillera Administrative Region,Cholera,0.0,0.0
2019-02-01,Cordillera Administrative Region,Cholera,0.0,0.0
2019-03-01,Cordillera Administrative Region,Cholera,0.0,0.0
2019-04-01,Cordillera Administrative Region,Cholera,0.0,0.0
2019-05-01,Cordillera Administrative Region,Cholera,0.0,0.0
2019-06-01,Cordillera Administrative Region,Cholera,0.0,0.0
2019-07-01,Cordillera Administrative Region,Cholera,0.0,0.0
2019-08-01,Cordillera Administrative Region,Cholera,0.0,0.0
2019-09-01,Cordillera Administrative Region,Cholera,0.0,0.0
2019-10-01,Cordillera Administrative Region,Cholera,0.0,0.0
2019-11-01,Cordillera Administrative Region,Cholera,0.0,0.0
2019-12-01,Cordillera Administrative Region,Cholera,0.0,0.0
2020-01-01,Cordillera Administrative Region,Cholera,0.0,0.0
2020-02-01,Cordillera Administrative Region,Cholera,0.0,0.0
2020-03-01,Cordillera Administrative Region,Cholera,0.0,0.0
2020-04-01,Cordillera Administrative Region,Cholera,0.0,0.0
2020-05-01,Cordillera Administrative Region,Cholera,0.0,0.0
2020-06-01,Cordillera Administrative Region,Cholera,0.0,0.0
2020-07-01,Cordillera Administrative Region,Cholera,0.0,0.0
2020-08-01,Cordillera Administrative Region,Cholera,0.0,0.0
2020-09-01,Cordillera Administrative Region,Cholera,0.0,0.0
2020-10-01,Cordillera Administrative Region,Cholera,0.0,0.0
2020-11-01,Cordillera Administrative Region,Cholera,0.0,0.0
2020-12-01,Cordillera Administrative Region,Cholera,0.0,0.0
2021-01-01,Cordillera Administrative Region,Cholera,0.0,0.0
2021-02-01,Cordillera Administrative Region,Cholera,0.0,0.0
2021-03-01,Cordillera Administrative Region,Cholera,0.0,0.0
2021-04-01,Cordillera Administrative Region,Cholera,0.0,0.0
2021-05-01,Cordillera Administrative Region,Cholera,0.0,0.0
2021-06-01,Cordillera Administrative Region,Cholera,0.0,0.0
2021-07-01,Cordillera Administrative Region,Cholera,0.0,0.0
2021-08-01,Cordillera Administrative Region,Cholera,0.0,0.0
2021-09-01,Cordillera Administrative Region,Cholera,0.0,0.0
2021-10-01,Cordillera Administrative Region,Cholera,0.0,0.0
2021-11-01,Cordillera Administrative Region,Cholera,0.0,0.0
2021-12-01,Cordillera Administrative Region,Cholera,0.0,0.0
2022-01-01,Cordillera Administrative Region,Cholera,0.0,0.0
2022-02-01,Cordillera Administrative Region,Cholera,0.0,0.0
2022-03-01,Cordillera Administrative Region,Cholera,0.0,0.0
2022-04-01,Cordillera Administrative Region,Cholera,0.0,0.0
2022-05-01,Cordillera Administrative Region,Cholera,0.0,0.0
2022-06-01,Cordillera Administrative Region,Cholera,0.0,0.0
2022-07-01,Cordillera Administrative Region,Cholera,0.0,0.0
2022-08-01,Cordillera Administrative Region,Cholera,0.0,0.0
2022-09-01,Cordillera Administrative Region,Cholera,1.0,0.0
2022-10-01,Cordillera Administrative Region,Cholera,3.0,0.0
2022-11-01,Cordillera Administrative Region,Cholera,2.0,0.0
2022-12-01,Cordillera Administrative Region,Cholera,0.0,0.0
2023-01-01,Cordillera Administrative Region,Cholera,3.0,0.0
2023-02-01,Cordillera Administrative Region,Cholera,3.0,0.0
2023-03-01,Cordillera Administrative Region,Cholera,0.0,0.0
2023-04-01,Cordillera Administrative Region,Cholera,0.0,0.0
2023-05-01,Cordillera Administrative Region,Cholera,1.0,0.0
2023-06-01,Cordillera Administrative Region,Cholera,1.0,0.0
2023-07-01,Cordillera Administrative Region,Cholera,2.0,0.0
2023-08-01,Cordillera Administrative Region,Cholera,3.0,0.0
2023-09-01,Cordillera Administrative Region,Cholera,0.0,0.0
2023-10-01,Cordillera Administrative Region,Cholera,0.0,0.0
2023-11-01,Cordillera Administrative Region,Cholera,1.0,0.0
2023-12-01,Cordillera Administrative Region,Cholera,0.0,0.0
2024-01-01,Cordillera Administrative Region,Cholera,5.0,0.0
2024-02-01,Cordillera Administrative Region,Cholera,2.0,0.0
2024-03-01,Cordillera Administrative Region,Cholera,1.0,0.0
2024-04-01,Cordillera Administrative Region,Cholera,0.0,0.0
2024-05-01,Cordillera Administrative Region,Cholera,1.0,0.0
2024-06-01,Cordillera Administrative Region,Cholera,3.0,0.0
2024-07-01,Cordillera Administrative Region,Cholera,2.0,0.0
2024-08-01,Cordillera Administrative Region,Cholera,0.0,0.0
2024-09-01,Cordillera Administrative Region,Cholera,0.0,0.0
2024-10-01,Cordillera Administrative Region,Cholera,1.0,0.0
2024-11-01,Cordillera Administrative Region,Cholera,2.0,0.0
2024-12-01,Cordillera Administrative Region,Cholera,0.0,0.0
2025-01-01,Cordillera Administrative Region,Cholera,1.0,0.0
2025-02-01,Cordillera Administrative Region,Cholera,0.0,0.0
2025-03-01,Cordillera Administrative Region,Cholera,2.0,0.0
2025-04-01,Cordillera Administrative Region,Cholera,1.0,0.0
2025-05-01,Cordillera Administrative Region,Cholera,15.0,0.0
2025-06-01,Cordillera Administrative Region,Cholera,4.0,0.0
2025-07-01,Cordillera Administrative Region,Cholera,0.0,0.0
2025-08-01,Cordillera Administrative Region,Cholera,0.0,0.0
2025-09-01,Cordillera Administrative Region,Cholera,1.0,0.0
2025-10-01,Cordillera Administrative Region,Cholera,0.0,0.0
2025-11-01,Cordillera Administrative Region,Cholera,1.0,0.0
2025-12-01,Cordillera Administrative Region,Cholera,1.0,1.0
2026-01-01,Cordillera Administrative Region,Cholera,0.0,0.0
2026-02-01,Cordillera Administrative Region,Cholera,1.0,1.0
2026-03-01,Cordillera Administrative Region,Cholera,1.0,0.0
2026-04-01,Cordillera Administrative Region,Cholera,1.0,0.0
2026-05-01,Cordillera Administrative Region,Cholera,0.0,0.0
2026-06-01,Cordillera Administrative Region,Cholera,1.0,0.0
2026-07-01,Cordillera Administrative Region,Cholera,3.0,1.0
2026-08-01,Cordillera Administrative Region,Cholera,2.0,0.0
2026-09-01,Cordillera Administrative Region,Cholera,1.0,0.0
2018-01-01,Davao Region,Cholera,7.0,0.0
2018-02-01,Davao Region,Cholera,3.0,0.0
2018-03-01,Davao Region,Cholera,1.0,0.0
2018-04-01,Davao Region,Cholera,0.0,0.0
2018-05-01,Davao Region,Cholera,0.0,0.0
2018-06-01,Davao Region,Cholera,0.0,0.0
2018-07-01,Davao Region,Cholera,0.0,0.0
2018-08-01,Davao Region,Cholera,0.0,0.0
2018-09-01,Davao Region,Cholera,0.0,0.0
2018-10-01,Davao Region,Cholera,0.0,0.0
2018-11-01,Davao Region,Cholera,0.0,0.0
2018-12-01,Davao Region,Cholera,0.0,0.0
2019-01-01,Davao Region,Cholera,0.0,0.0
2019-02-01,Davao Region,Cholera,0.0,0.0
2019-03-01,Davao Region,Cholera,0.0,0.0
2019-04-01,Davao Region,Cholera,0.0,0.0
2019-05-01,Davao Region,Cholera,1.0,0.0
2019-06-01,Davao Region,Cholera,0.0,0.0
2019-07-01,Davao Region,Cholera,0.0,0.0
2019-08-01,Davao Region,Cholera,0.0,0.0
2019-09-01,Davao Region,Cholera,0.0,0.0
2019-10-01,Davao Region,Cholera,0.0,0.0
2019-11-01,Davao Region,Cholera,0.0,0.0
2019-12-01,Davao Region,Cholera,0.0,0.0
2020-01-01,Davao Region,Cholera,1.0,0.0
2020-02-01,Davao Region,Cholera,0.0,0.0
2020-03-01,Davao Region,Cholera,0.0,0.0
2020-04-01,Davao Region,Cholera,0.0,0.0
2020-05-01,Davao Region,Cholera,0.0,0.0
2020-06-01,Davao Region,Cholera,0.0,0.0
2020-07-01,Davao Region,Cholera,0.0,0.0
2020-08-01,Davao Region,Cholera,1.0,0.0
2020-09-01,Davao Region,Cholera,0.0,0.0
2020-10-01,Davao Region,Cholera,0.0,0.0
2020-11-01,Davao Region,Cholera,0.0,0.0
2020-12-01,Davao Region,Cholera,1.0,0.0
2021-01-01,Davao Region,Cholera,33.0,0.0
2021-02-01,Davao Region,Cholera,4.0,0.0
2021-03-01,Davao Region,Cholera,6.0,0.0
2021-04-01,Davao Region,Cholera,0.0,0.0
2021-05-01,Davao Region,Cholera,9.0,1.0
2021-06-01,Davao Region,Cholera,10.0,0.0
2021-07-01,Davao Region,Cholera,29.0,0.0
2021-08-01,Davao Region,Cholera,0.0,0.0
2021-09-01,Davao Region,Cholera,0.0,0.0
2021-10-01,Davao Region,Cholera,11.0,0.0
2021-11-01,Davao Region,Cholera,71.0,0.0
2021-12-01,Davao Region,Cholera,0.0,0.0
2022-01-01,Davao Region,Cholera,360.0,4.0
2022-02-01,Davao Region,Cholera,217.0,3.0
2022-03-01,Davao Region,Cholera,26.0,0.0
2022-04-01,Davao Region,Cholera,5.0,3.0
2022-05-01,Davao Region,Cholera,0.0,0.0
2022-06-01,Davao Region,Cholera,0.0,0.0
2022-07-01,Davao Region,Cholera,185.0,6.0
2022-08-01,Davao Region,Cholera,0.0,0.0
2022-09-01,Davao Region,Cholera,0.0,0.0
2022-10-01,Davao Region,Cholera,19.0,0.0
2022-11-01,Davao Region,Cholera,0.0,0.0
2022-12-01,Davao Region,Cholera,1.0,0.0
2023-01-01,Davao Region,Cholera,3.0,0.0
2023-02-01,Davao Region,Cholera,48.0,1.0
2023-03-01,Davao Region,Cholera,13.0,0.0
2023-04-01,Davao Region,Cholera,6.0,0.0
2023-05-01,Davao Region,Cholera,1.0,0.0
2023-06-01,Davao Region,Cholera,0.0,0.0
2023-07-01,Davao Region,Cholera,9.0,0.0
2023-08-01,Davao Region,Cholera,0.0,0.0
2023-09-01,Davao Region,Cholera,0.0,0.0
2023-10-01,Davao Region,Cholera,0.0,0.0
2023-11-01,Davao Region,Cholera,0.0,0.0
2023-12-01,Davao Region,Cholera,0.0,0.0
2024-01-01,Davao Region,Cholera,0.0,0.0
2024-02-01,Davao Region,Cholera,0.0,0.0
2024-03-01,Davao Region,Cholera,0.0,0.0
2024-04-01,Davao Region,Cholera,0.0,0.0
2024-05-01,Davao Region,Cholera,5.0,0.0
2024-06-01,Davao Region,Cholera,3.0,0.0
2024-07-01,Davao Region,Cholera,0.0,0.0
2024-08-01,Davao Region,Cholera,30.0,0.0
2024-09-01,Davao Region,Cholera,0.0,0.0
2024-10-01,Davao Region,Cholera,0.0,0.0
2024-11-01,Davao Region,Cholera,1.0,0.0
2024-12-01,Davao Region,Cholera,0.0,0.0
2025-01-01,Davao Region,Cholera,1.0,0.0
2025-02-01,Davao Region,Cholera,4.0,0.0
2025-03-01,Davao Region,Cholera,3.0,0.0
2025-04-01,Davao Region,Cholera,1.0,0.0
2025-05-01,Davao Region,Cholera,4.0,0.0
2025-06-01,Davao Region,Cholera,1.0,0.0
2025-07-01,Davao Region,Cholera,0.0,0.0
2025-08-01,Davao Region,Cholera,0.0,0.0
2025-09-01,Davao Region,Cholera,0.0,0.0
2025-10-01,Davao Region,Cholera,7.0,0.0
2025-11-01,Davao Region,Cholera,0.0,0.0
2025-12-01,Davao Region,Cholera,0.0,0.0
2026-01-01,Davao Region,Cholera,0.0,0.0
2026-02-01,Davao Region,Cholera,0.0,0.0
2026-03-01,Davao Region,Cholera,0.0,0.0
2026-04-01,Davao Region,Cholera,5.0,0.0
2026-05-01,Davao Region,Cholera,0.0,0.0
2026-06-01,Davao Region,Cholera,1.0,0.0
2026-07-01,Davao Region,Cholera,0.0,0.0
2026-08-01,Davao Region,Cholera,3.0,0.0
2018-01-01,Eastern Visayas,Cholera,1.0,0.0
2018-02-01,Eastern Visayas,Cholera,0.0,0.0
2018-03-01,Eastern Visayas,Cholera,1.0,0.0
2018-04-01,Eastern Visayas,Cholera,0.0,0.0
2018-05-01,Eastern Visayas,Cholera,0.0,0.0
2018-06-01,Eastern Visayas,Cholera,0.0,0.0
2018-07-01,Eastern Visayas,Cholera,0.0,0.0
2018-08-01,Eastern Visayas,Cholera,0.0,0.0
2018-09-01,Eastern Visayas,Cholera,0.0,0.0
2018-10-01,Eastern Visayas,Cholera,0.0,0.0
2018-11-01,Eastern Visayas,Cholera,0.0,0.0
2018-12-01,Eastern Visayas,Cholera,0.0,0.0
2019-01-01,Eastern Visayas,Cholera,174.0,0.0
2019-02-01,Eastern Visayas,Cholera,203.0,0.0
2019-03-01,Eastern Visayas,Cholera,198.0,0.0
2019-04-01,Eastern Visayas,Cholera,150.0,0.0
2019-05-01,Eastern Visayas,Cholera,197.0,0.0
2019-06-01,Eastern Visayas,Cholera,130.0,0.0
2019-07-01,Eastern Visayas,Cholera,128.0,0.0
2019-08-01,Eastern Visayas,Cholera,184.0,0.0
2019-09-01,Eastern Visayas,Cholera,134.0,0.0
2019-10-01,Eastern Visayas,Cholera,154.0,0.0
2019-11-01,Eastern Visayas,Cholera,136.0,0.0
2019-12-01,Eastern Visayas,Cholera,67.0,0.0
2020-01-01,Eastern Visayas,Cholera,243.0,0.0
2020-02-01,Eastern Visayas,Cholera,129.0,0.0
2020-03-01,Eastern Visayas,Cholera,160.0,0.0
2020-04-01,Eastern Visayas,Cholera,54.0,0.0
2020-05-01,Eastern Visayas,Cholera,75.0,0.0
2020-06-01,Eastern Visayas,Cholera,59.0,0.0
2020-07-01,Eastern Visayas,Cholera,77.0,0.0
2020-08-01,Eastern Visayas,Cholera,43.0,0.0
2020-09-01,Eastern Visayas,Cholera,28.0,0.0
2020-10-01,Eastern Visayas,Cholera,61.0,0.0
2020-11-01,Eastern Visayas,Cholera,36.0,0.0
2020-12-01,Eastern Visayas,Cholera,13.0,0.0
2021-01-01,Eastern Visayas,Cholera,45.0,0.0
2021-02-01,Eastern Visayas,Cholera,42.0,0.0
2021-03-01,Eastern Visayas,Cholera,47.0,0.0
2021-04-01,Eastern Visayas,Cholera,46.0,0.0
2021-05-01,Eastern Visayas,Cholera,82.0,1.0
2021-06-01,Eastern Visayas,Cholera,64.0,0.0
2021-07-01,Eastern Visayas,Cholera,59.0,0.0
2021-08-01,Eastern Visayas,Cholera,46.0,0.0
2021-09-01,Eastern Visayas,Cholera,35.0,0.0
2021-10-01,Eastern Visayas,Cholera,53.0,0.0
2021-11-01,Eastern Visayas,Cholera,40.0,0.0
2021-12-01,Eastern Visayas,Cholera,58.0,0.0
2022-01-01,Eastern Visayas,Cholera,118.0,0.0
2022-02-01,Eastern Visayas,Cholera,115.0,0.0
2022-03-01,Eastern Visayas,Cholera,392.0,3.0
2022-04-01,Eastern Visayas,Cholera,375.0,0.0
2022-05-01,Eastern Visayas,Cholera,381.0,1.0
2022-06-01,Eastern Visayas,Cholera,488.0,2.0
2022-07-01,Eastern Visayas,Cholera,632.0,3.0
2022-08-01,Eastern Visayas,Cholera,533.0,8.0
2022-09-01,Eastern Visayas,Cholera,364.0,4.0
2022-10-01,Eastern Visayas,Cholera,875.0,10.0
2022-11-01,Eastern Visayas,Cholera,899.0,5.0
2022-12-01,Eastern Visayas,Cholera,322.0,1.0
2023-01-01,Eastern Visayas,Cholera,290.0,1.0
2023-02-01,Eastern Visayas,Cholera,278.0,1.0
2023-03-01,Eastern Visayas,Cholera,295.0,2.0
2023-04-01,Eastern Visayas,Cholera,277.0,0.0
2023-05-01,Eastern Visayas,Cholera,244.0,0.0
2023-06-01,Eastern Visayas,Cholera,207.0,1.0
2023-07-01,Eastern Visayas,Cholera,300.0,1.0
2023-08-01,Eastern Visayas,Cholera,273.0,0.0
2023-09-01,Eastern Visayas,Cholera,235.0,0.0
2023-10-01,Eastern Visayas,Cholera,251.0,1.0
2023-11-01,Eastern Visayas,Cholera,272.0,0.0
2023-12-01,Eastern Visayas,Cholera,209.0,0.0
2024-01-01,Eastern Visayas,Cholera,395.0,1.0
2024-02-01,Eastern Visayas,Cholera,266.0,0.0
2024-03-01,Eastern Visayas,Cholera,126.0,1.0
2024-04-01,Eastern Visayas,Cholera,72.0,0.0
2024-05-01,Eastern Visayas,Cholera,67.0,0.0
2024-06-01,Eastern Visayas,Cholera,73.0,0.0
2024-07-01,Eastern Visayas,Cholera,83.0,2.0
2024-08-01,Eastern Visayas,Cholera,55.0,0.0
2024-09-01,Eastern Visayas,Cholera,34.0,0.0
2024-10-01,Eastern Visayas,Cholera,54.0,0.0
2024-11-01,Eastern Visayas,Cholera,68.0,0.0
2024-12-01,Eastern Visayas,Cholera,59.0,0.0
2025-01-01,Eastern Visayas,Cholera,129.0,1.0
2025-02-01,Eastern Visayas,Cholera,93.0,0.0
2025-03-01,Eastern Visayas,Cholera,84.0,0.0
2025-04-01,Eastern Visayas,Cholera,109.0,0.0
2025-05-01,Eastern Visayas,Cholera,93.0,1.0
2025-06-01,Eastern Visayas,Cholera,80.0,0.0
2025-07-01,Eastern Visayas,Cholera,81.0,1.0
2025-08-01,Eastern Visayas,Cholera,21.0,1.0
2025-09-01,Eastern Visayas,Cholera,18.0,1.0
2025-10-01,Eastern Visayas,Cholera,14.0,0.0
2025-11-01,Eastern Visayas,Cholera,1.0,0.0
2025-12-01,Eastern Visayas,Cholera,3.0,0.0
2026-01-01,Eastern Visayas,Cholera,4.0,0.0
2026-02-01,Eastern Visayas,Cholera,6.0,0.0
2026-03-01,Eastern Visayas,Cholera,3.0,0.0
2026-04-01,Eastern Visayas,Cholera,7.0,0.0
2026-05-01,Eastern Visayas,Cholera,0.0,0.0
2026-06-01,Eastern Visayas,Cholera,2.0,0.0
2026-07-01,Eastern Visayas,Cholera,2.0,0.0
2026-08-01,Eastern Visayas,Cholera,2.0,0.0
2026-09-01,Eastern Visayas,Cholera,2.0,0.0
2022-10-01,Ilocos Region,Cholera,1.0,0.0
2022-11-01,Ilocos Region,Cholera,0.0,0.0
2022-12-01,Ilocos Region,Cholera,0.0,0.0
2023-01-01,Ilocos Region,Cholera,2.0,0.0
2023-02-01,Ilocos Region,Cholera,0.0,0.0
2023-03-01,Ilocos Region,Cholera,0.0,0.0
2023-04-01,Ilocos Region,Cholera,0.0,0.0
2023-05-01,Ilocos Region,Cholera,0.0,0.0
2023-06-01,Ilocos Region,Cholera,0.0,0.0
2023-07-01,Ilocos Region,Cholera,0.0,0.0
2023-08-01,Ilocos Region,Cholera,0.0,0.0
2023-09-01,Ilocos Region,Cholera,2.0,0.0
2023-10-01,Ilocos Region,Cholera,0.0,0.0
2023-11-01,Ilocos Region,Cholera,0.0,0.0
2023-12-01,Ilocos Region,Cholera,0.0,0.0
2024-01-01,Ilocos Region,Cholera,0.0,0.0
2024-02-01,Ilocos Region,Cholera,0.0,0.0
2024-03-01,Ilocos Region,Cholera,0.0,0.0
2024-04-01,Ilocos Region,Cholera,0.0,0.0
2024-05-01,Ilocos Region,Cholera,0.0,0.0
2024-06-01,Ilocos Region,Cholera,0.0,0.0
2024-07-01,Ilocos Region,Cholera,0.0,0.0
2024-08-01,Ilocos Region,Cholera,0.0,0.0
2024-09-01,Ilocos Region,Cholera,0.0,0.0
2024-10-01,Ilocos Region,Cholera,0.0,0.0
2024-11-01,Ilocos Region,Cholera,0.0,0.0
2024-12-01,Ilocos Region,Cholera,0.0,0.0
2025-01-01,Ilocos Region,Cholera,0.0,0.0
2025-02-01,Ilocos Region,Cholera,0.0,0.0
2025-03-01,Ilocos Region,Cholera,0.0,0.0
2025-04-01,Ilocos Region,Cholera,0.0,0.0
2025-05-01,Ilocos Region,Cholera,0.0,0.0
2025-06-01,Ilocos Region,Cholera,0.0,0.0
2025-07-01,Ilocos Region,Cholera,0.0,0.0
2025-08-01,Ilocos Region,Cholera,0.0,0.0
2025-09-01,Ilocos Region,Cholera,0.0,0.0
2025-10-01,Ilocos Region,Cholera,0.0,0.0
2025-11-01,Ilocos Region,Cholera,1.0,1.0
2025-12-01,Ilocos Region,Cholera,0.0,0.0
2026-01-01,Ilocos Region,Cholera,2.0,1.0
2026-02-01,Ilocos Region,Cholera,0.0,0.0
2026-03-01,Ilocos Region,Cholera,0.0,0.0
2026-04-01,Ilocos Region,Cholera,1.0,1.0
2026-05-01,Ilocos Region,Cholera,0.0,0.0
2026-06-01,Ilocos Region,Cholera,0.0,0.0
2026-07-01,Ilocos Region,Cholera,1.0,0.0
2026-08-01,Ilocos Region,Cholera,1.0,0.0
2018-07-01,MIMAROPA,Cholera,4.0,0.0
2018-08-01,MIMAROPA,Cholera,0.0,0.0
2018-09-01,MIMAROPA,Cholera,0.0,0.0
2018-10-01,MIMAROPA,Cholera,0.0,0.0
2018-11-01,MIMAROPA,Cholera,0.0,0.0
2018-12-01,MIMAROPA,Cholera,0.0,0.0
2019-01-01,MIMAROPA,Cholera,0.0,0.0
2019-02-01,MIMAROPA,Cholera,0.0,0.0
2019-03-01,MIMAROPA,Cholera,0.0,0.0
2019-04-01,MIMAROPA,Cholera,0.0,0.0
2019-05-01,MIMAROPA,Cholera,0.0,0.0
2019-06-01,MIMAROPA,Cholera,0.0,0.0
2019-07-01,MIMAROPA,Cholera,0.0,0.0
2019-08-01,MIMAROPA,Cholera,0.0,0.0
2019-09-01,MIMAROPA,Cholera,2.0,0.0
2019-10-01,MIMAROPA,Cholera,0.0,0.0
2019-11-01,MIMAROPA,Cholera,0.0,0.0
2019-12-01,MIMAROPA,Cholera,0.0,0.0
2020-01-01,MIMAROPA,Cholera,0.0,0.0
2020-02-01,MIMAROPA,Cholera,0.0,0.0
2020-03-01,MIMAROPA,Cholera,0.0,0.0
2020-04-01,MIMAROPA,Cholera,0.0,0.0
2020-05-01,MIMAROPA,Cholera,0.0,0.0
2020-06-01,MIMAROPA,Cholera,0.0,0.0
2020-07-01,MIMAROPA,Cholera,0.0,0.0
2020-08-01,MIMAROPA,Cholera,0.0,0.0
2020-09-01,MIMAROPA,Cholera,0.0,0.0
2020-10-01,MIMAROPA,Cholera,0.0,0.0
2020-11-01,MIMAROPA,Cholera,0.0,0.0
2020-12-01,MIMAROPA,Cholera,0.0,0.0
2021-01-01,MIMAROPA,Cholera,0.0,0.0
2021-02-01,MIMAROPA,Cholera,0.0,0.0
2021-03-01,MIMAROPA,Cholera,0.0,0.0
2021-04-01,MIMAROPA,Cholera,0.0,0.0
2021-05-01,MIMAROPA,Cholera,0.0,0.0
2021-06-01,MIMAROPA,Cholera,0.0,0.0
2021-07-01,MIMAROPA,Cholera,0.0,0.0
2021-08-01,MIMAROPA,Cholera,0.0,0.0
2021-09-01,MIMAROPA,Cholera,0.0,0.0
2021-10-01,MIMAROPA,Cholera,0.0,0.0
2021-11-01,MIMAROPA,Cholera,0.0,0.0
2021-12-01,MIMAROPA,Cholera,0.0,0.0
2022-01-01,MIMAROPA,Cholera,0.0,0.0
2022-02-01,MIMAROPA,Cholera,0.0,0.0
2022-03-01,MIMAROPA,Cholera,0.0,0.0
2022-04-01,MIMAROPA,Cholera,0.0,0.0
2022-05-01,MIMAROPA,Cholera,0.0,0.0
2022-06-01,MIMAROPA,Cholera,0.0,0.0
2022-07-01,MIMAROPA,Cholera,2.0,1.0
2022-08-01,MIMAROPA,Cholera,1.0,0.0
2022-09-01,MIMAROPA,Cholera,3.0,0.0
2022-10-01,MIMAROPA,Cholera,2.0,0.0
2022-11-01,MIMAROPA,Cholera,4.0,0.0
2022-12-01,MIMAROPA,Cholera,1.0,1.0
2023-01-01,MIMAROPA,Cholera,0.0,0.0
2023-02-01,MIMAROPA,Cholera,0.0,0.0
2023-03-01,MIMAROPA,Cholera,0.0,0.0
2023-04-01,MIMAROPA,Cholera,0.0,0.0
2023-05-01,MIMAROPA,Cholera,0.0,0.0
2023-06-01,MIMAROPA,Cholera,0.0,0.0
2023-07-01,MIMAROPA,Cholera,0.0,0.0
2023-08-01,MIMAROPA,Cholera,0.0,0.0
2023-09-01,MIMAROPA,Cholera,0.0,0.0
2023-10-01,MIMAROPA,Cholera,0.0,0.0
2023-11-01,MIMAROPA,Cholera,0.0,0.0
2023-12-01,MIMAROPA,Cholera,0.0,0.0
2024-01-01,MIMAROPA,Cholera,0.0,0.0
2024-02-01,MIMAROPA,Cholera,1.0,0.0
2024-03-01,MIMAROPA,Cholera,0.0,0.0
2024-04-01,MIMAROPA,Cholera,1.0,0.0
2024-05-01,MIMAROPA,Cholera,0.0,0.0
2024-06-01,MIMAROPA,Cholera,0.0,0.0
2024-07-01,MIMAROPA,Cholera,6.0,0.0
2024-08-01,MIMAROPA,Cholera,1.0,1.0
2018-10-01,National Capital Region,Cholera,1.0,0.0
2018-11-01,National Capital Region,Cholera,0.0,0.0
2018-12-01,National Capital Region,Cholera,0.0,0.0
2019-01-01,National Capital Region,Cholera,0.0,0.0
2019-02-01,National Capital Region,Cholera,0.0,0.0
2019-03-01,National Capital Region,Cholera,1.0,0.0
2019-04-01,National Capital Region,Cholera,1.0,0.0
2019-05-01,National Capital Region,Cholera,0.0,0.0
2019-06-01,National Capital Region,Cholera,0.0,0.0
2019-07-01,National Capital Region,Cholera,0.0,0.0
2019-08-01,National Capital Region,Cholera,1.0,0.0
2019-09-01,National Capital Region,Cholera,1.0,0.0
2019-10-01,National Capital Region,Cholera,0.0,0.0
2019-11-01,National Capital Region,Cholera,0.0,0.0
2019-12-01,National Capital Region,Cholera,0.0,0.0
2020-01-01,National Capital Region,Cholera,0.0,0.0
2020-02-01,National Capital Region,Cholera,0.0,0.0
2020-03-01,National Capital Region,Cholera,0.0,0.0
2020-04-01,National Capital Region,Cholera,0.0,0.0
2020-05-01,National Capital Region,Cholera,0.0,0.0
2020-06-01,National Capital Region,Cholera,0.0,0.0
2020-07-01,National Capital Region,Cholera,0.0,0.0
2020-08-01,National Capital Region,Cholera,0.0,0.0
2020-09-01,National Capital Region,Cholera,0.0,0.0
2020-10-01,National Capital Region,Cholera,0.0,0.0
2020-11-01,National Capital Region,Cholera,0.0,0.0
2020-12-01,National Capital Region,Cholera,0.0,0.0
2021-01-01,National Capital Region,Cholera,0.0,0.0
2021-02-01,National Capital Region,Cholera,0.0,0.0
2021-03-01,National Capital Region,Cholera,0.0,0.0
2021-04-01,National Capital Region,Cholera,0.0,0.0
2021-05-01,National Capital Region,Cholera,0.0,0.0
2021-06-01,National Capital Region,Cholera,0.0,0.0
2021-07-01,National Capital Region,Cholera,1.0,0.0
2021-08-01,National Capital Region,Cholera,0.0,0.0
2021-09-01,National Capital Region,Cholera,0.0,0.0
2021-10-01,National Capital Region,Cholera,2.0,0.0
2021-11-01,National Capital Region,Cholera,0.0,0.0
2021-12-01,National Capital Region,Cholera,1.0,0.0
2022-01-01,National Capital Region,Cholera,0.0,0.0
2022-02-01,National Capital Region,Cholera,0.0,0.0
2022-03-01,National Capital Region,Cholera,0.0,0.0
2022-04-01,National Capital Region,Cholera,0.0,0.0
2022-05-01,National Capital Region,Cholera,0.0,0.0
2022-06-01,National Capital Region,Cholera,0.0,0.0
2022-07-01,National Capital Region,Cholera,3.0,1.0
2022-08-01,National Capital Region,Cholera,22.0,0.0
2022-09-01,National Capital Region,Cholera,5.0,0.0
2022-10-01,National Capital Region,Cholera,3.0,0.0
2022-11-01,National Capital Region,Cholera,3.0,0.0
2022-12-01,National Capital Region,Cholera,0.0,0.0
2023-01-01,National Capital Region,Cholera,3.0,0.0
2023-02-01,National Capital Region,Cholera,0.0,0.0
2023-03-01,National Capital Region,Cholera,0.0,0.0
2023-04-01,National Capital Region,Cholera,0.0,0.0
2023-05-01,National Capital Region,Cholera,0.0,0.0
2023-06-01,National Capital Region,Cholera,3.0,0.0
2023-07-01,National Capital Region,Cholera,1.0,0.0
2023-08-01,National Capital Region,Cholera,0.0,0.0
2023-09-01,National Capital Region,Cholera,2.0,0.0
2023-10-01,National Capital Region,Cholera,7.0,0.0
2023-11-01,National Capital Region,Cholera,1.0,0.0
2023-12-01,National Capital Region,Cholera,0.0,0.0
2024-01-01,National Capital Region,Cholera,1.0,0.0
2024-02-01,National Capital Region,Cholera,0.0,0.0
2024-03-01,National Capital Region,Cholera,1.0,0.0
2024-04-01,National Capital Region,Cholera,1.0,0.0
2024-05-01,National Capital Region,Cholera,1.0,0.0
2024-06-01,National Capital Region,Cholera,0.0,0.0
2024-07-01,National Capital Region,Cholera,0.0,0.0
2024-08-01,National Capital Region,Cholera,1.0,0.0
2024-09-01,National Capital Region,Cholera,0.0,0.0
2024-10-01,National Capital Region,Cholera,2.0,1.0
2024-11-01,National Capital Region,Cholera,4.0,0.0
2024-12-01,National Capital Region,Cholera,2.0,0.0
2025-01-01,National Capital Region,Cholera,3.0,0.0
2025-02-01,National Capital Region,Cholera,3.0,0.0
2025-03-01,National Capital Region,Cholera,2.0,0.0
2025-04-01,National Capital Region,Cholera,7.0,1.0
2025-05-01,National Capital Region,Cholera,2.0,0.0
2025-06-01,National Capital Region,Cholera,0.0,0.0
2025-07-01,National Capital Region,Cholera,6.0,1.0
2025-08-01,National Capital Region,Cholera,6.0,2.0
2025-09-01,National Capital Region,Cholera,0.0,0.0
2025-10-01,National Capital Region,Cholera,1.0,0.0
2025-11-01,National Capital Region,Cholera,0.0,0.0
2025-12-01,National Capital Region,Cholera,2.0,0.0
2026-01-01,National Capital Region,Cholera,0.0,0.0
2026-02-01,National Capital Region,Cholera,0.0,0.0
2026-03-01,National Capital Region,Cholera,0.0,0.0
2026-04-01,National Capital Region,Cholera,0.0,0.0
2026-05-01,National Capital Region,Cholera,0.0,0.0
2026-06-01,National Capital Region,Cholera,3.0,1.0
2026-07-01,National Capital Region,Cholera,0.0,0.0
2026-08-01,National Capital Region,Cholera,1.0,1.0
2018-02-01,Negros Island Region,Cholera,1.0,0.0
2018-03-01,Negros Island Region,Cholera,0.0,0.0
2018-04-01,Negros Island Region,Cholera,0.0,0.0
2018-05-01,Negros Island Region,Cholera,0.0,0.0
2018-06-01,Negros Island Region,Cholera,0.0,0.0
2018-07-01,Negros Island Region,Cholera,0.0,0.0
2018-08-01,Negros Island Region,Cholera,0.0,0.0
2018-09-01,Negros Island Region,Cholera,0.0,0.0
2018-10-01,Negros Island Region,Cholera,0.0,0.0
2018-11-01,Negros Island Region,Cholera,0.0,0.0
2018-12-01,Negros Island Region,Cholera,0.0,0.0
2019-01-01,Negros Island Region,Cholera,0.0,0.0
2019-02-01,Negros Island Region,Cholera,0.0,0.0
2019-03-01,Negros Island Region,Cholera,0.0,0.0
2019-04-01,Negros Island Region,Cholera,0.0,0.0
2019-05-01,Negros Island Region,Cholera,0.0,0.0
2019-06-01,Negros Island Region,Cholera,0.0,0.0
2019-07-01,Negros Island Region,Cholera,0.0,0.0
2019-08-01,Negros Island Region,Cholera,0.0,0.0
2019-09-01,Negros Island Region,Cholera,0.0,0.0
2019-10-01,Negros Island Region,Cholera,0.0,0.0
2019-11-01,Negros Island Region,Cholera,0.0,0.0
2019-12-01,Negros Island Region,Cholera,0.0,0.0
2020-01-01,Negros Island Region,Cholera,0.0,0.0
2020-02-01,Negros Island Region,Cholera,0.0,0.0
2020-03-01,Negros Island Region,Cholera,0.0,0.0
2020-04-01,Negros Island Region,Cholera,0.0,0.0
2020-05-01,Negros Island Region,Cholera,0.0,0.0
2020-06-01,Negros Island Region,Cholera,0.0,0.0
2020-07-01,Negros Island Region,Cholera,0.0,0.0
2020-08-01,Negros Island Region,Cholera,0.0,0.0
2020-09-01,Negros Island Region,Cholera,0.0,0.0
2020-10-01,Negros Island Region,Cholera,0.0,0.0
2020-11-01,Negros Island Region,Cholera,0.0,0.0
2020-12-01,Negros Island Region,Cholera,0.0,0.0
2021-01-01,Negros Island Region,Cholera,0.0,0.0
2021-02-01,Negros Island Region,Cholera,0.0,0.0
2021-03-01,Negros Island Region,Cholera,0.0,0.0
2021-04-01,Negros Island Region,Cholera,0.0,0.0
2021-05-01,Negros Island Region,Cholera,0.0,0.0
2021-06-01,Negros Island Region,Cholera,0.0,0.0
2021-07-01,Negros Island Region,Cholera,0.0,0.0
2021-08-01,Negros Island Region,Cholera,0.0,0.0
2021-09-01,Negros Island Region,Cholera,0.0,0.0
2021-10-01,Negros Island Region,Cholera,0.0,0.0
2021-11-01,Negros Island Region,Cholera,0.0,0.0
2021-12-01,Negros Island Region,Cholera,0.0,0.0
2022-01-01,Negros Island Region,Cholera,0.0,0.0
2022-02-01,Negros Island Region,Cholera,0.0,0.0
2022-03-01,Negros Island Region,Cholera,0.0,0.0
2022-04-01,Negros Island Region,Cholera,1.0,0.0
2022-05-01,Negros Island Region,Cholera,1.0,0.0
2022-06-01,Negros Island Region,Cholera,0.0,0.0
2022-07-01,Negros Island Region,Cholera,0.0,0.0
2022-08-01,Negros Island Region,Cholera,1.0,0.0
2022-09-01,Negros Island Region,Cholera,46.0,1.0
2022-10-01,Negros Island Region,Cholera,101.0,5.0
2022-11-01,Negros Island Region,Cholera,119.0,3.0
2022-12-01,Negros Island Region,Cholera,51.0,4.0
2023-01-01,Negros Island Region,Cholera,14.0,2.0
2023-02-01,Negros Island Region,Cholera,16.0,0.0
2023-03-01,Negros Island Region,Cholera,31.0,0.0
2023-04-01,Negros Island Region,Cholera,3.0,0.0
2023-05-01,Negros Island Region,Cholera,17.0,0.0
2023-06-01,Negros Island Region,Cholera,0.0,0.0
2023-07-01,Negros Island Region,Cholera,0.0,0.0
2023-08-01,Negros Island Region,Cholera,4.0,0.0
2023-09-01,Negros Island Region,Cholera,4.0,0.0
2023-10-01,Negros Island Region,Cholera,0.0,0.0
2023-11-01,Negros Island Region,Cholera,0.0,0.0
2023-12-01,Negros Island Region,Cholera,0.0,0.0
2024-01-01,Negros Island Region,Cholera,2.0,0.0
2024-02-01,Negros Island Region,Cholera,0.0,0.0
2024-03-01,Negros Island Region,Cholera,6.0,0.0
2024-04-01,Negros Island Region,Cholera,18.0,0.0
2024-05-01,Negros Island Region,Cholera,7.0,0.0
2024-06-01,Negros Island Region,Cholera,11.0,2.0
2024-07-01,Negros Island Region,Cholera,13.0,1.0
2024-08-01,Negros Island Region,Cholera,11.0,0.0
2024-09-01,Negros Island Region,Cholera,15.0,1.0
2024-10-01,Negros Island Region,Cholera,15.0,2.0
2024-11-01,Negros Island Region,Cholera,12.0,1.0
2024-12-01,Negros Island Region,Cholera,11.0,1.0
2025-01-01,Negros Island Region,Cholera,6.0,0.0
2025-02-01,Negros Island Region,Cholera,11.0,0.0
2025-03-01,Negros Island Region,Cholera,10.0,0.0
2025-04-01,Negros Island Region,Cholera,12.0,3.0
2025-05-01,Negros Island Region,Cholera,7.0,0.0
2025-06-01,Negros Island Region,Cholera,19.0,0.0
2025-07-01,Negros Island Region,Cholera,8.0,1.0
2025-08-01,Negros Island Region,Cholera,8.0,0.0
2025-09-01,Negros Island Region,Cholera,21.0,2.0
2025-10-01,Negros Island Region,Cholera,16.0,1.0
2025-11-01,Negros Island Region,Cholera,2.0,0.0
2025-12-01,Negros Island Region,Cholera,11.0,0.0
2026-01-01,Negros Island Region,Cholera,14.0,0.0
2026-02-01,Negros Island Region,Cholera,11.0,0.0
2026-03-01,Negros Island Region,Cholera,10.0,0.0
2026-04-01,Negros Island Region,Cholera,5.0,0.0
2026-05-01,Negros Island Region,Cholera,10.0,0.0
2026-06-01,Negros Island Region,Cholera,6.0,0.0
2026-07-01,Negros Island Region,Cholera,4.0,0.0
2026-08-01,Negros Island Region,Cholera,11.0,0.0
2026-09-01,Negros Island Region,Cholera,2.0,0.0
2018-01-01,Northern Mindanao,Cholera,18.0,0.0
2018-02-01,Northern Mindanao,Cholera,15.0,0.0
2018-03-01,Northern Mindanao,Cholera,4.0,0.0
2018-04-01,Northern Mindanao,Cholera,30.0,0.0
2018-05-01,Northern Mindanao,Cholera,13.0,0.0
2018-06-01,Northern Mindanao,Cholera,14.0,0.0
2018-07-01,Northern Mindanao,Cholera,0.0,0.0
2018-08-01,Northern Mindanao,Cholera,18.0,0.0
2018-09-01,Northern Mindanao,Cholera,3.0,0.0
2018-10-01,Northern Mindanao,Cholera,6.0,0.0
2018-11-01,Northern Mindanao,Cholera,2.0,0.0
2018-12-01,Northern Mindanao,Cholera,5.0,0.0
2019-01-01,Northern Mindanao,Cholera,6.0,0.0
2019-02-01,Northern Mindanao,Cholera,6.0,0.0
2019-03-01,Northern Mindanao,Cholera,3.0,0.0
2019-04-01,Northern Mindanao,Cholera,5.0,0.0
2019-05-01,Northern Mindanao,Cholera,7.0,0.0
2019-06-01,Northern Mindanao,Cholera,9.0,0.0
2019-07-01,Northern Mindanao,Cholera,4.0,0.0
2019-08-01,Northern Mindanao,Cholera,0.0,0.0
2019-09-01,Northern Mindanao,Cholera,0.0,0.0
2019-10-01,Northern Mindanao,Cholera,0.0,0.0
2019-11-01,Northern Mindanao,Cholera,2.0,0.0
2019-12-01,Northern Mindanao,Cholera,0.0,0.0
2020-01-01,Northern Mindanao,Cholera,0.0,0.0
2020-02-01,Northern Mindanao,Cholera,0.0,0.0
2020-03-01,Northern Mindanao,Cholera,0.0,0.0
2020-04-01,Northern Mindanao,Cholera,0.0,0.0
2020-05-01,Northern Mindanao,Cholera,0.0,0.0
2020-06-01,Northern Mindanao,Cholera,0.0,0.0
2020-07-01,Northern Mindanao,Cholera,0.0,0.0
2020-08-01,Northern Mindanao,Cholera,0.0,0.0
2020-09-01,Northern Mindanao,Cholera,1.0,0.0
2020-10-01,Northern Mindanao,Cholera,0.0,0.0
2020-11-01,Northern Mindanao,Cholera,0.0,0.0
2020-12-01,Northern Mindanao,Cholera,0.0,0.0
2021-01-01,Northern Mindanao,Cholera,0.0,0.0
2021-02-01,Northern Mindanao,Cholera,2.0,0.0
2021-03-01,Northern Mindanao,Cholera,13.0,0.0
2021-04-01,Northern Mindanao,Cholera,0.0,0.0
2021-05-01,Northern Mindanao,Cholera,1.0,0.0
2021-06-01,Northern Mindanao,Cholera,0.0,0.0
2021-07-01,Northern Mindanao,Cholera,0.0,0.0
2021-08-01,Northern Mindanao,Cholera,0.0,0.0
2021-09-01,Northern Mindanao,Cholera,0.0,0.0
2021-10-01,Northern Mindanao,Cholera,0.0,0.0
2021-11-01,Northern Mindanao,Cholera,44.0,0.0
2021-12-01,Northern Mindanao,Cholera,0.0,0.0
2022-01-01,Northern Mindanao,Cholera,1.0,0.0
2022-02-01,Northern Mindanao,Cholera,3.0,0.0
2022-03-01,Northern Mindanao,Cholera,2.0,0.0
2022-04-01,Northern Mindanao,Cholera,0.0,0.0
2022-05-01,Northern Mindanao,Cholera,0.0,0.0
2022-06-01,Northern Mindanao,Cholera,0.0,0.0
2022-07-01,Northern Mindanao,Cholera,0.0,0.0
2022-08-01,Northern Mindanao,Cholera,0.0,0.0
2022-09-01,Northern Mindanao,Cholera,0.0,0.0
2022-10-01,Northern Mindanao,Cholera,2.0,0.0
2022-11-01,Northern Mindanao,Cholera,22.0,2.0
2022-12-01,Northern Mindanao,Cholera,8.0,1.0
2023-01-01,Northern Mindanao,Cholera,1.0,0.0
2023-02-01,Northern Mindanao,Cholera,2.0,0.0
2023-03-01,Northern Mindanao,Cholera,6.0,0.0
2023-04-01,Northern Mindanao,Cholera,4.0,0.0
2023-05-01,Northern Mindanao,Cholera,2.0,0.0
2023-06-01,Northern Mindanao,Cholera,0.0,0.0
2023-07-01,Northern Mindanao,Cholera,0.0,0.0
2023-08-01,Northern Mindanao,Cholera,5.0,0.0
2023-09-01,Northern Mindanao,Cholera,2.0,0.0
2023-10-01,Northern Mindanao,Cholera,1.0,0.0
2023-11-01,Northern Mindanao,Cholera,0.0,0.0
2023-12-01,Northern Mindanao,Cholera,0.0,0.0
2024-01-01,Northern Mindanao,Cholera,0.0,0.0
2024-02-01,Northern Mindanao,Cholera,0.0,0.0
2024-03-01,Northern Mindanao,Cholera,0.0,0.0
2024-04-01,Northern Mindanao,Cholera,1.0,0.0
2024-05-01,Northern Mindanao,Cholera,3.0,0.0
2024-06-01,Northern Mindanao,Cholera,2.0,0.0
2024-07-01,Northern Mindanao,Cholera,0.0,0.0
2024-08-01,Northern Mindanao,Cholera,1.0,0.0
2024-09-01,Northern Mindanao,Cholera,0.0,0.0
2024-10-01,Northern Mindanao,Cholera,0.0,0.0
2024-11-01,Northern Mindanao,Cholera,0.0,0.0
2024-12-01,Northern Mindanao,Cholera,1.0,0.0
2025-01-01,Northern Mindanao,Cholera,2.0,0.0
2025-02-01,Northern Mindanao,Cholera,4.0,0.0
2025-03-01,Northern Mindanao,Cholera,1.0,0.0
2025-04-01,Northern Mindanao,Cholera,6.0,0.0
2025-05-01,Northern Mindanao,Cholera,1.0,0.0
2025-06-01,Northern Mindanao,Cholera,0.0,0.0
2025-07-01,Northern Mindanao,Cholera,3.0,0.0
2025-08-01,Northern Mindanao,Cholera,3.0,1.0
2025-09-01,Northern Mindanao,Cholera,2.0,0.0
2025-10-01,Northern Mindanao,Cholera,2.0,0.0
2025-11-01,Northern Mindanao,Cholera,0.0,0.0
2025-12-01,Northern Mindanao,Cholera,0.0,0.0
2026-01-01,Northern Mindanao,Cholera,0.0,0.0
2026-02-01,Northern Mindanao,Cholera,3.0,0.0
2026-03-01,Northern Mindanao,Cholera,3.0,0.0
2026-04-01,Northern Mindanao,Cholera,0.0,0.0
2026-05-01,Northern Mindanao,Cholera,0.0,0.0
2026-06-01,Northern Mindanao,Cholera,0.0,0.0
2026-07-01,Northern Mindanao,Cholera,1.0,0.0
2018-07-01,SOCCSKSARGEN,Cholera,3.0,0.0
2018-08-01,SOCCSKSARGEN,Cholera,0.0,0.0
2018-09-01,SOCCSKSARGEN,Cholera,0.0,0.0
2018-10-01,SOCCSKSARGEN,Cholera,0.0,0.0
2018-11-01,SOCCSKSARGEN,Cholera,0.0,0.0
2018-12-01,SOCCSKSARGEN,Cholera,0.0,0.0
2019-01-01,SOCCSKSARGEN,Cholera,0.0,0.0
2019-02-01,SOCCSKSARGEN,Cholera,0.0,0.0
2019-03-01,SOCCSKSARGEN,Cholera,0.0,0.0
2019-04-01,SOCCSKSARGEN,Cholera,0.0,0.0
2019-05-01,SOCCSKSARGEN,Cholera,0.0,0.0
2019-06-01,SOCCSKSARGEN,Cholera,0.0,0.0
2019-07-01,SOCCSKSARGEN,Cholera,0.0,0.0
2019-08-01,SOCCSKSARGEN,Cholera,0.0,0.0
2019-09-01,SOCCSKSARGEN,Cholera,0.0,0.0
2019-10-01,SOCCSKSARGEN,Cholera,0.0,0.0
2019-11-01,SOCCSKSARGEN,Cholera,0.0,0.0
2019-12-01,SOCCSKSARGEN,Cholera,0.0,0.0
2020-01-01,SOCCSKSARGEN,Cholera,0.0,0.0
2020-02-01,SOCCSKSARGEN,Cholera,0.0,0.0
2020-03-01,SOCCSKSARGEN,Cholera,0.0,0.0
2020-04-01,SOCCSKSARGEN,Cholera,0.0,0.0
2020-05-01,SOCCSKSARGEN,Cholera,0.0,0.0
2020-06-01,SOCCSKSARGEN,Cholera,0.0,0.0
2020-07-01,SOCCSKSARGEN,Cholera,0.0,0.0
2020-08-01,SOCCSKSARGEN,Cholera,0.0,0.0
2020-09-01,SOCCSKSARGEN,Cholera,0.0,0.0
2020-10-01,SOCCSKSARGEN,Cholera,0.0,0.0
2020-11-01,SOCCSKSARGEN,Cholera,0.0,0.0
2020-12-01,SOCCSKSARGEN,Cholera,0.0,0.0
2021-01-01,SOCCSKSARGEN,Cholera,0.0,0.0
2021-02-01,SOCCSKSARGEN,Cholera,0.0,0.0
2021-03-01,SOCCSKSARGEN,Cholera,0.0,0.0
2021-04-01,SOCCSKSARGEN,Cholera,0.0,0.0
2021-05-01,SOCCSKSARGEN,Cholera,0.0,0.0
2021-06-01,SOCCSKSARGEN,Cholera,0.0,0.0
2021-07-01,SOCCSKSARGEN,Cholera,0.0,0.0
2021-08-01,SOCCSKSARGEN,Cholera,0.0,0.0
2021-09-01,SOCCSKSARGEN,Cholera,2.0,1.0
2021-10-01,SOCCSKSARGEN,Cholera,75.0,3.0
2021-11-01,SOCCSKSARGEN,Cholera,0.0,0.0
2021-12-01,SOCCSKSARGEN,Cholera,0.0,0.0
2022-01-01,SOCCSKSARGEN,Cholera,0.0,0.0
2022-02-01,SOCCSKSARGEN,Cholera,14.0,0.0
2022-03-01,SOCCSKSARGEN,Cholera,34.0,0.0
2022-04-01,SOCCSKSARGEN,Cholera,26.0,1.0
2022-05-01,SOCCSKSARGEN,Cholera,8.0,0.0
2022-06-01,SOCCSKSARGEN,Cholera,0.0,0.0
2022-07-01,SOCCSKSARGEN,Cholera,0.0,0.0
2022-08-01,SOCCSKSARGEN,Cholera,0.0,0.0
2022-09-01,SOCCSKSARGEN,Cholera,0.0,0.0
2022-10-01,SOCCSKSARGEN,Cholera,103.0,4.0
2022-11-01,SOCCSKSARGEN,Cholera,21.0,0.0
2022-12-01,SOCCSKSARGEN,Cholera,0.0,0.0
2023-01-01,SOCCSKSARGEN,Cholera,0.0,0.0
2023-02-01,SOCCSKSARGEN,Cholera,3.0,1.0
2023-03-01,SOCCSKSARGEN,Cholera,0.0,0.0
2023-04-01,SOCCSKSARGEN,Cholera,0.0,0.0
2023-05-01,SOCCSKSARGEN,Cholera,0.0,0.0
2023-06-01,SOCCSKSARGEN,Cholera,0.0,0.0
2023-07-01,SOCCSKSARGEN,Cholera,0.0,0.0
2023-08-01,SOCCSKSARGEN,Cholera,0.0,0.0
2023-09-01,SOCCSKSARGEN,Cholera,0.0,0.0
2023-10-01,SOCCSKSARGEN,Cholera,0.0,0.0
2023-11-01,SOCCSKSARGEN,Cholera,0.0,0.0
2023-12-01,SOCCSKSARGEN,Cholera,0.0,0.0
2024-01-01,SOCCSKSARGEN,Cholera,0.0,0.0
2024-02-01,SOCCSKSARGEN,Cholera,0.0,0.0
2024-03-01,SOCCSKSARGEN,Cholera,21.0,0.0
2024-04-01,SOCCSKSARGEN,Cholera,3.0,0.0
2024-05-01,SOCCSKSARGEN,Cholera,1.0,0.0
2024-06-01,SOCCSKSARGEN,Cholera,28.0,1.0
2024-07-01,SOCCSKSARGEN,Cholera,22.0,0.0
2024-08-01,SOCCSKSARGEN,Cholera,3.0,0.0
2024-09-01,SOCCSKSARGEN,Cholera,7.0,0.0
2024-10-01,SOCCSKSARGEN,Cholera,2.0,0.0
2024-11-01,SOCCSKSARGEN,Cholera,3.0,0.0
2024-12-01,SOCCSKSARGEN,Cholera,4.0,0.0
2025-01-01,SOCCSKSARGEN,Cholera,5.0,0.0
2025-02-01,SOCCSKSARGEN,Cholera,5.0,0.0
2025-03-01,SOCCSKSARGEN,Cholera,8.0,0.0
2025-04-01,SOCCSKSARGEN,Cholera,80.0,0.0
2025-05-01,SOCCSKSARGEN,Cholera,90.0,0.0
2025-06-01,SOCCSKSARGEN,Cholera,31.0,1.0
2025-07-01,SOCCSKSARGEN,Cholera,8.0,0.0
2025-08-01,SOCCSKSARGEN,Cholera,3.0,0.0
2025-09-01,SOCCSKSARGEN,Cholera,12.0,0.0
2022-04-01,Western Visayas,Cholera,1.0,0.0
2022-05-01,Western Visayas,Cholera,0.0,0.0
2022-06-01,Western Visayas,Cholera,0.0,0.0
2022-07-01,Western Visayas,Cholera,0.0,0.0
2022-08-01,Western Visayas,Cholera,17.0,0.0
2022-09-01,Western Visayas,Cholera,33.0,0.0
2022-10-01,Western Visayas,Cholera,18.0,0.0
2022-11-01,Western Visayas,Cholera,13.0,0.0
2022-12-01,Western Visayas,Cholera,11.0,0.0
2023-01-01,Western Visayas,Cholera,3.0,0.0
2023-02-01,Western Visayas,Cholera,4.0,0.0
2023-03-01,Western Visayas,Cholera,8.0,0.0
2023-04-01,Western Visayas,Cholera,1.0,0.0
2023-05-01,Western Visayas,Cholera,0.0,0.0
2023-06-01,Western Visayas,Cholera,3.0,0.0
2023-07-01,Western Visayas,Cholera,9.0,0.0
2023-08-01,Western Visayas,Cholera,11.0,0.0
2023-09-01,Western Visayas,Cholera,8.0,0.0
2023-10-01,Western Visayas,Cholera,0.0,0.0
2023-11-01,Western Visayas,Cholera,2.0,0.0
2023-12-01,Western Visayas,Cholera,0.0,0.0
2024-01-01,Western Visayas,Cholera,6.0,0.0
2024-02-01,Western Visayas,Cholera,3.0,0.0
2024-03-01,Western Visayas,Cholera,1.0,0.0
2024-04-01,Western Visayas,Cholera,0.0,0.0
2024-05-01,Western Visayas,Cholera,1.0,0.0
2024-06-01,Western Visayas,Cholera,1.0,0.0
2024-07-01,Western Visayas,Cholera,2.0,0.0
2024-08-01,Western Visayas,Cholera,0.0,0.0
2024-09-01,Western Visayas,Cholera,0.0,0.0
2024-10-01,Western Visayas,Cholera,0.0,0.0
2024-11-01,Western Visayas,Cholera,0.0,0.0
2024-12-01,Western Visayas,Cholera,0.0,0.0
2025-01-01,Western Visayas,Cholera,0.0,0.0
2025-02-01,Western Visayas,Cholera,1.0,0.0
2025-03-01,Western Visayas,Cholera,0.0,0.0
2025-04-01,Western Visayas,Cholera,1.0,0.0
2025-05-01,Western Visayas,Cholera,0.0,0.0
2025-06-01,Western Visayas,Cholera,0.0,0.0
2025-07-01,Western Visayas,Cholera,0.0,0.0
2025-08-01,Western Visayas,Cholera,1.0,0.0
2025-09-01,Western Visayas,Cholera,0.0,0.0
2025-10-01,Western Visayas,Cholera,0.0,0.0
2025-11-01,Western Visayas,Cholera,0.0,0.0
2025-12-01,Western Visayas,Cholera,0.0,0.0
2026-01-01,Western Visayas,Cholera,0.0,0.0
2026-02-01,Western Visayas,Cholera,0.0,0.0
2026-03-01,Western Visayas,Cholera,0.0,0.0
2026-04-01,Western Visayas,Cholera,0.0,0.0
2026-05-01,Western Visayas,Cholera,0.0,0.0
2026-06-01,Western Visayas,Cholera,0.0,0.0
2026-07-01,Western Visayas,Cholera,0.0,0.0
2026-08-01,Western Visayas,Cholera,1.0,0.0
2018-10-01,Zamboanga Peninsula,Cholera,1.0,0.0
2018-11-01,Zamboanga Peninsula,Cholera,0.0,0.0
2018-12-01,Zamboanga Peninsula,Cholera,0.0,0.0
2019-01-01,Zamboanga Peninsula,Cholera,1.0,0.0
2019-02-01,Zamboanga Peninsula,Cholera,1.0,0.0
2019-03-01,Zamboanga Peninsula,Cholera,0.0,0.0
2019-04-01,Zamboanga Peninsula,Cholera,1.0,0.0
2019-05-01,Zamboanga Peninsula,Cholera,2.0,0.0
2019-06-01,Zamboanga Peninsula,Cholera,0.0,0.0
2019-07-01,Zamboanga Peninsula,Cholera,1.0,0.0
2019-08-01,Zamboanga Peninsula,Cholera,0.0,0.0
2019-09-01,Zamboanga Peninsula,Cholera,0.0,0.0
2019-10-01,Zamboanga Peninsula,Cholera,0.0,0.0
2019-11-01,Zamboanga Peninsula,Cholera,0.0,0.0
2019-12-01,Zamboanga Peninsula,Cholera,0.0,0.0
2020-01-01,Zamboanga Peninsula,Cholera,0.0,0.0
2020-02-01,Zamboanga Peninsula,Cholera,0.0,0.0
2020-03-01,Zamboanga Peninsula,Cholera,0.0,0.0
2020-04-01,Zamboanga Peninsula,Cholera,0.0,0.0
2020-05-01,Zamboanga Peninsula,Cholera,0.0,0.0
2020-06-01,Zamboanga Peninsula,Cholera,0.0,0.0
2020-07-01,Zamboanga Peninsula,Cholera,3.0,1.0
2020-08-01,Zamboanga Peninsula,Cholera,0.0,0.0
2020-09-01,Zamboanga Peninsula,Cholera,5.0,0.0
2020-10-01,Zamboanga Peninsula,Cholera,1.0,0.0
2020-11-01,Zamboanga Peninsula,Cholera,1.0,0.0
2020-12-01,Zamboanga Peninsula,Cholera,2.0,0.0
2021-01-01,Zamboanga Peninsula,Cholera,0.0,0.0
2021-02-01,Zamboanga Peninsula,Cholera,0.0,0.0
2021-03-01,Zamboanga Peninsula,Cholera,0.0,0.0
2021-04-01,Zamboanga Peninsula,Cholera,2.0,0.0
2021-05-01,Zamboanga Peninsula,Cholera,0.0,0.0
2021-06-01,Zamboanga Peninsula,Cholera,0.0,0.0
2021-07-01,Zamboanga Peninsula,Cholera,0.0,0.0
2021-08-01,Zamboanga Peninsula,Cholera,0.0,0.0
2021-09-01,Zamboanga Peninsula,Cholera,0.0,0.0
2021-10-01,Zamboanga Peninsula,Cholera,1.0,0.0
2021-11-01,Zamboanga Peninsula,Cholera,0.0,0.0
2021-12-01,Zamboanga Peninsula,Cholera,0.0,0.0
2022-01-01,Zamboanga Peninsula,Cholera,0.0,0.0
2022-02-01,Zamboanga Peninsula,Cholera,1.0,0.0
2022-03-01,Zamboanga Peninsula,Cholera,6.0,2.0
2022-04-01,Zamboanga Peninsula,Cholera,7.0,0.0
2022-05-01,Zamboanga Peninsula,Cholera,3.0,0.0
2022-06-01,Zamboanga Peninsula,Cholera,4.0,0.0
2022-07-01,Zamboanga Peninsula,Cholera,4.0,0.0
2022-08-01,Zamboanga Peninsula,Cholera,6.0,0.0
2022-09-01,Zamboanga Peninsula,Cholera,0.0,0.0
2022-10-01,Zamboanga Peninsula,Cholera,10.0,0.0
2022-11-01,Zamboanga Peninsula,Cholera,14.0,0.0
2022-12-01,Zamboanga Peninsula,Cholera,4.0,0.0
2023-01-01,Zamboanga Peninsula,Cholera,23.0,1.0
2023-02-01,Zamboanga Peninsula,Cholera,30.0,0.0
2023-03-01,Zamboanga Peninsula,Cholera,11.0,0.0
2023-04-01,Zamboanga Peninsula,Cholera,10.0,0.0
2023-05-01,Zamboanga Peninsula,Cholera,9.0,0.0
2023-06-01,Zamboanga Peninsula,Cholera,0.0,0.0
2023-07-01,Zamboanga Peninsula,Cholera,0.0,0.0
2023-08-01,Zamboanga Peninsula,Cholera,1.0,0.0
2023-09-01,Zamboanga Peninsula,Cholera,1.0,0.0
2023-10-01,Zamboanga Peninsula,Cholera,2.0,0.0
2023-11-01,Zamboanga Peninsula,Cholera,2.0,0.0
2023-12-01,Zamboanga Peninsula,Cholera,0.0,0.0
2024-01-01,Zamboanga Peninsula,Cholera,1.0,0.0
2024-02-01,Zamboanga Peninsula,Cholera,2.0,0.0
2024-03-01,Zamboanga Peninsula,Cholera,5.0,0.0
2024-04-01,Zamboanga Peninsula,Cholera,1.0,0.0
2024-05-01,Zamboanga Peninsula,Cholera,16.0,1.0
2024-06-01,Zamboanga Peninsula,Cholera,10.0,0.0
2024-07-01,Zamboanga Peninsula,Cholera,14.0,0.0
2024-08-01,Zamboanga Peninsula,Cholera,12.0,0.0
2024-09-01,Zamboanga Peninsula,Cholera,10.0,0.0
2024-10-01,Zamboanga Peninsula,Cholera,10.0,0.0
2024-11-01,Zamboanga Peninsula,Cholera,12.0,0.0
2024-12-01,Zamboanga Peninsula,Cholera,13.0,0.0
2025-01-01,Zamboanga Peninsula,Cholera,16.0,0.0
2025-02-01,Zamboanga Peninsula,Cholera,31.0,0.0
2025-03-01,Zamboanga Peninsula,Cholera,17.0,1.0
2025-04-01,Zamboanga Peninsula,Cholera,10.0,0.0
2025-05-01,Zamboanga Peninsula,Cholera,9.0,0.0
2025-06-01,Zamboanga Peninsula,Cholera,2.0,0.0
2025-07-01,Zamboanga Peninsula,Cholera,6.0,0.0
2025-08-01,Zamboanga Peninsula,Cholera,7.0,1.0
2025-09-01,Zamboanga Peninsula,Cholera,8.0,0.0
2025-10-01,Zamboanga Peninsula,Cholera,6.0,0.0
2025-11-01,Zamboanga Peninsula,Cholera,3.0,1.0
2025-12-01,Zamboanga Peninsula,Cholera,3.0,0.0
2026-01-01,Zamboanga Peninsula,Cholera,5.0,0.0
2026-02-01,Zamboanga Peninsula,Cholera,10.0,0.0
2026-03-01,Zamboanga Peninsula,Cholera,7.0,0.0
2026-04-01,Zamboanga Peninsula,Cholera,5.0,0.0
2026-05-01,Zamboanga Peninsula,Cholera,1.0,0.0
2026-06-01,Zamboanga Peninsula,Cholera,5.0,0.0
2026-07-01,Zamboanga Peninsula,Cholera,7.0,0.0
2026-08-01,Zamboanga Peninsula,Cholera,3.0,0.0
2026-09-01,Zamboanga Peninsula,Cholera,2.0,0.0
2018-01-01,Bangsamoro (BARMM),Typhoid Fever,168.0,1.0
2018-02-01,Bangsamoro (BARMM),Typhoid Fever,114.0,0.0
2018-03-01,Bangsamoro (BARMM),Typhoid Fever,178.0,0.0
2018-04-01,Bangsamoro (BARMM),Typhoid Fever,151.0,0.0
2018-05-01,Bangsamoro (BARMM),Typhoid Fever,151.0,0.0
2018-06-01,Bangsamoro (BARMM),Typhoid Fever,102.0,0.0
2018-07-01,Bangsamoro (BARMM),Typhoid Fever,159.0,0.0
2018-08-01,Bangsamoro (BARMM),Typhoid Fever,180.0,0.0
2018-09-01,Bangsamoro (BARMM),Typhoid Fever,129.0,0.0
2018-10-01,Bangsamoro (BARMM),Typhoid Fever,148.0,0.0
2018-11-01,Bangsamoro (BARMM),Typhoid Fever,70.0,0.0
2018-12-01,Bangsamoro (BARMM),Typhoid Fever,76.0,0.0
2019-01-01,Bangsamoro (BARMM),Typhoid Fever,205.0,2.0
2019-02-01,Bangsamoro (BARMM),Typhoid Fever,131.0,0.0
2019-03-01,Bangsamoro (BARMM),Typhoid Fever,179.0,1.0
2019-04-01,Bangsamoro (BARMM),Typhoid Fever,138.0,1.0
2019-05-01,Bangsamoro (BARMM),Typhoid Fever,168.0,0.0
2019-06-01,Bangsamoro (BARMM),Typhoid Fever,194.0,1.0
2019-07-01,Bangsamoro (BARMM),Typhoid Fever,224.0,1.0
2019-08-01,Bangsamoro (BARMM),Typhoid Fever,181.0,0.0
2019-09-01,Bangsamoro (BARMM),Typhoid Fever,153.0,0.0
2019-10-01,Bangsamoro (BARMM),Typhoid Fever,206.0,0.0
2019-11-01,Bangsamoro (BARMM),Typhoid Fever,149.0,0.0
2019-12-01,Bangsamoro (BARMM),Typhoid Fever,75.0,0.0
2020-01-01,Bangsamoro (BARMM),Typhoid Fever,153.0,0.0
2020-02-01,Bangsamoro (BARMM),Typhoid Fever,99.0,0.0
2020-03-01,Bangsamoro (BARMM),Typhoid Fever,53.0,0.0
2020-04-01,Bangsamoro (BARMM),Typhoid Fever,23.0,0.0
2020-05-01,Bangsamoro (BARMM),Typhoid Fever,22.0,0.0
2020-06-01,Bangsamoro (BARMM),Typhoid Fever,35.0,0.0
2020-07-01,Bangsamoro (BARMM),Typhoid Fever,46.0,0.0
2020-08-01,Bangsamoro (BARMM),Typhoid Fever,37.0,0.0
2020-09-01,Bangsamoro (BARMM),Typhoid Fever,18.0,0.0
2020-10-01,Bangsamoro (BARMM),Typhoid Fever,39.0,0.0
2020-11-01,Bangsamoro (BARMM),Typhoid Fever,19.0,0.0
2020-12-01,Bangsamoro (BARMM),Typhoid Fever,11.0,0.0
2021-01-01,Bangsamoro (BARMM),Typhoid Fever,13.0,0.0
2021-02-01,Bangsamoro (BARMM),Typhoid Fever,13.0,0.0
2021-03-01,Bangsamoro (BARMM),Typhoid Fever,39.0,0.0
2021-04-01,Bangsamoro (BARMM),Typhoid Fever,36.0,0.0
2021-05-01,Bangsamoro (BARMM),Typhoid Fever,65.0,0.0
2021-06-01,Bangsamoro (BARMM),Typhoid Fever,23.0,0.0
2021-07-01,Bangsamoro (BARMM),Typhoid Fever,27.0,0.0
2021-08-01,Bangsamoro (BARMM),Typhoid Fever,23.0,0.0
2021-09-01,Bangsamoro (BARMM),Typhoid Fever,24.0,0.0
2021-10-01,Bangsamoro (BARMM),Typhoid Fever,24.0,0.0
2021-11-01,Bangsamoro (BARMM),Typhoid Fever,10.0,0.0
2021-12-01,Bangsamoro (BARMM),Typhoid Fever,30.0,0.0
2022-01-01,Bangsamoro (BARMM),Typhoid Fever,78.0,0.0
2022-02-01,Bangsamoro (BARMM),Typhoid Fever,77.0,3.0
2022-03-01,Bangsamoro (BARMM),Typhoid Fever,98.0,0.0
2022-04-01,Bangsamoro (BARMM),Typhoid Fever,116.0,0.0
2022-05-01,Bangsamoro (BARMM),Typhoid Fever,191.0,0.0
2022-06-01,Bangsamoro (BARMM),Typhoid Fever,156.0,0.0
2022-07-01,Bangsamoro (BARMM),Typhoid Fever,187.0,1.0
2022-08-01,Bangsamoro (BARMM),Typhoid Fever,174.0,0.0
2022-09-01,Bangsamoro (BARMM),Typhoid Fever,201.0,1.0
2022-10-01,Bangsamoro (BARMM),Typhoid Fever,128.0,0.0
2022-11-01,Bangsamoro (BARMM),Typhoid Fever,111.0,0.0
2022-12-01,Bangsamoro (BARMM),Typhoid Fever,92.0,0.0
2023-01-01,Bangsamoro (BARMM),Typhoid Fever,135.0,0.0
2023-02-01,Bangsamoro (BARMM),Typhoid Fever,134.0,1.0
2023-03-01,Bangsamoro (BARMM),Typhoid Fever,152.0,1.0
2023-04-01,Bangsamoro (BARMM),Typhoid Fever,169.0,0.0
2023-05-01,Bangsamoro (BARMM),Typhoid Fever,185.0,1.0
2023-06-01,Bangsamoro (BARMM),Typhoid Fever,148.0,0.0
2023-07-01,Bangsamoro (BARMM),Typhoid Fever,219.0,3.0
2023-08-01,Bangsamoro (BARMM),Typhoid Fever,276.0,0.0
2023-09-01,Bangsamoro (BARMM),Typhoid Fever,272.0,0.0
2023-10-01,Bangsamoro (BARMM),Typhoid Fever,309.0,1.0
2023-11-01,Bangsamoro (BARMM),Typhoid Fever,303.0,2.0
2023-12-01,Bangsamoro (BARMM),Typhoid Fever,160.0,1.0
2024-01-01,Bangsamoro (BARMM),Typhoid Fever,221.0,1.0
2024-02-01,Bangsamoro (BARMM),Typhoid Fever,184.0,0.0
2024-03-01,Bangsamoro (BARMM),Typhoid Fever,229.0,2.0
2024-04-01,Bangsamoro (BARMM),Typhoid Fever,245.0,0.0
2024-05-01,Bangsamoro (BARMM),Typhoid Fever,174.0,0.0
2024-06-01,Bangsamoro (BARMM),Typhoid Fever,218.0,0.0
2024-07-01,Bangsamoro (BARMM),Typhoid Fever,186.0,0.0
2024-08-01,Bangsamoro (BARMM),Typhoid Fever,199.0,1.0
2024-09-01,Bangsamoro (BARMM),Typhoid Fever,206.0,2.0
2024-10-01,Bangsamoro (BARMM),Typhoid Fever,206.0,0.0
2024-11-01,Bangsamoro (BARMM),Typhoid Fever,171.0,1.0
2024-12-01,Bangsamoro (BARMM),Typhoid Fever,121.0,0.0
2025-01-01,Bangsamoro (BARMM),Typhoid Fever,226.0,0.0
2025-02-01,Bangsamoro (BARMM),Typhoid Fever,181.0,0.0
2025-03-01,Bangsamoro (BARMM),Typhoid Fever,184.0,1.0
2025-04-01,Bangsamoro (BARMM),Typhoid Fever,210.0,1.0
2025-05-01,Bangsamoro (BARMM),Typhoid Fever,217.0,0.0
2025-06-01,Bangsamoro (BARMM),Typhoid Fever,207.0,0.0
2025-07-01,Bangsamoro (BARMM),Typhoid Fever,244.0,0.0
2025-08-01,Bangsamoro (BARMM),Typhoid Fever,192.0,1.0
2025-09-01,Bangsamoro (BARMM),Typhoid Fever,245.0,0.0
2025-10-01,Bangsamoro (BARMM),Typhoid Fever,114.0,0.0
2025-11-01,Bangsamoro (BARMM),Typhoid Fever,30.0,0.0
2025-12-01,Bangsamoro (BARMM),Typhoid Fever,61.0,0.0
2026-01-01,Bangsamoro (BARMM),Typhoid Fever,196.0,1.0
2026-02-01,Bangsamoro (BARMM),Typhoid Fever,75.0,0.0
2026-03-01,Bangsamoro (BARMM),Typhoid Fever,89.0,0.0
2026-04-01,Bangsamoro (BARMM),Typhoid Fever,110.0,0.0
2026-05-01,Bangsamoro (BARMM),Typhoid Fever,101.0,0.0
2026-06-01,Bangsamoro (BARMM),Typhoid Fever,100.0,0.0
2026-07-01,Bangsamoro (BARMM),Typhoid Fever,150.0,0.0
2026-08-01,Bangsamoro (BARMM),Typhoid Fever,156.0,0.0
2026-09-01,Bangsamoro (BARMM),Typhoid Fever,42.0,0.0
2018-01-01,Bicol Region,Typhoid Fever,24.0,0.0
2018-02-01,Bicol Region,Typhoid Fever,43.0,1.0
2018-03-01,Bicol Region,Typhoid Fever,33.0,0.0
2018-04-01,Bicol Region,Typhoid Fever,43.0,1.0
2018-05-01,Bicol Region,Typhoid Fever,27.0,0.0
2018-06-01,Bicol Region,Typhoid Fever,40.0,0.0
2018-07-01,Bicol Region,Typhoid Fever,31.0,0.0
2018-08-01,Bicol Region,Typhoid Fever,26.0,0.0
2018-09-01,Bicol Region,Typhoid Fever,31.0,1.0
2018-10-01,Bicol Region,Typhoid Fever,45.0,0.0
2018-11-01,Bicol Region,Typhoid Fever,32.0,0.0
2018-12-01,Bicol Region,Typhoid Fever,20.0,0.0
2019-01-01,Bicol Region,Typhoid Fever,31.0,0.0
2019-02-01,Bicol Region,Typhoid Fever,30.0,0.0
2019-03-01,Bicol Region,Typhoid Fever,9.0,0.0
2019-04-01,Bicol Region,Typhoid Fever,21.0,0.0
2019-05-01,Bicol Region,Typhoid Fever,25.0,1.0
2019-06-01,Bicol Region,Typhoid Fever,22.0,2.0
2019-07-01,Bicol Region,Typhoid Fever,27.0,0.0
2019-08-01,Bicol Region,Typhoid Fever,40.0,0.0
2019-09-01,Bicol Region,Typhoid Fever,36.0,0.0
2019-10-01,Bicol Region,Typhoid Fever,36.0,0.0
2019-11-01,Bicol Region,Typhoid Fever,32.0,0.0
2019-12-01,Bicol Region,Typhoid Fever,33.0,2.0
2020-01-01,Bicol Region,Typhoid Fever,27.0,1.0
2020-02-01,Bicol Region,Typhoid Fever,37.0,0.0
2020-03-01,Bicol Region,Typhoid Fever,16.0,0.0
2020-04-01,Bicol Region,Typhoid Fever,15.0,1.0
2020-05-01,Bicol Region,Typhoid Fever,11.0,0.0
2020-06-01,Bicol Region,Typhoid Fever,8.0,0.0
2020-07-01,Bicol Region,Typhoid Fever,28.0,0.0
2020-08-01,Bicol Region,Typhoid Fever,18.0,0.0
2020-09-01,Bicol Region,Typhoid Fever,13.0,0.0
2020-10-01,Bicol Region,Typhoid Fever,13.0,0.0
2020-11-01,Bicol Region,Typhoid Fever,10.0,0.0
2020-12-01,Bicol Region,Typhoid Fever,14.0,0.0
2021-01-01,Bicol Region,Typhoid Fever,12.0,0.0
2021-02-01,Bicol Region,Typhoid Fever,13.0,0.0
2021-03-01,Bicol Region,Typhoid Fever,11.0,0.0
2021-04-01,Bicol Region,Typhoid Fever,8.0,0.0
2021-05-01,Bicol Region,Typhoid Fever,4.0,2.0
2021-06-01,Bicol Region,Typhoid Fever,10.0,0.0
2021-07-01,Bicol Region,Typhoid Fever,16.0,0.0
2021-08-01,Bicol Region,Typhoid Fever,8.0,0.0
2021-09-01,Bicol Region,Typhoid Fever,7.0,0.0
2021-10-01,Bicol Region,Typhoid Fever,8.0,1.0
2021-11-01,Bicol Region,Typhoid Fever,6.0,2.0
2021-12-01,Bicol Region,Typhoid Fever,11.0,0.0
2022-01-01,Bicol Region,Typhoid Fever,9.0,0.0
2022-02-01,Bicol Region,Typhoid Fever,9.0,0.0
2022-03-01,Bicol Region,Typhoid Fever,13.0,0.0
2022-04-01,Bicol Region,Typhoid Fever,17.0,0.0
2022-05-01,Bicol Region,Typhoid Fever,6.0,0.0
2022-06-01,Bicol Region,Typhoid Fever,25.0,1.0
2022-07-01,Bicol Region,Typhoid Fever,27.0,0.0
2022-08-01,Bicol Region,Typhoid Fever,53.0,1.0
2022-09-01,Bicol Region,Typhoid Fever,15.0,0.0
2022-10-01,Bicol Region,Typhoid Fever,26.0,0.0
2022-11-01,Bicol Region,Typhoid Fever,20.0,0.0
2022-12-01,Bicol Region,Typhoid Fever,13.0,0.0
2023-01-01,Bicol Region,Typhoid Fever,18.0,0.0
2023-02-01,Bicol Region,Typhoid Fever,16.0,1.0
2023-03-01,Bicol Region,Typhoid Fever,26.0,0.0
2023-04-01,Bicol Region,Typhoid Fever,17.0,2.0
2023-05-01,Bicol Region,Typhoid Fever,22.0,0.0
2023-06-01,Bicol Region,Typhoid Fever,25.0,0.0
2023-07-01,Bicol Region,Typhoid Fever,25.0,2.0
2023-08-01,Bicol Region,Typhoid Fever,32.0,0.0
2023-09-01,Bicol Region,Typhoid Fever,28.0,0.0
2023-10-01,Bicol Region,Typhoid Fever,26.0,0.0
2023-11-01,Bicol Region,Typhoid Fever,17.0,1.0
2023-12-01,Bicol Region,Typhoid Fever,18.0,0.0
2024-01-01,Bicol Region,Typhoid Fever,34.0,1.0
2024-02-01,Bicol Region,Typhoid Fever,17.0,0.0
2024-03-01,Bicol Region,Typhoid Fever,15.0,0.0
2024-04-01,Bicol Region,Typhoid Fever,7.0,0.0
2024-05-01,Bicol Region,Typhoid Fever,9.0,0.0
2024-06-01,Bicol Region,Typhoid Fever,13.0,0.0
2024-07-01,Bicol Region,Typhoid Fever,18.0,0.0
2024-08-01,Bicol Region,Typhoid Fever,5.0,0.0
2024-09-01,Bicol Region,Typhoid Fever,6.0,0.0
2024-10-01,Bicol Region,Typhoid Fever,10.0,0.0
2024-11-01,Bicol Region,Typhoid Fever,16.0,0.0
2024-12-01,Bicol Region,Typhoid Fever,12.0,0.0
2025-01-01,Bicol Region,Typhoid Fever,39.0,0.0
2025-02-01,Bicol Region,Typhoid Fever,33.0,1.0
2025-03-01,Bicol Region,Typhoid Fever,23.0,1.0
2025-04-01,Bicol Region,Typhoid Fever,35.0,0.0
2025-05-01,Bicol Region,Typhoid Fever,26.0,1.0
2025-06-01,Bicol Region,Typhoid Fever,41.0,0.0
2025-07-01,Bicol Region,Typhoid Fever,36.0,0.0
2025-08-01,Bicol Region,Typhoid Fever,21.0,0.0
2025-09-01,Bicol Region,Typhoid Fever,29.0,0.0
2025-10-01,Bicol Region,Typhoid Fever,29.0,0.0
2025-11-01,Bicol Region,Typhoid Fever,30.0,0.0
2025-12-01,Bicol Region,Typhoid Fever,16.0,0.0
2026-01-01,Bicol Region,Typhoid Fever,24.0,2.0
2026-02-01,Bicol Region,Typhoid Fever,25.0,1.0
2026-03-01,Bicol Region,Typhoid Fever,61.0,0.0
2026-04-01,Bicol Region,Typhoid Fever,59.0,0.0
2026-05-01,Bicol Region,Typhoid Fever,55.0,0.0
2026-06-01,Bicol Region,Typhoid Fever,44.0,0.0
2026-07-01,Bicol Region,Typhoid Fever,36.0,1.0
2026-08-01,Bicol Region,Typhoid Fever,12.0,0.0
2026-09-01,Bicol Region,Typhoid Fever,15.0,0.0
2018-01-01,CALABARZON,Typhoid Fever,198.0,0.0
2018-02-01,CALABARZON,Typhoid Fever,158.0,0.0
2018-03-01,CALABARZON,Typhoid Fever,179.0,0.0
2018-04-01,CALABARZON,Typhoid Fever,118.0,0.0
2018-05-01,CALABARZON,Typhoid Fever,128.0,0.0
2018-06-01,CALABARZON,Typhoid Fever,143.0,0.0
2018-07-01,CALABARZON,Typhoid Fever,199.0,0.0
2018-08-01,CALABARZON,Typhoid Fever,190.0,0.0
2018-09-01,CALABARZON,Typhoid Fever,161.0,1.0
2018-10-01,CALABARZON,Typhoid Fever,160.0,0.0
2018-11-01,CALABARZON,Typhoid Fever,176.0,1.0
2018-12-01,CALABARZON,Typhoid Fever,166.0,0.0
2019-01-01,CALABARZON,Typhoid Fever,259.0,0.0
2019-02-01,CALABARZON,Typhoid Fever,172.0,1.0
2019-03-01,CALABARZON,Typhoid Fever,109.0,0.0
2019-04-01,CALABARZON,Typhoid Fever,69.0,0.0
2019-05-01,CALABARZON,Typhoid Fever,102.0,0.0
2019-06-01,CALABARZON,Typhoid Fever,99.0,0.0
2019-07-01,CALABARZON,Typhoid Fever,207.0,1.0
2019-08-01,CALABARZON,Typhoid Fever,229.0,0.0
2019-09-01,CALABARZON,Typhoid Fever,183.0,0.0
2019-10-01,CALABARZON,Typhoid Fever,145.0,0.0
2019-11-01,CALABARZON,Typhoid Fever,55.0,0.0
2019-12-01,CALABARZON,Typhoid Fever,74.0,0.0
2020-01-01,CALABARZON,Typhoid Fever,86.0,0.0
2020-02-01,CALABARZON,Typhoid Fever,49.0,0.0
2020-03-01,CALABARZON,Typhoid Fever,29.0,0.0
2020-04-01,CALABARZON,Typhoid Fever,1.0,0.0
2020-05-01,CALABARZON,Typhoid Fever,9.0,0.0
2020-06-01,CALABARZON,Typhoid Fever,9.0,0.0
2020-07-01,CALABARZON,Typhoid Fever,5.0,0.0
2020-08-01,CALABARZON,Typhoid Fever,6.0,1.0
2020-09-01,CALABARZON,Typhoid Fever,6.0,0.0
2020-10-01,CALABARZON,Typhoid Fever,9.0,0.0
2020-11-01,CALABARZON,Typhoid Fever,8.0,0.0
2020-12-01,CALABARZON,Typhoid Fever,12.0,0.0
2021-01-01,CALABARZON,Typhoid Fever,24.0,0.0
2021-02-01,CALABARZON,Typhoid Fever,28.0,0.0
2021-03-01,CALABARZON,Typhoid Fever,9.0,0.0
2021-04-01,CALABARZON,Typhoid Fever,6.0,0.0
2021-05-01,CALABARZON,Typhoid Fever,6.0,0.0
2021-06-01,CALABARZON,Typhoid Fever,15.0,0.0
2021-07-01,CALABARZON,Typhoid Fever,38.0,0.0
2021-08-01,CALABARZON,Typhoid Fever,15.0,0.0
2021-09-01,CALABARZON,Typhoid Fever,7.0,0.0
2021-10-01,CALABARZON,Typhoid Fever,13.0,1.0
2021-11-01,CALABARZON,Typhoid Fever,31.0,0.0
2021-12-01,CALABARZON,Typhoid Fever,19.0,1.0
2022-01-01,CALABARZON,Typhoid Fever,5.0,0.0
2022-02-01,CALABARZON,Typhoid Fever,16.0,0.0
2022-03-01,CALABARZON,Typhoid Fever,43.0,0.0
2022-04-01,CALABARZON,Typhoid Fever,74.0,0.0
2022-05-01,CALABARZON,Typhoid Fever,72.0,0.0
2022-06-01,CALABARZON,Typhoid Fever,88.0,0.0
2022-07-01,CALABARZON,Typhoid Fever,123.0,0.0
2022-08-01,CALABARZON,Typhoid Fever,112.0,0.0
2022-09-01,CALABARZON,Typhoid Fever,79.0,0.0
2022-10-01,CALABARZON,Typhoid Fever,53.0,0.0
2022-11-01,CALABARZON,Typhoid Fever,66.0,0.0
2022-12-01,CALABARZON,Typhoid Fever,41.0,0.0
2023-01-01,CALABARZON,Typhoid Fever,71.0,0.0
2023-02-01,CALABARZON,Typhoid Fever,56.0,0.0
2023-03-01,CALABARZON,Typhoid Fever,68.0,0.0
2023-04-01,CALABARZON,Typhoid Fever,93.0,0.0
2023-05-01,CALABARZON,Typhoid Fever,122.0,0.0
2023-06-01,CALABARZON,Typhoid Fever,223.0,1.0
2023-07-01,CALABARZON,Typhoid Fever,212.0,0.0
2023-08-01,CALABARZON,Typhoid Fever,173.0,0.0
2023-09-01,CALABARZON,Typhoid Fever,154.0,0.0
2023-10-01,CALABARZON,Typhoid Fever,109.0,0.0
2023-11-01,CALABARZON,Typhoid Fever,80.0,1.0
2023-12-01,CALABARZON,Typhoid Fever,67.0,0.0
2024-01-01,CALABARZON,Typhoid Fever,98.0,0.0
2024-02-01,CALABARZON,Typhoid Fever,67.0,0.0
2024-03-01,CALABARZON,Typhoid Fever,49.0,0.0
2024-04-01,CALABARZON,Typhoid Fever,67.0,0.0
2024-05-01,CALABARZON,Typhoid Fever,84.0,0.0
2024-06-01,CALABARZON,Typhoid Fever,76.0,0.0
2024-07-01,CALABARZON,Typhoid Fever,127.0,0.0
2024-08-01,CALABARZON,Typhoid Fever,108.0,0.0
2024-09-01,CALABARZON,Typhoid Fever,103.0,0.0
2024-10-01,CALABARZON,Typhoid Fever,105.0,0.0
2024-11-01,CALABARZON,Typhoid Fever,100.0,0.0
2024-12-01,CALABARZON,Typhoid Fever,37.0,0.0
2025-01-01,CALABARZON,Typhoid Fever,116.0,0.0
2025-02-01,CALABARZON,Typhoid Fever,92.0,1.0
2025-03-01,CALABARZON,Typhoid Fever,80.0,1.0
2025-04-01,CALABARZON,Typhoid Fever,40.0,0.0
2025-05-01,CALABARZON,Typhoid Fever,41.0,0.0
2025-06-01,CALABARZON,Typhoid Fever,60.0,0.0
2025-07-01,CALABARZON,Typhoid Fever,112.0,0.0
2025-08-01,CALABARZON,Typhoid Fever,123.0,0.0
2025-09-01,CALABARZON,Typhoid Fever,125.0,0.0
2025-10-01,CALABARZON,Typhoid Fever,111.0,0.0
2025-11-01,CALABARZON,Typhoid Fever,17.0,0.0
2025-12-01,CALABARZON,Typhoid Fever,18.0,0.0
2026-01-01,CALABARZON,Typhoid Fever,33.0,0.0
2026-02-01,CALABARZON,Typhoid Fever,26.0,0.0
2026-03-01,CALABARZON,Typhoid Fever,15.0,0.0
2026-04-01,CALABARZON,Typhoid Fever,21.0,0.0
2026-05-01,CALABARZON,Typhoid Fever,32.0,0.0
2026-06-01,CALABARZON,Typhoid Fever,65.0,0.0
2026-07-01,CALABARZON,Typhoid Fever,37.0,0.0
2026-08-01,CALABARZON,Typhoid Fever,45.0,0.0
2026-09-01,CALABARZON,Typhoid Fever,70.0,0.0
2018-01-01,Cagayan Valley,Typhoid Fever,54.0,0.0
2018-02-01,Cagayan Valley,Typhoid Fever,44.0,0.0
2018-03-01,Cagayan Valley,Typhoid Fever,55.0,0.0
2018-04-01,Cagayan Valley,Typhoid Fever,42.0,0.0
2018-05-01,Cagayan Valley,Typhoid Fever,55.0,0.0
2018-06-01,Cagayan Valley,Typhoid Fever,58.0,0.0
2018-07-01,Cagayan Valley,Typhoid Fever,112.0,0.0
2018-08-01,Cagayan Valley,Typhoid Fever,155.0,0.0
2018-09-01,Cagayan Valley,Typhoid Fever,129.0,0.0
2018-10-01,Cagayan Valley,Typhoid Fever,113.0,0.0
2018-11-01,Cagayan Valley,Typhoid Fever,83.0,0.0
2018-12-01,Cagayan Valley,Typhoid Fever,86.0,0.0
2019-01-01,Cagayan Valley,Typhoid Fever,151.0,0.0
2019-02-01,Cagayan Valley,Typhoid Fever,124.0,0.0
2019-03-01,Cagayan Valley,Typhoid Fever,86.0,1.0
2019-04-01,Cagayan Valley,Typhoid Fever,40.0,0.0
2019-05-01,Cagayan Valley,Typhoid Fever,59.0,0.0
2019-06-01,Cagayan Valley,Typhoid Fever,68.0,0.0
2019-07-01,Cagayan Valley,Typhoid Fever,55.0,0.0
2019-08-01,Cagayan Valley,Typhoid Fever,103.0,0.0
2019-09-01,Cagayan Valley,Typhoid Fever,99.0,0.0
2019-10-01,Cagayan Valley,Typhoid Fever,113.0,0.0
2019-11-01,Cagayan Valley,Typhoid Fever,91.0,0.0
2019-12-01,Cagayan Valley,Typhoid Fever,71.0,0.0
2020-01-01,Cagayan Valley,Typhoid Fever,92.0,0.0
2020-02-01,Cagayan Valley,Typhoid Fever,72.0,0.0
2020-03-01,Cagayan Valley,Typhoid Fever,11.0,0.0
2020-04-01,Cagayan Valley,Typhoid Fever,10.0,0.0
2020-05-01,Cagayan Valley,Typhoid Fever,7.0,0.0
2020-06-01,Cagayan Valley,Typhoid Fever,7.0,0.0
2020-07-01,Cagayan Valley,Typhoid Fever,18.0,0.0
2020-08-01,Cagayan Valley,Typhoid Fever,12.0,0.0
2020-09-01,Cagayan Valley,Typhoid Fever,14.0,0.0
2020-10-01,Cagayan Valley,Typhoid Fever,13.0,0.0
2020-11-01,Cagayan Valley,Typhoid Fever,12.0,0.0
2020-12-01,Cagayan Valley,Typhoid Fever,7.0,0.0
2021-01-01,Cagayan Valley,Typhoid Fever,6.0,0.0
2021-02-01,Cagayan Valley,Typhoid Fever,4.0,0.0
2021-03-01,Cagayan Valley,Typhoid Fever,3.0,0.0
2021-04-01,Cagayan Valley,Typhoid Fever,4.0,0.0
2021-05-01,Cagayan Valley,Typhoid Fever,7.0,0.0
2021-06-01,Cagayan Valley,Typhoid Fever,21.0,0.0
2021-07-01,Cagayan Valley,Typhoid Fever,41.0,0.0
2021-08-01,Cagayan Valley,Typhoid Fever,11.0,0.0
2021-09-01,Cagayan Valley,Typhoid Fever,9.0,0.0
2021-10-01,Cagayan Valley,Typhoid Fever,16.0,0.0
2021-11-01,Cagayan Valley,Typhoid Fever,23.0,0.0
2021-12-01,Cagayan Valley,Typhoid Fever,12.0,0.0
2022-01-01,Cagayan Valley,Typhoid Fever,25.0,0.0
2022-02-01,Cagayan Valley,Typhoid Fever,43.0,0.0
2022-03-01,Cagayan Valley,Typhoid Fever,37.0,0.0
2022-04-01,Cagayan Valley,Typhoid Fever,63.0,1.0
2022-05-01,Cagayan Valley,Typhoid Fever,56.0,1.0
2022-06-01,Cagayan Valley,Typhoid Fever,87.0,0.0
2022-07-01,Cagayan Valley,Typhoid Fever,89.0,0.0
2022-08-01,Cagayan Valley,Typhoid Fever,93.0,0.0
2022-09-01,Cagayan Valley,Typhoid Fever,108.0,0.0
2022-10-01,Cagayan Valley,Typhoid Fever,92.0,0.0
2022-11-01,Cagayan Valley,Typhoid Fever,100.0,0.0
2022-12-01,Cagayan Valley,Typhoid Fever,54.0,0.0
2023-01-01,Cagayan Valley,Typhoid Fever,89.0,1.0
2023-02-01,Cagayan Valley,Typhoid Fever,61.0,1.0
2023-03-01,Cagayan Valley,Typhoid Fever,64.0,1.0
2023-04-01,Cagayan Valley,Typhoid Fever,109.0,2.0
2023-05-01,Cagayan Valley,Typhoid Fever,93.0,1.0
2023-06-01,Cagayan Valley,Typhoid Fever,110.0,0.0
2023-07-01,Cagayan Valley,Typhoid Fever,104.0,1.0
2023-08-01,Cagayan Valley,Typhoid Fever,97.0,0.0
2023-09-01,Cagayan Valley,Typhoid Fever,92.0,1.0
2023-10-01,Cagayan Valley,Typhoid Fever,90.0,1.0
2023-11-01,Cagayan Valley,Typhoid Fever,69.0,1.0
2023-12-01,Cagayan Valley,Typhoid Fever,58.0,0.0
2024-01-01,Cagayan Valley,Typhoid Fever,101.0,2.0
2024-02-01,Cagayan Valley,Typhoid Fever,103.0,0.0
2024-03-01,Cagayan Valley,Typhoid Fever,77.0,0.0
2024-04-01,Cagayan Valley,Typhoid Fever,85.0,1.0
2024-05-01,Cagayan Valley,Typhoid Fever,110.0,0.0
2024-06-01,Cagayan Valley,Typhoid Fever,108.0,0.0
2024-07-01,Cagayan Valley,Typhoid Fever,202.0,1.0
2024-08-01,Cagayan Valley,Typhoid Fever,250.0,1.0
2024-09-01,Cagayan Valley,Typhoid Fever,302.0,0.0
2024-10-01,Cagayan Valley,Typhoid Fever,219.0,0.0
2024-11-01,Cagayan Valley,Typhoid Fever,226.0,1.0
2024-12-01,Cagayan Valley,Typhoid Fever,136.0,2.0
2025-01-01,Cagayan Valley,Typhoid Fever,245.0,0.0
2025-02-01,Cagayan Valley,Typhoid Fever,208.0,0.0
2025-03-01,Cagayan Valley,Typhoid Fever,200.0,0.0
2025-04-01,Cagayan Valley,Typhoid Fever,156.0,0.0
2025-05-01,Cagayan Valley,Typhoid Fever,183.0,0.0
2025-06-01,Cagayan Valley,Typhoid Fever,246.0,0.0
2025-07-01,Cagayan Valley,Typhoid Fever,191.0,0.0
2025-08-01,Cagayan Valley,Typhoid Fever,236.0,0.0
2025-09-01,Cagayan Valley,Typhoid Fever,332.0,0.0
2025-10-01,Cagayan Valley,Typhoid Fever,273.0,0.0
2025-11-01,Cagayan Valley,Typhoid Fever,46.0,0.0
2025-12-01,Cagayan Valley,Typhoid Fever,31.0,1.0
2026-01-01,Cagayan Valley,Typhoid Fever,62.0,0.0
2026-02-01,Cagayan Valley,Typhoid Fever,92.0,0.0
2026-03-01,Cagayan Valley,Typhoid Fever,104.0,0.0
2026-04-01,Cagayan Valley,Typhoid Fever,65.0,0.0
2026-05-01,Cagayan Valley,Typhoid Fever,91.0,1.0
2026-06-01,Cagayan Valley,Typhoid Fever,81.0,0.0
2026-07-01,Cagayan Valley,Typhoid Fever,93.0,0.0
2026-08-01,Cagayan Valley,Typhoid Fever,81.0,0.0
2026-09-01,Cagayan Valley,Typhoid Fever,54.0,0.0
2018-01-01,Caraga,Typhoid Fever,136.0,0.0
2018-02-01,Caraga,Typhoid Fever,88.0,0.0
2018-03-01,Caraga,Typhoid Fever,82.0,0.0
2018-04-01,Caraga,Typhoid Fever,49.0,0.0
2018-05-01,Caraga,Typhoid Fever,49.0,0.0
2018-06-01,Caraga,Typhoid Fever,79.0,0.0
2018-07-01,Caraga,Typhoid Fever,83.0,0.0
2018-08-01,Caraga,Typhoid Fever,90.0,0.0
2018-09-01,Caraga,Typhoid Fever,78.0,0.0
2018-10-01,Caraga,Typhoid Fever,83.0,0.0
2018-11-01,Caraga,Typhoid Fever,69.0,0.0
2018-12-01,Caraga,Typhoid Fever,62.0,0.0
2019-01-01,Caraga,Typhoid Fever,50.0,0.0
2019-02-01,Caraga,Typhoid Fever,51.0,0.0
2019-03-01,Caraga,Typhoid Fever,29.0,0.0
2019-04-01,Caraga,Typhoid Fever,29.0,0.0
2019-05-01,Caraga,Typhoid Fever,28.0,0.0
2019-06-01,Caraga,Typhoid Fever,35.0,0.0
2019-07-01,Caraga,Typhoid Fever,43.0,0.0
2019-08-01,Caraga,Typhoid Fever,83.0,0.0
2019-09-01,Caraga,Typhoid Fever,74.0,0.0
2019-10-01,Caraga,Typhoid Fever,54.0,0.0
2019-11-01,Caraga,Typhoid Fever,31.0,0.0
2019-12-01,Caraga,Typhoid Fever,15.0,0.0
2020-01-01,Caraga,Typhoid Fever,26.0,0.0
2020-02-01,Caraga,Typhoid Fever,30.0,0.0
2020-03-01,Caraga,Typhoid Fever,15.0,0.0
2020-04-01,Caraga,Typhoid Fever,15.0,0.0
2020-05-01,Caraga,Typhoid Fever,15.0,0.0
2020-06-01,Caraga,Typhoid Fever,9.0,0.0
2020-07-01,Caraga,Typhoid Fever,14.0,0.0
2020-08-01,Caraga,Typhoid Fever,8.0,0.0
2020-09-01,Caraga,Typhoid Fever,1.0,0.0
2020-10-01,Caraga,Typhoid Fever,5.0,0.0
2020-11-01,Caraga,Typhoid Fever,3.0,0.0
2020-12-01,Caraga,Typhoid Fever,5.0,0.0
2021-01-01,Caraga,Typhoid Fever,10.0,0.0
2021-02-01,Caraga,Typhoid Fever,6.0,0.0
2021-03-01,Caraga,Typhoid Fever,4.0,0.0
2021-04-01,Caraga,Typhoid Fever,7.0,0.0
2021-05-01,Caraga,Typhoid Fever,6.0,0.0
2021-06-01,Caraga,Typhoid Fever,9.0,0.0
2021-07-01,Caraga,Typhoid Fever,8.0,0.0
2021-08-01,Caraga,Typhoid Fever,9.0,0.0
2021-09-01,Caraga,Typhoid Fever,2.0,0.0
2021-10-01,Caraga,Typhoid Fever,6.0,0.0
2021-11-01,Caraga,Typhoid Fever,3.0,0.0
2021-12-01,Caraga,Typhoid Fever,3.0,0.0
2022-01-01,Caraga,Typhoid Fever,9.0,0.0
2022-02-01,Caraga,Typhoid Fever,10.0,0.0
2022-03-01,Caraga,Typhoid Fever,10.0,0.0
2022-04-01,Caraga,Typhoid Fever,23.0,0.0
2022-05-01,Caraga,Typhoid Fever,15.0,0.0
2022-06-01,Caraga,Typhoid Fever,17.0,0.0
2022-07-01,Caraga,Typhoid Fever,27.0,0.0
2022-08-01,Caraga,Typhoid Fever,19.0,0.0
2022-09-01,Caraga,Typhoid Fever,26.0,0.0
2022-10-01,Caraga,Typhoid Fever,17.0,0.0
2022-11-01,Caraga,Typhoid Fever,24.0,0.0
2022-12-01,Caraga,Typhoid Fever,18.0,0.0
2023-01-01,Caraga,Typhoid Fever,25.0,0.0
2023-02-01,Caraga,Typhoid Fever,28.0,0.0
2023-03-01,Caraga,Typhoid Fever,33.0,0.0
2023-04-01,Caraga,Typhoid Fever,39.0,0.0
2023-05-01,Caraga,Typhoid Fever,34.0,0.0
2023-06-01,Caraga,Typhoid Fever,31.0,0.0
2023-07-01,Caraga,Typhoid Fever,24.0,0.0
2023-08-01,Caraga,Typhoid Fever,27.0,0.0
2023-09-01,Caraga,Typhoid Fever,31.0,0.0
2023-10-01,Caraga,Typhoid Fever,34.0,0.0
2023-11-01,Caraga,Typhoid Fever,32.0,0.0
2023-12-01,Caraga,Typhoid Fever,23.0,0.0
2024-01-01,Caraga,Typhoid Fever,43.0,0.0
2024-02-01,Caraga,Typhoid Fever,33.0,0.0
2024-03-01,Caraga,Typhoid Fever,53.0,0.0
2024-04-01,Caraga,Typhoid Fever,62.0,0.0
2024-05-01,Caraga,Typhoid Fever,67.0,0.0
2024-06-01,Caraga,Typhoid Fever,60.0,0.0
2024-07-01,Caraga,Typhoid Fever,76.0,1.0
2024-08-01,Caraga,Typhoid Fever,67.0,0.0
2024-09-01,Caraga,Typhoid Fever,70.0,0.0
2024-10-01,Caraga,Typhoid Fever,52.0,0.0
2024-11-01,Caraga,Typhoid Fever,54.0,0.0
2024-12-01,Caraga,Typhoid Fever,44.0,0.0
2025-01-01,Caraga,Typhoid Fever,85.0,1.0
2025-02-01,Caraga,Typhoid Fever,97.0,0.0
2025-03-01,Caraga,Typhoid Fever,50.0,0.0
2025-04-01,Caraga,Typhoid Fever,54.0,1.0
2025-05-01,Caraga,Typhoid Fever,69.0,2.0
2025-06-01,Caraga,Typhoid Fever,60.0,0.0
2025-07-01,Caraga,Typhoid Fever,93.0,0.0
2025-08-01,Caraga,Typhoid Fever,61.0,0.0
2025-09-01,Caraga,Typhoid Fever,75.0,1.0
2025-10-01,Caraga,Typhoid Fever,79.0,0.0
2025-11-01,Caraga,Typhoid Fever,39.0,0.0
2025-12-01,Caraga,Typhoid Fever,30.0,1.0
2026-01-01,Caraga,Typhoid Fever,28.0,0.0
2026-02-01,Caraga,Typhoid Fever,36.0,1.0
2026-03-01,Caraga,Typhoid Fever,55.0,0.0
2026-04-01,Caraga,Typhoid Fever,128.0,0.0
2026-05-01,Caraga,Typhoid Fever,45.0,0.0
2026-06-01,Caraga,Typhoid Fever,66.0,0.0
2026-07-01,Caraga,Typhoid Fever,75.0,0.0
2026-08-01,Caraga,Typhoid Fever,78.0,0.0
2026-09-01,Caraga,Typhoid Fever,20.0,0.0
2018-01-01,Central Luzon,Typhoid Fever,46.0,0.0
2018-02-01,Central Luzon,Typhoid Fever,46.0,0.0
2018-03-01,Central Luzon,Typhoid Fever,43.0,0.0
2018-04-01,Central Luzon,Typhoid Fever,35.0,0.0
2018-05-01,Central Luzon,Typhoid Fever,55.0,0.0
2018-06-01,Central Luzon,Typhoid Fever,74.0,0.0
2018-07-01,Central Luzon,Typhoid Fever,80.0,0.0
2018-08-01,Central Luzon,Typhoid Fever,66.0,0.0
2018-09-01,Central Luzon,Typhoid Fever,40.0,0.0
2018-10-01,Central Luzon,Typhoid Fever,62.0,0.0
2018-11-01,Central Luzon,Typhoid Fever,68.0,0.0
2018-12-01,Central Luzon,Typhoid Fever,56.0,0.0
2019-01-01,Central Luzon,Typhoid Fever,91.0,0.0
2019-02-01,Central Luzon,Typhoid Fever,53.0,0.0
2019-03-01,Central Luzon,Typhoid Fever,27.0,0.0
2019-04-01,Central Luzon,Typhoid Fever,24.0,0.0
2019-05-01,Central Luzon,Typhoid Fever,26.0,0.0
2019-06-01,Central Luzon,Typhoid Fever,57.0,0.0
2019-07-01,Central Luzon,Typhoid Fever,105.0,0.0
2019-08-01,Central Luzon,Typhoid Fever,77.0,0.0
2019-09-01,Central Luzon,Typhoid Fever,107.0,0.0
2019-10-01,Central Luzon,Typhoid Fever,74.0,0.0
2019-11-01,Central Luzon,Typhoid Fever,35.0,0.0
2019-12-01,Central Luzon,Typhoid Fever,22.0,0.0
2020-01-01,Central Luzon,Typhoid Fever,62.0,1.0
2020-02-01,Central Luzon,Typhoid Fever,70.0,1.0
2020-03-01,Central Luzon,Typhoid Fever,19.0,0.0
2020-04-01,Central Luzon,Typhoid Fever,3.0,1.0
2020-05-01,Central Luzon,Typhoid Fever,7.0,0.0
2020-06-01,Central Luzon,Typhoid Fever,16.0,0.0
2020-07-01,Central Luzon,Typhoid Fever,16.0,1.0
2020-08-01,Central Luzon,Typhoid Fever,23.0,0.0
2020-09-01,Central Luzon,Typhoid Fever,14.0,0.0
2020-10-01,Central Luzon,Typhoid Fever,23.0,0.0
2020-11-01,Central Luzon,Typhoid Fever,33.0,0.0
2020-12-01,Central Luzon,Typhoid Fever,41.0,0.0
2021-01-01,Central Luzon,Typhoid Fever,46.0,1.0
2021-02-01,Central Luzon,Typhoid Fever,28.0,0.0
2021-03-01,Central Luzon,Typhoid Fever,17.0,0.0
2021-04-01,Central Luzon,Typhoid Fever,21.0,0.0
2021-05-01,Central Luzon,Typhoid Fever,12.0,0.0
2021-06-01,Central Luzon,Typhoid Fever,8.0,0.0
2021-07-01,Central Luzon,Typhoid Fever,54.0,0.0
2021-08-01,Central Luzon,Typhoid Fever,39.0,0.0
2021-09-01,Central Luzon,Typhoid Fever,18.0,0.0
2021-10-01,Central Luzon,Typhoid Fever,21.0,0.0
2021-11-01,Central Luzon,Typhoid Fever,11.0,0.0
2021-12-01,Central Luzon,Typhoid Fever,11.0,0.0
2022-01-01,Central Luzon,Typhoid Fever,18.0,0.0
2022-02-01,Central Luzon,Typhoid Fever,14.0,0.0
2022-03-01,Central Luzon,Typhoid Fever,16.0,0.0
2022-04-01,Central Luzon,Typhoid Fever,26.0,0.0
2022-05-01,Central Luzon,Typhoid Fever,32.0,0.0
2022-06-01,Central Luzon,Typhoid Fever,45.0,1.0
2022-07-01,Central Luzon,Typhoid Fever,67.0,0.0
2022-08-01,Central Luzon,Typhoid Fever,62.0,0.0
2022-09-01,Central Luzon,Typhoid Fever,54.0,0.0
2022-10-01,Central Luzon,Typhoid Fever,58.0,0.0
2022-11-01,Central Luzon,Typhoid Fever,29.0,0.0
2022-12-01,Central Luzon,Typhoid Fever,29.0,0.0
2023-01-01,Central Luzon,Typhoid Fever,50.0,0.0
2023-02-01,Central Luzon,Typhoid Fever,28.0,0.0
2023-03-01,Central Luzon,Typhoid Fever,47.0,0.0
2023-04-01,Central Luzon,Typhoid Fever,71.0,0.0
2023-05-01,Central Luzon,Typhoid Fever,128.0,1.0
2023-06-01,Central Luzon,Typhoid Fever,180.0,0.0
2023-07-01,Central Luzon,Typhoid Fever,189.0,2.0
2023-08-01,Central Luzon,Typhoid Fever,166.0,0.0
2023-09-01,Central Luzon,Typhoid Fever,167.0,0.0
2023-10-01,Central Luzon,Typhoid Fever,177.0,0.0
2023-11-01,Central Luzon,Typhoid Fever,140.0,0.0
2023-12-01,Central Luzon,Typhoid Fever,93.0,0.0
2024-01-01,Central Luzon,Typhoid Fever,106.0,0.0
2024-02-01,Central Luzon,Typhoid Fever,84.0,1.0
2024-03-01,Central Luzon,Typhoid Fever,72.0,0.0
2024-04-01,Central Luzon,Typhoid Fever,123.0,0.0
2024-05-01,Central Luzon,Typhoid Fever,90.0,0.0
2024-06-01,Central Luzon,Typhoid Fever,129.0,0.0
2024-07-01,Central Luzon,Typhoid Fever,165.0,0.0
2024-08-01,Central Luzon,Typhoid Fever,198.0,0.0
2024-09-01,Central Luzon,Typhoid Fever,132.0,1.0
2024-10-01,Central Luzon,Typhoid Fever,97.0,0.0
2024-11-01,Central Luzon,Typhoid Fever,113.0,0.0
2024-12-01,Central Luzon,Typhoid Fever,87.0,1.0
2025-01-01,Central Luzon,Typhoid Fever,134.0,1.0
2025-02-01,Central Luzon,Typhoid Fever,135.0,2.0
2025-03-01,Central Luzon,Typhoid Fever,99.0,0.0
2025-04-01,Central Luzon,Typhoid Fever,80.0,0.0
2025-05-01,Central Luzon,Typhoid Fever,79.0,0.0
2025-06-01,Central Luzon,Typhoid Fever,111.0,0.0
2025-07-01,Central Luzon,Typhoid Fever,142.0,0.0
2025-08-01,Central Luzon,Typhoid Fever,154.0,0.0
2025-09-01,Central Luzon,Typhoid Fever,118.0,1.0
2025-10-01,Central Luzon,Typhoid Fever,128.0,1.0
2025-11-01,Central Luzon,Typhoid Fever,63.0,0.0
2025-12-01,Central Luzon,Typhoid Fever,62.0,0.0
2026-01-01,Central Luzon,Typhoid Fever,46.0,0.0
2026-02-01,Central Luzon,Typhoid Fever,25.0,0.0
2026-03-01,Central Luzon,Typhoid Fever,47.0,0.0
2026-04-01,Central Luzon,Typhoid Fever,50.0,0.0
2026-05-01,Central Luzon,Typhoid Fever,73.0,0.0
2026-06-01,Central Luzon,Typhoid Fever,116.0,0.0
2026-07-01,Central Luzon,Typhoid Fever,74.0,0.0
2026-08-01,Central Luzon,Typhoid Fever,60.0,0.0
2026-09-01,Central Luzon,Typhoid Fever,77.0,0.0
2018-01-01,Central Visayas,Typhoid Fever,81.0,1.0
2018-02-01,Central Visayas,Typhoid Fever,75.0,1.0
2018-03-01,Central Visayas,Typhoid Fever,49.0,0.0
2018-04-01,Central Visayas,Typhoid Fever,51.0,1.0
2018-05-01,Central Visayas,Typhoid Fever,38.0,0.0
2018-06-01,Central Visayas,Typhoid Fever,63.0,1.0
2018-07-01,Central Visayas,Typhoid Fever,106.0,1.0
2018-08-01,Central Visayas,Typhoid Fever,112.0,1.0
2018-09-01,Central Visayas,Typhoid Fever,104.0,0.0
2018-10-01,Central Visayas,Typhoid Fever,96.0,0.0
2018-11-01,Central Visayas,Typhoid Fever,94.0,0.0
2018-12-01,Central Visayas,Typhoid Fever,58.0,0.0
2019-01-01,Central Visayas,Typhoid Fever,65.0,2.0
2019-02-01,Central Visayas,Typhoid Fever,46.0,1.0
2019-03-01,Central Visayas,Typhoid Fever,75.0,1.0
2019-04-01,Central Visayas,Typhoid Fever,57.0,0.0
2019-05-01,Central Visayas,Typhoid Fever,76.0,0.0
2019-06-01,Central Visayas,Typhoid Fever,75.0,0.0
2019-07-01,Central Visayas,Typhoid Fever,63.0,0.0
2019-08-01,Central Visayas,Typhoid Fever,94.0,1.0
2019-09-01,Central Visayas,Typhoid Fever,90.0,0.0
2019-10-01,Central Visayas,Typhoid Fever,75.0,0.0
2019-11-01,Central Visayas,Typhoid Fever,64.0,0.0
2019-12-01,Central Visayas,Typhoid Fever,65.0,0.0
2020-01-01,Central Visayas,Typhoid Fever,62.0,0.0
2020-02-01,Central Visayas,Typhoid Fever,51.0,1.0
2020-03-01,Central Visayas,Typhoid Fever,25.0,0.0
2020-04-01,Central Visayas,Typhoid Fever,20.0,0.0
2020-05-01,Central Visayas,Typhoid Fever,22.0,0.0
2020-06-01,Central Visayas,Typhoid Fever,20.0,0.0
2020-07-01,Central Visayas,Typhoid Fever,16.0,0.0
2020-08-01,Central Visayas,Typhoid Fever,22.0,0.0
2020-09-01,Central Visayas,Typhoid Fever,22.0,0.0
2020-10-01,Central Visayas,Typhoid Fever,14.0,0.0
2020-11-01,Central Visayas,Typhoid Fever,15.0,1.0
2020-12-01,Central Visayas,Typhoid Fever,9.0,0.0
2021-01-01,Central Visayas,Typhoid Fever,23.0,0.0
2021-02-01,Central Visayas,Typhoid Fever,15.0,1.0
2021-03-01,Central Visayas,Typhoid Fever,11.0,0.0
2021-04-01,Central Visayas,Typhoid Fever,15.0,1.0
2021-05-01,Central Visayas,Typhoid Fever,15.0,1.0
2021-06-01,Central Visayas,Typhoid Fever,10.0,1.0
2021-07-01,Central Visayas,Typhoid Fever,15.0,0.0
2021-08-01,Central Visayas,Typhoid Fever,7.0,0.0
2021-09-01,Central Visayas,Typhoid Fever,8.0,0.0
2021-10-01,Central Visayas,Typhoid Fever,6.0,0.0
2021-11-01,Central Visayas,Typhoid Fever,41.0,0.0
2021-12-01,Central Visayas,Typhoid Fever,29.0,0.0
2022-01-01,Central Visayas,Typhoid Fever,27.0,2.0
2022-02-01,Central Visayas,Typhoid Fever,20.0,0.0
2022-03-01,Central Visayas,Typhoid Fever,44.0,2.0
2022-04-01,Central Visayas,Typhoid Fever,41.0,1.0
2022-05-01,Central Visayas,Typhoid Fever,65.0,2.0
2022-06-01,Central Visayas,Typhoid Fever,324.0,2.0
2022-07-01,Central Visayas,Typhoid Fever,148.0,0.0
2022-08-01,Central Visayas,Typhoid Fever,163.0,4.0
2022-09-01,Central Visayas,Typhoid Fever,102.0,0.0
2022-10-01,Central Visayas,Typhoid Fever,98.0,0.0
2022-11-01,Central Visayas,Typhoid Fever,78.0,2.0
2022-12-01,Central Visayas,Typhoid Fever,57.0,0.0
2023-01-01,Central Visayas,Typhoid Fever,126.0,1.0
2023-02-01,Central Visayas,Typhoid Fever,102.0,1.0
2023-03-01,Central Visayas,Typhoid Fever,114.0,1.0
2023-04-01,Central Visayas,Typhoid Fever,64.0,0.0
2023-05-01,Central Visayas,Typhoid Fever,100.0,0.0
2023-06-01,Central Visayas,Typhoid Fever,132.0,1.0
2023-07-01,Central Visayas,Typhoid Fever,128.0,2.0
2023-08-01,Central Visayas,Typhoid Fever,116.0,1.0
2023-09-01,Central Visayas,Typhoid Fever,110.0,2.0
2023-10-01,Central Visayas,Typhoid Fever,129.0,1.0
2023-11-01,Central Visayas,Typhoid Fever,149.0,2.0
2023-12-01,Central Visayas,Typhoid Fever,183.0,1.0
2024-01-01,Central Visayas,Typhoid Fever,176.0,0.0
2024-02-01,Central Visayas,Typhoid Fever,146.0,1.0
2024-03-01,Central Visayas,Typhoid Fever,95.0,1.0
2024-04-01,Central Visayas,Typhoid Fever,124.0,1.0
2024-05-01,Central Visayas,Typhoid Fever,164.0,1.0
2024-06-01,Central Visayas,Typhoid Fever,156.0,3.0
2024-07-01,Central Visayas,Typhoid Fever,214.0,0.0
2024-08-01,Central Visayas,Typhoid Fever,274.0,1.0
2024-09-01,Central Visayas,Typhoid Fever,215.0,1.0
2024-10-01,Central Visayas,Typhoid Fever,190.0,0.0
2024-11-01,Central Visayas,Typhoid Fever,141.0,0.0
2024-12-01,Central Visayas,Typhoid Fever,90.0,0.0
2025-01-01,Central Visayas,Typhoid Fever,225.0,1.0
2025-02-01,Central Visayas,Typhoid Fever,137.0,0.0
2025-03-01,Central Visayas,Typhoid Fever,109.0,0.0
2025-04-01,Central Visayas,Typhoid Fever,99.0,1.0
2025-05-01,Central Visayas,Typhoid Fever,64.0,0.0
2025-06-01,Central Visayas,Typhoid Fever,81.0,0.0
2025-07-01,Central Visayas,Typhoid Fever,112.0,0.0
2025-08-01,Central Visayas,Typhoid Fever,140.0,2.0
2025-09-01,Central Visayas,Typhoid Fever,103.0,0.0
2025-10-01,Central Visayas,Typhoid Fever,102.0,0.0
2025-11-01,Central Visayas,Typhoid Fever,49.0,0.0
2025-12-01,Central Visayas,Typhoid Fever,32.0,1.0
2026-01-01,Central Visayas,Typhoid Fever,74.0,0.0
2026-02-01,Central Visayas,Typhoid Fever,57.0,1.0
2026-03-01,Central Visayas,Typhoid Fever,55.0,1.0
2026-04-01,Central Visayas,Typhoid Fever,56.0,0.0
2026-05-01,Central Visayas,Typhoid Fever,51.0,1.0
2026-06-01,Central Visayas,Typhoid Fever,65.0,0.0
2026-07-01,Central Visayas,Typhoid Fever,62.0,0.0
2026-08-01,Central Visayas,Typhoid Fever,61.0,0.0
2026-09-01,Central Visayas,Typhoid Fever,47.0,0.0
2018-01-01,Cordillera Administrative Region,Typhoid Fever,130.0,0.0
2018-02-01,Cordillera Administrative Region,Typhoid Fever,95.0,0.0
2018-03-01,Cordillera Administrative Region,Typhoid Fever,123.0,0.0
2018-04-01,Cordillera Administrative Region,Typhoid Fever,130.0,0.0
2018-05-01,Cordillera Administrative Region,Typhoid Fever,143.0,0.0
2018-06-01,Cordillera Administrative Region,Typhoid Fever,209.0,0.0
2018-07-01,Cordillera Administrative Region,Typhoid Fever,347.0,0.0
2018-08-01,Cordillera Administrative Region,Typhoid Fever,363.0,0.0
2018-09-01,Cordillera Administrative Region,Typhoid Fever,333.0,0.0
2018-10-01,Cordillera Administrative Region,Typhoid Fever,276.0,0.0
2018-11-01,Cordillera Administrative Region,Typhoid Fever,171.0,0.0
2018-12-01,Cordillera Administrative Region,Typhoid Fever,194.0,0.0
2019-01-01,Cordillera Administrative Region,Typhoid Fever,377.0,0.0
2019-02-01,Cordillera Administrative Region,Typhoid Fever,358.0,0.0
2019-03-01,Cordillera Administrative Region,Typhoid Fever,223.0,0.0
2019-04-01,Cordillera Administrative Region,Typhoid Fever,132.0,0.0
2019-05-01,Cordillera Administrative Region,Typhoid Fever,130.0,0.0
2019-06-01,Cordillera Administrative Region,Typhoid Fever,212.0,0.0
2019-07-01,Cordillera Administrative Region,Typhoid Fever,603.0,0.0
2019-08-01,Cordillera Administrative Region,Typhoid Fever,596.0,1.0
2019-09-01,Cordillera Administrative Region,Typhoid Fever,590.0,0.0
2019-10-01,Cordillera Administrative Region,Typhoid Fever,802.0,1.0
2019-11-01,Cordillera Administrative Region,Typhoid Fever,497.0,0.0
2019-12-01,Cordillera Administrative Region,Typhoid Fever,279.0,0.0
2020-01-01,Cordillera Administrative Region,Typhoid Fever,315.0,0.0
2020-02-01,Cordillera Administrative Region,Typhoid Fever,227.0,0.0
2020-03-01,Cordillera Administrative Region,Typhoid Fever,104.0,0.0
2020-04-01,Cordillera Administrative Region,Typhoid Fever,39.0,0.0
2020-05-01,Cordillera Administrative Region,Typhoid Fever,43.0,1.0
2020-06-01,Cordillera Administrative Region,Typhoid Fever,47.0,1.0
2020-07-01,Cordillera Administrative Region,Typhoid Fever,56.0,0.0
2020-08-01,Cordillera Administrative Region,Typhoid Fever,82.0,0.0
2020-09-01,Cordillera Administrative Region,Typhoid Fever,89.0,0.0
2020-10-01,Cordillera Administrative Region,Typhoid Fever,72.0,0.0
2020-11-01,Cordillera Administrative Region,Typhoid Fever,70.0,0.0
2020-12-01,Cordillera Administrative Region,Typhoid Fever,66.0,0.0
2021-01-01,Cordillera Administrative Region,Typhoid Fever,48.0,0.0
2021-02-01,Cordillera Administrative Region,Typhoid Fever,71.0,0.0
2021-03-01,Cordillera Administrative Region,Typhoid Fever,90.0,0.0
2021-04-01,Cordillera Administrative Region,Typhoid Fever,36.0,0.0
2021-05-01,Cordillera Administrative Region,Typhoid Fever,56.0,0.0
2021-06-01,Cordillera Administrative Region,Typhoid Fever,68.0,0.0
2021-07-01,Cordillera Administrative Region,Typhoid Fever,225.0,0.0
2021-08-01,Cordillera Administrative Region,Typhoid Fever,234.0,0.0
2021-09-01,Cordillera Administrative Region,Typhoid Fever,184.0,1.0
2021-10-01,Cordillera Administrative Region,Typhoid Fever,147.0,0.0
2021-11-01,Cordillera Administrative Region,Typhoid Fever,121.0,0.0
2021-12-01,Cordillera Administrative Region,Typhoid Fever,117.0,0.0
2022-01-01,Cordillera Administrative Region,Typhoid Fever,165.0,0.0
2022-02-01,Cordillera Administrative Region,Typhoid Fever,121.0,0.0
2022-03-01,Cordillera Administrative Region,Typhoid Fever,170.0,1.0
2022-04-01,Cordillera Administrative Region,Typhoid Fever,160.0,0.0
2022-05-01,Cordillera Administrative Region,Typhoid Fever,330.0,0.0
2022-06-01,Cordillera Administrative Region,Typhoid Fever,317.0,0.0
2022-07-01,Cordillera Administrative Region,Typhoid Fever,324.0,0.0
2022-08-01,Cordillera Administrative Region,Typhoid Fever,434.0,0.0
2022-09-01,Cordillera Administrative Region,Typhoid Fever,495.0,0.0
2022-10-01,Cordillera Administrative Region,Typhoid Fever,338.0,1.0
2022-11-01,Cordillera Administrative Region,Typhoid Fever,289.0,0.0
2022-12-01,Cordillera Administrative Region,Typhoid Fever,130.0,0.0
2023-01-01,Cordillera Administrative Region,Typhoid Fever,323.0,0.0
2023-02-01,Cordillera Administrative Region,Typhoid Fever,190.0,0.0
2023-03-01,Cordillera Administrative Region,Typhoid Fever,294.0,0.0
2023-04-01,Cordillera Administrative Region,Typhoid Fever,216.0,1.0
2023-05-01,Cordillera Administrative Region,Typhoid Fever,453.0,0.0
2023-06-01,Cordillera Administrative Region,Typhoid Fever,468.0,1.0
2023-07-01,Cordillera Administrative Region,Typhoid Fever,344.0,0.0
2023-08-01,Cordillera Administrative Region,Typhoid Fever,297.0,0.0
2023-09-01,Cordillera Administrative Region,Typhoid Fever,403.0,0.0
2023-10-01,Cordillera Administrative Region,Typhoid Fever,449.0,0.0
2023-11-01,Cordillera Administrative Region,Typhoid Fever,307.0,0.0
2023-12-01,Cordillera Administrative Region,Typhoid Fever,255.0,1.0
2024-01-01,Cordillera Administrative Region,Typhoid Fever,248.0,0.0
2024-02-01,Cordillera Administrative Region,Typhoid Fever,178.0,0.0
2024-03-01,Cordillera Administrative Region,Typhoid Fever,239.0,0.0
2024-04-01,Cordillera Administrative Region,Typhoid Fever,273.0,0.0
2024-05-01,Cordillera Administrative Region,Typhoid Fever,268.0,0.0
2024-06-01,Cordillera Administrative Region,Typhoid Fever,379.0,0.0
2024-07-01,Cordillera Administrative Region,Typhoid Fever,449.0,1.0
2024-08-01,Cordillera Administrative Region,Typhoid Fever,627.0,0.0
2024-09-01,Cordillera Administrative Region,Typhoid Fever,419.0,0.0
2024-10-01,Cordillera Administrative Region,Typhoid Fever,269.0,0.0
2024-11-01,Cordillera Administrative Region,Typhoid Fever,269.0,0.0
2024-12-01,Cordillera Administrative Region,Typhoid Fever,198.0,0.0
2025-01-01,Cordillera Administrative Region,Typhoid Fever,274.0,0.0
2025-02-01,Cordillera Administrative Region,Typhoid Fever,181.0,0.0
2025-03-01,Cordillera Administrative Region,Typhoid Fever,176.0,1.0
2025-04-01,Cordillera Administrative Region,Typhoid Fever,154.0,1.0
2025-05-01,Cordillera Administrative Region,Typhoid Fever,167.0,0.0
2025-06-01,Cordillera Administrative Region,Typhoid Fever,167.0,0.0
2025-07-01,Cordillera Administrative Region,Typhoid Fever,215.0,0.0
2025-08-01,Cordillera Administrative Region,Typhoid Fever,172.0,0.0
2025-09-01,Cordillera Administrative Region,Typhoid Fever,230.0,0.0
2025-10-01,Cordillera Administrative Region,Typhoid Fever,279.0,0.0
2025-11-01,Cordillera Administrative Region,Typhoid Fever,39.0,0.0
2025-12-01,Cordillera Administrative Region,Typhoid Fever,81.0,0.0
2026-01-01,Cordillera Administrative Region,Typhoid Fever,107.0,0.0
2026-02-01,Cordillera Administrative Region,Typhoid Fever,127.0,0.0
2026-03-01,Cordillera Administrative Region,Typhoid Fever,76.0,0.0
2026-04-01,Cordillera Administrative Region,Typhoid Fever,82.0,0.0
2026-05-01,Cordillera Administrative Region,Typhoid Fever,81.0,0.0
2026-06-01,Cordillera Administrative Region,Typhoid Fever,113.0,0.0
2026-07-01,Cordillera Administrative Region,Typhoid Fever,126.0,0.0
2026-08-01,Cordillera Administrative Region,Typhoid Fever,135.0,0.0
2026-09-01,Cordillera Administrative Region,Typhoid Fever,66.0,0.0
2018-01-01,Davao Region,Typhoid Fever,12.0,0.0
2018-02-01,Davao Region,Typhoid Fever,16.0,0.0
2018-03-01,Davao Region,Typhoid Fever,16.0,0.0
2018-04-01,Davao Region,Typhoid Fever,22.0,0.0
2018-05-01,Davao Region,Typhoid Fever,20.0,0.0
2018-06-01,Davao Region,Typhoid Fever,18.0,0.0
2018-07-01,Davao Region,Typhoid Fever,24.0,0.0
2018-08-01,Davao Region,Typhoid Fever,21.0,0.0
2018-09-01,Davao Region,Typhoid Fever,17.0,0.0
2018-10-01,Davao Region,Typhoid Fever,10.0,0.0
2018-11-01,Davao Region,Typhoid Fever,10.0,0.0
2018-12-01,Davao Region,Typhoid Fever,13.0,0.0
2019-01-01,Davao Region,Typhoid Fever,24.0,0.0
2019-02-01,Davao Region,Typhoid Fever,26.0,0.0
2019-03-01,Davao Region,Typhoid Fever,15.0,0.0
2019-04-01,Davao Region,Typhoid Fever,15.0,0.0
2019-05-01,Davao Region,Typhoid Fever,27.0,0.0
2019-06-01,Davao Region,Typhoid Fever,46.0,0.0
2019-07-01,Davao Region,Typhoid Fever,21.0,0.0
2019-08-01,Davao Region,Typhoid Fever,28.0,0.0
2019-09-01,Davao Region,Typhoid Fever,22.0,0.0
2019-10-01,Davao Region,Typhoid Fever,22.0,0.0
2019-11-01,Davao Region,Typhoid Fever,9.0,0.0
2019-12-01,Davao Region,Typhoid Fever,16.0,0.0
2020-01-01,Davao Region,Typhoid Fever,22.0,0.0
2020-02-01,Davao Region,Typhoid Fever,13.0,1.0
2020-03-01,Davao Region,Typhoid Fever,7.0,0.0
2020-04-01,Davao Region,Typhoid Fever,1.0,0.0
2020-05-01,Davao Region,Typhoid Fever,6.0,0.0
2020-06-01,Davao Region,Typhoid Fever,2.0,0.0
2020-07-01,Davao Region,Typhoid Fever,2.0,0.0
2020-08-01,Davao Region,Typhoid Fever,7.0,0.0
2020-09-01,Davao Region,Typhoid Fever,2.0,0.0
2020-10-01,Davao Region,Typhoid Fever,4.0,0.0
2020-11-01,Davao Region,Typhoid Fever,3.0,0.0
2020-12-01,Davao Region,Typhoid Fever,4.0,0.0
2021-01-01,Davao Region,Typhoid Fever,23.0,0.0
2021-02-01,Davao Region,Typhoid Fever,28.0,0.0
2021-03-01,Davao Region,Typhoid Fever,33.0,0.0
2021-04-01,Davao Region,Typhoid Fever,18.0,0.0
2021-05-01,Davao Region,Typhoid Fever,37.0,0.0
2021-06-01,Davao Region,Typhoid Fever,53.0,0.0
2021-07-01,Davao Region,Typhoid Fever,25.0,0.0
2021-08-01,Davao Region,Typhoid Fever,21.0,0.0
2021-09-01,Davao Region,Typhoid Fever,16.0,0.0
2021-10-01,Davao Region,Typhoid Fever,18.0,0.0
2021-11-01,Davao Region,Typhoid Fever,16.0,0.0
2021-12-01,Davao Region,Typhoid Fever,24.0,0.0
2022-01-01,Davao Region,Typhoid Fever,24.0,0.0
2022-02-01,Davao Region,Typhoid Fever,24.0,0.0
2022-03-01,Davao Region,Typhoid Fever,42.0,0.0
2022-04-01,Davao Region,Typhoid Fever,32.0,0.0
2022-05-01,Davao Region,Typhoid Fever,51.0,0.0
2022-06-01,Davao Region,Typhoid Fever,36.0,1.0
2022-07-01,Davao Region,Typhoid Fever,32.0,0.0
2022-08-01,Davao Region,Typhoid Fever,42.0,0.0
2022-09-01,Davao Region,Typhoid Fever,50.0,0.0
2022-10-01,Davao Region,Typhoid Fever,47.0,0.0
2022-11-01,Davao Region,Typhoid Fever,50.0,0.0
2022-12-01,Davao Region,Typhoid Fever,24.0,0.0
2023-01-01,Davao Region,Typhoid Fever,43.0,1.0
2023-02-01,Davao Region,Typhoid Fever,41.0,0.0
2023-03-01,Davao Region,Typhoid Fever,55.0,0.0
2023-04-01,Davao Region,Typhoid Fever,67.0,1.0
2023-05-01,Davao Region,Typhoid Fever,69.0,0.0
2023-06-01,Davao Region,Typhoid Fever,86.0,0.0
2023-07-01,Davao Region,Typhoid Fever,125.0,0.0
2023-08-01,Davao Region,Typhoid Fever,93.0,0.0
2023-09-01,Davao Region,Typhoid Fever,112.0,0.0
2023-10-01,Davao Region,Typhoid Fever,73.0,0.0
2023-11-01,Davao Region,Typhoid Fever,81.0,0.0
2023-12-01,Davao Region,Typhoid Fever,51.0,0.0
2024-01-01,Davao Region,Typhoid Fever,68.0,0.0
2024-02-01,Davao Region,Typhoid Fever,87.0,0.0
2024-03-01,Davao Region,Typhoid Fever,80.0,0.0
2024-04-01,Davao Region,Typhoid Fever,87.0,1.0
2024-05-01,Davao Region,Typhoid Fever,83.0,0.0
2024-06-01,Davao Region,Typhoid Fever,88.0,0.0
2024-07-01,Davao Region,Typhoid Fever,88.0,0.0
2024-08-01,Davao Region,Typhoid Fever,123.0,0.0
2024-09-01,Davao Region,Typhoid Fever,101.0,0.0
2024-10-01,Davao Region,Typhoid Fever,80.0,0.0
2024-11-01,Davao Region,Typhoid Fever,61.0,0.0
2024-12-01,Davao Region,Typhoid Fever,39.0,0.0
2025-01-01,Davao Region,Typhoid Fever,69.0,1.0
2025-02-01,Davao Region,Typhoid Fever,36.0,0.0
2025-03-01,Davao Region,Typhoid Fever,45.0,0.0
2025-04-01,Davao Region,Typhoid Fever,41.0,0.0
2025-05-01,Davao Region,Typhoid Fever,33.0,0.0
2025-06-01,Davao Region,Typhoid Fever,35.0,0.0
2025-07-01,Davao Region,Typhoid Fever,35.0,0.0
2025-08-01,Davao Region,Typhoid Fever,44.0,0.0
2025-09-01,Davao Region,Typhoid Fever,39.0,0.0
2025-10-01,Davao Region,Typhoid Fever,42.0,0.0
2025-11-01,Davao Region,Typhoid Fever,16.0,0.0
2025-12-01,Davao Region,Typhoid Fever,19.0,0.0
2026-01-01,Davao Region,Typhoid Fever,33.0,0.0
2026-02-01,Davao Region,Typhoid Fever,44.0,0.0
2026-03-01,Davao Region,Typhoid Fever,54.0,0.0
2026-04-01,Davao Region,Typhoid Fever,47.0,0.0
2026-05-01,Davao Region,Typhoid Fever,62.0,1.0
2026-06-01,Davao Region,Typhoid Fever,95.0,0.0
2026-07-01,Davao Region,Typhoid Fever,92.0,0.0
2026-08-01,Davao Region,Typhoid Fever,127.0,0.0
2026-09-01,Davao Region,Typhoid Fever,49.0,0.0
2018-01-01,Eastern Visayas,Typhoid Fever,111.0,0.0
2018-02-01,Eastern Visayas,Typhoid Fever,116.0,1.0
2018-03-01,Eastern Visayas,Typhoid Fever,69.0,0.0
2018-04-01,Eastern Visayas,Typhoid Fever,84.0,0.0
2018-05-01,Eastern Visayas,Typhoid Fever,57.0,0.0
2018-06-01,Eastern Visayas,Typhoid Fever,56.0,0.0
2018-07-01,Eastern Visayas,Typhoid Fever,48.0,1.0
2018-08-01,Eastern Visayas,Typhoid Fever,60.0,0.0
2018-09-01,Eastern Visayas,Typhoid Fever,41.0,0.0
2018-10-01,Eastern Visayas,Typhoid Fever,28.0,0.0
2018-11-01,Eastern Visayas,Typhoid Fever,49.0,0.0
2018-12-01,Eastern Visayas,Typhoid Fever,24.0,0.0
2019-01-01,Eastern Visayas,Typhoid Fever,50.0,0.0
2019-02-01,Eastern Visayas,Typhoid Fever,39.0,0.0
2019-03-01,Eastern Visayas,Typhoid Fever,54.0,0.0
2019-04-01,Eastern Visayas,Typhoid Fever,39.0,1.0
2019-05-01,Eastern Visayas,Typhoid Fever,23.0,0.0
2019-06-01,Eastern Visayas,Typhoid Fever,17.0,0.0
2019-07-01,Eastern Visayas,Typhoid Fever,51.0,0.0
2019-08-01,Eastern Visayas,Typhoid Fever,32.0,0.0
2019-09-01,Eastern Visayas,Typhoid Fever,33.0,1.0
2019-10-01,Eastern Visayas,Typhoid Fever,15.0,0.0
2019-11-01,Eastern Visayas,Typhoid Fever,14.0,0.0
2019-12-01,Eastern Visayas,Typhoid Fever,4.0,0.0
2020-01-01,Eastern Visayas,Typhoid Fever,28.0,0.0
2020-02-01,Eastern Visayas,Typhoid Fever,16.0,0.0
2020-03-01,Eastern Visayas,Typhoid Fever,8.0,0.0
2020-04-01,Eastern Visayas,Typhoid Fever,5.0,1.0
2020-05-01,Eastern Visayas,Typhoid Fever,4.0,0.0
2020-06-01,Eastern Visayas,Typhoid Fever,9.0,0.0
2020-07-01,Eastern Visayas,Typhoid Fever,6.0,0.0
2020-08-01,Eastern Visayas,Typhoid Fever,14.0,0.0
2020-09-01,Eastern Visayas,Typhoid Fever,4.0,0.0
2020-10-01,Eastern Visayas,Typhoid Fever,2.0,0.0
2020-11-01,Eastern Visayas,Typhoid Fever,1.0,0.0
2020-12-01,Eastern Visayas,Typhoid Fever,2.0,0.0
2021-01-01,Eastern Visayas,Typhoid Fever,8.0,0.0
2021-02-01,Eastern Visayas,Typhoid Fever,4.0,0.0
2021-03-01,Eastern Visayas,Typhoid Fever,4.0,0.0
2021-04-01,Eastern Visayas,Typhoid Fever,7.0,0.0
2021-05-01,Eastern Visayas,Typhoid Fever,5.0,0.0
2021-06-01,Eastern Visayas,Typhoid Fever,6.0,0.0
2021-07-01,Eastern Visayas,Typhoid Fever,1.0,0.0
2021-08-01,Eastern Visayas,Typhoid Fever,12.0,0.0
2021-09-01,Eastern Visayas,Typhoid Fever,6.0,1.0
2021-10-01,Eastern Visayas,Typhoid Fever,11.0,0.0
2021-11-01,Eastern Visayas,Typhoid Fever,6.0,0.0
2021-12-01,Eastern Visayas,Typhoid Fever,4.0,0.0
2022-01-01,Eastern Visayas,Typhoid Fever,6.0,0.0
2022-02-01,Eastern Visayas,Typhoid Fever,7.0,0.0
2022-03-01,Eastern Visayas,Typhoid Fever,22.0,0.0
2022-04-01,Eastern Visayas,Typhoid Fever,35.0,0.0
2022-05-01,Eastern Visayas,Typhoid Fever,26.0,0.0
2022-06-01,Eastern Visayas,Typhoid Fever,39.0,0.0
2022-07-01,Eastern Visayas,Typhoid Fever,43.0,1.0
2022-08-01,Eastern Visayas,Typhoid Fever,30.0,0.0
2022-09-01,Eastern Visayas,Typhoid Fever,12.0,0.0
2022-10-01,Eastern Visayas,Typhoid Fever,14.0,1.0
2022-11-01,Eastern Visayas,Typhoid Fever,27.0,0.0
2022-12-01,Eastern Visayas,Typhoid Fever,7.0,0.0
2023-01-01,Eastern Visayas,Typhoid Fever,23.0,0.0
2023-02-01,Eastern Visayas,Typhoid Fever,30.0,0.0
2023-03-01,Eastern Visayas,Typhoid Fever,44.0,0.0
2023-04-01,Eastern Visayas,Typhoid Fever,27.0,0.0
2023-05-01,Eastern Visayas,Typhoid Fever,22.0,0.0
2023-06-01,Eastern Visayas,Typhoid Fever,34.0,0.0
2023-07-01,Eastern Visayas,Typhoid Fever,39.0,2.0
2023-08-01,Eastern Visayas,Typhoid Fever,24.0,1.0
2023-09-01,Eastern Visayas,Typhoid Fever,29.0,0.0
2023-10-01,Eastern Visayas,Typhoid Fever,39.0,0.0
2023-11-01,Eastern Visayas,Typhoid Fever,16.0,0.0
2023-12-01,Eastern Visayas,Typhoid Fever,52.0,0.0
2024-01-01,Eastern Visayas,Typhoid Fever,51.0,0.0
2024-02-01,Eastern Visayas,Typhoid Fever,48.0,0.0
2024-03-01,Eastern Visayas,Typhoid Fever,24.0,0.0
2024-04-01,Eastern Visayas,Typhoid Fever,23.0,0.0
2024-05-01,Eastern Visayas,Typhoid Fever,35.0,0.0
2024-06-01,Eastern Visayas,Typhoid Fever,32.0,0.0
2024-07-01,Eastern Visayas,Typhoid Fever,37.0,0.0
2024-08-01,Eastern Visayas,Typhoid Fever,31.0,0.0
2024-09-01,Eastern Visayas,Typhoid Fever,19.0,0.0
2024-10-01,Eastern Visayas,Typhoid Fever,12.0,0.0
2024-11-01,Eastern Visayas,Typhoid Fever,8.0,0.0
2024-12-01,Eastern Visayas,Typhoid Fever,4.0,0.0
2025-01-01,Eastern Visayas,Typhoid Fever,17.0,0.0
2025-02-01,Eastern Visayas,Typhoid Fever,18.0,2.0
2025-03-01,Eastern Visayas,Typhoid Fever,16.0,0.0
2025-04-01,Eastern Visayas,Typhoid Fever,24.0,0.0
2025-05-01,Eastern Visayas,Typhoid Fever,30.0,0.0
2025-06-01,Eastern Visayas,Typhoid Fever,30.0,0.0
2025-07-01,Eastern Visayas,Typhoid Fever,41.0,0.0
2025-08-01,Eastern Visayas,Typhoid Fever,28.0,0.0
2025-09-01,Eastern Visayas,Typhoid Fever,50.0,0.0
2025-10-01,Eastern Visayas,Typhoid Fever,25.0,0.0
2025-11-01,Eastern Visayas,Typhoid Fever,1.0,0.0
2025-12-01,Eastern Visayas,Typhoid Fever,4.0,0.0
2026-01-01,Eastern Visayas,Typhoid Fever,5.0,0.0
2026-02-01,Eastern Visayas,Typhoid Fever,3.0,0.0
2026-03-01,Eastern Visayas,Typhoid Fever,8.0,0.0
2026-04-01,Eastern Visayas,Typhoid Fever,5.0,0.0
2026-05-01,Eastern Visayas,Typhoid Fever,5.0,0.0
2026-06-01,Eastern Visayas,Typhoid Fever,5.0,0.0
2026-07-01,Eastern Visayas,Typhoid Fever,10.0,0.0
2026-08-01,Eastern Visayas,Typhoid Fever,10.0,0.0
2026-09-01,Eastern Visayas,Typhoid Fever,3.0,0.0
2018-01-01,Ilocos Region,Typhoid Fever,85.0,0.0
2018-02-01,Ilocos Region,Typhoid Fever,91.0,0.0
2018-03-01,Ilocos Region,Typhoid Fever,54.0,0.0
2018-04-01,Ilocos Region,Typhoid Fever,41.0,0.0
2018-05-01,Ilocos Region,Typhoid Fever,29.0,0.0
2018-06-01,Ilocos Region,Typhoid Fever,90.0,0.0
2018-07-01,Ilocos Region,Typhoid Fever,141.0,0.0
2018-08-01,Ilocos Region,Typhoid Fever,143.0,0.0
2018-09-01,Ilocos Region,Typhoid Fever,116.0,0.0
2018-10-01,Ilocos Region,Typhoid Fever,88.0,0.0
2018-11-01,Ilocos Region,Typhoid Fever,66.0,0.0
2018-12-01,Ilocos Region,Typhoid Fever,70.0,0.0
2019-01-01,Ilocos Region,Typhoid Fever,154.0,0.0
2019-02-01,Ilocos Region,Typhoid Fever,90.0,0.0
2019-03-01,Ilocos Region,Typhoid Fever,74.0,0.0
2019-04-01,Ilocos Region,Typhoid Fever,46.0,0.0
2019-05-01,Ilocos Region,Typhoid Fever,53.0,0.0
2019-06-01,Ilocos Region,Typhoid Fever,98.0,2.0
2019-07-01,Ilocos Region,Typhoid Fever,299.0,0.0
2019-08-01,Ilocos Region,Typhoid Fever,280.0,0.0
2019-09-01,Ilocos Region,Typhoid Fever,360.0,0.0
2019-10-01,Ilocos Region,Typhoid Fever,291.0,0.0
2019-11-01,Ilocos Region,Typhoid Fever,199.0,0.0
2019-12-01,Ilocos Region,Typhoid Fever,84.0,0.0
2020-01-01,Ilocos Region,Typhoid Fever,133.0,0.0
2020-02-01,Ilocos Region,Typhoid Fever,106.0,0.0
2020-03-01,Ilocos Region,Typhoid Fever,72.0,0.0
2020-04-01,Ilocos Region,Typhoid Fever,34.0,0.0
2020-05-01,Ilocos Region,Typhoid Fever,45.0,0.0
2020-06-01,Ilocos Region,Typhoid Fever,61.0,0.0
2020-07-01,Ilocos Region,Typhoid Fever,85.0,0.0
2020-08-01,Ilocos Region,Typhoid Fever,130.0,0.0
2020-09-01,Ilocos Region,Typhoid Fever,79.0,0.0
2020-10-01,Ilocos Region,Typhoid Fever,105.0,0.0
2020-11-01,Ilocos Region,Typhoid Fever,141.0,0.0
2020-12-01,Ilocos Region,Typhoid Fever,110.0,0.0
2021-01-01,Ilocos Region,Typhoid Fever,83.0,0.0
2021-02-01,Ilocos Region,Typhoid Fever,60.0,0.0
2021-03-01,Ilocos Region,Typhoid Fever,105.0,0.0
2021-04-01,Ilocos Region,Typhoid Fever,26.0,0.0
2021-05-01,Ilocos Region,Typhoid Fever,15.0,0.0
2021-06-01,Ilocos Region,Typhoid Fever,20.0,0.0
2021-07-01,Ilocos Region,Typhoid Fever,46.0,0.0
2021-08-01,Ilocos Region,Typhoid Fever,75.0,0.0
2021-09-01,Ilocos Region,Typhoid Fever,51.0,0.0
2021-10-01,Ilocos Region,Typhoid Fever,15.0,0.0
2021-11-01,Ilocos Region,Typhoid Fever,23.0,0.0
2021-12-01,Ilocos Region,Typhoid Fever,13.0,0.0
2022-01-01,Ilocos Region,Typhoid Fever,47.0,0.0
2022-02-01,Ilocos Region,Typhoid Fever,27.0,0.0
2022-03-01,Ilocos Region,Typhoid Fever,30.0,0.0
2022-04-01,Ilocos Region,Typhoid Fever,42.0,0.0
2022-05-01,Ilocos Region,Typhoid Fever,52.0,0.0
2022-06-01,Ilocos Region,Typhoid Fever,86.0,0.0
2022-07-01,Ilocos Region,Typhoid Fever,88.0,0.0
2022-08-01,Ilocos Region,Typhoid Fever,206.0,0.0
2022-09-01,Ilocos Region,Typhoid Fever,280.0,0.0
2022-10-01,Ilocos Region,Typhoid Fever,158.0,0.0
2022-11-01,Ilocos Region,Typhoid Fever,96.0,0.0
2022-12-01,Ilocos Region,Typhoid Fever,40.0,0.0
2023-01-01,Ilocos Region,Typhoid Fever,105.0,0.0
2023-02-01,Ilocos Region,Typhoid Fever,56.0,0.0
2023-03-01,Ilocos Region,Typhoid Fever,69.0,0.0
2023-04-01,Ilocos Region,Typhoid Fever,81.0,0.0
2023-05-01,Ilocos Region,Typhoid Fever,156.0,1.0
2023-06-01,Ilocos Region,Typhoid Fever,181.0,0.0
2023-07-01,Ilocos Region,Typhoid Fever,149.0,0.0
2023-08-01,Ilocos Region,Typhoid Fever,97.0,0.0
2023-09-01,Ilocos Region,Typhoid Fever,147.0,0.0
2023-10-01,Ilocos Region,Typhoid Fever,141.0,0.0
2023-11-01,Ilocos Region,Typhoid Fever,101.0,0.0
2023-12-01,Ilocos Region,Typhoid Fever,71.0,0.0
2024-01-01,Ilocos Region,Typhoid Fever,68.0,0.0
2024-02-01,Ilocos Region,Typhoid Fever,76.0,0.0
2024-03-01,Ilocos Region,Typhoid Fever,102.0,0.0
2024-04-01,Ilocos Region,Typhoid Fever,128.0,0.0
2024-05-01,Ilocos Region,Typhoid Fever,103.0,1.0
2024-06-01,Ilocos Region,Typhoid Fever,103.0,1.0
2024-07-01,Ilocos Region,Typhoid Fever,127.0,0.0
2024-08-01,Ilocos Region,Typhoid Fever,217.0,0.0
2024-09-01,Ilocos Region,Typhoid Fever,160.0,0.0
2024-10-01,Ilocos Region,Typhoid Fever,156.0,0.0
2024-11-01,Ilocos Region,Typhoid Fever,101.0,0.0
2024-12-01,Ilocos Region,Typhoid Fever,72.0,0.0
2025-01-01,Ilocos Region,Typhoid Fever,109.0,0.0
2025-02-01,Ilocos Region,Typhoid Fever,75.0,0.0
2025-03-01,Ilocos Region,Typhoid Fever,80.0,0.0
2025-04-01,Ilocos Region,Typhoid Fever,63.0,0.0
2025-05-01,Ilocos Region,Typhoid Fever,61.0,1.0
2025-06-01,Ilocos Region,Typhoid Fever,116.0,0.0
2025-07-01,Ilocos Region,Typhoid Fever,127.0,0.0
2025-08-01,Ilocos Region,Typhoid Fever,139.0,0.0
2025-09-01,Ilocos Region,Typhoid Fever,139.0,1.0
2025-10-01,Ilocos Region,Typhoid Fever,80.0,0.0
2025-11-01,Ilocos Region,Typhoid Fever,17.0,0.0
2025-12-01,Ilocos Region,Typhoid Fever,30.0,0.0
2026-01-01,Ilocos Region,Typhoid Fever,54.0,0.0
2026-02-01,Ilocos Region,Typhoid Fever,47.0,0.0
2026-03-01,Ilocos Region,Typhoid Fever,39.0,0.0
2026-04-01,Ilocos Region,Typhoid Fever,29.0,0.0
2026-05-01,Ilocos Region,Typhoid Fever,30.0,0.0
2026-06-01,Ilocos Region,Typhoid Fever,44.0,0.0
2026-07-01,Ilocos Region,Typhoid Fever,67.0,0.0
2026-08-01,Ilocos Region,Typhoid Fever,83.0,0.0
2026-09-01,Ilocos Region,Typhoid Fever,23.0,0.0
2018-01-01,MIMAROPA,Typhoid Fever,30.0,0.0
2018-02-01,MIMAROPA,Typhoid Fever,30.0,0.0
2018-03-01,MIMAROPA,Typhoid Fever,21.0,0.0
2018-04-01,MIMAROPA,Typhoid Fever,19.0,0.0
2018-05-01,MIMAROPA,Typhoid Fever,24.0,0.0
2018-06-01,MIMAROPA,Typhoid Fever,50.0,0.0
2018-07-01,MIMAROPA,Typhoid Fever,54.0,0.0
2018-08-01,MIMAROPA,Typhoid Fever,51.0,0.0
2018-09-01,MIMAROPA,Typhoid Fever,32.0,0.0
2018-10-01,MIMAROPA,Typhoid Fever,31.0,0.0
2018-11-01,MIMAROPA,Typhoid Fever,34.0,0.0
2018-12-01,MIMAROPA,Typhoid Fever,30.0,0.0
2019-01-01,MIMAROPA,Typhoid Fever,54.0,0.0
2019-02-01,MIMAROPA,Typhoid Fever,34.0,0.0
2019-03-01,MIMAROPA,Typhoid Fever,35.0,1.0
2019-04-01,MIMAROPA,Typhoid Fever,32.0,0.0
2019-05-01,MIMAROPA,Typhoid Fever,38.0,0.0
2019-06-01,MIMAROPA,Typhoid Fever,37.0,1.0
2019-07-01,MIMAROPA,Typhoid Fever,38.0,0.0
2019-08-01,MIMAROPA,Typhoid Fever,42.0,0.0
2019-09-01,MIMAROPA,Typhoid Fever,37.0,0.0
2019-10-01,MIMAROPA,Typhoid Fever,53.0,0.0
2019-11-01,MIMAROPA,Typhoid Fever,36.0,0.0
2019-12-01,MIMAROPA,Typhoid Fever,26.0,0.0
2020-01-01,MIMAROPA,Typhoid Fever,38.0,0.0
2020-02-01,MIMAROPA,Typhoid Fever,34.0,0.0
2020-03-01,MIMAROPA,Typhoid Fever,21.0,1.0
2020-04-01,MIMAROPA,Typhoid Fever,17.0,0.0
2020-05-01,MIMAROPA,Typhoid Fever,20.0,1.0
2020-06-01,MIMAROPA,Typhoid Fever,18.0,0.0
2020-07-01,MIMAROPA,Typhoid Fever,43.0,0.0
2020-08-01,MIMAROPA,Typhoid Fever,40.0,0.0
2020-09-01,MIMAROPA,Typhoid Fever,81.0,0.0
2020-10-01,MIMAROPA,Typhoid Fever,88.0,0.0
2020-11-01,MIMAROPA,Typhoid Fever,47.0,1.0
2020-12-01,MIMAROPA,Typhoid Fever,14.0,0.0
2021-01-01,MIMAROPA,Typhoid Fever,48.0,0.0
2021-02-01,MIMAROPA,Typhoid Fever,23.0,0.0
2021-03-01,MIMAROPA,Typhoid Fever,22.0,0.0
2021-04-01,MIMAROPA,Typhoid Fever,20.0,0.0
2021-05-01,MIMAROPA,Typhoid Fever,15.0,0.0
2021-06-01,MIMAROPA,Typhoid Fever,18.0,0.0
2021-07-01,MIMAROPA,Typhoid Fever,23.0,0.0
2021-08-01,MIMAROPA,Typhoid Fever,41.0,0.0
2021-09-01,MIMAROPA,Typhoid Fever,44.0,0.0
2021-10-01,MIMAROPA,Typhoid Fever,13.0,1.0
2021-11-01,MIMAROPA,Typhoid Fever,15.0,0.0
2021-12-01,MIMAROPA,Typhoid Fever,30.0,0.0
2022-01-01,MIMAROPA,Typhoid Fever,30.0,0.0
2022-02-01,MIMAROPA,Typhoid Fever,26.0,1.0
2022-03-01,MIMAROPA,Typhoid Fever,37.0,0.0
2022-04-01,MIMAROPA,Typhoid Fever,44.0,0.0
2022-05-01,MIMAROPA,Typhoid Fever,60.0,2.0
2022-06-01,MIMAROPA,Typhoid Fever,69.0,0.0
2022-07-01,MIMAROPA,Typhoid Fever,65.0,0.0
2022-08-01,MIMAROPA,Typhoid Fever,136.0,1.0
2022-09-01,MIMAROPA,Typhoid Fever,96.0,0.0
2022-10-01,MIMAROPA,Typhoid Fever,97.0,0.0
2022-11-01,MIMAROPA,Typhoid Fever,53.0,0.0
2022-12-01,MIMAROPA,Typhoid Fever,62.0,0.0
2023-01-01,MIMAROPA,Typhoid Fever,154.0,1.0
2023-02-01,MIMAROPA,Typhoid Fever,141.0,0.0
2023-03-01,MIMAROPA,Typhoid Fever,51.0,0.0
2023-04-01,MIMAROPA,Typhoid Fever,121.0,1.0
2023-05-01,MIMAROPA,Typhoid Fever,167.0,1.0
2023-06-01,MIMAROPA,Typhoid Fever,129.0,0.0
2023-07-01,MIMAROPA,Typhoid Fever,172.0,0.0
2023-08-01,MIMAROPA,Typhoid Fever,284.0,1.0
2023-09-01,MIMAROPA,Typhoid Fever,283.0,1.0
2023-10-01,MIMAROPA,Typhoid Fever,269.0,3.0
2023-11-01,MIMAROPA,Typhoid Fever,162.0,2.0
2023-12-01,MIMAROPA,Typhoid Fever,122.0,0.0
2024-01-01,MIMAROPA,Typhoid Fever,151.0,0.0
2024-02-01,MIMAROPA,Typhoid Fever,145.0,2.0
2024-03-01,MIMAROPA,Typhoid Fever,136.0,1.0
2024-04-01,MIMAROPA,Typhoid Fever,143.0,0.0
2024-05-01,MIMAROPA,Typhoid Fever,131.0,2.0
2024-06-01,MIMAROPA,Typhoid Fever,187.0,1.0
2024-07-01,MIMAROPA,Typhoid Fever,256.0,2.0
2024-08-01,MIMAROPA,Typhoid Fever,305.0,2.0
2024-09-01,MIMAROPA,Typhoid Fever,155.0,1.0
2024-10-01,MIMAROPA,Typhoid Fever,142.0,1.0
2024-11-01,MIMAROPA,Typhoid Fever,206.0,2.0
2024-12-01,MIMAROPA,Typhoid Fever,171.0,1.0
2025-01-01,MIMAROPA,Typhoid Fever,182.0,2.0
2025-02-01,MIMAROPA,Typhoid Fever,256.0,0.0
2025-03-01,MIMAROPA,Typhoid Fever,205.0,0.0
2025-04-01,MIMAROPA,Typhoid Fever,126.0,0.0
2025-05-01,MIMAROPA,Typhoid Fever,147.0,3.0
2025-06-01,MIMAROPA,Typhoid Fever,180.0,3.0
2025-07-01,MIMAROPA,Typhoid Fever,165.0,2.0
2025-08-01,MIMAROPA,Typhoid Fever,123.0,2.0
2025-09-01,MIMAROPA,Typhoid Fever,108.0,2.0
2025-10-01,MIMAROPA,Typhoid Fever,132.0,1.0
2025-11-01,MIMAROPA,Typhoid Fever,98.0,0.0
2025-12-01,MIMAROPA,Typhoid Fever,86.0,0.0
2026-01-01,MIMAROPA,Typhoid Fever,122.0,0.0
2026-02-01,MIMAROPA,Typhoid Fever,76.0,1.0
2026-03-01,MIMAROPA,Typhoid Fever,58.0,0.0
2026-04-01,MIMAROPA,Typhoid Fever,82.0,0.0
2026-05-01,MIMAROPA,Typhoid Fever,162.0,0.0
2026-06-01,MIMAROPA,Typhoid Fever,178.0,1.0
2026-07-01,MIMAROPA,Typhoid Fever,150.0,0.0
2026-08-01,MIMAROPA,Typhoid Fever,151.0,1.0
2026-09-01,MIMAROPA,Typhoid Fever,56.0,0.0
2018-01-01,National Capital Region,Typhoid Fever,35.0,0.0
2018-02-01,National Capital Region,Typhoid Fever,45.0,1.0
2018-03-01,National Capital Region,Typhoid Fever,34.0,1.0
2018-04-01,National Capital Region,Typhoid Fever,32.0,1.0
2018-05-01,National Capital Region,Typhoid Fever,26.0,0.0
2018-06-01,National Capital Region,Typhoid Fever,43.0,1.0
2018-07-01,National Capital Region,Typhoid Fever,55.0,1.0
2018-08-01,National Capital Region,Typhoid Fever,39.0,0.0
2018-09-01,National Capital Region,Typhoid Fever,43.0,0.0
2018-10-01,National Capital Region,Typhoid Fever,49.0,0.0
2018-11-01,National Capital Region,Typhoid Fever,38.0,0.0
2018-12-01,National Capital Region,Typhoid Fever,32.0,0.0
2019-01-01,National Capital Region,Typhoid Fever,62.0,0.0
2019-02-01,National Capital Region,Typhoid Fever,49.0,0.0
2019-03-01,National Capital Region,Typhoid Fever,34.0,0.0
2019-04-01,National Capital Region,Typhoid Fever,27.0,0.0
2019-05-01,National Capital Region,Typhoid Fever,20.0,0.0
2019-06-01,National Capital Region,Typhoid Fever,45.0,0.0
2019-07-01,National Capital Region,Typhoid Fever,72.0,0.0
2019-08-01,National Capital Region,Typhoid Fever,49.0,0.0
2019-09-01,National Capital Region,Typhoid Fever,46.0,1.0
2019-10-01,National Capital Region,Typhoid Fever,28.0,0.0
2019-11-01,National Capital Region,Typhoid Fever,22.0,0.0
2019-12-01,National Capital Region,Typhoid Fever,11.0,0.0
2020-01-01,National Capital Region,Typhoid Fever,49.0,0.0
2020-02-01,National Capital Region,Typhoid Fever,22.0,0.0
2020-03-01,National Capital Region,Typhoid Fever,5.0,0.0
2020-04-01,National Capital Region,Typhoid Fever,1.0,0.0
2020-05-01,National Capital Region,Typhoid Fever,1.0,0.0
2020-06-01,National Capital Region,Typhoid Fever,0.0,0.0
2020-07-01,National Capital Region,Typhoid Fever,1.0,0.0
2020-08-01,National Capital Region,Typhoid Fever,2.0,0.0
2020-09-01,National Capital Region,Typhoid Fever,2.0,0.0
2020-10-01,National Capital Region,Typhoid Fever,0.0,0.0
2020-11-01,National Capital Region,Typhoid Fever,2.0,0.0
2020-12-01,National Capital Region,Typhoid Fever,2.0,0.0
2021-01-01,National Capital Region,Typhoid Fever,10.0,0.0
2021-02-01,National Capital Region,Typhoid Fever,3.0,0.0
2021-03-01,National Capital Region,Typhoid Fever,5.0,0.0
2021-04-01,National Capital Region,Typhoid Fever,2.0,0.0
2021-05-01,National Capital Region,Typhoid Fever,1.0,0.0
2021-06-01,National Capital Region,Typhoid Fever,3.0,0.0
2021-07-01,National Capital Region,Typhoid Fever,2.0,0.0
2021-08-01,National Capital Region,Typhoid Fever,2.0,0.0
2021-09-01,National Capital Region,Typhoid Fever,2.0,0.0
2021-10-01,National Capital Region,Typhoid Fever,3.0,1.0
2021-11-01,National Capital Region,Typhoid Fever,1.0,0.0
2021-12-01,National Capital Region,Typhoid Fever,4.0,0.0
2022-01-01,National Capital Region,Typhoid Fever,6.0,0.0
2022-02-01,National Capital Region,Typhoid Fever,5.0,0.0
2022-03-01,National Capital Region,Typhoid Fever,15.0,0.0
2022-04-01,National Capital Region,Typhoid Fever,9.0,0.0
2022-05-01,National Capital Region,Typhoid Fever,17.0,0.0
2022-06-01,National Capital Region,Typhoid Fever,15.0,0.0
2022-07-01,National Capital Region,Typhoid Fever,29.0,1.0
2022-08-01,National Capital Region,Typhoid Fever,22.0,0.0
2022-09-01,National Capital Region,Typhoid Fever,27.0,4.0
2022-10-01,National Capital Region,Typhoid Fever,27.0,1.0
2022-11-01,National Capital Region,Typhoid Fever,17.0,0.0
2022-12-01,National Capital Region,Typhoid Fever,5.0,0.0
2023-01-01,National Capital Region,Typhoid Fever,15.0,1.0
2023-02-01,National Capital Region,Typhoid Fever,19.0,0.0
2023-03-01,National Capital Region,Typhoid Fever,20.0,0.0
2023-04-01,National Capital Region,Typhoid Fever,20.0,0.0
2023-05-01,National Capital Region,Typhoid Fever,29.0,0.0
2023-06-01,National Capital Region,Typhoid Fever,29.0,0.0
2023-07-01,National Capital Region,Typhoid Fever,33.0,1.0
2023-08-01,National Capital Region,Typhoid Fever,41.0,1.0
2023-09-01,National Capital Region,Typhoid Fever,43.0,1.0
2023-10-01,National Capital Region,Typhoid Fever,42.0,0.0
2023-11-01,National Capital Region,Typhoid Fever,39.0,0.0
2023-12-01,National Capital Region,Typhoid Fever,22.0,0.0
2024-01-01,National Capital Region,Typhoid Fever,39.0,0.0
2024-02-01,National Capital Region,Typhoid Fever,19.0,0.0
2024-03-01,National Capital Region,Typhoid Fever,28.0,0.0
2024-04-01,National Capital Region,Typhoid Fever,41.0,0.0
2024-05-01,National Capital Region,Typhoid Fever,37.0,0.0
2024-06-01,National Capital Region,Typhoid Fever,35.0,0.0
2024-07-01,National Capital Region,Typhoid Fever,45.0,1.0
2024-08-01,National Capital Region,Typhoid Fever,29.0,0.0
2024-09-01,National Capital Region,Typhoid Fever,28.0,0.0
2024-10-01,National Capital Region,Typhoid Fever,50.0,0.0
2024-11-01,National Capital Region,Typhoid Fever,46.0,0.0
2024-12-01,National Capital Region,Typhoid Fever,37.0,1.0
2025-01-01,National Capital Region,Typhoid Fever,54.0,0.0
2025-02-01,National Capital Region,Typhoid Fever,64.0,0.0
2025-03-01,National Capital Region,Typhoid Fever,56.0,1.0
2025-04-01,National Capital Region,Typhoid Fever,41.0,0.0
2025-05-01,National Capital Region,Typhoid Fever,37.0,0.0
2025-06-01,National Capital Region,Typhoid Fever,44.0,2.0
2025-07-01,National Capital Region,Typhoid Fever,54.0,1.0
2025-08-01,National Capital Region,Typhoid Fever,55.0,1.0
2025-09-01,National Capital Region,Typhoid Fever,41.0,0.0
2025-10-01,National Capital Region,Typhoid Fever,45.0,0.0
2025-11-01,National Capital Region,Typhoid Fever,2.0,0.0
2025-12-01,National Capital Region,Typhoid Fever,2.0,0.0
2026-01-01,National Capital Region,Typhoid Fever,28.0,0.0
2026-02-01,National Capital Region,Typhoid Fever,40.0,0.0
2026-03-01,National Capital Region,Typhoid Fever,40.0,0.0
2026-04-01,National Capital Region,Typhoid Fever,44.0,4.0
2026-05-01,National Capital Region,Typhoid Fever,104.0,2.0
2026-06-01,National Capital Region,Typhoid Fever,630.0,1.0
2026-07-01,National Capital Region,Typhoid Fever,34.0,1.0
2026-08-01,National Capital Region,Typhoid Fever,39.0,1.0
2026-09-01,National Capital Region,Typhoid Fever,12.0,0.0
2018-01-01,Negros Island Region,Typhoid Fever,124.0,1.0
2018-02-01,Negros Island Region,Typhoid Fever,113.0,0.0
2018-03-01,Negros Island Region,Typhoid Fever,130.0,0.0
2018-04-01,Negros Island Region,Typhoid Fever,121.0,0.0
2018-05-01,Negros Island Region,Typhoid Fever,141.0,0.0
2018-06-01,Negros Island Region,Typhoid Fever,220.0,0.0
2018-07-01,Negros Island Region,Typhoid Fever,215.0,1.0
2018-08-01,Negros Island Region,Typhoid Fever,264.0,1.0
2018-09-01,Negros Island Region,Typhoid Fever,224.0,1.0
2018-10-01,Negros Island Region,Typhoid Fever,295.0,0.0
2018-11-01,Negros Island Region,Typhoid Fever,242.0,0.0
2018-12-01,Negros Island Region,Typhoid Fever,145.0,0.0
2019-01-01,Negros Island Region,Typhoid Fever,260.0,0.0
2019-02-01,Negros Island Region,Typhoid Fever,197.0,0.0
2019-03-01,Negros Island Region,Typhoid Fever,183.0,0.0
2019-04-01,Negros Island Region,Typhoid Fever,107.0,0.0
2019-05-01,Negros Island Region,Typhoid Fever,176.0,0.0
2019-06-01,Negros Island Region,Typhoid Fever,170.0,0.0
2019-07-01,Negros Island Region,Typhoid Fever,174.0,0.0
2019-08-01,Negros Island Region,Typhoid Fever,200.0,0.0
2019-09-01,Negros Island Region,Typhoid Fever,182.0,1.0
2019-10-01,Negros Island Region,Typhoid Fever,163.0,0.0
2019-11-01,Negros Island Region,Typhoid Fever,147.0,0.0
2019-12-01,Negros Island Region,Typhoid Fever,104.0,0.0
2020-01-01,Negros Island Region,Typhoid Fever,149.0,0.0
2020-02-01,Negros Island Region,Typhoid Fever,140.0,2.0
2020-03-01,Negros Island Region,Typhoid Fever,68.0,0.0
2020-04-01,Negros Island Region,Typhoid Fever,30.0,0.0
2020-05-01,Negros Island Region,Typhoid Fever,37.0,0.0
2020-06-01,Negros Island Region,Typhoid Fever,32.0,0.0
2020-07-01,Negros Island Region,Typhoid Fever,39.0,0.0
2020-08-01,Negros Island Region,Typhoid Fever,44.0,0.0
2020-09-01,Negros Island Region,Typhoid Fever,36.0,0.0
2020-10-01,Negros Island Region,Typhoid Fever,39.0,0.0
2020-11-01,Negros Island Region,Typhoid Fever,13.0,1.0
2020-12-01,Negros Island Region,Typhoid Fever,19.0,0.0
2021-01-01,Negros Island Region,Typhoid Fever,52.0,0.0
2021-02-01,Negros Island Region,Typhoid Fever,67.0,0.0
2021-03-01,Negros Island Region,Typhoid Fever,52.0,0.0
2021-04-01,Negros Island Region,Typhoid Fever,36.0,0.0
2021-05-01,Negros Island Region,Typhoid Fever,25.0,1.0
2021-06-01,Negros Island Region,Typhoid Fever,21.0,0.0
2021-07-01,Negros Island Region,Typhoid Fever,39.0,0.0
2021-08-01,Negros Island Region,Typhoid Fever,25.0,0.0
2021-09-01,Negros Island Region,Typhoid Fever,23.0,0.0
2021-10-01,Negros Island Region,Typhoid Fever,25.0,0.0
2021-11-01,Negros Island Region,Typhoid Fever,24.0,0.0
2021-12-01,Negros Island Region,Typhoid Fever,16.0,0.0
2022-01-01,Negros Island Region,Typhoid Fever,36.0,1.0
2022-02-01,Negros Island Region,Typhoid Fever,34.0,2.0
2022-03-01,Negros Island Region,Typhoid Fever,89.0,1.0
2022-04-01,Negros Island Region,Typhoid Fever,66.0,0.0
2022-05-01,Negros Island Region,Typhoid Fever,117.0,0.0
2022-06-01,Negros Island Region,Typhoid Fever,172.0,1.0
2022-07-01,Negros Island Region,Typhoid Fever,163.0,2.0
2022-08-01,Negros Island Region,Typhoid Fever,214.0,3.0
2022-09-01,Negros Island Region,Typhoid Fever,124.0,0.0
2022-10-01,Negros Island Region,Typhoid Fever,101.0,1.0
2022-11-01,Negros Island Region,Typhoid Fever,130.0,0.0
2022-12-01,Negros Island Region,Typhoid Fever,59.0,0.0
2023-01-01,Negros Island Region,Typhoid Fever,114.0,0.0
2023-02-01,Negros Island Region,Typhoid Fever,95.0,1.0
2023-03-01,Negros Island Region,Typhoid Fever,110.0,0.0
2023-04-01,Negros Island Region,Typhoid Fever,113.0,0.0
2023-05-01,Negros Island Region,Typhoid Fever,122.0,0.0
2023-06-01,Negros Island Region,Typhoid Fever,118.0,1.0
2023-07-01,Negros Island Region,Typhoid Fever,183.0,0.0
2023-08-01,Negros Island Region,Typhoid Fever,156.0,2.0
2023-09-01,Negros Island Region,Typhoid Fever,189.0,3.0
2023-10-01,Negros Island Region,Typhoid Fever,188.0,2.0
2023-11-01,Negros Island Region,Typhoid Fever,148.0,1.0
2023-12-01,Negros Island Region,Typhoid Fever,99.0,0.0
2024-01-01,Negros Island Region,Typhoid Fever,140.0,0.0
2024-02-01,Negros Island Region,Typhoid Fever,133.0,0.0
2024-03-01,Negros Island Region,Typhoid Fever,112.0,0.0
2024-04-01,Negros Island Region,Typhoid Fever,108.0,0.0
2024-05-01,Negros Island Region,Typhoid Fever,107.0,0.0
2024-06-01,Negros Island Region,Typhoid Fever,166.0,1.0
2024-07-01,Negros Island Region,Typhoid Fever,277.0,1.0
2024-08-01,Negros Island Region,Typhoid Fever,458.0,5.0
2024-09-01,Negros Island Region,Typhoid Fever,244.0,2.0
2024-10-01,Negros Island Region,Typhoid Fever,202.0,3.0
2024-11-01,Negros Island Region,Typhoid Fever,190.0,0.0
2024-12-01,Negros Island Region,Typhoid Fever,139.0,1.0
2025-01-01,Negros Island Region,Typhoid Fever,333.0,2.0
2025-02-01,Negros Island Region,Typhoid Fever,196.0,1.0
2025-03-01,Negros Island Region,Typhoid Fever,185.0,2.0
2025-04-01,Negros Island Region,Typhoid Fever,212.0,0.0
2025-05-01,Negros Island Region,Typhoid Fever,204.0,1.0
2025-06-01,Negros Island Region,Typhoid Fever,214.0,0.0
2025-07-01,Negros Island Region,Typhoid Fever,197.0,1.0
2025-08-01,Negros Island Region,Typhoid Fever,175.0,1.0
2025-09-01,Negros Island Region,Typhoid Fever,125.0,1.0
2025-10-01,Negros Island Region,Typhoid Fever,108.0,1.0
2025-11-01,Negros Island Region,Typhoid Fever,38.0,0.0
2025-12-01,Negros Island Region,Typhoid Fever,48.0,0.0
2026-01-01,Negros Island Region,Typhoid Fever,60.0,2.0
2026-02-01,Negros Island Region,Typhoid Fever,61.0,1.0
2026-03-01,Negros Island Region,Typhoid Fever,88.0,0.0
2026-04-01,Negros Island Region,Typhoid Fever,60.0,0.0
2026-05-01,Negros Island Region,Typhoid Fever,82.0,1.0
2026-06-01,Negros Island Region,Typhoid Fever,87.0,0.0
2026-07-01,Negros Island Region,Typhoid Fever,108.0,1.0
2026-08-01,Negros Island Region,Typhoid Fever,110.0,1.0
2026-09-01,Negros Island Region,Typhoid Fever,55.0,0.0
2018-01-01,Northern Mindanao,Typhoid Fever,339.0,0.0
2018-02-01,Northern Mindanao,Typhoid Fever,309.0,0.0
2018-03-01,Northern Mindanao,Typhoid Fever,350.0,0.0
2018-04-01,Northern Mindanao,Typhoid Fever,348.0,0.0
2018-05-01,Northern Mindanao,Typhoid Fever,417.0,0.0
2018-06-01,Northern Mindanao,Typhoid Fever,542.0,0.0
2018-07-01,Northern Mindanao,Typhoid Fever,566.0,1.0
2018-08-01,Northern Mindanao,Typhoid Fever,534.0,0.0
2018-09-01,Northern Mindanao,Typhoid Fever,466.0,0.0
2018-10-01,Northern Mindanao,Typhoid Fever,447.0,0.0
2018-11-01,Northern Mindanao,Typhoid Fever,431.0,0.0
2018-12-01,Northern Mindanao,Typhoid Fever,302.0,0.0
2019-01-01,Northern Mindanao,Typhoid Fever,393.0,0.0
2019-02-01,Northern Mindanao,Typhoid Fever,330.0,0.0
2019-03-01,Northern Mindanao,Typhoid Fever,316.0,0.0
2019-04-01,Northern Mindanao,Typhoid Fever,302.0,0.0
2019-05-01,Northern Mindanao,Typhoid Fever,357.0,0.0
2019-06-01,Northern Mindanao,Typhoid Fever,413.0,0.0
2019-07-01,Northern Mindanao,Typhoid Fever,486.0,0.0
2019-08-01,Northern Mindanao,Typhoid Fever,391.0,0.0
2019-09-01,Northern Mindanao,Typhoid Fever,290.0,0.0
2019-10-01,Northern Mindanao,Typhoid Fever,295.0,0.0
2019-11-01,Northern Mindanao,Typhoid Fever,359.0,0.0
2019-12-01,Northern Mindanao,Typhoid Fever,146.0,0.0
2020-01-01,Northern Mindanao,Typhoid Fever,229.0,1.0
2020-02-01,Northern Mindanao,Typhoid Fever,191.0,0.0
2020-03-01,Northern Mindanao,Typhoid Fever,117.0,0.0
2020-04-01,Northern Mindanao,Typhoid Fever,58.0,0.0
2020-05-01,Northern Mindanao,Typhoid Fever,107.0,0.0
2020-06-01,Northern Mindanao,Typhoid Fever,140.0,0.0
2020-07-01,Northern Mindanao,Typhoid Fever,145.0,0.0
2020-08-01,Northern Mindanao,Typhoid Fever,84.0,0.0
2020-09-01,Northern Mindanao,Typhoid Fever,78.0,0.0
2020-10-01,Northern Mindanao,Typhoid Fever,55.0,0.0
2020-11-01,Northern Mindanao,Typhoid Fever,69.0,0.0
2020-12-01,Northern Mindanao,Typhoid Fever,71.0,0.0
2021-01-01,Northern Mindanao,Typhoid Fever,63.0,0.0
2021-02-01,Northern Mindanao,Typhoid Fever,54.0,0.0
2021-03-01,Northern Mindanao,Typhoid Fever,81.0,1.0
2021-04-01,Northern Mindanao,Typhoid Fever,81.0,0.0
2021-05-01,Northern Mindanao,Typhoid Fever,77.0,0.0
2021-06-01,Northern Mindanao,Typhoid Fever,76.0,0.0
2021-07-01,Northern Mindanao,Typhoid Fever,93.0,0.0
2021-08-01,Northern Mindanao,Typhoid Fever,60.0,0.0
2021-09-01,Northern Mindanao,Typhoid Fever,27.0,0.0
2021-10-01,Northern Mindanao,Typhoid Fever,74.0,0.0
2021-11-01,Northern Mindanao,Typhoid Fever,100.0,0.0
2021-12-01,Northern Mindanao,Typhoid Fever,98.0,0.0
2022-01-01,Northern Mindanao,Typhoid Fever,75.0,0.0
2022-02-01,Northern Mindanao,Typhoid Fever,80.0,1.0
2022-03-01,Northern Mindanao,Typhoid Fever,110.0,0.0
2022-04-01,Northern Mindanao,Typhoid Fever,182.0,0.0
2022-05-01,Northern Mindanao,Typhoid Fever,210.0,1.0
2022-06-01,Northern Mindanao,Typhoid Fever,251.0,0.0
2022-07-01,Northern Mindanao,Typhoid Fever,228.0,0.0
2022-08-01,Northern Mindanao,Typhoid Fever,215.0,0.0
2022-09-01,Northern Mindanao,Typhoid Fever,223.0,1.0
2022-10-01,Northern Mindanao,Typhoid Fever,190.0,1.0
2022-11-01,Northern Mindanao,Typhoid Fever,194.0,0.0
2022-12-01,Northern Mindanao,Typhoid Fever,111.0,0.0
2023-01-01,Northern Mindanao,Typhoid Fever,229.0,2.0
2023-02-01,Northern Mindanao,Typhoid Fever,176.0,0.0
2023-03-01,Northern Mindanao,Typhoid Fever,166.0,0.0
2023-04-01,Northern Mindanao,Typhoid Fever,172.0,0.0
2023-05-01,Northern Mindanao,Typhoid Fever,241.0,0.0
2023-06-01,Northern Mindanao,Typhoid Fever,286.0,0.0
2023-07-01,Northern Mindanao,Typhoid Fever,255.0,1.0
2023-08-01,Northern Mindanao,Typhoid Fever,221.0,0.0
2023-09-01,Northern Mindanao,Typhoid Fever,257.0,0.0
2023-10-01,Northern Mindanao,Typhoid Fever,233.0,1.0
2023-11-01,Northern Mindanao,Typhoid Fever,245.0,0.0
2023-12-01,Northern Mindanao,Typhoid Fever,182.0,0.0
2024-01-01,Northern Mindanao,Typhoid Fever,251.0,0.0
2024-02-01,Northern Mindanao,Typhoid Fever,146.0,0.0
2024-03-01,Northern Mindanao,Typhoid Fever,184.0,0.0
2024-04-01,Northern Mindanao,Typhoid Fever,202.0,0.0
2024-05-01,Northern Mindanao,Typhoid Fever,166.0,0.0
2024-06-01,Northern Mindanao,Typhoid Fever,230.0,0.0
2024-07-01,Northern Mindanao,Typhoid Fever,290.0,1.0
2024-08-01,Northern Mindanao,Typhoid Fever,382.0,1.0
2024-09-01,Northern Mindanao,Typhoid Fever,353.0,0.0
2024-10-01,Northern Mindanao,Typhoid Fever,274.0,0.0
2024-11-01,Northern Mindanao,Typhoid Fever,194.0,0.0
2024-12-01,Northern Mindanao,Typhoid Fever,100.0,0.0
2025-01-01,Northern Mindanao,Typhoid Fever,221.0,0.0
2025-02-01,Northern Mindanao,Typhoid Fever,229.0,0.0
2025-03-01,Northern Mindanao,Typhoid Fever,289.0,1.0
2025-04-01,Northern Mindanao,Typhoid Fever,258.0,2.0
2025-05-01,Northern Mindanao,Typhoid Fever,315.0,0.0
2025-06-01,Northern Mindanao,Typhoid Fever,312.0,0.0
2025-07-01,Northern Mindanao,Typhoid Fever,359.0,0.0
2025-08-01,Northern Mindanao,Typhoid Fever,295.0,0.0
2025-09-01,Northern Mindanao,Typhoid Fever,249.0,0.0
2025-10-01,Northern Mindanao,Typhoid Fever,274.0,0.0
2025-11-01,Northern Mindanao,Typhoid Fever,62.0,0.0
2025-12-01,Northern Mindanao,Typhoid Fever,134.0,0.0
2026-01-01,Northern Mindanao,Typhoid Fever,138.0,0.0
2026-02-01,Northern Mindanao,Typhoid Fever,146.0,0.0
2026-03-01,Northern Mindanao,Typhoid Fever,151.0,0.0
2026-04-01,Northern Mindanao,Typhoid Fever,159.0,0.0
2026-05-01,Northern Mindanao,Typhoid Fever,200.0,0.0
2026-06-01,Northern Mindanao,Typhoid Fever,222.0,1.0
2026-07-01,Northern Mindanao,Typhoid Fever,259.0,0.0
2026-08-01,Northern Mindanao,Typhoid Fever,255.0,0.0
2026-09-01,Northern Mindanao,Typhoid Fever,92.0,0.0
2018-01-01,SOCCSKSARGEN,Typhoid Fever,209.0,0.0
2018-02-01,SOCCSKSARGEN,Typhoid Fever,124.0,0.0
2018-03-01,SOCCSKSARGEN,Typhoid Fever,141.0,1.0
2018-04-01,SOCCSKSARGEN,Typhoid Fever,143.0,1.0
2018-05-01,SOCCSKSARGEN,Typhoid Fever,228.0,0.0
2018-06-01,SOCCSKSARGEN,Typhoid Fever,182.0,0.0
2018-07-01,SOCCSKSARGEN,Typhoid Fever,175.0,0.0
2018-08-01,SOCCSKSARGEN,Typhoid Fever,154.0,0.0
2018-09-01,SOCCSKSARGEN,Typhoid Fever,213.0,0.0
2018-10-01,SOCCSKSARGEN,Typhoid Fever,182.0,0.0
2018-11-01,SOCCSKSARGEN,Typhoid Fever,184.0,0.0
2018-12-01,SOCCSKSARGEN,Typhoid Fever,155.0,0.0
2019-01-01,SOCCSKSARGEN,Typhoid Fever,273.0,0.0
2019-02-01,SOCCSKSARGEN,Typhoid Fever,248.0,1.0
2019-03-01,SOCCSKSARGEN,Typhoid Fever,212.0,0.0
2019-04-01,SOCCSKSARGEN,Typhoid Fever,190.0,0.0
2019-05-01,SOCCSKSARGEN,Typhoid Fever,184.0,0.0
2019-06-01,SOCCSKSARGEN,Typhoid Fever,180.0,0.0
2019-07-01,SOCCSKSARGEN,Typhoid Fever,190.0,0.0
2019-08-01,SOCCSKSARGEN,Typhoid Fever,168.0,0.0
2019-09-01,SOCCSKSARGEN,Typhoid Fever,134.0,0.0
2019-10-01,SOCCSKSARGEN,Typhoid Fever,119.0,0.0
2019-11-01,SOCCSKSARGEN,Typhoid Fever,102.0,0.0
2019-12-01,SOCCSKSARGEN,Typhoid Fever,62.0,0.0
2020-01-01,SOCCSKSARGEN,Typhoid Fever,107.0,0.0
2020-02-01,SOCCSKSARGEN,Typhoid Fever,102.0,0.0
2020-03-01,SOCCSKSARGEN,Typhoid Fever,58.0,0.0
2020-04-01,SOCCSKSARGEN,Typhoid Fever,19.0,0.0
2020-05-01,SOCCSKSARGEN,Typhoid Fever,24.0,0.0
2020-06-01,SOCCSKSARGEN,Typhoid Fever,37.0,0.0
2020-07-01,SOCCSKSARGEN,Typhoid Fever,25.0,0.0
2020-08-01,SOCCSKSARGEN,Typhoid Fever,51.0,0.0
2020-09-01,SOCCSKSARGEN,Typhoid Fever,17.0,0.0
2020-10-01,SOCCSKSARGEN,Typhoid Fever,17.0,0.0
2020-11-01,SOCCSKSARGEN,Typhoid Fever,20.0,0.0
2020-12-01,SOCCSKSARGEN,Typhoid Fever,14.0,0.0
2021-01-01,SOCCSKSARGEN,Typhoid Fever,38.0,0.0
2021-02-01,SOCCSKSARGEN,Typhoid Fever,33.0,0.0
2021-03-01,SOCCSKSARGEN,Typhoid Fever,29.0,0.0
2021-04-01,SOCCSKSARGEN,Typhoid Fever,42.0,0.0
2021-05-01,SOCCSKSARGEN,Typhoid Fever,30.0,0.0
2021-06-01,SOCCSKSARGEN,Typhoid Fever,10.0,0.0
2021-07-01,SOCCSKSARGEN,Typhoid Fever,22.0,0.0
2021-08-01,SOCCSKSARGEN,Typhoid Fever,18.0,0.0
2021-09-01,SOCCSKSARGEN,Typhoid Fever,18.0,0.0
2021-10-01,SOCCSKSARGEN,Typhoid Fever,24.0,0.0
2021-11-01,SOCCSKSARGEN,Typhoid Fever,9.0,0.0
2021-12-01,SOCCSKSARGEN,Typhoid Fever,33.0,0.0
2022-01-01,SOCCSKSARGEN,Typhoid Fever,15.0,0.0
2022-02-01,SOCCSKSARGEN,Typhoid Fever,27.0,0.0
2022-03-01,SOCCSKSARGEN,Typhoid Fever,31.0,0.0
2022-04-01,SOCCSKSARGEN,Typhoid Fever,26.0,0.0
2022-05-01,SOCCSKSARGEN,Typhoid Fever,78.0,0.0
2022-06-01,SOCCSKSARGEN,Typhoid Fever,58.0,0.0
2022-07-01,SOCCSKSARGEN,Typhoid Fever,93.0,1.0
2022-08-01,SOCCSKSARGEN,Typhoid Fever,63.0,0.0
2022-09-01,SOCCSKSARGEN,Typhoid Fever,50.0,0.0
2022-10-01,SOCCSKSARGEN,Typhoid Fever,33.0,0.0
2022-11-01,SOCCSKSARGEN,Typhoid Fever,60.0,0.0
2022-12-01,SOCCSKSARGEN,Typhoid Fever,53.0,0.0
2023-01-01,SOCCSKSARGEN,Typhoid Fever,66.0,1.0
2023-02-01,SOCCSKSARGEN,Typhoid Fever,35.0,0.0
2023-03-01,SOCCSKSARGEN,Typhoid Fever,50.0,0.0
2023-04-01,SOCCSKSARGEN,Typhoid Fever,95.0,0.0
2023-05-01,SOCCSKSARGEN,Typhoid Fever,128.0,0.0
2023-06-01,SOCCSKSARGEN,Typhoid Fever,175.0,1.0
2023-07-01,SOCCSKSARGEN,Typhoid Fever,210.0,1.0
2023-08-01,SOCCSKSARGEN,Typhoid Fever,175.0,0.0
2023-09-01,SOCCSKSARGEN,Typhoid Fever,185.0,1.0
2023-10-01,SOCCSKSARGEN,Typhoid Fever,187.0,3.0
2023-11-01,SOCCSKSARGEN,Typhoid Fever,155.0,0.0
2023-12-01,SOCCSKSARGEN,Typhoid Fever,130.0,0.0
2024-01-01,SOCCSKSARGEN,Typhoid Fever,206.0,4.0
2024-02-01,SOCCSKSARGEN,Typhoid Fever,192.0,1.0
2024-03-01,SOCCSKSARGEN,Typhoid Fever,143.0,1.0
2024-04-01,SOCCSKSARGEN,Typhoid Fever,155.0,2.0
2024-05-01,SOCCSKSARGEN,Typhoid Fever,168.0,0.0
2024-06-01,SOCCSKSARGEN,Typhoid Fever,167.0,1.0
2024-07-01,SOCCSKSARGEN,Typhoid Fever,167.0,0.0
2024-08-01,SOCCSKSARGEN,Typhoid Fever,219.0,1.0
2024-09-01,SOCCSKSARGEN,Typhoid Fever,179.0,1.0
2024-10-01,SOCCSKSARGEN,Typhoid Fever,146.0,1.0
2024-11-01,SOCCSKSARGEN,Typhoid Fever,106.0,1.0
2024-12-01,SOCCSKSARGEN,Typhoid Fever,55.0,0.0
2025-01-01,SOCCSKSARGEN,Typhoid Fever,109.0,2.0
2025-02-01,SOCCSKSARGEN,Typhoid Fever,96.0,0.0
2025-03-01,SOCCSKSARGEN,Typhoid Fever,103.0,0.0
2025-04-01,SOCCSKSARGEN,Typhoid Fever,100.0,1.0
2025-05-01,SOCCSKSARGEN,Typhoid Fever,106.0,0.0
2025-06-01,SOCCSKSARGEN,Typhoid Fever,117.0,1.0
2025-07-01,SOCCSKSARGEN,Typhoid Fever,119.0,0.0
2025-08-01,SOCCSKSARGEN,Typhoid Fever,100.0,0.0
2025-09-01,SOCCSKSARGEN,Typhoid Fever,87.0,0.0
2025-10-01,SOCCSKSARGEN,Typhoid Fever,88.0,0.0
2025-11-01,SOCCSKSARGEN,Typhoid Fever,30.0,0.0
2025-12-01,SOCCSKSARGEN,Typhoid Fever,34.0,1.0
2026-01-01,SOCCSKSARGEN,Typhoid Fever,39.0,0.0
2026-02-01,SOCCSKSARGEN,Typhoid Fever,42.0,0.0
2026-03-01,SOCCSKSARGEN,Typhoid Fever,35.0,0.0
2026-04-01,SOCCSKSARGEN,Typhoid Fever,42.0,0.0
2026-05-01,SOCCSKSARGEN,Typhoid Fever,81.0,0.0
2026-06-01,SOCCSKSARGEN,Typhoid Fever,78.0,0.0
2026-07-01,SOCCSKSARGEN,Typhoid Fever,88.0,0.0
2026-08-01,SOCCSKSARGEN,Typhoid Fever,38.0,0.0
2026-09-01,SOCCSKSARGEN,Typhoid Fever,39.0,0.0
2018-01-01,Western Visayas,Typhoid Fever,89.0,0.0
2018-02-01,Western Visayas,Typhoid Fever,94.0,1.0
2018-03-01,Western Visayas,Typhoid Fever,72.0,0.0
2018-04-01,Western Visayas,Typhoid Fever,61.0,0.0
2018-05-01,Western Visayas,Typhoid Fever,84.0,0.0
2018-06-01,Western Visayas,Typhoid Fever,119.0,0.0
2018-07-01,Western Visayas,Typhoid Fever,183.0,0.0
2018-08-01,Western Visayas,Typhoid Fever,146.0,0.0
2018-09-01,Western Visayas,Typhoid Fever,154.0,0.0
2018-10-01,Western Visayas,Typhoid Fever,161.0,0.0
2018-11-01,Western Visayas,Typhoid Fever,116.0,0.0
2018-12-01,Western Visayas,Typhoid Fever,107.0,0.0
2019-01-01,Western Visayas,Typhoid Fever,151.0,0.0
2019-02-01,Western Visayas,Typhoid Fever,156.0,1.0
2019-03-01,Western Visayas,Typhoid Fever,120.0,1.0
2019-04-01,Western Visayas,Typhoid Fever,93.0,1.0
2019-05-01,Western Visayas,Typhoid Fever,106.0,0.0
2019-06-01,Western Visayas,Typhoid Fever,142.0,0.0
2019-07-01,Western Visayas,Typhoid Fever,154.0,0.0
2019-08-01,Western Visayas,Typhoid Fever,107.0,0.0
2019-09-01,Western Visayas,Typhoid Fever,128.0,0.0
2019-10-01,Western Visayas,Typhoid Fever,123.0,0.0
2019-11-01,Western Visayas,Typhoid Fever,80.0,0.0
2019-12-01,Western Visayas,Typhoid Fever,21.0,0.0
2020-01-01,Western Visayas,Typhoid Fever,64.0,0.0
2020-02-01,Western Visayas,Typhoid Fever,51.0,0.0
2020-03-01,Western Visayas,Typhoid Fever,12.0,0.0
2020-04-01,Western Visayas,Typhoid Fever,9.0,0.0
2020-05-01,Western Visayas,Typhoid Fever,17.0,0.0
2020-06-01,Western Visayas,Typhoid Fever,18.0,0.0
2020-07-01,Western Visayas,Typhoid Fever,32.0,0.0
2020-08-01,Western Visayas,Typhoid Fever,29.0,0.0
2020-09-01,Western Visayas,Typhoid Fever,14.0,0.0
2020-10-01,Western Visayas,Typhoid Fever,11.0,0.0
2020-11-01,Western Visayas,Typhoid Fever,7.0,0.0
2020-12-01,Western Visayas,Typhoid Fever,8.0,0.0
2021-01-01,Western Visayas,Typhoid Fever,23.0,0.0
2021-02-01,Western Visayas,Typhoid Fever,12.0,0.0
2021-03-01,Western Visayas,Typhoid Fever,11.0,0.0
2021-04-01,Western Visayas,Typhoid Fever,5.0,0.0
2021-05-01,Western Visayas,Typhoid Fever,8.0,0.0
2021-06-01,Western Visayas,Typhoid Fever,9.0,0.0
2021-07-01,Western Visayas,Typhoid Fever,11.0,0.0
2021-08-01,Western Visayas,Typhoid Fever,7.0,0.0
2021-09-01,Western Visayas,Typhoid Fever,10.0,2.0
2021-10-01,Western Visayas,Typhoid Fever,15.0,0.0
2021-11-01,Western Visayas,Typhoid Fever,15.0,0.0
2021-12-01,Western Visayas,Typhoid Fever,8.0,0.0
2022-01-01,Western Visayas,Typhoid Fever,8.0,0.0
2022-02-01,Western Visayas,Typhoid Fever,6.0,0.0
2022-03-01,Western Visayas,Typhoid Fever,17.0,0.0
2022-04-01,Western Visayas,Typhoid Fever,18.0,1.0
2022-05-01,Western Visayas,Typhoid Fever,29.0,1.0
2022-06-01,Western Visayas,Typhoid Fever,35.0,1.0
2022-07-01,Western Visayas,Typhoid Fever,41.0,0.0
2022-08-01,Western Visayas,Typhoid Fever,35.0,0.0
2022-09-01,Western Visayas,Typhoid Fever,35.0,0.0
2022-10-01,Western Visayas,Typhoid Fever,39.0,0.0
2022-11-01,Western Visayas,Typhoid Fever,42.0,0.0
2022-12-01,Western Visayas,Typhoid Fever,12.0,0.0
2023-01-01,Western Visayas,Typhoid Fever,56.0,0.0
2023-02-01,Western Visayas,Typhoid Fever,72.0,0.0
2023-03-01,Western Visayas,Typhoid Fever,53.0,0.0
2023-04-01,Western Visayas,Typhoid Fever,31.0,1.0
2023-05-01,Western Visayas,Typhoid Fever,51.0,0.0
2023-06-01,Western Visayas,Typhoid Fever,58.0,0.0
2023-07-01,Western Visayas,Typhoid Fever,91.0,2.0
2023-08-01,Western Visayas,Typhoid Fever,83.0,0.0
2023-09-01,Western Visayas,Typhoid Fever,68.0,0.0
2023-10-01,Western Visayas,Typhoid Fever,66.0,0.0
2023-11-01,Western Visayas,Typhoid Fever,68.0,0.0
2023-12-01,Western Visayas,Typhoid Fever,71.0,0.0
2024-01-01,Western Visayas,Typhoid Fever,105.0,1.0
2024-02-01,Western Visayas,Typhoid Fever,113.0,1.0
2024-03-01,Western Visayas,Typhoid Fever,98.0,0.0
2024-04-01,Western Visayas,Typhoid Fever,76.0,1.0
2024-05-01,Western Visayas,Typhoid Fever,117.0,0.0
2024-06-01,Western Visayas,Typhoid Fever,114.0,0.0
2024-07-01,Western Visayas,Typhoid Fever,283.0,0.0
2024-08-01,Western Visayas,Typhoid Fever,264.0,1.0
2024-09-01,Western Visayas,Typhoid Fever,172.0,0.0
2024-10-01,Western Visayas,Typhoid Fever,145.0,1.0
2024-11-01,Western Visayas,Typhoid Fever,156.0,0.0
2024-12-01,Western Visayas,Typhoid Fever,83.0,2.0
2025-01-01,Western Visayas,Typhoid Fever,200.0,1.0
2025-02-01,Western Visayas,Typhoid Fever,130.0,0.0
2025-03-01,Western Visayas,Typhoid Fever,123.0,1.0
2025-04-01,Western Visayas,Typhoid Fever,96.0,1.0
2025-05-01,Western Visayas,Typhoid Fever,116.0,2.0
2025-06-01,Western Visayas,Typhoid Fever,136.0,0.0
2025-07-01,Western Visayas,Typhoid Fever,149.0,1.0
2025-08-01,Western Visayas,Typhoid Fever,109.0,0.0
2025-09-01,Western Visayas,Typhoid Fever,142.0,0.0
2025-10-01,Western Visayas,Typhoid Fever,217.0,1.0
2025-11-01,Western Visayas,Typhoid Fever,122.0,0.0
2025-12-01,Western Visayas,Typhoid Fever,67.0,0.0
2026-01-01,Western Visayas,Typhoid Fever,60.0,0.0
2026-02-01,Western Visayas,Typhoid Fever,62.0,0.0
2026-03-01,Western Visayas,Typhoid Fever,69.0,0.0
2026-04-01,Western Visayas,Typhoid Fever,72.0,0.0
2026-05-01,Western Visayas,Typhoid Fever,67.0,0.0
2026-06-01,Western Visayas,Typhoid Fever,101.0,0.0
2026-07-01,Western Visayas,Typhoid Fever,98.0,0.0
2026-08-01,Western Visayas,Typhoid Fever,73.0,1.0
2026-09-01,Western Visayas,Typhoid Fever,69.0,0.0
2018-01-01,Zamboanga Peninsula,Typhoid Fever,152.0,0.0
2018-02-01,Zamboanga Peninsula,Typhoid Fever,124.0,0.0
2018-03-01,Zamboanga Peninsula,Typhoid Fever,127.0,0.0
2018-04-01,Zamboanga Peninsula,Typhoid Fever,96.0,1.0
2018-05-01,Zamboanga Peninsula,Typhoid Fever,76.0,1.0
2018-06-01,Zamboanga Peninsula,Typhoid Fever,70.0,1.0
2018-07-01,Zamboanga Peninsula,Typhoid Fever,130.0,0.0
2018-08-01,Zamboanga Peninsula,Typhoid Fever,120.0,0.0
2018-09-01,Zamboanga Peninsula,Typhoid Fever,122.0,0.0
2018-10-01,Zamboanga Peninsula,Typhoid Fever,111.0,1.0
2018-11-01,Zamboanga Peninsula,Typhoid Fever,110.0,0.0
2018-12-01,Zamboanga Peninsula,Typhoid Fever,69.0,0.0
2019-01-01,Zamboanga Peninsula,Typhoid Fever,118.0,1.0
2019-02-01,Zamboanga Peninsula,Typhoid Fever,88.0,0.0
2019-03-01,Zamboanga Peninsula,Typhoid Fever,121.0,1.0
2019-04-01,Zamboanga Peninsula,Typhoid Fever,173.0,3.0
2019-05-01,Zamboanga Peninsula,Typhoid Fever,125.0,0.0
2019-06-01,Zamboanga Peninsula,Typhoid Fever,124.0,0.0
2019-07-01,Zamboanga Peninsula,Typhoid Fever,171.0,0.0
2019-08-01,Zamboanga Peninsula,Typhoid Fever,184.0,0.0
2019-09-01,Zamboanga Peninsula,Typhoid Fever,144.0,0.0
2019-10-01,Zamboanga Peninsula,Typhoid Fever,145.0,1.0
2019-11-01,Zamboanga Peninsula,Typhoid Fever,124.0,0.0
2019-12-01,Zamboanga Peninsula,Typhoid Fever,102.0,0.0
2020-01-01,Zamboanga Peninsula,Typhoid Fever,117.0,0.0
2020-02-01,Zamboanga Peninsula,Typhoid Fever,73.0,0.0
2020-03-01,Zamboanga Peninsula,Typhoid Fever,53.0,0.0
2020-04-01,Zamboanga Peninsula,Typhoid Fever,21.0,0.0
2020-05-01,Zamboanga Peninsula,Typhoid Fever,25.0,0.0
2020-06-01,Zamboanga Peninsula,Typhoid Fever,32.0,0.0
2020-07-01,Zamboanga Peninsula,Typhoid Fever,30.0,0.0
2020-08-01,Zamboanga Peninsula,Typhoid Fever,20.0,1.0
2020-09-01,Zamboanga Peninsula,Typhoid Fever,43.0,0.0
2020-10-01,Zamboanga Peninsula,Typhoid Fever,14.0,0.0
2020-11-01,Zamboanga Peninsula,Typhoid Fever,25.0,0.0
2020-12-01,Zamboanga Peninsula,Typhoid Fever,19.0,0.0
2021-01-01,Zamboanga Peninsula,Typhoid Fever,25.0,0.0
2021-02-01,Zamboanga Peninsula,Typhoid Fever,32.0,0.0
2021-03-01,Zamboanga Peninsula,Typhoid Fever,48.0,1.0
2021-04-01,Zamboanga Peninsula,Typhoid Fever,32.0,0.0
2021-05-01,Zamboanga Peninsula,Typhoid Fever,19.0,0.0
2021-06-01,Zamboanga Peninsula,Typhoid Fever,20.0,1.0
2021-07-01,Zamboanga Peninsula,Typhoid Fever,27.0,1.0
2021-08-01,Zamboanga Peninsula,Typhoid Fever,23.0,0.0
2021-09-01,Zamboanga Peninsula,Typhoid Fever,16.0,1.0
2021-10-01,Zamboanga Peninsula,Typhoid Fever,24.0,0.0
2021-11-01,Zamboanga Peninsula,Typhoid Fever,14.0,0.0
2021-12-01,Zamboanga Peninsula,Typhoid Fever,21.0,0.0
2022-01-01,Zamboanga Peninsula,Typhoid Fever,29.0,1.0
2022-02-01,Zamboanga Peninsula,Typhoid Fever,36.0,0.0
2022-03-01,Zamboanga Peninsula,Typhoid Fever,55.0,0.0
2022-04-01,Zamboanga Peninsula,Typhoid Fever,88.0,0.0
2022-05-01,Zamboanga Peninsula,Typhoid Fever,107.0,1.0
2022-06-01,Zamboanga Peninsula,Typhoid Fever,92.0,1.0
2022-07-01,Zamboanga Peninsula,Typhoid Fever,123.0,1.0
2022-08-01,Zamboanga Peninsula,Typhoid Fever,97.0,0.0
2022-09-01,Zamboanga Peninsula,Typhoid Fever,88.0,0.0
2022-10-01,Zamboanga Peninsula,Typhoid Fever,71.0,0.0
2022-11-01,Zamboanga Peninsula,Typhoid Fever,73.0,0.0
2022-12-01,Zamboanga Peninsula,Typhoid Fever,42.0,0.0
2023-01-01,Zamboanga Peninsula,Typhoid Fever,79.0,0.0
2023-02-01,Zamboanga Peninsula,Typhoid Fever,72.0,0.0
2023-03-01,Zamboanga Peninsula,Typhoid Fever,62.0,0.0
2023-04-01,Zamboanga Peninsula,Typhoid Fever,103.0,0.0
2023-05-01,Zamboanga Peninsula,Typhoid Fever,138.0,0.0
2023-06-01,Zamboanga Peninsula,Typhoid Fever,125.0,0.0
2023-07-01,Zamboanga Peninsula,Typhoid Fever,153.0,0.0
2023-08-01,Zamboanga Peninsula,Typhoid Fever,159.0,0.0
2023-09-01,Zamboanga Peninsula,Typhoid Fever,167.0,0.0
2023-10-01,Zamboanga Peninsula,Typhoid Fever,174.0,0.0
2023-11-01,Zamboanga Peninsula,Typhoid Fever,137.0,0.0
2023-12-01,Zamboanga Peninsula,Typhoid Fever,111.0,1.0
2024-01-01,Zamboanga Peninsula,Typhoid Fever,136.0,0.0
2024-02-01,Zamboanga Peninsula,Typhoid Fever,94.0,0.0
2024-03-01,Zamboanga Peninsula,Typhoid Fever,109.0,1.0
2024-04-01,Zamboanga Peninsula,Typhoid Fever,183.0,0.0
2024-05-01,Zamboanga Peninsula,Typhoid Fever,132.0,0.0
2024-06-01,Zamboanga Peninsula,Typhoid Fever,183.0,1.0
2024-07-01,Zamboanga Peninsula,Typhoid Fever,216.0,0.0
2024-08-01,Zamboanga Peninsula,Typhoid Fever,213.0,0.0
2024-09-01,Zamboanga Peninsula,Typhoid Fever,211.0,1.0
2024-10-01,Zamboanga Peninsula,Typhoid Fever,241.0,0.0
2024-11-01,Zamboanga Peninsula,Typhoid Fever,156.0,0.0
2024-12-01,Zamboanga Peninsula,Typhoid Fever,74.0,0.0
2025-01-01,Zamboanga Peninsula,Typhoid Fever,202.0,7.0
2025-02-01,Zamboanga Peninsula,Typhoid Fever,194.0,3.0
2025-03-01,Zamboanga Peninsula,Typhoid Fever,174.0,1.0
2025-04-01,Zamboanga Peninsula,Typhoid Fever,161.0,0.0
2025-05-01,Zamboanga Peninsula,Typhoid Fever,185.0,0.0
2025-06-01,Zamboanga Peninsula,Typhoid Fever,167.0,0.0
2025-07-01,Zamboanga Peninsula,Typhoid Fever,159.0,1.0
2025-08-01,Zamboanga Peninsula,Typhoid Fever,120.0,0.0
2025-09-01,Zamboanga Peninsula,Typhoid Fever,114.0,0.0
2025-10-01,Zamboanga Peninsula,Typhoid Fever,102.0,1.0
2025-11-01,Zamboanga Peninsula,Typhoid Fever,7.0,0.0
2025-12-01,Zamboanga Peninsula,Typhoid Fever,21.0,0.0
2026-01-01,Zamboanga Peninsula,Typhoid Fever,56.0,0.0
2026-02-01,Zamboanga Peninsula,Typhoid Fever,88.0,0.0
2026-03-01,Zamboanga Peninsula,Typhoid Fever,90.0,1.0
2026-04-01,Zamboanga Peninsula,Typhoid Fever,69.0,0.0
2026-05-01,Zamboanga Peninsula,Typhoid Fever,75.0,0.0
2026-06-01,Zamboanga Peninsula,Typhoid Fever,95.0,0.0
2026-07-01,Zamboanga Peninsula,Typhoid Fever,71.0,0.0
2026-08-01,Zamboanga Peninsula,Typhoid Fever,58.0,0.0
2026-09-01,Zamboanga Peninsula,Typhoid Fever,50.0,0.0
