Year,Morbidity Month,Morbidity Week,Region,Province/Highly Urbanized Cities,Age Group,Sex,Case Classification,Admitted,Outcome,Total Cases
2018,1,1,REGION V (BICOL REGION),CATANDUANES,15-24,M,S,Y,A,1
2018,1,1,REGION V (BICOL REGION),MASBATE,15-24,F,S,Y,A,1
2018,1,1,REGION V (BICOL REGION),MASBATE,25-64,F,S,Y,A,1
2018,1,1,REGION V (BICOL REGION),MASBATE,25-64,M,S,Y,A,2
2018,1,1,REGION V (BICOL REGION),MASBATE,5-14,F,S,Y,A,1
2018,1,1,REGION V (BICOL REGION),SORSOGON,15-24,F,S,Y,A,2
2018,1,1,REGION V (BICOL REGION),SORSOGON,25-64,F,S,Y,A,2
2018,1,1,REGION V (BICOL REGION),SORSOGON,25-64,M,S,Y,A,1
2018,1,1,REGION V (BICOL REGION),SORSOGON,5-14,F,S,Y,A,1
2018,1,1,REGION V (BICOL REGION),SORSOGON,65+,M,S,Y,A,1
2018,1,1,REGION VIII (EASTERN VISAYAS),CITY OF TACLOBAN,65+,M,S,Y,A,1
2018,1,1,REGION X (NORTHERN MINDANAO),LANAO DEL NORTE,15-24,F,S,Y,A,2
2018,1,1,REGION X (NORTHERN MINDANAO),LANAO DEL NORTE,15-24,M,S,Y,A,1
2018,1,1,REGION X (NORTHERN MINDANAO),LANAO DEL NORTE,25-64,F,S,Y,A,2
2018,1,1,REGION X (NORTHERN MINDANAO),LANAO DEL NORTE,25-64,M,S,Y,A,2
2018,1,1,REGION X (NORTHERN MINDANAO),LANAO DEL NORTE,5-14,M,S,Y,A,1
2018,1,1,REGION XIII (CARAGA),AGUSAN DEL SUR,25-64,F,S,Y,A,1
2018,1,1,REGION XIII (CARAGA),DINAGAT ISLANDS,15-24,M,S,Y,A,1
2018,1,1,REGION XIII (CARAGA),DINAGAT ISLANDS,25-64,F,S,Y,A,1
2018,1,1,REGION XIII (CARAGA),DINAGAT ISLANDS,25-64,M,S,Y,A,1
2018,1,1,REGION XIII (CARAGA),DINAGAT ISLANDS,5-14,F,S,Y,A,1
2018,1,1,REGION XIII (CARAGA),DINAGAT ISLANDS,65+,M,S,Y,A,1
2018,1,1,REGION XIII (CARAGA),SURIGAO DEL SUR,15-24,F,S,Y,A,2
2018,1,1,REGION XIII (CARAGA),SURIGAO DEL SUR,15-24,M,S,Y,A,2
2018,1,1,REGION XIII (CARAGA),SURIGAO DEL SUR,25-64,F,S,Y,A,5
2018,1,1,REGION XIII (CARAGA),SURIGAO DEL SUR,25-64,M,S,Y,A,2
2018,1,1,REGION XIII (CARAGA),SURIGAO DEL SUR,5-14,F,S,Y,A,3
2018,1,1,REGION XIII (CARAGA),SURIGAO DEL SUR,5-14,M,S,Y,A,6
2018,1,1,REGION XIII (CARAGA),SURIGAO DEL SUR,65+,F,S,Y,A,2
2018,1,1,REGION XIII (CARAGA),SURIGAO DEL SUR,65+,M,S,Y,A,2
2018,1,2,REGION V (BICOL REGION),ALBAY,25-64,F,S,Y,A,2
2018,1,2,REGION V (BICOL REGION),ALBAY,5-14,F,S,Y,A,2
2018,1,2,REGION V (BICOL REGION),ALBAY,5-14,M,S,Y,A,1
2018,1,2,REGION V (BICOL REGION),CAMARINES NORTE,15-24,M,S,Y,A,1
2018,1,2,REGION V (BICOL REGION),CAMARINES NORTE,5-14,F,S,Y,A,1
2018,1,2,REGION V (BICOL REGION),CAMARINES NORTE,65+,F,S,Y,A,1
2018,1,2,REGION V (BICOL REGION),CATANDUANES,5-14,M,S,Y,A,1
2018,1,2,REGION V (BICOL REGION),MASBATE,15-24,F,S,Y,A,1
2018,1,2,REGION V (BICOL REGION),MASBATE,25-64,F,S,Y,A,2
2018,1,2,REGION V (BICOL REGION),MASBATE,25-64,M,S,Y,A,1
2018,1,2,REGION V (BICOL REGION),SORSOGON,15-24,F,S,Y,A,1
2018,1,2,REGION V (BICOL REGION),SORSOGON,25-64,F,S,Y,A,3
2018,1,2,REGION V (BICOL REGION),SORSOGON,25-64,M,S,Y,A,2
2018,1,2,REGION X (NORTHERN MINDANAO),LANAO DEL NORTE,25-64,F,S,Y,A,2
2018,1,2,REGION X (NORTHERN MINDANAO),LANAO DEL NORTE,25-64,M,S,Y,A,1
2018,1,2,REGION X (NORTHERN MINDANAO),LANAO DEL NORTE,5-14,M,S,Y,A,1
2018,1,2,REGION X (NORTHERN MINDANAO),LANAO DEL NORTE,65+,F,S,Y,A,1
2018,1,2,REGION XIII (CARAGA),DINAGAT ISLANDS,25-64,F,S,Y,A,1
2018,1,2,REGION XIII (CARAGA),SURIGAO DEL NORTE,15-24,F,S,Y,A,1
2018,1,2,REGION XIII (CARAGA),SURIGAO DEL NORTE,25-64,M,S,Y,A,1
2018,1,2,REGION XIII (CARAGA),SURIGAO DEL SUR,15-24,F,S,Y,A,1
2018,1,2,REGION XIII (CARAGA),SURIGAO DEL SUR,25-64,F,S,Y,A,2
2018,1,2,REGION XIII (CARAGA),SURIGAO DEL SUR,25-64,M,S,Y,A,2
2018,1,2,REGION XIII (CARAGA),SURIGAO DEL SUR,5-14,F,S,Y,A,3
2018,1,2,REGION XIII (CARAGA),SURIGAO DEL SUR,5-14,M,S,Y,A,1
2018,1,2,REGION XIII (CARAGA),SURIGAO DEL SUR,65+,F,S,Y,A,2
2018,1,3,REGION V (BICOL REGION),ALBAY,15-24,F,S,Y,A,1
2018,1,3,REGION V (BICOL REGION),ALBAY,15-24,M,S,Y,A,1
2018,1,3,REGION V (BICOL REGION),ALBAY,25-64,M,S,Y,A,2
2018,1,3,REGION V (BICOL REGION),ALBAY,5-14,F,S,Y,A,1
2018,1,3,REGION V (BICOL REGION),ALBAY,65+,F,S,Y,A,1
2018,1,3,REGION V (BICOL REGION),CAMARINES NORTE,15-24,F,S,Y,A,1
2018,1,3,REGION V (BICOL REGION),CAMARINES NORTE,25-64,F,S,Y,A,1
2018,1,3,REGION V (BICOL REGION),CAMARINES NORTE,25-64,M,S,Y,A,1
2018,1,3,REGION V (BICOL REGION),CAMARINES NORTE,5-14,M,S,Y,A,1
2018,1,3,REGION V (BICOL REGION),CAMARINES NORTE,65+,M,S,Y,A,1
2018,1,3,REGION V (BICOL REGION),CATANDUANES,5-14,M,S,Y,A,1
2018,1,3,REGION V (BICOL REGION),CATANDUANES,65+,F,S,Y,A,1
2018,1,3,REGION V (BICOL REGION),MASBATE,25-64,M,S,Y,A,1
2018,1,3,REGION V (BICOL REGION),SORSOGON,25-64,M,S,Y,A,1
2018,1,3,REGION V (BICOL REGION),SORSOGON,5-14,F,S,Y,A,2
2018,1,3,REGION XIII (CARAGA),DINAGAT ISLANDS,15-24,M,S,Y,A,1
2018,1,3,REGION XIII (CARAGA),DINAGAT ISLANDS,25-64,F,S,Y,A,1
2018,1,3,REGION XIII (CARAGA),DINAGAT ISLANDS,5-14,M,S,Y,A,1
2018,1,3,REGION XIII (CARAGA),DINAGAT ISLANDS,65+,F,S,Y,A,1
2018,1,3,REGION XIII (CARAGA),SURIGAO DEL NORTE,25-64,F,S,Y,A,1
2018,1,3,REGION XIII (CARAGA),SURIGAO DEL SUR,15-24,F,S,Y,A,1
2018,1,3,REGION XIII (CARAGA),SURIGAO DEL SUR,15-24,M,S,Y,A,1
2018,1,3,REGION XIII (CARAGA),SURIGAO DEL SUR,25-64,F,S,Y,A,3
2018,1,3,REGION XIII (CARAGA),SURIGAO DEL SUR,25-64,M,S,Y,A,4
2018,1,3,REGION XIII (CARAGA),SURIGAO DEL SUR,5-14,M,S,Y,A,1
2018,1,3,REGION XIII (CARAGA),SURIGAO DEL SUR,65+,F,S,Y,A,2
2018,1,3,REGION XIII (CARAGA),SURIGAO DEL SUR,65+,M,S,Y,A,1
2018,1,4,REGION IV-A (CALABARZON),QUEZON,5-14,M,S,Y,A,1
2018,1,4,REGION V (BICOL REGION),ALBAY,25-64,F,S,Y,A,1
2018,1,4,REGION V (BICOL REGION),ALBAY,5-14,F,S,Y,A,1
2018,1,4,REGION V (BICOL REGION),ALBAY,5-14,M,S,Y,A,1
2018,1,4,REGION V (BICOL REGION),ALBAY,65+,F,S,Y,A,1
2018,1,4,REGION V (BICOL REGION),ALBAY,65+,M,S,Y,A,1
2018,1,4,REGION V (BICOL REGION),CAMARINES NORTE,15-24,F,S,Y,A,1
2018,1,4,REGION V (BICOL REGION),CAMARINES NORTE,25-64,F,S,Y,A,1
2018,1,4,REGION V (BICOL REGION),CAMARINES NORTE,25-64,M,S,Y,A,1
2018,1,4,REGION V (BICOL REGION),CAMARINES NORTE,5-14,M,S,Y,A,1
2018,1,4,REGION V (BICOL REGION),CATANDUANES,5-14,F,S,Y,A,2
2018,1,4,REGION V (BICOL REGION),CATANDUANES,5-14,M,S,Y,A,1
2018,1,4,REGION V (BICOL REGION),MASBATE,15-24,F,S,Y,A,2
2018,1,4,REGION V (BICOL REGION),MASBATE,15-24,M,S,Y,A,1
2018,1,4,REGION V (BICOL REGION),MASBATE,25-64,F,S,Y,A,1
2018,1,4,REGION V (BICOL REGION),MASBATE,25-64,M,S,Y,A,4
2018,1,4,REGION V (BICOL REGION),MASBATE,5-14,F,S,Y,A,1
2018,1,4,REGION V (BICOL REGION),MASBATE,5-14,M,S,Y,A,3
2018,1,4,REGION V (BICOL REGION),MASBATE,5-14,M,S,Y,D,1
2018,1,4,REGION V (BICOL REGION),MASBATE,65+,F,S,Y,A,1
2018,1,4,REGION V (BICOL REGION),SORSOGON,15-24,M,S,Y,A,1
2018,1,4,REGION V (BICOL REGION),SORSOGON,25-64,F,S,Y,A,3
2018,1,4,REGION V (BICOL REGION),SORSOGON,5-14,M,S,Y,A,1
2018,1,4,REGION VII (CENTRAL VISAYAS),CEBU,15-24,M,C,Y,A,1
2018,1,4,REGION X (NORTHERN MINDANAO),LANAO DEL NORTE,5-14,M,S,Y,A,1
2018,1,4,REGION XI (DAVAO REGION),DAVAO DEL SUR,25-64,F,S,Y,A,3
2018,1,4,REGION XI (DAVAO REGION),DAVAO DEL SUR,25-64,M,S,Y,A,3
2018,1,4,REGION XI (DAVAO REGION),DAVAO DEL SUR,65+,F,S,Y,A,1
2018,1,4,REGION XIII (CARAGA),DINAGAT ISLANDS,5-14,F,S,Y,A,1
2018,1,4,REGION XIII (CARAGA),SURIGAO DEL SUR,15-24,F,S,Y,A,2
2018,1,4,REGION XIII (CARAGA),SURIGAO DEL SUR,15-24,M,S,Y,A,2
2018,1,4,REGION XIII (CARAGA),SURIGAO DEL SUR,25-64,F,S,Y,A,9
2018,1,4,REGION XIII (CARAGA),SURIGAO DEL SUR,25-64,M,S,Y,A,2
2018,1,4,REGION XIII (CARAGA),SURIGAO DEL SUR,5-14,F,S,Y,A,3
2018,1,4,REGION XIII (CARAGA),SURIGAO DEL SUR,5-14,M,S,Y,A,3
2018,1,4,REGION XIII (CARAGA),SURIGAO DEL SUR,65+,F,S,Y,A,1
2018,1,4,REGION XIII (CARAGA),SURIGAO DEL SUR,65+,M,S,Y,A,1
2018,1,5,REGION V (BICOL REGION),ALBAY,25-64,F,S,Y,A,1
2018,1,5,REGION V (BICOL REGION),ALBAY,25-64,M,S,Y,A,1
2018,1,5,REGION V (BICOL REGION),ALBAY,5-14,F,S,Y,A,2
2018,1,5,REGION V (BICOL REGION),ALBAY,5-14,M,S,Y,A,3
2018,1,5,REGION V (BICOL REGION),CAMARINES NORTE,25-64,M,S,Y,A,1
2018,1,5,REGION V (BICOL REGION),CAMARINES NORTE,65+,F,S,Y,A,1
2018,1,5,REGION V (BICOL REGION),CATANDUANES,15-24,M,S,Y,A,2
2018,1,5,REGION V (BICOL REGION),CATANDUANES,65+,F,S,Y,A,1
2018,1,5,REGION V (BICOL REGION),MASBATE,25-64,F,S,Y,A,1
2018,1,5,REGION V (BICOL REGION),MASBATE,65+,F,S,Y,A,2
2018,1,5,REGION V (BICOL REGION),SORSOGON,15-24,M,S,Y,A,1
2018,1,5,REGION V (BICOL REGION),SORSOGON,5-14,F,S,Y,A,1
2018,1,5,REGION V (BICOL REGION),SORSOGON,5-14,M,S,Y,A,2
2018,1,5,REGION V (BICOL REGION),SORSOGON,65+,F,S,Y,A,1
2018,1,5,REGION V (BICOL REGION),SORSOGON,65+,M,S,Y,A,1
2018,1,5,REGION X (NORTHERN MINDANAO),LANAO DEL NORTE,15-24,F,S,Y,A,1
2018,1,5,REGION X (NORTHERN MINDANAO),LANAO DEL NORTE,25-64,M,S,Y,A,1
2018,1,5,REGION X (NORTHERN MINDANAO),LANAO DEL NORTE,5-14,M,S,Y,A,1
2018,1,5,REGION X (NORTHERN MINDANAO),LANAO DEL NORTE,65+,F,S,Y,A,1
2018,1,5,REGION XIII (CARAGA),DINAGAT ISLANDS,25-64,F,S,Y,A,2
2018,1,5,REGION XIII (CARAGA),SURIGAO DEL NORTE,5-14,M,S,Y,A,1
2018,1,5,REGION XIII (CARAGA),SURIGAO DEL SUR,15-24,F,S,Y,A,3
2018,1,5,REGION XIII (CARAGA),SURIGAO DEL SUR,15-24,M,S,Y,A,3
2018,1,5,REGION XIII (CARAGA),SURIGAO DEL SUR,25-64,F,S,Y,A,4
2018,1,5,REGION XIII (CARAGA),SURIGAO DEL SUR,25-64,M,S,Y,A,2
2018,1,5,REGION XIII (CARAGA),SURIGAO DEL SUR,5-14,F,S,Y,A,2
2018,1,5,REGION XIII (CARAGA),SURIGAO DEL SUR,5-14,M,S,Y,A,2
2018,1,5,REGION XIII (CARAGA),SURIGAO DEL SUR,65+,F,S,Y,A,2
2018,2,5,NEGROS ISLAND REGION (NIR),NEGROS OCCIDENTAL,65+,F,C,Y,A,1
2018,2,5,REGION IV-A (CALABARZON),LAGUNA,25-64,M,S,Y,A,1
2018,2,5,REGION V (BICOL REGION),ALBAY,5-14,F,S,Y,A,1
2018,2,5,REGION V (BICOL REGION),MASBATE,15-24,M,S,Y,A,1
2018,2,5,REGION V (BICOL REGION),MASBATE,5-14,F,S,Y,A,1
2018,2,5,REGION V (BICOL REGION),MASBATE,65+,M,S,Y,A,1
2018,2,5,REGION X (NORTHERN MINDANAO),LANAO DEL NORTE,25-64,M,S,Y,A,1
2018,2,5,REGION XIII (CARAGA),DINAGAT ISLANDS,15-24,M,S,Y,A,1
2018,2,5,REGION XIII (CARAGA),DINAGAT ISLANDS,25-64,F,S,Y,A,1
2018,2,5,REGION XIII (CARAGA),SURIGAO DEL SUR,25-64,F,S,Y,A,2
2018,2,5,REGION XIII (CARAGA),SURIGAO DEL SUR,5-14,F,S,Y,A,1
2018,2,5,REGION XIII (CARAGA),SURIGAO DEL SUR,65+,F,S,Y,A,1
2018,2,6,BANGSAMORO AUTONOMOUS REGION IN MUSLIM MINDANAO (BARMM),LANAO DEL SUR,25-64,M,S,Y,A,1
2018,2,6,REGION V (BICOL REGION),ALBAY,15-24,M,S,Y,D,1
2018,2,6,REGION V (BICOL REGION),ALBAY,25-64,F,S,Y,A,3
2018,2,6,REGION V (BICOL REGION),ALBAY,5-14,F,S,Y,A,2
2018,2,6,REGION V (BICOL REGION),ALBAY,5-14,M,S,Y,A,1
2018,2,6,REGION V (BICOL REGION),ALBAY,65+,M,S,Y,A,1
2018,2,6,REGION V (BICOL REGION),CAMARINES NORTE,15-24,M,S,Y,A,1
2018,2,6,REGION V (BICOL REGION),CATANDUANES,15-24,F,S,Y,A,1
2018,2,6,REGION V (BICOL REGION),CATANDUANES,25-64,F,S,Y,A,1
2018,2,6,REGION V (BICOL REGION),CATANDUANES,5-14,M,S,Y,A,2
2018,2,6,REGION V (BICOL REGION),MASBATE,25-64,F,S,Y,A,4
2018,2,6,REGION V (BICOL REGION),MASBATE,5-14,M,S,Y,A,1
2018,2,6,REGION V (BICOL REGION),MASBATE,65+,F,S,Y,A,1
2018,2,6,REGION X (NORTHERN MINDANAO),LANAO DEL NORTE,25-64,M,S,Y,A,1
2018,2,6,REGION X (NORTHERN MINDANAO),LANAO DEL NORTE,5-14,F,S,Y,A,1
2018,2,6,REGION X (NORTHERN MINDANAO),LANAO DEL NORTE,5-14,M,S,Y,A,1
2018,2,6,REGION XI (DAVAO REGION),DAVAO DEL NORTE,15-24,F,S,Y,A,1
2018,2,6,REGION XIII (CARAGA),DINAGAT ISLANDS,25-64,F,S,Y,A,1
2018,2,6,REGION XIII (CARAGA),SURIGAO DEL NORTE,25-64,F,S,Y,A,1
2018,2,6,REGION XIII (CARAGA),SURIGAO DEL SUR,15-24,M,S,Y,A,3
2018,2,6,REGION XIII (CARAGA),SURIGAO DEL SUR,25-64,F,S,Y,A,9
2018,2,6,REGION XIII (CARAGA),SURIGAO DEL SUR,25-64,M,S,Y,A,2
2018,2,6,REGION XIII (CARAGA),SURIGAO DEL SUR,5-14,F,S,Y,A,4
2018,2,6,REGION XIII (CARAGA),SURIGAO DEL SUR,5-14,M,S,Y,A,3
2018,2,6,REGION XIII (CARAGA),SURIGAO DEL SUR,65+,F,S,Y,A,3
2018,2,6,REGION XIII (CARAGA),SURIGAO DEL SUR,65+,M,S,Y,A,2
2018,2,7,REGION V (BICOL REGION),ALBAY,65+,F,S,Y,A,1
2018,2,7,REGION V (BICOL REGION),CAMARINES NORTE,25-64,M,S,Y,A,1
2018,2,7,REGION V (BICOL REGION),CAMARINES NORTE,5-14,M,S,Y,A,1
2018,2,7,REGION V (BICOL REGION),CAMARINES NORTE,65+,M,S,Y,A,1
2018,2,7,REGION V (BICOL REGION),CATANDUANES,15-24,F,S,Y,A,1
2018,2,7,REGION V (BICOL REGION),CATANDUANES,25-64,M,S,Y,A,1
2018,2,7,REGION V (BICOL REGION),CATANDUANES,65+,M,S,Y,A,1
2018,2,7,REGION V (BICOL REGION),MASBATE,25-64,F,S,Y,A,2
2018,2,7,REGION V (BICOL REGION),MASBATE,25-64,M,S,Y,A,2
2018,2,7,REGION V (BICOL REGION),MASBATE,5-14,F,S,Y,A,1
2018,2,7,REGION V (BICOL REGION),MASBATE,5-14,M,S,Y,A,1
2018,2,7,REGION V (BICOL REGION),SORSOGON,25-64,F,S,Y,A,1
2018,2,7,REGION V (BICOL REGION),SORSOGON,65+,F,S,Y,A,1
2018,2,7,REGION X (NORTHERN MINDANAO),LANAO DEL NORTE,15-24,F,S,Y,A,1
2018,2,7,REGION X (NORTHERN MINDANAO),LANAO DEL NORTE,25-64,F,S,Y,A,4
2018,2,7,REGION X (NORTHERN MINDANAO),LANAO DEL NORTE,5-14,M,S,Y,A,2
2018,2,7,REGION X (NORTHERN MINDANAO),LANAO DEL NORTE,65+,F,S,Y,A,1
2018,2,7,REGION XI (DAVAO REGION),CITY OF DAVAO,15-24,F,C,Y,A,1
2018,2,7,REGION XI (DAVAO REGION),CITY OF DAVAO,25-64,F,S,Y,A,1
2018,2,7,REGION XIII (CARAGA),CITY OF BUTUAN,15-24,F,S,Y,A,1
2018,2,7,REGION XIII (CARAGA),CITY OF BUTUAN,25-64,M,S,Y,A,1
2018,2,7,REGION XIII (CARAGA),SURIGAO DEL NORTE,5-14,M,S,Y,A,1
2018,2,7,REGION XIII (CARAGA),SURIGAO DEL SUR,15-24,F,S,Y,A,1
2018,2,7,REGION XIII (CARAGA),SURIGAO DEL SUR,25-64,F,S,Y,A,3
2018,2,7,REGION XIII (CARAGA),SURIGAO DEL SUR,25-64,M,S,Y,A,3
2018,2,7,REGION XIII (CARAGA),SURIGAO DEL SUR,5-14,M,S,Y,A,1
2018,2,8,REGION V (BICOL REGION),CAMARINES NORTE,15-24,F,S,Y,A,1
2018,2,8,REGION V (BICOL REGION),CAMARINES NORTE,25-64,M,S,Y,A,3
2018,2,8,REGION V (BICOL REGION),CATANDUANES,25-64,F,S,Y,A,1
2018,2,8,REGION V (BICOL REGION),CATANDUANES,25-64,M,S,Y,A,1
2018,2,8,REGION V (BICOL REGION),MASBATE,15-24,F,S,Y,A,1
2018,2,8,REGION V (BICOL REGION),MASBATE,25-64,F,S,Y,A,3
2018,2,8,REGION V (BICOL REGION),MASBATE,25-64,M,S,Y,A,3
2018,2,8,REGION V (BICOL REGION),MASBATE,5-14,F,S,Y,A,3
2018,2,8,REGION V (BICOL REGION),MASBATE,5-14,M,S,Y,A,1
2018,2,8,REGION V (BICOL REGION),MASBATE,65+,F,S,Y,A,1
2018,2,8,REGION V (BICOL REGION),SORSOGON,15-24,M,S,Y,A,2
2018,2,8,REGION V (BICOL REGION),SORSOGON,25-64,F,S,Y,A,1
2018,2,8,REGION V (BICOL REGION),SORSOGON,5-14,M,S,Y,A,2
2018,2,8,REGION V (BICOL REGION),SORSOGON,65+,F,S,Y,A,1
2018,2,8,REGION V (BICOL REGION),SORSOGON,65+,M,S,Y,A,1
2018,2,8,REGION X (NORTHERN MINDANAO),LANAO DEL NORTE,25-64,F,S,Y,A,1
2018,2,8,REGION X (NORTHERN MINDANAO),LANAO DEL NORTE,25-64,M,S,Y,A,1
2018,2,8,REGION XIII (CARAGA),AGUSAN DEL NORTE,5-14,F,S,Y,A,1
2018,2,8,REGION XIII (CARAGA),CITY OF BUTUAN,25-64,F,S,Y,A,1
2018,2,8,REGION XIII (CARAGA),CITY OF BUTUAN,5-14,M,S,Y,A,1
2018,2,8,REGION XIII (CARAGA),SURIGAO DEL NORTE,15-24,F,S,Y,A,1
2018,2,8,REGION XIII (CARAGA),SURIGAO DEL NORTE,25-64,F,S,Y,A,1
2018,2,8,REGION XIII (CARAGA),SURIGAO DEL SUR,15-24,F,S,Y,A,3
2018,2,8,REGION XIII (CARAGA),SURIGAO DEL SUR,15-24,M,S,Y,A,2
2018,2,8,REGION XIII (CARAGA),SURIGAO DEL SUR,25-64,F,S,Y,A,5
2018,2,8,REGION XIII (CARAGA),SURIGAO DEL SUR,25-64,M,S,Y,A,1
2018,2,8,REGION XIII (CARAGA),SURIGAO DEL SUR,65+,F,S,Y,A,1
2018,2,9,REGION V (BICOL REGION),ALBAY,65+,M,S,Y,A,1
2018,2,9,REGION V (BICOL REGION),CAMARINES NORTE,15-24,M,S,Y,A,1
2018,2,9,REGION V (BICOL REGION),CAMARINES NORTE,25-64,F,S,Y,A,2
2018,2,9,REGION V (BICOL REGION),CAMARINES NORTE,5-14,M,S,Y,A,2
2018,2,9,REGION V (BICOL REGION),CATANDUANES,5-14,M,S,Y,A,1
2018,2,9,REGION V (BICOL REGION),CATANDUANES,65+,F,S,Y,A,1
2018,2,9,REGION V (BICOL REGION),MASBATE,25-64,F,S,Y,A,1
2018,2,9,REGION V (BICOL REGION),MASBATE,5-14,F,S,Y,A,2
2018,2,9,REGION V (BICOL REGION),MASBATE,5-14,M,S,Y,A,1
2018,2,9,REGION V (BICOL REGION),SORSOGON,25-64,F,S,Y,A,2
2018,2,9,REGION V (BICOL REGION),SORSOGON,5-14,F,S,Y,A,1
2018,2,9,REGION V (BICOL REGION),SORSOGON,5-14,M,S,Y,A,1
2018,2,9,REGION V (BICOL REGION),SORSOGON,65+,M,S,Y,A,1
2018,2,9,REGION X (NORTHERN MINDANAO),LANAO DEL NORTE,25-64,M,S,Y,A,1
2018,2,9,REGION XIII (CARAGA),AGUSAN DEL NORTE,25-64,F,S,Y,A,1
2018,2,9,REGION XIII (CARAGA),AGUSAN DEL NORTE,65+,F,S,Y,A,1
2018,2,9,REGION XIII (CARAGA),DINAGAT ISLANDS,15-24,F,S,Y,A,1
2018,2,9,REGION XIII (CARAGA),DINAGAT ISLANDS,25-64,F,S,Y,A,1
2018,2,9,REGION XIII (CARAGA),DINAGAT ISLANDS,25-64,M,S,Y,A,1
2018,2,9,REGION XIII (CARAGA),DINAGAT ISLANDS,65+,F,S,Y,A,1
2018,2,9,REGION XIII (CARAGA),SURIGAO DEL NORTE,5-14,F,S,Y,A,1
2018,2,9,REGION XIII (CARAGA),SURIGAO DEL NORTE,5-14,M,S,Y,A,3
2018,2,9,REGION XIII (CARAGA),SURIGAO DEL SUR,15-24,F,S,Y,A,1
2018,2,9,REGION XIII (CARAGA),SURIGAO DEL SUR,25-64,M,S,Y,A,2
2018,2,9,REGION XIII (CARAGA),SURIGAO DEL SUR,5-14,F,S,Y,A,1
2018,2,9,REGION XIII (CARAGA),SURIGAO DEL SUR,5-14,M,S,Y,A,2
2018,2,9,REGION XIII (CARAGA),SURIGAO DEL SUR,65+,F,S,Y,A,2
2018,2,9,REGION XIII (CARAGA),SURIGAO DEL SUR,65+,M,S,Y,A,1
2018,3,9,REGION V (BICOL REGION),CAMARINES NORTE,25-64,M,S,Y,A,2
2018,3,9,REGION V (BICOL REGION),MASBATE,25-64,F,S,Y,A,1
2018,3,9,REGION V (BICOL REGION),MASBATE,25-64,M,S,Y,A,2
2018,3,9,REGION V (BICOL REGION),MASBATE,5-14,F,S,Y,A,1
2018,3,9,REGION V (BICOL REGION),MASBATE,65+,F,S,Y,A,2
2018,3,9,REGION V (BICOL REGION),SORSOGON,25-64,F,S,Y,A,1
2018,3,9,REGION X (NORTHERN MINDANAO),LANAO DEL NORTE,25-64,M,S,Y,A,1
2018,3,9,REGION X (NORTHERN MINDANAO),LANAO DEL NORTE,5-14,M,S,Y,A,1
2018,3,9,REGION XIII (CARAGA),AGUSAN DEL NORTE,25-64,F,S,Y,A,1
2018,3,9,REGION XIII (CARAGA),CITY OF BUTUAN,25-64,M,S,Y,A,1
2018,3,9,REGION XIII (CARAGA),SURIGAO DEL NORTE,5-14,F,S,Y,A,1
2018,3,9,REGION XIII (CARAGA),SURIGAO DEL SUR,5-14,M,S,Y,A,2
2018,3,10,REGION V (BICOL REGION),ALBAY,65+,M,S,Y,A,1
2018,3,10,REGION V (BICOL REGION),CAMARINES NORTE,15-24,F,S,Y,A,1
2018,3,10,REGION V (BICOL REGION),CAMARINES NORTE,25-64,F,S,Y,A,2
2018,3,10,REGION V (BICOL REGION),CAMARINES NORTE,65+,F,S,Y,A,1
2018,3,10,REGION V (BICOL REGION),CATANDUANES,25-64,F,S,Y,A,2
2018,3,10,REGION V (BICOL REGION),CATANDUANES,5-14,F,S,Y,A,1
2018,3,10,REGION V (BICOL REGION),MASBATE,15-24,F,S,Y,A,1
2018,3,10,REGION V (BICOL REGION),MASBATE,25-64,M,S,Y,A,2
2018,3,10,REGION V (BICOL REGION),SORSOGON,25-64,M,S,Y,A,2
2018,3,10,REGION V (BICOL REGION),SORSOGON,5-14,F,S,Y,A,1
2018,3,10,REGION V (BICOL REGION),SORSOGON,5-14,M,S,Y,A,1
2018,3,10,REGION VIII (EASTERN VISAYAS),CITY OF TACLOBAN,5-14,F,S,Y,A,1
2018,3,10,REGION X (NORTHERN MINDANAO),LANAO DEL NORTE,25-64,M,S,Y,A,1
2018,3,10,REGION X (NORTHERN MINDANAO),LANAO DEL NORTE,5-14,F,S,Y,A,1
2018,3,10,REGION XIII (CARAGA),AGUSAN DEL NORTE,25-64,F,S,Y,A,1
2018,3,10,REGION XIII (CARAGA),CITY OF BUTUAN,15-24,M,S,Y,A,1
2018,3,10,REGION XIII (CARAGA),CITY OF BUTUAN,25-64,M,S,Y,A,1
2018,3,10,REGION XIII (CARAGA),DINAGAT ISLANDS,25-64,M,S,Y,A,1
2018,3,10,REGION XIII (CARAGA),SURIGAO DEL NORTE,15-24,M,S,Y,A,1
2018,3,10,REGION XIII (CARAGA),SURIGAO DEL NORTE,65+,M,S,Y,A,1
2018,3,10,REGION XIII (CARAGA),SURIGAO DEL SUR,15-24,F,S,Y,A,3
2018,3,10,REGION XIII (CARAGA),SURIGAO DEL SUR,15-24,M,S,Y,A,1
2018,3,10,REGION XIII (CARAGA),SURIGAO DEL SUR,25-64,F,S,Y,A,3
2018,3,10,REGION XIII (CARAGA),SURIGAO DEL SUR,25-64,M,S,Y,A,1
2018,3,10,REGION XIII (CARAGA),SURIGAO DEL SUR,5-14,F,S,Y,A,3
2018,3,10,REGION XIII (CARAGA),SURIGAO DEL SUR,5-14,M,S,Y,A,3
2018,3,10,REGION XIII (CARAGA),SURIGAO DEL SUR,65+,F,S,Y,A,1
2018,3,10,REGION XIII (CARAGA),SURIGAO DEL SUR,65+,M,S,Y,A,1
2018,3,11,REGION V (BICOL REGION),CAMARINES NORTE,5-14,M,S,Y,A,1
2018,3,11,REGION V (BICOL REGION),CATANDUANES,25-64,F,S,Y,A,2
2018,3,11,REGION V (BICOL REGION),MASBATE,15-24,F,S,Y,A,1
2018,3,11,REGION V (BICOL REGION),MASBATE,15-24,M,S,Y,A,1
2018,3,11,REGION V (BICOL REGION),MASBATE,25-64,F,S,Y,A,2
2018,3,11,REGION V (BICOL REGION),MASBATE,25-64,M,S,Y,A,2
2018,3,11,REGION V (BICOL REGION),MASBATE,5-14,F,S,Y,A,1
2018,3,11,REGION V (BICOL REGION),MASBATE,65+,F,S,Y,A,1
2018,3,11,REGION V (BICOL REGION),MASBATE,65+,M,S,Y,D,1
2018,3,11,REGION V (BICOL REGION),SORSOGON,15-24,M,S,Y,A,1
2018,3,11,REGION V (BICOL REGION),SORSOGON,25-64,F,S,Y,A,1
2018,3,11,REGION V (BICOL REGION),SORSOGON,25-64,M,S,Y,A,2
2018,3,11,REGION V (BICOL REGION),SORSOGON,5-14,M,S,Y,A,1
2018,3,11,REGION XI (DAVAO REGION),DAVAO DEL SUR,5-14,M,S,Y,A,1
2018,3,11,REGION XIII (CARAGA),AGUSAN DEL NORTE,25-64,F,S,Y,A,1
2018,3,11,REGION XIII (CARAGA),DINAGAT ISLANDS,25-64,F,S,Y,A,1
2018,3,11,REGION XIII (CARAGA),SURIGAO DEL NORTE,25-64,M,S,Y,A,1
2018,3,11,REGION XIII (CARAGA),SURIGAO DEL NORTE,5-14,M,S,Y,A,1
2018,3,11,REGION XIII (CARAGA),SURIGAO DEL SUR,15-24,M,S,Y,A,2
2018,3,11,REGION XIII (CARAGA),SURIGAO DEL SUR,25-64,F,S,Y,A,2
2018,3,11,REGION XIII (CARAGA),SURIGAO DEL SUR,25-64,M,S,Y,A,1
2018,3,11,REGION XIII (CARAGA),SURIGAO DEL SUR,5-14,F,S,Y,A,3
2018,3,11,REGION XIII (CARAGA),SURIGAO DEL SUR,5-14,M,S,Y,A,2
2018,3,12,REGION V (BICOL REGION),ALBAY,5-14,M,S,Y,A,1
2018,3,12,REGION V (BICOL REGION),CAMARINES NORTE,5-14,M,S,Y,A,1
2018,3,12,REGION V (BICOL REGION),CAMARINES SUR,5-14,F,S,Y,A,1
2018,3,12,REGION V (BICOL REGION),CATANDUANES,25-64,M,S,Y,A,1
2018,3,12,REGION V (BICOL REGION),CATANDUANES,65+,F,S,Y,A,1
2018,3,12,REGION V (BICOL REGION),MASBATE,25-64,M,S,Y,A,1
2018,3,12,REGION V (BICOL REGION),MASBATE,5-14,M,S,Y,A,1
2018,3,12,REGION V (BICOL REGION),SORSOGON,5-14,M,S,Y,A,1
2018,3,12,REGION V (BICOL REGION),SORSOGON,65+,F,S,Y,A,1
2018,3,12,REGION V (BICOL REGION),SORSOGON,65+,M,S,Y,A,1
2018,3,12,REGION XIII (CARAGA),AGUSAN DEL NORTE,25-64,F,S,Y,A,1
2018,3,12,REGION XIII (CARAGA),CITY OF BUTUAN,15-24,F,S,Y,A,1
2018,3,12,REGION XIII (CARAGA),CITY OF BUTUAN,65+,M,S,Y,A,1
2018,3,12,REGION XIII (CARAGA),DINAGAT ISLANDS,25-64,M,S,Y,A,1
2018,3,12,REGION XIII (CARAGA),SURIGAO DEL NORTE,15-24,F,S,Y,A,2
2018,3,12,REGION XIII (CARAGA),SURIGAO DEL NORTE,5-14,F,S,Y,A,2
2018,3,12,REGION XIII (CARAGA),SURIGAO DEL NORTE,5-14,M,S,Y,A,2
2018,3,12,REGION XIII (CARAGA),SURIGAO DEL SUR,15-24,F,S,Y,A,2
2018,3,12,REGION XIII (CARAGA),SURIGAO DEL SUR,15-24,M,S,Y,A,3
2018,3,12,REGION XIII (CARAGA),SURIGAO DEL SUR,25-64,F,S,Y,A,4
2018,3,12,REGION XIII (CARAGA),SURIGAO DEL SUR,25-64,M,S,Y,A,4
2018,3,12,REGION XIII (CARAGA),SURIGAO DEL SUR,5-14,F,S,Y,A,3
2018,3,12,REGION XIII (CARAGA),SURIGAO DEL SUR,5-14,M,S,Y,A,5
2018,3,12,REGION XIII (CARAGA),SURIGAO DEL SUR,65+,F,S,Y,A,2
2018,3,12,REGION XIII (CARAGA),SURIGAO DEL SUR,65+,M,S,Y,A,1
2018,3,13,REGION V (BICOL REGION),ALBAY,25-64,F,S,Y,A,1
2018,3,13,REGION V (BICOL REGION),CAMARINES NORTE,25-64,F,S,Y,A,1
2018,3,13,REGION V (BICOL REGION),CAMARINES NORTE,65+,F,S,Y,A,2
2018,3,13,REGION V (BICOL REGION),CATANDUANES,15-24,F,S,Y,A,1
2018,3,13,REGION V (BICOL REGION),CATANDUANES,25-64,F,S,Y,A,1
2018,3,13,REGION V (BICOL REGION),CATANDUANES,5-14,F,S,Y,A,2
2018,3,13,REGION V (BICOL REGION),MASBATE,15-24,M,S,Y,A,2
2018,3,13,REGION V (BICOL REGION),MASBATE,5-14,M,S,Y,A,2
2018,3,13,REGION V (BICOL REGION),SORSOGON,15-24,F,S,Y,A,1
2018,3,13,REGION V (BICOL REGION),SORSOGON,15-24,M,S,Y,A,1
2018,3,13,REGION V (BICOL REGION),SORSOGON,25-64,M,S,Y,A,1
2018,3,13,REGION XIII (CARAGA),AGUSAN DEL NORTE,15-24,F,S,Y,A,1
2018,3,13,REGION XIII (CARAGA),AGUSAN DEL NORTE,25-64,M,S,Y,A,1
2018,3,13,REGION XIII (CARAGA),AGUSAN DEL NORTE,5-14,M,S,Y,A,1
2018,3,13,REGION XIII (CARAGA),CITY OF BUTUAN,15-24,M,S,Y,A,1
2018,3,13,REGION XIII (CARAGA),CITY OF BUTUAN,25-64,F,S,Y,A,1
2018,3,13,REGION XIII (CARAGA),DINAGAT ISLANDS,25-64,F,S,Y,A,1
2018,3,13,REGION XIII (CARAGA),SURIGAO DEL SUR,15-24,F,S,Y,A,1
2018,3,13,REGION XIII (CARAGA),SURIGAO DEL SUR,15-24,M,S,Y,A,1
2018,3,13,REGION XIII (CARAGA),SURIGAO DEL SUR,25-64,F,S,Y,A,6
2018,3,13,REGION XIII (CARAGA),SURIGAO DEL SUR,5-14,F,S,Y,A,3
2018,3,13,REGION XIII (CARAGA),SURIGAO DEL SUR,5-14,M,S,Y,A,2
2018,3,13,REGION XIII (CARAGA),SURIGAO DEL SUR,65+,F,S,Y,A,1
2018,3,13,REGION XIII (CARAGA),SURIGAO DEL SUR,65+,M,S,Y,A,1
2018,3,14,REGION V (BICOL REGION),MASBATE,25-64,M,S,Y,A,2
2018,3,14,REGION V (BICOL REGION),MASBATE,5-14,F,S,Y,A,1
2018,3,14,REGION XIII (CARAGA),AGUSAN DEL NORTE,15-24,M,S,Y,A,1
2018,3,14,REGION XIII (CARAGA),AGUSAN DEL NORTE,65+,M,S,Y,A,1
2018,3,14,REGION XIII (CARAGA),SURIGAO DEL SUR,25-64,M,S,Y,A,1
2018,3,14,REGION XIII (CARAGA),SURIGAO DEL SUR,5-14,F,S,Y,A,1
2018,3,14,REGION XIII (CARAGA),SURIGAO DEL SUR,5-14,M,S,Y,A,1
2018,3,14,REGION XIII (CARAGA),SURIGAO DEL SUR,65+,M,S,Y,A,1
2018,4,14,REGION V (BICOL REGION),CAMARINES NORTE,15-24,M,S,Y,A,1
2018,4,14,REGION V (BICOL REGION),CAMARINES NORTE,25-64,M,S,Y,A,2
2018,4,14,REGION V (BICOL REGION),CAMARINES NORTE,5-14,F,S,Y,A,1
2018,4,14,REGION V (BICOL REGION),CAMARINES NORTE,5-14,M,S,Y,A,1
2018,4,14,REGION V (BICOL REGION),CATANDUANES,25-64,F,S,Y,A,1
2018,4,14,REGION V (BICOL REGION),CATANDUANES,25-64,M,S,Y,A,1
2018,4,14,REGION V (BICOL REGION),CATANDUANES,5-14,F,S,Y,A,1
2018,4,14,REGION V (BICOL REGION),CATANDUANES,5-14,M,S,Y,A,1
2018,4,14,REGION V (BICOL REGION),CATANDUANES,65+,F,S,Y,A,1
2018,4,14,REGION V (BICOL REGION),MASBATE,65+,F,S,Y,A,1
2018,4,14,REGION V (BICOL REGION),MASBATE,65+,M,S,Y,A,1
2018,4,14,REGION V (BICOL REGION),SORSOGON,15-24,M,S,Y,A,1
2018,4,14,REGION V (BICOL REGION),SORSOGON,25-64,F,S,Y,A,3
2018,4,14,REGION V (BICOL REGION),SORSOGON,25-64,M,S,Y,A,1
2018,4,14,REGION V (BICOL REGION),SORSOGON,5-14,F,S,Y,A,1
2018,4,14,REGION V (BICOL REGION),SORSOGON,5-14,M,S,Y,A,2
2018,4,14,REGION V (BICOL REGION),SORSOGON,65+,M,S,Y,A,1
2018,4,14,REGION XIII (CARAGA),SURIGAO DEL NORTE,5-14,M,S,Y,A,1
2018,4,14,REGION XIII (CARAGA),SURIGAO DEL SUR,25-64,F,S,Y,A,1
2018,4,14,REGION XIII (CARAGA),SURIGAO DEL SUR,25-64,M,S,Y,A,2
2018,4,14,REGION XIII (CARAGA),SURIGAO DEL SUR,65+,F,S,Y,A,1
2018,4,15,REGION IV-A (CALABARZON),CAVITE,15-24,F,S,Y,A,1
2018,4,15,REGION IV-A (CALABARZON),CAVITE,15-24,M,S,Y,A,1
2018,4,15,REGION V (BICOL REGION),CAMARINES NORTE,5-14,M,S,Y,A,2
2018,4,15,REGION V (BICOL REGION),CATANDUANES,25-64,M,S,Y,A,1
2018,4,15,REGION V (BICOL REGION),CATANDUANES,5-14,M,S,Y,A,1
2018,4,15,REGION V (BICOL REGION),MASBATE,25-64,F,S,Y,A,1
2018,4,15,REGION V (BICOL REGION),MASBATE,25-64,M,S,Y,A,1
2018,4,15,REGION V (BICOL REGION),MASBATE,5-14,F,S,Y,A,1
2018,4,15,REGION V (BICOL REGION),MASBATE,65+,F,S,Y,A,2
2018,4,15,REGION V (BICOL REGION),SORSOGON,15-24,M,S,Y,A,1
2018,4,15,REGION V (BICOL REGION),SORSOGON,25-64,F,S,Y,A,1
2018,4,15,REGION V (BICOL REGION),SORSOGON,25-64,M,S,Y,A,1
2018,4,15,REGION V (BICOL REGION),SORSOGON,5-14,M,S,Y,A,1
2018,4,15,REGION V (BICOL REGION),SORSOGON,65+,M,S,Y,A,1
2018,4,15,REGION VII (CENTRAL VISAYAS),CITY OF CEBU,5-14,M,S,Y,A,1
2018,4,15,REGION X (NORTHERN MINDANAO),MISAMIS OCCIDENTAL,25-64,M,S,Y,A,1
2018,4,15,REGION XIII (CARAGA),DINAGAT ISLANDS,15-24,F,S,Y,A,1
2018,4,15,REGION XIII (CARAGA),DINAGAT ISLANDS,25-64,M,S,Y,A,1
2018,4,15,REGION XIII (CARAGA),SURIGAO DEL NORTE,5-14,F,S,Y,A,1
2018,4,15,REGION XIII (CARAGA),SURIGAO DEL SUR,25-64,F,S,Y,A,3
2018,4,15,REGION XIII (CARAGA),SURIGAO DEL SUR,25-64,M,S,Y,A,1
2018,4,15,REGION XIII (CARAGA),SURIGAO DEL SUR,5-14,F,S,Y,A,1
2018,4,15,REGION XIII (CARAGA),SURIGAO DEL SUR,65+,F,S,Y,A,2
2018,4,16,REGION V (BICOL REGION),CAMARINES NORTE,25-64,F,S,Y,A,1
2018,4,16,REGION V (BICOL REGION),CAMARINES NORTE,5-14,M,S,Y,A,1
2018,4,16,REGION V (BICOL REGION),CATANDUANES,15-24,F,S,Y,A,1
2018,4,16,REGION V (BICOL REGION),CATANDUANES,25-64,F,S,Y,A,1
2018,4,16,REGION V (BICOL REGION),MASBATE,15-24,F,S,Y,A,1
2018,4,16,REGION V (BICOL REGION),MASBATE,15-24,M,S,Y,A,1
2018,4,16,REGION V (BICOL REGION),MASBATE,25-64,F,S,Y,A,3
2018,4,16,REGION V (BICOL REGION),MASBATE,65+,F,S,Y,A,2
2018,4,16,REGION V (BICOL REGION),SORSOGON,15-24,M,S,Y,A,1
2018,4,16,REGION V (BICOL REGION),SORSOGON,25-64,F,S,Y,A,1
2018,4,16,REGION V (BICOL REGION),SORSOGON,25-64,M,S,Y,A,1
2018,4,16,REGION V (BICOL REGION),SORSOGON,65+,F,S,Y,A,1
2018,4,16,REGION X (NORTHERN MINDANAO),LANAO DEL NORTE,25-64,F,S,Y,A,1
2018,4,16,REGION X (NORTHERN MINDANAO),LANAO DEL NORTE,25-64,M,S,Y,A,1
2018,4,16,REGION X (NORTHERN MINDANAO),LANAO DEL NORTE,5-14,M,S,Y,A,1
2018,4,16,REGION X (NORTHERN MINDANAO),MISAMIS ORIENTAL,15-24,F,S,Y,A,2
2018,4,16,REGION X (NORTHERN MINDANAO),MISAMIS ORIENTAL,15-24,M,S,Y,A,2
2018,4,16,REGION X (NORTHERN MINDANAO),MISAMIS ORIENTAL,25-64,F,S,Y,A,1
2018,4,16,REGION X (NORTHERN MINDANAO),MISAMIS ORIENTAL,25-64,M,S,Y,A,2
2018,4,16,REGION X (NORTHERN MINDANAO),MISAMIS ORIENTAL,5-14,F,C,Y,A,1
2018,4,16,REGION X (NORTHERN MINDANAO),MISAMIS ORIENTAL,5-14,F,S,Y,A,4
2018,4,16,REGION X (NORTHERN MINDANAO),MISAMIS ORIENTAL,5-14,M,S,Y,A,2
2018,4,16,REGION XIII (CARAGA),SURIGAO DEL NORTE,15-24,F,S,Y,A,1
2018,4,16,REGION XIII (CARAGA),SURIGAO DEL NORTE,25-64,M,S,Y,A,1
2018,4,16,REGION XIII (CARAGA),SURIGAO DEL NORTE,5-14,F,S,Y,A,1
2018,4,16,REGION XIII (CARAGA),SURIGAO DEL SUR,25-64,M,S,Y,A,1
2018,4,16,REGION XIII (CARAGA),SURIGAO DEL SUR,5-14,F,S,Y,A,3
2018,4,16,REGION XIII (CARAGA),SURIGAO DEL SUR,65+,M,S,Y,A,2
2018,4,17,REGION V (BICOL REGION),ALBAY,5-14,M,S,Y,A,1
2018,4,17,REGION V (BICOL REGION),CAMARINES NORTE,15-24,F,S,Y,A,1
2018,4,17,REGION V (BICOL REGION),CAMARINES NORTE,15-24,M,S,Y,A,1
2018,4,17,REGION V (BICOL REGION),CAMARINES NORTE,25-64,F,S,Y,A,1
2018,4,17,REGION V (BICOL REGION),CAMARINES NORTE,5-14,M,S,Y,A,1
2018,4,17,REGION V (BICOL REGION),CAMARINES NORTE,65+,F,S,Y,A,1
2018,4,17,REGION V (BICOL REGION),CATANDUANES,25-64,F,S,Y,A,1
2018,4,17,REGION V (BICOL REGION),CATANDUANES,25-64,M,S,Y,A,1
2018,4,17,REGION V (BICOL REGION),CATANDUANES,5-14,F,S,Y,A,1
2018,4,17,REGION V (BICOL REGION),CATANDUANES,65+,F,S,Y,A,1
2018,4,17,REGION V (BICOL REGION),SORSOGON,25-64,F,S,Y,A,1
2018,4,17,REGION V (BICOL REGION),SORSOGON,25-64,M,S,Y,A,1
2018,4,17,REGION V (BICOL REGION),SORSOGON,5-14,F,S,Y,A,2
2018,4,17,REGION V (BICOL REGION),SORSOGON,5-14,M,S,Y,A,1
2018,4,17,REGION X (NORTHERN MINDANAO),MISAMIS ORIENTAL,15-24,F,S,Y,A,4
2018,4,17,REGION X (NORTHERN MINDANAO),MISAMIS ORIENTAL,25-64,M,S,Y,A,1
2018,4,17,REGION X (NORTHERN MINDANAO),MISAMIS ORIENTAL,5-14,F,S,Y,A,2
2018,4,17,REGION X (NORTHERN MINDANAO),MISAMIS ORIENTAL,5-14,M,S,Y,A,5
2018,4,17,REGION XIII (CARAGA),DINAGAT ISLANDS,5-14,F,S,Y,A,1
2018,4,17,REGION XIII (CARAGA),SURIGAO DEL SUR,15-24,F,S,Y,A,1
2018,4,17,REGION XIII (CARAGA),SURIGAO DEL SUR,25-64,F,S,Y,A,3
2018,4,17,REGION XIII (CARAGA),SURIGAO DEL SUR,25-64,M,S,Y,A,3
2018,4,17,REGION XIII (CARAGA),SURIGAO DEL SUR,5-14,M,S,Y,A,2
2018,4,17,REGION XIII (CARAGA),SURIGAO DEL SUR,65+,F,S,Y,A,3
2018,4,17,REGION XIII (CARAGA),SURIGAO DEL SUR,65+,M,S,Y,A,1
2018,4,18,REGION V (BICOL REGION),CAMARINES NORTE,15-24,M,S,Y,A,1
2018,4,18,REGION V (BICOL REGION),MASBATE,15-24,F,S,Y,A,1
2018,4,18,REGION V (BICOL REGION),MASBATE,25-64,F,S,Y,A,1
2018,4,18,REGION V (BICOL REGION),SORSOGON,25-64,M,S,Y,A,1
2018,4,18,REGION XIII (CARAGA),DINAGAT ISLANDS,25-64,F,S,Y,A,1
2018,4,18,REGION XIII (CARAGA),SURIGAO DEL SUR,15-24,F,S,Y,A,1
2018,4,18,REGION XIII (CARAGA),SURIGAO DEL SUR,15-24,M,S,Y,A,1
2018,4,18,REGION XIII (CARAGA),SURIGAO DEL SUR,25-64,F,S,Y,A,1
2018,4,18,REGION XIII (CARAGA),SURIGAO DEL SUR,5-14,F,S,Y,A,1
2018,5,18,REGION V (BICOL REGION),CAMARINES NORTE,15-24,F,S,Y,A,1
2018,5,18,REGION V (BICOL REGION),CATANDUANES,5-14,F,S,Y,A,1
2018,5,18,REGION V (BICOL REGION),MASBATE,15-24,F,S,Y,A,2
2018,5,18,REGION V (BICOL REGION),MASBATE,25-64,F,S,Y,A,2
2018,5,18,REGION V (BICOL REGION),MASBATE,25-64,M,S,Y,A,1
2018,5,18,REGION V (BICOL REGION),SORSOGON,25-64,F,S,Y,A,1
2018,5,18,REGION V (BICOL REGION),SORSOGON,5-14,M,S,Y,A,1
2018,5,18,REGION V (BICOL REGION),SORSOGON,65+,F,S,Y,A,1
2018,5,18,REGION XIII (CARAGA),DINAGAT ISLANDS,25-64,M,S,Y,A,1
2018,5,18,REGION XIII (CARAGA),SURIGAO DEL NORTE,25-64,F,S,Y,A,1
2018,5,18,REGION XIII (CARAGA),SURIGAO DEL NORTE,65+,F,S,Y,A,1
2018,5,18,REGION XIII (CARAGA),SURIGAO DEL SUR,25-64,F,S,Y,A,2
2018,5,18,REGION XIII (CARAGA),SURIGAO DEL SUR,25-64,M,S,Y,A,3
2018,5,18,REGION XIII (CARAGA),SURIGAO DEL SUR,5-14,F,S,Y,A,1
2018,5,18,REGION XIII (CARAGA),SURIGAO DEL SUR,5-14,M,S,Y,A,1
2018,5,18,REGION XIII (CARAGA),SURIGAO DEL SUR,65+,F,S,Y,A,3
2018,5,19,REGION V (BICOL REGION),CAMARINES NORTE,25-64,F,S,Y,A,1
2018,5,19,REGION V (BICOL REGION),CAMARINES NORTE,25-64,M,S,Y,A,1
2018,5,19,REGION V (BICOL REGION),CAMARINES NORTE,5-14,F,S,Y,A,1
2018,5,19,REGION V (BICOL REGION),CATANDUANES,25-64,F,S,Y,A,3
2018,5,19,REGION V (BICOL REGION),CATANDUANES,5-14,F,S,Y,A,1
2018,5,19,REGION V (BICOL REGION),CATANDUANES,5-14,M,S,Y,A,1
2018,5,19,REGION V (BICOL REGION),CATANDUANES,65+,M,S,Y,A,1
2018,5,19,REGION V (BICOL REGION),MASBATE,15-24,F,S,Y,A,1
2018,5,19,REGION V (BICOL REGION),MASBATE,65+,F,S,Y,A,1
2018,5,19,REGION V (BICOL REGION),SORSOGON,5-14,F,S,Y,A,1
2018,5,19,REGION X (NORTHERN MINDANAO),LANAO DEL NORTE,25-64,F,S,Y,A,1
2018,5,19,REGION X (NORTHERN MINDANAO),MISAMIS OCCIDENTAL,15-24,F,S,Y,A,1
2018,5,19,REGION X (NORTHERN MINDANAO),MISAMIS OCCIDENTAL,15-24,M,S,Y,A,1
2018,5,19,REGION X (NORTHERN MINDANAO),MISAMIS OCCIDENTAL,25-64,F,S,Y,A,1
2018,5,19,REGION X (NORTHERN MINDANAO),MISAMIS OCCIDENTAL,25-64,M,S,Y,A,2
2018,5,19,REGION XIII (CARAGA),CITY OF BUTUAN,15-24,F,S,Y,A,1
2018,5,19,REGION XIII (CARAGA),CITY OF BUTUAN,5-14,F,S,Y,A,1
2018,5,19,REGION XIII (CARAGA),DINAGAT ISLANDS,15-24,F,S,Y,A,1
2018,5,19,REGION XIII (CARAGA),DINAGAT ISLANDS,25-64,M,S,Y,A,1
2018,5,19,REGION XIII (CARAGA),DINAGAT ISLANDS,5-14,M,S,Y,A,1
2018,5,19,REGION XIII (CARAGA),SURIGAO DEL NORTE,65+,F,S,Y,A,1
2018,5,19,REGION XIII (CARAGA),SURIGAO DEL SUR,15-24,M,S,Y,A,2
2018,5,19,REGION XIII (CARAGA),SURIGAO DEL SUR,25-64,F,S,Y,A,4
2018,5,19,REGION XIII (CARAGA),SURIGAO DEL SUR,25-64,M,S,Y,A,1
2018,5,19,REGION XIII (CARAGA),SURIGAO DEL SUR,5-14,F,S,Y,A,1
2018,5,19,REGION XIII (CARAGA),SURIGAO DEL SUR,5-14,M,S,Y,A,3
2018,5,20,REGION V (BICOL REGION),CAMARINES NORTE,25-64,M,S,Y,A,3
2018,5,20,REGION V (BICOL REGION),CAMARINES NORTE,65+,F,S,Y,A,1
2018,5,20,REGION V (BICOL REGION),CAMARINES NORTE,65+,M,S,Y,A,1
2018,5,20,REGION V (BICOL REGION),CAMARINES SUR,5-14,M,S,Y,A,1
2018,5,20,REGION V (BICOL REGION),CATANDUANES,15-24,F,S,Y,A,2
2018,5,20,REGION V (BICOL REGION),CATANDUANES,15-24,M,S,Y,A,2
2018,5,20,REGION V (BICOL REGION),CATANDUANES,25-64,F,S,Y,A,1
2018,5,20,REGION V (BICOL REGION),CATANDUANES,25-64,M,S,Y,A,1
2018,5,20,REGION V (BICOL REGION),CATANDUANES,65+,F,S,Y,A,2
2018,5,20,REGION V (BICOL REGION),MASBATE,15-24,F,S,Y,A,1
2018,5,20,REGION V (BICOL REGION),MASBATE,25-64,M,S,Y,A,1
2018,5,20,REGION V (BICOL REGION),SORSOGON,25-64,F,S,Y,A,1
2018,5,20,REGION V (BICOL REGION),SORSOGON,25-64,M,S,Y,A,1
2018,5,20,REGION V (BICOL REGION),SORSOGON,5-14,F,S,Y,A,1
2018,5,20,REGION V (BICOL REGION),SORSOGON,5-14,M,S,Y,A,3
2018,5,20,REGION X (NORTHERN MINDANAO),MISAMIS OCCIDENTAL,15-24,F,S,Y,A,1
2018,5,20,REGION X (NORTHERN MINDANAO),MISAMIS OCCIDENTAL,15-24,M,S,Y,A,1
2018,5,20,REGION X (NORTHERN MINDANAO),MISAMIS OCCIDENTAL,25-64,M,S,Y,A,1
2018,5,20,REGION XIII (CARAGA),AGUSAN DEL NORTE,15-24,F,S,Y,A,1
2018,5,20,REGION XIII (CARAGA),AGUSAN DEL NORTE,15-24,M,S,Y,A,1
2018,5,20,REGION XIII (CARAGA),AGUSAN DEL NORTE,5-14,F,S,Y,A,1
2018,5,20,REGION XIII (CARAGA),DINAGAT ISLANDS,25-64,M,S,Y,A,1
2018,5,20,REGION XIII (CARAGA),SURIGAO DEL NORTE,15-24,F,S,Y,A,2
2018,5,20,REGION XIII (CARAGA),SURIGAO DEL NORTE,15-24,M,S,Y,A,1
2018,5,20,REGION XIII (CARAGA),SURIGAO DEL SUR,15-24,F,S,Y,A,3
2018,5,20,REGION XIII (CARAGA),SURIGAO DEL SUR,15-24,M,S,Y,A,1
2018,5,20,REGION XIII (CARAGA),SURIGAO DEL SUR,25-64,F,C,Y,A,1
2018,5,20,REGION XIII (CARAGA),SURIGAO DEL SUR,25-64,F,S,Y,A,1
2018,5,20,REGION XIII (CARAGA),SURIGAO DEL SUR,25-64,M,S,Y,A,1
2018,5,20,REGION XIII (CARAGA),SURIGAO DEL SUR,5-14,F,S,Y,A,2
2018,5,20,REGION XIII (CARAGA),SURIGAO DEL SUR,5-14,M,S,Y,A,3
2018,5,20,REGION XIII (CARAGA),SURIGAO DEL SUR,65+,F,S,Y,A,1
2018,5,20,REGION XIII (CARAGA),SURIGAO DEL SUR,65+,M,S,Y,A,2
2018,5,21,REGION V (BICOL REGION),CAMARINES NORTE,25-64,F,S,Y,A,1
2018,5,21,REGION V (BICOL REGION),CATANDUANES,15-24,M,S,Y,A,1
2018,5,21,REGION V (BICOL REGION),CATANDUANES,25-64,F,S,Y,A,1
2018,5,21,REGION V (BICOL REGION),CATANDUANES,25-64,M,S,Y,A,1
2018,5,21,REGION V (BICOL REGION),CATANDUANES,65+,F,S,Y,A,1
2018,5,21,REGION V (BICOL REGION),CATANDUANES,65+,M,S,Y,A,1
2018,5,21,REGION V (BICOL REGION),MASBATE,15-24,F,S,Y,A,1
2018,5,21,REGION V (BICOL REGION),MASBATE,25-64,F,S,Y,A,3
2018,5,21,REGION V (BICOL REGION),MASBATE,25-64,M,S,Y,A,1
2018,5,21,REGION V (BICOL REGION),MASBATE,65+,M,S,Y,A,1
2018,5,21,REGION V (BICOL REGION),SORSOGON,5-14,F,S,Y,A,1
2018,5,21,REGION V (BICOL REGION),SORSOGON,5-14,M,S,Y,A,1
2018,5,21,REGION X (NORTHERN MINDANAO),MISAMIS OCCIDENTAL,25-64,F,S,Y,A,1
2018,5,21,REGION XIII (CARAGA),CITY OF BUTUAN,25-64,F,S,Y,A,1
2018,5,21,REGION XIII (CARAGA),DINAGAT ISLANDS,25-64,M,S,Y,A,1
2018,5,21,REGION XIII (CARAGA),DINAGAT ISLANDS,5-14,F,S,Y,A,5
2018,5,21,REGION XIII (CARAGA),DINAGAT ISLANDS,65+,F,S,Y,A,1
2018,5,21,REGION XIII (CARAGA),DINAGAT ISLANDS,65+,M,S,Y,A,1
2018,5,21,REGION XIII (CARAGA),SURIGAO DEL SUR,15-24,F,S,Y,A,1
2018,5,21,REGION XIII (CARAGA),SURIGAO DEL SUR,25-64,F,S,Y,A,4
2018,5,21,REGION XIII (CARAGA),SURIGAO DEL SUR,25-64,M,S,Y,A,2
2018,5,21,REGION XIII (CARAGA),SURIGAO DEL SUR,5-14,F,S,Y,A,1
2018,5,21,REGION XIII (CARAGA),SURIGAO DEL SUR,5-14,M,S,Y,A,2
2018,5,21,REGION XIII (CARAGA),SURIGAO DEL SUR,65+,F,S,Y,A,1
2018,5,21,REGION XIII (CARAGA),SURIGAO DEL SUR,65+,M,S,Y,A,1
2018,5,22,REGION V (BICOL REGION),CAMARINES NORTE,15-24,F,S,Y,A,1
2018,5,22,REGION V (BICOL REGION),CAMARINES NORTE,25-64,M,S,Y,A,2
2018,5,22,REGION V (BICOL REGION),CATANDUANES,25-64,F,S,Y,A,1
2018,5,22,REGION V (BICOL REGION),MASBATE,5-14,F,S,Y,A,1
2018,5,22,REGION V (BICOL REGION),MASBATE,5-14,M,S,Y,A,1
2018,5,22,REGION V (BICOL REGION),MASBATE,65+,F,S,Y,A,2
2018,5,22,REGION V (BICOL REGION),SORSOGON,5-14,M,S,Y,A,1
2018,5,22,REGION V (BICOL REGION),SORSOGON,65+,F,S,Y,A,3
2018,5,22,REGION X (NORTHERN MINDANAO),MISAMIS OCCIDENTAL,15-24,F,S,Y,A,1
2018,5,22,REGION X (NORTHERN MINDANAO),MISAMIS OCCIDENTAL,25-64,F,S,Y,A,1
2018,5,22,REGION X (NORTHERN MINDANAO),MISAMIS OCCIDENTAL,65+,F,S,Y,A,1
2018,5,22,REGION XIII (CARAGA),CITY OF BUTUAN,5-14,M,S,Y,A,1
2018,5,22,REGION XIII (CARAGA),SURIGAO DEL SUR,25-64,F,S,Y,A,8
2018,5,22,REGION XIII (CARAGA),SURIGAO DEL SUR,5-14,F,S,Y,A,1
2018,5,22,REGION XIII (CARAGA),SURIGAO DEL SUR,5-14,M,S,Y,A,3
2018,6,22,REGION V (BICOL REGION),MASBATE,25-64,F,S,Y,A,1
2018,6,22,REGION V (BICOL REGION),SORSOGON,5-14,F,S,Y,A,1
2018,6,22,REGION XIII (CARAGA),SURIGAO DEL SUR,25-64,F,S,Y,A,1
2018,6,22,REGION XIII (CARAGA),SURIGAO DEL SUR,25-64,M,S,Y,A,1
2018,6,22,REGION XIII (CARAGA),SURIGAO DEL SUR,65+,F,S,Y,A,2
2018,6,23,REGION V (BICOL REGION),ALBAY,5-14,M,S,Y,A,1
2018,6,23,REGION V (BICOL REGION),CAMARINES NORTE,15-24,M,S,Y,A,1
2018,6,23,REGION V (BICOL REGION),CATANDUANES,25-64,M,S,Y,A,1
2018,6,23,REGION V (BICOL REGION),CATANDUANES,65+,M,S,Y,A,1
2018,6,23,REGION V (BICOL REGION),MASBATE,15-24,F,S,Y,A,1
2018,6,23,REGION V (BICOL REGION),MASBATE,25-64,F,S,Y,A,1
2018,6,23,REGION V (BICOL REGION),SORSOGON,25-64,F,S,Y,A,1
2018,6,23,REGION V (BICOL REGION),SORSOGON,5-14,M,S,Y,A,3
2018,6,23,REGION X (NORTHERN MINDANAO),MISAMIS OCCIDENTAL,15-24,F,S,Y,A,1
2018,6,23,REGION X (NORTHERN MINDANAO),MISAMIS OCCIDENTAL,15-24,M,S,Y,A,3
2018,6,23,REGION X (NORTHERN MINDANAO),MISAMIS OCCIDENTAL,5-14,F,S,Y,A,1
2018,6,23,REGION X (NORTHERN MINDANAO),MISAMIS OCCIDENTAL,5-14,M,S,Y,A,1
2018,6,23,REGION XIII (CARAGA),DINAGAT ISLANDS,25-64,F,S,Y,A,3
2018,6,23,REGION XIII (CARAGA),DINAGAT ISLANDS,25-64,M,S,Y,A,1
2018,6,23,REGION XIII (CARAGA),SURIGAO DEL NORTE,5-14,M,S,Y,A,1
2018,6,23,REGION XIII (CARAGA),SURIGAO DEL SUR,15-24,F,S,Y,A,1
2018,6,23,REGION XIII (CARAGA),SURIGAO DEL SUR,25-64,F,S,Y,A,2
2018,6,23,REGION XIII (CARAGA),SURIGAO DEL SUR,25-64,M,S,Y,A,4
2018,6,23,REGION XIII (CARAGA),SURIGAO DEL SUR,5-14,F,S,Y,A,1
2018,6,23,REGION XIII (CARAGA),SURIGAO DEL SUR,5-14,M,S,Y,A,1
2018,6,23,REGION XIII (CARAGA),SURIGAO DEL SUR,65+,F,S,Y,A,2
2018,6,23,REGION XIII (CARAGA),SURIGAO DEL SUR,65+,M,S,Y,A,1
2018,6,24,REGION V (BICOL REGION),CAMARINES NORTE,15-24,F,S,Y,A,1
2018,6,24,REGION V (BICOL REGION),CAMARINES NORTE,15-24,M,S,Y,A,1
2018,6,24,REGION V (BICOL REGION),CAMARINES NORTE,25-64,F,S,Y,A,1
2018,6,24,REGION V (BICOL REGION),CAMARINES NORTE,25-64,M,S,Y,A,1
2018,6,24,REGION V (BICOL REGION),CAMARINES NORTE,5-14,M,S,Y,A,1
2018,6,24,REGION V (BICOL REGION),CATANDUANES,25-64,M,S,Y,A,3
2018,6,24,REGION V (BICOL REGION),CATANDUANES,65+,F,S,Y,A,2
2018,6,24,REGION V (BICOL REGION),CATANDUANES,65+,M,S,Y,A,1
2018,6,24,REGION V (BICOL REGION),MASBATE,25-64,F,S,Y,A,1
2018,6,24,REGION V (BICOL REGION),MASBATE,25-64,M,S,Y,A,1
2018,6,24,REGION V (BICOL REGION),SORSOGON,15-24,M,S,Y,A,1
2018,6,24,REGION V (BICOL REGION),SORSOGON,25-64,F,S,Y,A,1
2018,6,24,REGION X (NORTHERN MINDANAO),MISAMIS OCCIDENTAL,25-64,F,S,Y,A,1
2018,6,24,REGION X (NORTHERN MINDANAO),MISAMIS OCCIDENTAL,5-14,F,S,Y,A,1
2018,6,24,REGION X (NORTHERN MINDANAO),MISAMIS OCCIDENTAL,65+,F,S,Y,A,1
2018,6,24,REGION XIII (CARAGA),DINAGAT ISLANDS,25-64,M,S,Y,A,1
2018,6,24,REGION XIII (CARAGA),DINAGAT ISLANDS,5-14,F,S,Y,A,1
2018,6,24,REGION XIII (CARAGA),DINAGAT ISLANDS,65+,M,S,Y,A,1
2018,6,24,REGION XIII (CARAGA),SURIGAO DEL NORTE,25-64,F,S,Y,A,1
2018,6,24,REGION XIII (CARAGA),SURIGAO DEL NORTE,5-14,M,S,Y,A,1
2018,6,24,REGION XIII (CARAGA),SURIGAO DEL SUR,15-24,F,S,Y,A,1
2018,6,24,REGION XIII (CARAGA),SURIGAO DEL SUR,15-24,M,S,Y,A,1
2018,6,24,REGION XIII (CARAGA),SURIGAO DEL SUR,25-64,F,S,Y,A,2
2018,6,24,REGION XIII (CARAGA),SURIGAO DEL SUR,25-64,M,S,Y,A,2
2018,6,24,REGION XIII (CARAGA),SURIGAO DEL SUR,5-14,M,S,Y,A,1
2018,6,24,REGION XIII (CARAGA),SURIGAO DEL SUR,65+,F,S,Y,A,3
2018,6,24,REGION XIII (CARAGA),SURIGAO DEL SUR,65+,M,S,Y,A,1
2018,6,25,REGION V (BICOL REGION),CAMARINES NORTE,15-24,F,S,Y,A,1
2018,6,25,REGION V (BICOL REGION),CATANDUANES,25-64,F,S,Y,A,2
2018,6,25,REGION V (BICOL REGION),CATANDUANES,65+,M,S,Y,A,1
2018,6,25,REGION V (BICOL REGION),MASBATE,15-24,M,S,Y,A,1
2018,6,25,REGION V (BICOL REGION),SORSOGON,15-24,F,S,Y,A,1
2018,6,25,REGION V (BICOL REGION),SORSOGON,5-14,F,S,Y,A,1
2018,6,25,REGION V (BICOL REGION),SORSOGON,65+,F,S,Y,A,1
2018,6,25,REGION V (BICOL REGION),SORSOGON,65+,M,S,Y,A,1
2018,6,25,REGION XIII (CARAGA),AGUSAN DEL SUR,15-24,F,S,Y,A,1
2018,6,25,REGION XIII (CARAGA),AGUSAN DEL SUR,25-64,F,S,Y,A,2
2018,6,25,REGION XIII (CARAGA),AGUSAN DEL SUR,5-14,M,S,Y,A,2
2018,6,25,REGION XIII (CARAGA),SURIGAO DEL NORTE,25-64,F,S,Y,A,1
2018,6,25,REGION XIII (CARAGA),SURIGAO DEL NORTE,25-64,M,S,Y,A,1
2018,6,25,REGION XIII (CARAGA),SURIGAO DEL NORTE,5-14,M,S,Y,A,2
2018,6,25,REGION XIII (CARAGA),SURIGAO DEL SUR,25-64,F,S,Y,A,2
2018,6,25,REGION XIII (CARAGA),SURIGAO DEL SUR,25-64,M,S,Y,A,3
2018,6,25,REGION XIII (CARAGA),SURIGAO DEL SUR,65+,M,S,Y,A,1
2018,6,26,REGION V (BICOL REGION),ALBAY,15-24,F,S,Y,A,1
2018,6,26,REGION V (BICOL REGION),CAMARINES NORTE,25-64,F,S,Y,A,1
2018,6,26,REGION V (BICOL REGION),CAMARINES NORTE,5-14,F,S,Y,A,1
2018,6,26,REGION V (BICOL REGION),CATANDUANES,25-64,F,S,Y,A,2
2018,6,26,REGION V (BICOL REGION),CATANDUANES,25-64,M,S,Y,A,2
2018,6,26,REGION V (BICOL REGION),CATANDUANES,5-14,M,S,Y,A,1
2018,6,26,REGION V (BICOL REGION),CATANDUANES,65+,F,S,Y,A,1
2018,6,26,REGION V (BICOL REGION),MASBATE,15-24,M,S,Y,A,1
2018,6,26,REGION V (BICOL REGION),MASBATE,25-64,F,S,Y,A,1
2018,6,26,REGION V (BICOL REGION),MASBATE,25-64,M,S,Y,A,2
2018,6,26,REGION V (BICOL REGION),MASBATE,65+,M,S,Y,A,1
2018,6,26,REGION V (BICOL REGION),SORSOGON,25-64,F,S,Y,A,1
2018,6,26,REGION V (BICOL REGION),SORSOGON,25-64,M,S,Y,A,1
2018,6,26,REGION V (BICOL REGION),SORSOGON,5-14,F,S,Y,A,1
2018,6,26,REGION V (BICOL REGION),SORSOGON,5-14,M,S,Y,A,2
2018,6,26,REGION X (NORTHERN MINDANAO),MISAMIS OCCIDENTAL,15-24,F,S,Y,A,1
2018,6,26,REGION X (NORTHERN MINDANAO),MISAMIS OCCIDENTAL,5-14,M,S,Y,A,1
2018,6,26,REGION XIII (CARAGA),AGUSAN DEL NORTE,25-64,F,S,Y,A,1
2018,6,26,REGION XIII (CARAGA),AGUSAN DEL SUR,25-64,M,S,Y,A,1
2018,6,26,REGION XIII (CARAGA),AGUSAN DEL SUR,5-14,M,S,Y,A,1
2018,6,26,REGION XIII (CARAGA),AGUSAN DEL SUR,65+,F,S,Y,A,1
2018,6,26,REGION XIII (CARAGA),DINAGAT ISLANDS,25-64,F,S,Y,A,1
2018,6,26,REGION XIII (CARAGA),SURIGAO DEL NORTE,25-64,F,S,Y,A,1
2018,6,26,REGION XIII (CARAGA),SURIGAO DEL SUR,25-64,F,S,Y,A,2
2018,6,26,REGION XIII (CARAGA),SURIGAO DEL SUR,25-64,M,S,Y,A,2
2018,6,26,REGION XIII (CARAGA),SURIGAO DEL SUR,5-14,F,S,Y,A,1
2018,6,26,REGION XIII (CARAGA),SURIGAO DEL SUR,65+,F,S,Y,A,1
2018,6,26,REGION XIII (CARAGA),SURIGAO DEL SUR,65+,M,S,Y,A,2
2018,6,27,REGION V (BICOL REGION),CAMARINES NORTE,25-64,M,S,Y,A,1
2018,6,27,REGION V (BICOL REGION),CATANDUANES,15-24,M,S,Y,A,1
2018,6,27,REGION V (BICOL REGION),CATANDUANES,25-64,M,S,Y,A,1
2018,6,27,REGION V (BICOL REGION),MASBATE,25-64,M,S,Y,A,2
2018,6,27,REGION V (BICOL REGION),MASBATE,65+,F,S,Y,A,1
2018,6,27,REGION V (BICOL REGION),SORSOGON,25-64,M,S,Y,A,1
2018,6,27,REGION V (BICOL REGION),SORSOGON,5-14,M,S,Y,A,1
2018,6,27,REGION X (NORTHERN MINDANAO),MISAMIS OCCIDENTAL,25-64,M,S,Y,A,3
2018,6,27,REGION XIII (CARAGA),SURIGAO DEL SUR,65+,F,S,Y,A,1
2018,7,27,REGION V (BICOL REGION),ALBAY,5-14,F,S,Y,A,1
2018,7,27,REGION V (BICOL REGION),CAMARINES NORTE,25-64,F,S,Y,A,1
2018,7,27,REGION V (BICOL REGION),CATANDUANES,25-64,F,S,Y,A,1
2018,7,27,REGION V (BICOL REGION),CATANDUANES,25-64,M,S,Y,A,1
2018,7,27,REGION V (BICOL REGION),CATANDUANES,65+,M,S,Y,A,2
2018,7,27,REGION V (BICOL REGION),MASBATE,15-24,F,S,Y,A,2
2018,7,27,REGION V (BICOL REGION),MASBATE,15-24,M,S,Y,A,1
2018,7,27,REGION V (BICOL REGION),MASBATE,5-14,M,S,Y,A,1
2018,7,27,REGION V (BICOL REGION),MASBATE,65+,F,S,Y,A,2
2018,7,27,REGION V (BICOL REGION),SORSOGON,15-24,F,S,Y,A,1
2018,7,27,REGION V (BICOL REGION),SORSOGON,25-64,F,S,Y,A,1
2018,7,27,REGION V (BICOL REGION),SORSOGON,25-64,M,S,Y,A,1
2018,7,27,REGION V (BICOL REGION),SORSOGON,5-14,F,S,Y,A,1
2018,7,27,REGION V (BICOL REGION),SORSOGON,5-14,M,S,Y,A,1
2018,7,27,REGION XIII (CARAGA),SURIGAO DEL SUR,15-24,F,S,Y,A,2
2018,7,27,REGION XIII (CARAGA),SURIGAO DEL SUR,25-64,F,S,Y,A,5
2018,7,27,REGION XIII (CARAGA),SURIGAO DEL SUR,25-64,M,S,Y,A,5
2018,7,27,REGION XIII (CARAGA),SURIGAO DEL SUR,5-14,F,S,Y,A,2
2018,7,27,REGION XIII (CARAGA),SURIGAO DEL SUR,5-14,M,S,Y,A,2
2018,7,27,REGION XIII (CARAGA),SURIGAO DEL SUR,65+,M,S,Y,A,2
2018,7,28,MIMAROPA REGION,PALAWAN,5-14,F,S,Y,A,2
2018,7,28,MIMAROPA REGION,PALAWAN,5-14,M,S,Y,A,2
2018,7,28,REGION V (BICOL REGION),CAMARINES NORTE,5-14,F,S,Y,A,2
2018,7,28,REGION V (BICOL REGION),CATANDUANES,25-64,F,S,Y,A,1
2018,7,28,REGION V (BICOL REGION),CATANDUANES,25-64,M,S,Y,A,1
2018,7,28,REGION V (BICOL REGION),CATANDUANES,5-14,M,S,Y,A,1
2018,7,28,REGION V (BICOL REGION),CATANDUANES,65+,M,S,Y,A,1
2018,7,28,REGION V (BICOL REGION),MASBATE,15-24,F,S,Y,A,1
2018,7,28,REGION V (BICOL REGION),MASBATE,15-24,M,S,Y,A,2
2018,7,28,REGION V (BICOL REGION),MASBATE,5-14,F,S,Y,A,1
2018,7,28,REGION V (BICOL REGION),SORSOGON,15-24,M,S,Y,A,2
2018,7,28,REGION V (BICOL REGION),SORSOGON,25-64,F,S,Y,A,1
2018,7,28,REGION V (BICOL REGION),SORSOGON,65+,M,S,Y,A,1
2018,7,28,REGION XII (SOCCSKSARGEN),COTABATO,0-4,M,C,Y,A,1
2018,7,28,REGION XIII (CARAGA),DINAGAT ISLANDS,25-64,F,S,Y,A,1
2018,7,28,REGION XIII (CARAGA),DINAGAT ISLANDS,25-64,M,S,Y,A,1
2018,7,28,REGION XIII (CARAGA),SURIGAO DEL NORTE,15-24,F,S,Y,A,1
2018,7,28,REGION XIII (CARAGA),SURIGAO DEL NORTE,25-64,M,S,Y,A,1
2018,7,28,REGION XIII (CARAGA),SURIGAO DEL NORTE,65+,F,S,Y,A,1
2018,7,28,REGION XIII (CARAGA),SURIGAO DEL SUR,15-24,F,S,Y,A,2
2018,7,28,REGION XIII (CARAGA),SURIGAO DEL SUR,25-64,F,S,Y,A,1
2018,7,28,REGION XIII (CARAGA),SURIGAO DEL SUR,25-64,M,S,Y,A,5
2018,7,28,REGION XIII (CARAGA),SURIGAO DEL SUR,5-14,M,S,Y,A,2
2018,7,28,REGION XIII (CARAGA),SURIGAO DEL SUR,65+,F,S,Y,A,5
2018,7,28,REGION XIII (CARAGA),SURIGAO DEL SUR,65+,M,S,Y,A,1
2018,7,29,REGION V (BICOL REGION),CATANDUANES,25-64,F,S,Y,A,2
2018,7,29,REGION V (BICOL REGION),CATANDUANES,25-64,M,S,Y,A,1
2018,7,29,REGION V (BICOL REGION),CATANDUANES,65+,F,S,Y,A,1
2018,7,29,REGION V (BICOL REGION),MASBATE,25-64,F,S,Y,A,2
2018,7,29,REGION V (BICOL REGION),SORSOGON,25-64,F,S,Y,A,2
2018,7,29,REGION V (BICOL REGION),SORSOGON,5-14,M,S,Y,A,2
2018,7,29,REGION XII (SOCCSKSARGEN),COTABATO,0-4,M,C,Y,A,2
2018,7,29,REGION XIII (CARAGA),AGUSAN DEL SUR,15-24,F,S,Y,A,1
2018,7,29,REGION XIII (CARAGA),AGUSAN DEL SUR,25-64,F,S,Y,A,1
2018,7,29,REGION XIII (CARAGA),AGUSAN DEL SUR,25-64,M,S,Y,A,1
2018,7,29,REGION XIII (CARAGA),DINAGAT ISLANDS,15-24,F,S,Y,A,2
2018,7,29,REGION XIII (CARAGA),DINAGAT ISLANDS,25-64,M,S,Y,A,2
2018,7,29,REGION XIII (CARAGA),SURIGAO DEL NORTE,25-64,F,S,Y,A,1
2018,7,29,REGION XIII (CARAGA),SURIGAO DEL SUR,15-24,M,S,Y,A,1
2018,7,29,REGION XIII (CARAGA),SURIGAO DEL SUR,25-64,F,S,Y,A,4
2018,7,29,REGION XIII (CARAGA),SURIGAO DEL SUR,25-64,M,S,Y,A,3
2018,7,29,REGION XIII (CARAGA),SURIGAO DEL SUR,5-14,F,S,Y,A,2
2018,7,29,REGION XIII (CARAGA),SURIGAO DEL SUR,65+,F,S,Y,A,5
2018,7,30,REGION V (BICOL REGION),MASBATE,25-64,F,S,Y,A,1
2018,7,30,REGION V (BICOL REGION),MASBATE,25-64,M,S,Y,A,1
2018,7,30,REGION V (BICOL REGION),MASBATE,5-14,M,S,Y,A,1
2018,7,30,REGION V (BICOL REGION),MASBATE,65+,F,S,Y,A,1
2018,7,30,REGION V (BICOL REGION),MASBATE,65+,M,S,Y,A,1
2018,7,30,REGION V (BICOL REGION),SORSOGON,25-64,F,S,Y,A,1
2018,7,30,REGION V (BICOL REGION),SORSOGON,5-14,F,S,Y,A,2
2018,7,30,REGION V (BICOL REGION),SORSOGON,5-14,M,S,Y,A,2
2018,7,30,REGION XIII (CARAGA),AGUSAN DEL SUR,5-14,F,S,Y,A,1
2018,7,30,REGION XIII (CARAGA),DINAGAT ISLANDS,15-24,F,S,Y,A,2
2018,7,30,REGION XIII (CARAGA),DINAGAT ISLANDS,25-64,F,S,Y,A,4
2018,7,30,REGION XIII (CARAGA),DINAGAT ISLANDS,5-14,M,S,Y,A,1
2018,7,30,REGION XIII (CARAGA),DINAGAT ISLANDS,65+,F,S,Y,A,1
2018,7,30,REGION XIII (CARAGA),DINAGAT ISLANDS,65+,M,S,Y,A,1
2018,7,30,REGION XIII (CARAGA),SURIGAO DEL NORTE,25-64,M,S,Y,A,1
2018,7,30,REGION XIII (CARAGA),SURIGAO DEL SUR,15-24,F,S,Y,A,1
2018,7,30,REGION XIII (CARAGA),SURIGAO DEL SUR,25-64,F,S,Y,A,3
2018,7,30,REGION XIII (CARAGA),SURIGAO DEL SUR,25-64,M,S,Y,A,2
2018,7,30,REGION XIII (CARAGA),SURIGAO DEL SUR,5-14,F,S,Y,A,2
2018,7,30,REGION XIII (CARAGA),SURIGAO DEL SUR,5-14,M,S,Y,A,2
2018,7,30,REGION XIII (CARAGA),SURIGAO DEL SUR,65+,F,S,Y,A,4
2018,7,31,REGION V (BICOL REGION),ALBAY,65+,F,S,Y,A,1
2018,7,31,REGION V (BICOL REGION),CAMARINES NORTE,25-64,F,S,Y,A,1
2018,7,31,REGION V (BICOL REGION),MASBATE,15-24,F,S,Y,A,1
2018,7,31,REGION V (BICOL REGION),MASBATE,25-64,F,S,Y,A,1
2018,7,31,REGION V (BICOL REGION),MASBATE,25-64,M,S,Y,A,2
2018,7,31,REGION V (BICOL REGION),MASBATE,5-14,M,S,Y,A,1
2018,7,31,REGION V (BICOL REGION),SORSOGON,15-24,M,S,Y,A,1
2018,7,31,REGION V (BICOL REGION),SORSOGON,25-64,F,S,Y,A,1
2018,7,31,REGION V (BICOL REGION),SORSOGON,5-14,F,S,Y,A,1
2018,7,31,REGION XIII (CARAGA),AGUSAN DEL SUR,15-24,F,S,Y,A,1
2018,7,31,REGION XIII (CARAGA),AGUSAN DEL SUR,25-64,F,S,Y,A,1
2018,7,31,REGION XIII (CARAGA),AGUSAN DEL SUR,25-64,M,S,Y,A,2
2018,7,31,REGION XIII (CARAGA),AGUSAN DEL SUR,5-14,M,S,Y,A,1
2018,7,31,REGION XIII (CARAGA),AGUSAN DEL SUR,65+,F,S,Y,A,2
2018,7,31,REGION XIII (CARAGA),AGUSAN DEL SUR,65+,M,S,Y,A,1
2018,7,31,REGION XIII (CARAGA),DINAGAT ISLANDS,5-14,M,S,Y,A,1
2018,7,31,REGION XIII (CARAGA),SURIGAO DEL NORTE,25-64,F,S,Y,A,1
2018,7,31,REGION XIII (CARAGA),SURIGAO DEL SUR,25-64,F,S,Y,A,5
2018,7,31,REGION XIII (CARAGA),SURIGAO DEL SUR,25-64,M,S,Y,A,1
2018,7,31,REGION XIII (CARAGA),SURIGAO DEL SUR,5-14,M,S,Y,A,2
2018,7,31,REGION XIII (CARAGA),SURIGAO DEL SUR,65+,F,S,Y,A,1
2018,8,31,REGION V (BICOL REGION),CATANDUANES,5-14,M,S,Y,A,1
2018,8,31,REGION V (BICOL REGION),MASBATE,65+,F,S,Y,A,1
2018,8,31,REGION V (BICOL REGION),MASBATE,65+,M,S,Y,A,1
2018,8,31,REGION V (BICOL REGION),SORSOGON,5-14,M,S,Y,A,1
2018,8,31,REGION V (BICOL REGION),SORSOGON,65+,F,S,Y,A,1
2018,8,31,REGION X (NORTHERN MINDANAO),MISAMIS OCCIDENTAL,15-24,F,S,Y,A,1
2018,8,31,REGION X (NORTHERN MINDANAO),MISAMIS OCCIDENTAL,15-24,M,S,Y,A,1
2018,8,31,REGION X (NORTHERN MINDANAO),MISAMIS OCCIDENTAL,25-64,F,S,Y,A,1
2018,8,31,REGION XIII (CARAGA),SURIGAO DEL NORTE,25-64,F,S,Y,A,1
2018,8,31,REGION XIII (CARAGA),SURIGAO DEL SUR,15-24,F,S,Y,A,1
2018,8,31,REGION XIII (CARAGA),SURIGAO DEL SUR,25-64,F,S,Y,A,4
2018,8,31,REGION XIII (CARAGA),SURIGAO DEL SUR,65+,M,S,Y,A,1
2018,8,32,CORDILLERA ADMINISTRATIVE REGION (CAR),BENGUET,15-24,M,S,Y,A,1
2018,8,32,REGION IV-A (CALABARZON),LAGUNA,5-14,F,S,Y,A,1
2018,8,32,REGION IV-A (CALABARZON),LAGUNA,5-14,M,S,Y,A,1
2018,8,32,REGION IV-A (CALABARZON),LAGUNA,5-14,M,S,Y,D,1
2018,8,32,REGION V (BICOL REGION),CAMARINES NORTE,5-14,M,S,Y,A,1
2018,8,32,REGION V (BICOL REGION),CATANDUANES,15-24,F,S,Y,A,1
2018,8,32,REGION V (BICOL REGION),CATANDUANES,5-14,M,S,Y,A,1
2018,8,32,REGION V (BICOL REGION),CATANDUANES,65+,F,S,Y,A,2
2018,8,32,REGION V (BICOL REGION),MASBATE,15-24,F,S,Y,A,2
2018,8,32,REGION V (BICOL REGION),MASBATE,15-24,M,S,Y,A,1
2018,8,32,REGION V (BICOL REGION),MASBATE,25-64,M,S,Y,A,2
2018,8,32,REGION V (BICOL REGION),MASBATE,5-14,M,S,Y,A,1
2018,8,32,REGION V (BICOL REGION),SORSOGON,25-64,F,S,Y,A,2
2018,8,32,REGION V (BICOL REGION),SORSOGON,5-14,M,S,Y,A,1
2018,8,32,REGION V (BICOL REGION),SORSOGON,65+,M,S,Y,A,1
2018,8,32,REGION X (NORTHERN MINDANAO),MISAMIS OCCIDENTAL,5-14,F,S,Y,A,3
2018,8,32,REGION X (NORTHERN MINDANAO),MISAMIS OCCIDENTAL,5-14,M,S,Y,A,2
2018,8,32,REGION X (NORTHERN MINDANAO),MISAMIS OCCIDENTAL,65+,M,S,Y,A,1
2018,8,32,REGION XIII (CARAGA),AGUSAN DEL NORTE,25-64,F,S,Y,A,1
2018,8,32,REGION XIII (CARAGA),AGUSAN DEL SUR,25-64,F,S,Y,A,1
2018,8,32,REGION XIII (CARAGA),AGUSAN DEL SUR,5-14,M,S,Y,A,1
2018,8,32,REGION XIII (CARAGA),AGUSAN DEL SUR,65+,F,S,Y,A,1
2018,8,32,REGION XIII (CARAGA),CITY OF BUTUAN,25-64,F,S,Y,A,3
2018,8,32,REGION XIII (CARAGA),DINAGAT ISLANDS,15-24,F,S,Y,A,1
2018,8,32,REGION XIII (CARAGA),DINAGAT ISLANDS,25-64,F,S,Y,A,1
2018,8,32,REGION XIII (CARAGA),DINAGAT ISLANDS,5-14,M,S,Y,A,1
2018,8,32,REGION XIII (CARAGA),SURIGAO DEL NORTE,5-14,F,S,Y,A,1
2018,8,32,REGION XIII (CARAGA),SURIGAO DEL NORTE,5-14,M,S,Y,A,1
2018,8,32,REGION XIII (CARAGA),SURIGAO DEL NORTE,65+,M,S,Y,A,1
2018,8,32,REGION XIII (CARAGA),SURIGAO DEL SUR,25-64,F,S,Y,A,5
2018,8,32,REGION XIII (CARAGA),SURIGAO DEL SUR,25-64,M,S,Y,A,1
2018,8,32,REGION XIII (CARAGA),SURIGAO DEL SUR,5-14,M,S,Y,A,3
2018,8,32,REGION XIII (CARAGA),SURIGAO DEL SUR,65+,F,S,Y,A,1
2018,8,32,REGION XIII (CARAGA),SURIGAO DEL SUR,65+,M,S,Y,A,1
2018,8,33,REGION V (BICOL REGION),CATANDUANES,15-24,F,S,Y,A,1
2018,8,33,REGION V (BICOL REGION),CATANDUANES,25-64,M,S,Y,A,1
2018,8,33,REGION V (BICOL REGION),CATANDUANES,65+,M,S,Y,A,1
2018,8,33,REGION V (BICOL REGION),MASBATE,25-64,F,S,Y,A,3
2018,8,33,REGION V (BICOL REGION),MASBATE,65+,F,S,Y,A,1
2018,8,33,REGION V (BICOL REGION),SORSOGON,25-64,F,S,Y,A,1
2018,8,33,REGION V (BICOL REGION),SORSOGON,5-14,F,S,Y,A,1
2018,8,33,REGION V (BICOL REGION),SORSOGON,65+,F,S,Y,A,2
2018,8,33,REGION X (NORTHERN MINDANAO),MISAMIS OCCIDENTAL,15-24,F,S,Y,A,2
2018,8,33,REGION X (NORTHERN MINDANAO),MISAMIS OCCIDENTAL,15-24,M,S,Y,A,1
2018,8,33,REGION X (NORTHERN MINDANAO),MISAMIS OCCIDENTAL,25-64,F,S,Y,A,1
2018,8,33,REGION X (NORTHERN MINDANAO),MISAMIS OCCIDENTAL,25-64,M,S,Y,A,3
2018,8,33,REGION X (NORTHERN MINDANAO),MISAMIS OCCIDENTAL,5-14,F,S,Y,A,1
2018,8,33,REGION XIII (CARAGA),AGUSAN DEL NORTE,25-64,F,S,Y,A,2
2018,8,33,REGION XIII (CARAGA),AGUSAN DEL NORTE,25-64,M,S,Y,A,2
2018,8,33,REGION XIII (CARAGA),CITY OF BUTUAN,5-14,M,S,Y,A,1
2018,8,33,REGION XIII (CARAGA),DINAGAT ISLANDS,25-64,F,S,Y,A,2
2018,8,33,REGION XIII (CARAGA),DINAGAT ISLANDS,5-14,F,S,Y,A,1
2018,8,33,REGION XIII (CARAGA),DINAGAT ISLANDS,65+,F,S,Y,A,1
2018,8,33,REGION XIII (CARAGA),SURIGAO DEL NORTE,25-64,F,S,Y,A,1
2018,8,33,REGION XIII (CARAGA),SURIGAO DEL NORTE,25-64,M,S,Y,A,1
2018,8,33,REGION XIII (CARAGA),SURIGAO DEL SUR,15-24,F,S,Y,A,2
2018,8,33,REGION XIII (CARAGA),SURIGAO DEL SUR,25-64,F,S,Y,A,5
2018,8,33,REGION XIII (CARAGA),SURIGAO DEL SUR,25-64,M,S,Y,A,4
2018,8,33,REGION XIII (CARAGA),SURIGAO DEL SUR,5-14,F,S,Y,A,3
2018,8,33,REGION XIII (CARAGA),SURIGAO DEL SUR,65+,F,S,Y,A,3
2018,8,33,REGION XIII (CARAGA),SURIGAO DEL SUR,65+,M,S,Y,A,1
2018,8,34,BANGSAMORO AUTONOMOUS REGION IN MUSLIM MINDANAO (BARMM),MAGUINDANAO DEL NORTE,65+,F,C,Y,A,1
2018,8,34,REGION IV-A (CALABARZON),RIZAL,25-64,M,C,Y,A,1
2018,8,34,REGION V (BICOL REGION),CAMARINES NORTE,25-64,M,S,Y,A,1
2018,8,34,REGION V (BICOL REGION),CAMARINES NORTE,5-14,M,S,Y,A,1
2018,8,34,REGION V (BICOL REGION),CAMARINES NORTE,65+,F,S,Y,A,1
2018,8,34,REGION V (BICOL REGION),CATANDUANES,25-64,F,S,Y,A,1
2018,8,34,REGION V (BICOL REGION),CATANDUANES,25-64,M,S,Y,A,1
2018,8,34,REGION V (BICOL REGION),MASBATE,25-64,F,S,Y,A,1
2018,8,34,REGION V (BICOL REGION),SORSOGON,15-24,F,S,Y,A,1
2018,8,34,REGION V (BICOL REGION),SORSOGON,15-24,M,S,Y,A,1
2018,8,34,REGION V (BICOL REGION),SORSOGON,25-64,F,S,Y,A,2
2018,8,34,REGION V (BICOL REGION),SORSOGON,5-14,F,S,Y,A,2
2018,8,34,REGION V (BICOL REGION),SORSOGON,5-14,M,S,Y,A,1
2018,8,34,REGION V (BICOL REGION),SORSOGON,65+,F,S,Y,A,2
2018,8,34,REGION X (NORTHERN MINDANAO),MISAMIS OCCIDENTAL,15-24,M,S,Y,A,1
2018,8,34,REGION XIII (CARAGA),AGUSAN DEL NORTE,25-64,F,S,Y,A,1
2018,8,34,REGION XIII (CARAGA),AGUSAN DEL NORTE,25-64,M,S,Y,A,2
2018,8,34,REGION XIII (CARAGA),AGUSAN DEL NORTE,65+,F,S,Y,A,1
2018,8,34,REGION XIII (CARAGA),CITY OF BUTUAN,25-64,F,S,Y,A,1
2018,8,34,REGION XIII (CARAGA),CITY OF BUTUAN,65+,M,S,Y,A,1
2018,8,34,REGION XIII (CARAGA),DINAGAT ISLANDS,25-64,F,S,Y,A,1
2018,8,34,REGION XIII (CARAGA),SURIGAO DEL NORTE,25-64,F,S,Y,A,1
2018,8,34,REGION XIII (CARAGA),SURIGAO DEL SUR,15-24,F,S,Y,A,5
2018,8,34,REGION XIII (CARAGA),SURIGAO DEL SUR,15-24,M,S,Y,A,1
2018,8,34,REGION XIII (CARAGA),SURIGAO DEL SUR,25-64,F,S,Y,A,1
2018,8,34,REGION XIII (CARAGA),SURIGAO DEL SUR,25-64,M,S,Y,A,3
2018,8,34,REGION XIII (CARAGA),SURIGAO DEL SUR,5-14,F,S,Y,A,1
2018,8,34,REGION XIII (CARAGA),SURIGAO DEL SUR,5-14,M,S,Y,A,2
2018,8,34,REGION XIII (CARAGA),SURIGAO DEL SUR,65+,F,S,Y,A,2
2018,8,34,REGION XIII (CARAGA),SURIGAO DEL SUR,65+,M,S,Y,A,1
2018,8,35,REGION IV-A (CALABARZON),RIZAL,15-24,F,C,Y,A,1
2018,8,35,REGION IV-A (CALABARZON),RIZAL,25-64,F,C,Y,A,1
2018,8,35,REGION V (BICOL REGION),CAMARINES NORTE,65+,M,S,Y,A,1
2018,8,35,REGION V (BICOL REGION),CAMARINES SUR,15-24,M,S,Y,A,1
2018,8,35,REGION V (BICOL REGION),MASBATE,25-64,F,S,Y,A,1
2018,8,35,REGION V (BICOL REGION),MASBATE,25-64,M,S,Y,A,1
2018,8,35,REGION V (BICOL REGION),MASBATE,5-14,F,S,Y,A,1
2018,8,35,REGION V (BICOL REGION),MASBATE,65+,M,S,Y,A,1
2018,8,35,REGION V (BICOL REGION),SORSOGON,25-64,F,S,Y,A,1
2018,8,35,REGION V (BICOL REGION),SORSOGON,5-14,M,S,Y,A,2
2018,8,35,REGION XIII (CARAGA),AGUSAN DEL SUR,25-64,M,S,Y,A,1
2018,8,35,REGION XIII (CARAGA),DINAGAT ISLANDS,25-64,F,S,Y,A,1
2018,8,35,REGION XIII (CARAGA),DINAGAT ISLANDS,65+,F,S,Y,A,1
2018,8,35,REGION XIII (CARAGA),SURIGAO DEL NORTE,25-64,F,S,Y,A,1
2018,8,35,REGION XIII (CARAGA),SURIGAO DEL NORTE,5-14,F,S,Y,A,1
2018,8,35,REGION XIII (CARAGA),SURIGAO DEL NORTE,65+,F,S,Y,A,1
2018,8,35,REGION XIII (CARAGA),SURIGAO DEL SUR,15-24,F,S,Y,A,4
2018,8,35,REGION XIII (CARAGA),SURIGAO DEL SUR,15-24,M,S,Y,A,3
2018,8,35,REGION XIII (CARAGA),SURIGAO DEL SUR,25-64,F,S,Y,A,9
2018,8,35,REGION XIII (CARAGA),SURIGAO DEL SUR,25-64,M,S,Y,A,6
2018,8,35,REGION XIII (CARAGA),SURIGAO DEL SUR,5-14,F,S,Y,A,1
2018,8,35,REGION XIII (CARAGA),SURIGAO DEL SUR,5-14,M,C,Y,A,1
2018,8,35,REGION XIII (CARAGA),SURIGAO DEL SUR,5-14,M,S,Y,A,3
2018,8,35,REGION XIII (CARAGA),SURIGAO DEL SUR,65+,F,S,Y,A,1
2018,8,35,REGION XIII (CARAGA),SURIGAO DEL SUR,65+,M,S,Y,A,2
2018,9,36,REGION V (BICOL REGION),CATANDUANES,15-24,F,S,Y,A,1
2018,9,36,REGION V (BICOL REGION),CATANDUANES,15-24,M,S,Y,A,1
2018,9,36,REGION V (BICOL REGION),CATANDUANES,65+,F,S,Y,A,1
2018,9,36,REGION V (BICOL REGION),MASBATE,25-64,F,S,Y,A,3
2018,9,36,REGION V (BICOL REGION),MASBATE,25-64,M,S,Y,A,1
2018,9,36,REGION V (BICOL REGION),SORSOGON,25-64,M,S,Y,A,2
2018,9,36,REGION V (BICOL REGION),SORSOGON,5-14,M,S,Y,A,1
2018,9,36,REGION V (BICOL REGION),SORSOGON,65+,M,S,Y,A,1
2018,9,36,REGION X (NORTHERN MINDANAO),MISAMIS OCCIDENTAL,25-64,M,S,Y,A,1
2018,9,36,REGION X (NORTHERN MINDANAO),MISAMIS OCCIDENTAL,5-14,F,S,Y,A,1
2018,9,36,REGION XIII (CARAGA),AGUSAN DEL SUR,25-64,M,S,Y,A,1
2018,9,36,REGION XIII (CARAGA),DINAGAT ISLANDS,15-24,M,S,Y,A,1
2018,9,36,REGION XIII (CARAGA),DINAGAT ISLANDS,25-64,F,S,Y,A,2
2018,9,36,REGION XIII (CARAGA),SURIGAO DEL NORTE,5-14,M,S,Y,A,1
2018,9,36,REGION XIII (CARAGA),SURIGAO DEL NORTE,65+,F,S,Y,A,2
2018,9,36,REGION XIII (CARAGA),SURIGAO DEL SUR,15-24,F,S,Y,A,1
2018,9,36,REGION XIII (CARAGA),SURIGAO DEL SUR,15-24,M,S,Y,A,2
2018,9,36,REGION XIII (CARAGA),SURIGAO DEL SUR,25-64,F,S,Y,A,5
2018,9,36,REGION XIII (CARAGA),SURIGAO DEL SUR,25-64,M,S,Y,A,4
2018,9,36,REGION XIII (CARAGA),SURIGAO DEL SUR,5-14,F,S,Y,A,1
2018,9,36,REGION XIII (CARAGA),SURIGAO DEL SUR,5-14,M,S,Y,A,2
2018,9,36,REGION XIII (CARAGA),SURIGAO DEL SUR,65+,F,S,Y,A,1
2018,9,37,REGION V (BICOL REGION),CAMARINES NORTE,25-64,M,S,Y,A,1
2018,9,37,REGION V (BICOL REGION),CATANDUANES,25-64,M,S,Y,A,1
2018,9,37,REGION V (BICOL REGION),CATANDUANES,5-14,M,S,Y,A,2
2018,9,37,REGION V (BICOL REGION),CATANDUANES,65+,F,S,Y,A,2
2018,9,37,REGION V (BICOL REGION),MASBATE,5-14,M,S,Y,A,1
2018,9,37,REGION V (BICOL REGION),SORSOGON,25-64,F,S,Y,A,1
2018,9,37,REGION V (BICOL REGION),SORSOGON,5-14,M,S,Y,A,3
2018,9,37,REGION XIII (CARAGA),DINAGAT ISLANDS,25-64,M,S,Y,A,1
2018,9,37,REGION XIII (CARAGA),SURIGAO DEL SUR,15-24,M,S,Y,A,1
2018,9,37,REGION XIII (CARAGA),SURIGAO DEL SUR,25-64,F,S,Y,A,7
2018,9,37,REGION XIII (CARAGA),SURIGAO DEL SUR,25-64,M,S,Y,A,8
2018,9,37,REGION XIII (CARAGA),SURIGAO DEL SUR,5-14,F,S,Y,A,1
2018,9,37,REGION XIII (CARAGA),SURIGAO DEL SUR,5-14,M,S,Y,A,3
2018,9,37,REGION XIII (CARAGA),SURIGAO DEL SUR,65+,F,S,Y,A,1
2018,9,38,REGION IV-A (CALABARZON),BATANGAS,25-64,F,S,Y,A,1
2018,9,38,REGION V (BICOL REGION),CATANDUANES,25-64,M,S,Y,A,1
2018,9,38,REGION V (BICOL REGION),CATANDUANES,65+,M,S,Y,A,1
2018,9,38,REGION V (BICOL REGION),MASBATE,5-14,F,S,Y,A,1
2018,9,38,REGION V (BICOL REGION),MASBATE,65+,M,S,Y,A,1
2018,9,38,REGION V (BICOL REGION),SORSOGON,15-24,F,S,Y,A,1
2018,9,38,REGION V (BICOL REGION),SORSOGON,5-14,M,S,Y,A,1
2018,9,38,REGION V (BICOL REGION),SORSOGON,65+,F,S,Y,A,2
2018,9,38,REGION XIII (CARAGA),DINAGAT ISLANDS,15-24,F,S,Y,A,1
2018,9,38,REGION XIII (CARAGA),DINAGAT ISLANDS,25-64,M,S,Y,A,2
2018,9,38,REGION XIII (CARAGA),SURIGAO DEL NORTE,25-64,F,S,Y,A,1
2018,9,38,REGION XIII (CARAGA),SURIGAO DEL SUR,15-24,F,S,Y,A,6
2018,9,38,REGION XIII (CARAGA),SURIGAO DEL SUR,15-24,M,S,Y,A,1
2018,9,38,REGION XIII (CARAGA),SURIGAO DEL SUR,25-64,F,S,Y,A,9
2018,9,38,REGION XIII (CARAGA),SURIGAO DEL SUR,25-64,M,S,Y,A,6
2018,9,38,REGION XIII (CARAGA),SURIGAO DEL SUR,5-14,F,S,Y,A,1
2018,9,38,REGION XIII (CARAGA),SURIGAO DEL SUR,5-14,M,S,Y,A,4
2018,9,38,REGION XIII (CARAGA),SURIGAO DEL SUR,65+,F,S,Y,A,3
2018,9,38,REGION XIII (CARAGA),SURIGAO DEL SUR,65+,M,S,Y,A,1
2018,9,39,REGION V (BICOL REGION),CATANDUANES,25-64,F,S,Y,A,4
2018,9,39,REGION V (BICOL REGION),CATANDUANES,5-14,M,S,Y,A,1
2018,9,39,REGION V (BICOL REGION),CATANDUANES,65+,F,S,Y,A,1
2018,9,39,REGION V (BICOL REGION),MASBATE,25-64,F,S,Y,A,1
2018,9,39,REGION V (BICOL REGION),MASBATE,25-64,M,S,Y,A,2
2018,9,39,REGION V (BICOL REGION),MASBATE,65+,F,S,Y,A,1
2018,9,39,REGION V (BICOL REGION),SORSOGON,15-24,F,S,Y,A,1
2018,9,39,REGION V (BICOL REGION),SORSOGON,25-64,F,S,Y,A,2
2018,9,39,REGION V (BICOL REGION),SORSOGON,25-64,M,S,Y,A,1
2018,9,39,REGION V (BICOL REGION),SORSOGON,5-14,M,S,Y,A,1
2018,9,39,REGION V (BICOL REGION),SORSOGON,65+,F,S,Y,A,1
2018,9,39,REGION X (NORTHERN MINDANAO),MISAMIS OCCIDENTAL,25-64,M,S,Y,A,1
2018,9,39,REGION XIII (CARAGA),DINAGAT ISLANDS,15-24,F,S,Y,A,1
2018,9,39,REGION XIII (CARAGA),DINAGAT ISLANDS,25-64,F,S,Y,A,1
2018,9,39,REGION XIII (CARAGA),DINAGAT ISLANDS,5-14,F,S,Y,A,1
2018,9,39,REGION XIII (CARAGA),DINAGAT ISLANDS,65+,F,S,Y,A,1
2018,9,39,REGION XIII (CARAGA),SURIGAO DEL NORTE,25-64,F,S,Y,A,1
2018,9,39,REGION XIII (CARAGA),SURIGAO DEL NORTE,25-64,M,S,Y,A,1
2018,9,39,REGION XIII (CARAGA),SURIGAO DEL SUR,15-24,F,S,Y,A,1
2018,9,39,REGION XIII (CARAGA),SURIGAO DEL SUR,25-64,F,S,Y,A,5
2018,9,39,REGION XIII (CARAGA),SURIGAO DEL SUR,25-64,M,S,Y,A,3
2018,9,39,REGION XIII (CARAGA),SURIGAO DEL SUR,5-14,F,S,Y,A,1
2018,9,39,REGION XIII (CARAGA),SURIGAO DEL SUR,5-14,M,S,Y,A,1
2018,9,39,REGION XIII (CARAGA),SURIGAO DEL SUR,65+,F,S,Y,A,1
2018,9,39,REGION XIII (CARAGA),SURIGAO DEL SUR,65+,M,S,Y,A,1
2018,9,40,REGION V (BICOL REGION),CAMARINES NORTE,5-14,F,S,Y,A,1
2018,9,40,REGION V (BICOL REGION),CATANDUANES,25-64,M,S,Y,A,1
2018,9,40,REGION V (BICOL REGION),SORSOGON,15-24,M,S,Y,A,1
2018,9,40,REGION V (BICOL REGION),SORSOGON,5-14,M,S,Y,A,1
2018,9,40,REGION V (BICOL REGION),SORSOGON,65+,F,S,Y,A,1
2018,9,40,REGION XIII (CARAGA),SURIGAO DEL NORTE,65+,M,S,Y,A,1
2018,9,40,REGION XIII (CARAGA),SURIGAO DEL SUR,25-64,F,S,Y,A,1
2018,9,40,REGION XIII (CARAGA),SURIGAO DEL SUR,25-64,M,S,Y,A,1
2018,10,40,REGION V (BICOL REGION),CATANDUANES,25-64,F,S,Y,A,1
2018,10,40,REGION V (BICOL REGION),CATANDUANES,5-14,F,S,Y,A,1
2018,10,40,REGION V (BICOL REGION),MASBATE,15-24,F,S,Y,A,2
2018,10,40,REGION V (BICOL REGION),MASBATE,15-24,M,S,Y,A,1
2018,10,40,REGION V (BICOL REGION),MASBATE,25-64,M,S,Y,A,2
2018,10,40,REGION V (BICOL REGION),MASBATE,5-14,M,S,Y,A,1
2018,10,40,REGION V (BICOL REGION),SORSOGON,15-24,M,S,Y,A,1
2018,10,40,REGION V (BICOL REGION),SORSOGON,25-64,F,S,Y,A,1
2018,10,40,REGION V (BICOL REGION),SORSOGON,25-64,M,S,Y,A,1
2018,10,40,REGION V (BICOL REGION),SORSOGON,5-14,F,S,Y,A,1
2018,10,40,REGION V (BICOL REGION),SORSOGON,5-14,M,S,Y,A,1
2018,10,40,REGION V (BICOL REGION),SORSOGON,65+,F,S,Y,A,1
2018,10,40,REGION X (NORTHERN MINDANAO),MISAMIS OCCIDENTAL,5-14,M,S,Y,A,1
2018,10,40,REGION XIII (CARAGA),AGUSAN DEL SUR,25-64,M,S,Y,A,1
2018,10,40,REGION XIII (CARAGA),DINAGAT ISLANDS,15-24,M,S,Y,A,1
2018,10,40,REGION XIII (CARAGA),DINAGAT ISLANDS,25-64,F,S,Y,A,1
2018,10,40,REGION XIII (CARAGA),DINAGAT ISLANDS,25-64,M,S,Y,A,1
2018,10,40,REGION XIII (CARAGA),SURIGAO DEL NORTE,25-64,F,S,Y,A,2
2018,10,40,REGION XIII (CARAGA),SURIGAO DEL NORTE,5-14,F,S,Y,A,1
2018,10,40,REGION XIII (CARAGA),SURIGAO DEL NORTE,65+,F,S,Y,A,1
2018,10,40,REGION XIII (CARAGA),SURIGAO DEL SUR,25-64,F,S,Y,A,1
2018,10,40,REGION XIII (CARAGA),SURIGAO DEL SUR,25-64,M,S,Y,A,2
2018,10,40,REGION XIII (CARAGA),SURIGAO DEL SUR,5-14,M,S,Y,A,1
2018,10,40,REGION XIII (CARAGA),SURIGAO DEL SUR,65+,F,S,Y,A,1
2018,10,41,REGION V (BICOL REGION),ALBAY,65+,F,S,Y,A,1
2018,10,41,REGION V (BICOL REGION),CAMARINES SUR,25-64,M,S,Y,A,1
2018,10,41,REGION V (BICOL REGION),CATANDUANES,25-64,F,S,Y,A,2
2018,10,41,REGION V (BICOL REGION),CATANDUANES,25-64,M,S,Y,A,1
2018,10,41,REGION V (BICOL REGION),CATANDUANES,5-14,F,S,Y,A,1
2018,10,41,REGION V (BICOL REGION),CATANDUANES,5-14,M,S,Y,A,1
2018,10,41,REGION V (BICOL REGION),CATANDUANES,65+,F,S,Y,A,1
2018,10,41,REGION V (BICOL REGION),CATANDUANES,65+,M,S,Y,A,1
2018,10,41,REGION V (BICOL REGION),MASBATE,25-64,F,S,Y,A,1
2018,10,41,REGION V (BICOL REGION),MASBATE,25-64,M,S,Y,A,2
2018,10,41,REGION V (BICOL REGION),MASBATE,65+,M,S,Y,A,1
2018,10,41,REGION V (BICOL REGION),SORSOGON,15-24,F,S,Y,A,1
2018,10,41,REGION V (BICOL REGION),SORSOGON,25-64,M,S,Y,A,2
2018,10,41,REGION V (BICOL REGION),SORSOGON,5-14,F,S,Y,A,2
2018,10,41,REGION X (NORTHERN MINDANAO),MISAMIS OCCIDENTAL,15-24,F,S,Y,A,1
2018,10,41,REGION X (NORTHERN MINDANAO),MISAMIS OCCIDENTAL,25-64,M,S,Y,A,1
2018,10,41,REGION XIII (CARAGA),DINAGAT ISLANDS,25-64,F,S,Y,A,4
2018,10,41,REGION XIII (CARAGA),DINAGAT ISLANDS,65+,F,S,Y,A,1
2018,10,41,REGION XIII (CARAGA),DINAGAT ISLANDS,65+,M,S,Y,A,1
2018,10,41,REGION XIII (CARAGA),SURIGAO DEL NORTE,15-24,M,S,Y,A,1
2018,10,41,REGION XIII (CARAGA),SURIGAO DEL SUR,15-24,F,S,Y,A,4
2018,10,41,REGION XIII (CARAGA),SURIGAO DEL SUR,25-64,F,S,Y,A,10
2018,10,41,REGION XIII (CARAGA),SURIGAO DEL SUR,25-64,M,S,Y,A,3
2018,10,41,REGION XIII (CARAGA),SURIGAO DEL SUR,5-14,F,S,Y,A,4
2018,10,41,REGION XIII (CARAGA),SURIGAO DEL SUR,5-14,M,S,Y,A,2
2018,10,41,REGION XIII (CARAGA),SURIGAO DEL SUR,65+,F,S,Y,A,2
2018,10,41,REGION XIII (CARAGA),SURIGAO DEL SUR,65+,M,C,Y,A,1
2018,10,41,REGION XIII (CARAGA),SURIGAO DEL SUR,65+,M,S,Y,A,3
2018,10,42,REGION IX (ZAMBOANGA PENINSULA),ZAMBOANGA DEL SUR,15-24,M,S,Y,A,1
2018,10,42,REGION V (BICOL REGION),ALBAY,65+,F,S,Y,A,1
2018,10,42,REGION V (BICOL REGION),CAMARINES NORTE,25-64,F,S,Y,A,1
2018,10,42,REGION V (BICOL REGION),CAMARINES NORTE,25-64,M,S,Y,A,1
2018,10,42,REGION V (BICOL REGION),CATANDUANES,15-24,F,S,Y,A,1
2018,10,42,REGION V (BICOL REGION),CATANDUANES,5-14,F,S,Y,A,1
2018,10,42,REGION V (BICOL REGION),MASBATE,25-64,F,S,Y,A,1
2018,10,42,REGION V (BICOL REGION),SORSOGON,15-24,M,S,Y,A,1
2018,10,42,REGION V (BICOL REGION),SORSOGON,25-64,F,S,Y,A,2
2018,10,42,REGION V (BICOL REGION),SORSOGON,65+,F,S,Y,A,1
2018,10,42,REGION X (NORTHERN MINDANAO),MISAMIS OCCIDENTAL,5-14,F,S,Y,A,1
2018,10,42,REGION XIII (CARAGA),DINAGAT ISLANDS,25-64,F,S,Y,A,1
2018,10,42,REGION XIII (CARAGA),SURIGAO DEL NORTE,15-24,F,S,Y,A,1
2018,10,42,REGION XIII (CARAGA),SURIGAO DEL NORTE,25-64,F,S,Y,A,2
2018,10,42,REGION XIII (CARAGA),SURIGAO DEL NORTE,5-14,F,S,Y,A,1
2018,10,42,REGION XIII (CARAGA),SURIGAO DEL SUR,15-24,F,S,Y,A,2
2018,10,42,REGION XIII (CARAGA),SURIGAO DEL SUR,15-24,M,S,Y,A,3
2018,10,42,REGION XIII (CARAGA),SURIGAO DEL SUR,25-64,F,S,Y,A,8
2018,10,42,REGION XIII (CARAGA),SURIGAO DEL SUR,25-64,M,S,Y,A,7
2018,10,42,REGION XIII (CARAGA),SURIGAO DEL SUR,5-14,F,C,Y,A,1
2018,10,42,REGION XIII (CARAGA),SURIGAO DEL SUR,5-14,F,S,Y,A,3
2018,10,42,REGION XIII (CARAGA),SURIGAO DEL SUR,5-14,M,S,Y,A,7
2018,10,42,REGION XIII (CARAGA),SURIGAO DEL SUR,65+,F,S,Y,A,4
2018,10,42,REGION XIII (CARAGA),SURIGAO DEL SUR,65+,M,S,Y,A,3
2018,10,43,NATIONAL CAPITAL REGION (NCR),PASAY CITY,65+,M,S,Y,A,1
2018,10,43,REGION V (BICOL REGION),ALBAY,65+,F,S,Y,A,1
2018,10,43,REGION V (BICOL REGION),CAMARINES SUR,15-24,M,S,Y,A,1
2018,10,43,REGION V (BICOL REGION),CATANDUANES,15-24,M,S,Y,A,3
2018,10,43,REGION V (BICOL REGION),CATANDUANES,25-64,M,S,Y,A,1
2018,10,43,REGION V (BICOL REGION),CATANDUANES,5-14,F,S,Y,A,1
2018,10,43,REGION V (BICOL REGION),MASBATE,5-14,M,S,Y,A,1
2018,10,43,REGION V (BICOL REGION),SORSOGON,25-64,F,S,Y,A,1
2018,10,43,REGION V (BICOL REGION),SORSOGON,25-64,M,S,Y,A,6
2018,10,43,REGION V (BICOL REGION),SORSOGON,5-14,F,S,Y,A,2
2018,10,43,REGION V (BICOL REGION),SORSOGON,5-14,M,S,Y,A,3
2018,10,43,REGION XIII (CARAGA),DINAGAT ISLANDS,65+,F,S,Y,A,1
2018,10,43,REGION XIII (CARAGA),SURIGAO DEL NORTE,15-24,M,S,Y,A,1
2018,10,43,REGION XIII (CARAGA),SURIGAO DEL NORTE,25-64,M,S,Y,A,1
2018,10,43,REGION XIII (CARAGA),SURIGAO DEL NORTE,65+,F,S,Y,A,2
2018,10,43,REGION XIII (CARAGA),SURIGAO DEL SUR,15-24,F,S,Y,A,2
2018,10,43,REGION XIII (CARAGA),SURIGAO DEL SUR,15-24,M,S,Y,A,1
2018,10,43,REGION XIII (CARAGA),SURIGAO DEL SUR,25-64,F,S,Y,A,5
2018,10,43,REGION XIII (CARAGA),SURIGAO DEL SUR,25-64,M,S,Y,A,5
2018,10,43,REGION XIII (CARAGA),SURIGAO DEL SUR,5-14,F,S,Y,A,5
2018,10,43,REGION XIII (CARAGA),SURIGAO DEL SUR,5-14,M,S,Y,A,2
2018,10,43,REGION XIII (CARAGA),SURIGAO DEL SUR,65+,F,S,Y,A,1
2018,10,43,REGION XIII (CARAGA),SURIGAO DEL SUR,65+,M,S,Y,A,1
2018,10,44,REGION V (BICOL REGION),CAMARINES NORTE,25-64,M,S,Y,A,1
2018,10,44,REGION V (BICOL REGION),MASBATE,65+,F,S,Y,A,1
2018,10,44,REGION V (BICOL REGION),SORSOGON,25-64,M,S,Y,A,1
2018,10,44,REGION V (BICOL REGION),SORSOGON,5-14,M,S,Y,A,1
2018,10,44,REGION X (NORTHERN MINDANAO),MISAMIS OCCIDENTAL,15-24,M,S,Y,A,1
2018,10,44,REGION X (NORTHERN MINDANAO),MISAMIS OCCIDENTAL,25-64,F,S,Y,A,1
2018,10,44,REGION XIII (CARAGA),SURIGAO DEL NORTE,15-24,M,S,Y,A,1
2018,10,44,REGION XIII (CARAGA),SURIGAO DEL NORTE,5-14,M,S,Y,A,1
2018,10,44,REGION XIII (CARAGA),SURIGAO DEL NORTE,65+,F,S,Y,A,1
2018,10,44,REGION XIII (CARAGA),SURIGAO DEL SUR,15-24,F,S,Y,A,1
2018,10,44,REGION XIII (CARAGA),SURIGAO DEL SUR,25-64,F,S,Y,A,8
2018,10,44,REGION XIII (CARAGA),SURIGAO DEL SUR,25-64,M,S,Y,A,3
2018,10,44,REGION XIII (CARAGA),SURIGAO DEL SUR,5-14,F,C,Y,A,1
2018,10,44,REGION XIII (CARAGA),SURIGAO DEL SUR,5-14,F,S,Y,A,1
2018,10,44,REGION XIII (CARAGA),SURIGAO DEL SUR,5-14,M,S,Y,A,2
2018,10,44,REGION XIII (CARAGA),SURIGAO DEL SUR,65+,M,S,Y,A,2
2018,11,44,REGION V (BICOL REGION),MASBATE,15-24,F,S,Y,A,1
2018,11,44,REGION V (BICOL REGION),SORSOGON,65+,F,S,Y,A,1
2018,11,44,REGION XIII (CARAGA),DINAGAT ISLANDS,5-14,M,S,Y,A,1
2018,11,44,REGION XIII (CARAGA),SURIGAO DEL NORTE,25-64,M,S,Y,A,1
2018,11,44,REGION XIII (CARAGA),SURIGAO DEL SUR,15-24,F,S,Y,A,2
2018,11,44,REGION XIII (CARAGA),SURIGAO DEL SUR,25-64,F,S,Y,A,2
2018,11,44,REGION XIII (CARAGA),SURIGAO DEL SUR,5-14,F,S,Y,A,1
2018,11,44,REGION XIII (CARAGA),SURIGAO DEL SUR,65+,F,S,Y,A,1
2018,11,45,REGION V (BICOL REGION),MASBATE,15-24,F,S,Y,A,1
2018,11,45,REGION V (BICOL REGION),MASBATE,15-24,M,S,Y,A,1
2018,11,45,REGION V (BICOL REGION),MASBATE,25-64,F,S,Y,A,1
2018,11,45,REGION V (BICOL REGION),MASBATE,25-64,M,S,Y,A,2
2018,11,45,REGION V (BICOL REGION),MASBATE,65+,F,S,Y,A,1
2018,11,45,REGION V (BICOL REGION),SORSOGON,15-24,F,S,Y,A,2
2018,11,45,REGION V (BICOL REGION),SORSOGON,25-64,F,S,Y,A,1
2018,11,45,REGION V (BICOL REGION),SORSOGON,25-64,M,S,Y,A,1
2018,11,45,REGION V (BICOL REGION),SORSOGON,5-14,F,S,Y,A,1
2018,11,45,REGION V (BICOL REGION),SORSOGON,5-14,M,S,Y,A,1
2018,11,45,REGION X (NORTHERN MINDANAO),MISAMIS OCCIDENTAL,5-14,M,S,Y,A,1
2018,11,45,REGION XIII (CARAGA),AGUSAN DEL NORTE,15-24,M,S,Y,A,1
2018,11,45,REGION XIII (CARAGA),AGUSAN DEL NORTE,25-64,M,S,Y,A,1
2018,11,45,REGION XIII (CARAGA),CITY OF BUTUAN,15-24,M,S,Y,A,1
2018,11,45,REGION XIII (CARAGA),CITY OF BUTUAN,5-14,M,S,Y,A,1
2018,11,45,REGION XIII (CARAGA),CITY OF BUTUAN,65+,F,S,Y,A,1
2018,11,45,REGION XIII (CARAGA),SURIGAO DEL NORTE,15-24,F,S,Y,A,1
2018,11,45,REGION XIII (CARAGA),SURIGAO DEL NORTE,25-64,M,S,Y,A,2
2018,11,45,REGION XIII (CARAGA),SURIGAO DEL SUR,15-24,F,S,Y,A,2
2018,11,45,REGION XIII (CARAGA),SURIGAO DEL SUR,15-24,M,S,Y,A,1
2018,11,45,REGION XIII (CARAGA),SURIGAO DEL SUR,25-64,F,S,Y,A,5
2018,11,45,REGION XIII (CARAGA),SURIGAO DEL SUR,25-64,M,S,Y,A,2
2018,11,45,REGION XIII (CARAGA),SURIGAO DEL SUR,5-14,F,S,Y,A,3
2018,11,45,REGION XIII (CARAGA),SURIGAO DEL SUR,5-14,M,S,Y,A,1
2018,11,45,REGION XIII (CARAGA),SURIGAO DEL SUR,65+,M,S,Y,A,1
2018,11,46,REGION V (BICOL REGION),CAMARINES NORTE,15-24,F,S,Y,A,1
2018,11,46,REGION V (BICOL REGION),MASBATE,15-24,F,S,Y,A,1
2018,11,46,REGION V (BICOL REGION),MASBATE,5-14,F,S,Y,A,1
2018,11,46,REGION V (BICOL REGION),SORSOGON,15-24,M,S,Y,A,1
2018,11,46,REGION V (BICOL REGION),SORSOGON,25-64,F,S,Y,A,1
2018,11,46,REGION V (BICOL REGION),SORSOGON,25-64,M,S,Y,A,1
2018,11,46,REGION V (BICOL REGION),SORSOGON,5-14,F,S,Y,A,1
2018,11,46,REGION V (BICOL REGION),SORSOGON,5-14,M,S,Y,A,2
2018,11,46,REGION X (NORTHERN MINDANAO),MISAMIS OCCIDENTAL,5-14,F,S,Y,A,1
2018,11,46,REGION XIII (CARAGA),AGUSAN DEL NORTE,25-64,F,S,Y,A,2
2018,11,46,REGION XIII (CARAGA),AGUSAN DEL NORTE,25-64,M,S,Y,A,1
2018,11,46,REGION XIII (CARAGA),AGUSAN DEL NORTE,5-14,F,S,Y,A,1
2018,11,46,REGION XIII (CARAGA),AGUSAN DEL SUR,25-64,M,S,Y,A,1
2018,11,46,REGION XIII (CARAGA),AGUSAN DEL SUR,65+,M,S,Y,A,1
2018,11,46,REGION XIII (CARAGA),CITY OF BUTUAN,25-64,F,S,Y,A,2
2018,11,46,REGION XIII (CARAGA),CITY OF BUTUAN,5-14,F,S,Y,A,1
2018,11,46,REGION XIII (CARAGA),DINAGAT ISLANDS,15-24,M,S,Y,A,1
2018,11,46,REGION XIII (CARAGA),DINAGAT ISLANDS,5-14,M,S,Y,A,1
2018,11,46,REGION XIII (CARAGA),DINAGAT ISLANDS,65+,F,S,Y,A,1
2018,11,46,REGION XIII (CARAGA),SURIGAO DEL NORTE,25-64,F,S,Y,A,1
2018,11,46,REGION XIII (CARAGA),SURIGAO DEL NORTE,25-64,M,S,Y,A,1
2018,11,46,REGION XIII (CARAGA),SURIGAO DEL NORTE,5-14,M,S,Y,A,2
2018,11,46,REGION XIII (CARAGA),SURIGAO DEL NORTE,65+,F,S,Y,A,1
2018,11,46,REGION XIII (CARAGA),SURIGAO DEL SUR,25-64,F,S,Y,A,3
2018,11,46,REGION XIII (CARAGA),SURIGAO DEL SUR,25-64,M,S,Y,A,2
2018,11,46,REGION XIII (CARAGA),SURIGAO DEL SUR,5-14,M,S,Y,A,2
2018,11,46,REGION XIII (CARAGA),SURIGAO DEL SUR,65+,F,S,Y,A,1
2018,11,47,REGION III (CENTRAL LUZON),PAMPANGA,0-4,M,C,Y,A,1
2018,11,47,REGION V (BICOL REGION),CAMARINES NORTE,25-64,M,S,Y,A,1
2018,11,47,REGION V (BICOL REGION),MASBATE,25-64,F,S,Y,A,2
2018,11,47,REGION V (BICOL REGION),MASBATE,25-64,M,S,Y,A,1
2018,11,47,REGION V (BICOL REGION),SORSOGON,25-64,M,S,Y,A,1
2018,11,47,REGION XIII (CARAGA),AGUSAN DEL NORTE,15-24,F,S,Y,A,1
2018,11,47,REGION XIII (CARAGA),AGUSAN DEL NORTE,65+,M,S,Y,A,1
2018,11,47,REGION XIII (CARAGA),AGUSAN DEL SUR,15-24,F,S,Y,A,2
2018,11,47,REGION XIII (CARAGA),AGUSAN DEL SUR,15-24,M,S,Y,A,1
2018,11,47,REGION XIII (CARAGA),CITY OF BUTUAN,25-64,M,S,Y,A,2
2018,11,47,REGION XIII (CARAGA),CITY OF BUTUAN,65+,M,S,Y,A,1
2018,11,47,REGION XIII (CARAGA),SURIGAO DEL NORTE,15-24,F,S,Y,A,2
2018,11,47,REGION XIII (CARAGA),SURIGAO DEL NORTE,15-24,M,S,Y,A,3
2018,11,47,REGION XIII (CARAGA),SURIGAO DEL NORTE,25-64,F,S,Y,A,1
2018,11,47,REGION XIII (CARAGA),SURIGAO DEL NORTE,25-64,M,S,Y,A,1
2018,11,47,REGION XIII (CARAGA),SURIGAO DEL NORTE,5-14,F,S,Y,A,1
2018,11,47,REGION XIII (CARAGA),SURIGAO DEL NORTE,5-14,M,S,Y,A,3
2018,11,47,REGION XIII (CARAGA),SURIGAO DEL SUR,15-24,F,S,Y,A,2
2018,11,47,REGION XIII (CARAGA),SURIGAO DEL SUR,15-24,M,S,Y,A,1
2018,11,47,REGION XIII (CARAGA),SURIGAO DEL SUR,25-64,F,S,Y,A,2
2018,11,47,REGION XIII (CARAGA),SURIGAO DEL SUR,25-64,M,S,Y,A,5
2018,11,47,REGION XIII (CARAGA),SURIGAO DEL SUR,5-14,F,S,Y,A,2
2018,11,47,REGION XIII (CARAGA),SURIGAO DEL SUR,5-14,M,S,Y,A,3
2018,11,47,REGION XIII (CARAGA),SURIGAO DEL SUR,65+,F,S,Y,A,1
2018,11,48,REGION V (BICOL REGION),CAMARINES NORTE,5-14,M,S,Y,A,1
2018,11,48,REGION V (BICOL REGION),MASBATE,25-64,F,S,Y,A,4
2018,11,48,REGION V (BICOL REGION),MASBATE,25-64,M,S,Y,A,2
2018,11,48,REGION V (BICOL REGION),SORSOGON,25-64,M,S,Y,A,1
2018,11,48,REGION V (BICOL REGION),SORSOGON,5-14,F,S,Y,A,1
2018,11,48,REGION V (BICOL REGION),SORSOGON,5-14,M,S,Y,A,3
2018,11,48,REGION XIII (CARAGA),CITY OF BUTUAN,15-24,M,S,Y,A,1
2018,11,48,REGION XIII (CARAGA),CITY OF BUTUAN,25-64,F,S,Y,A,1
2018,11,48,REGION XIII (CARAGA),DINAGAT ISLANDS,25-64,M,S,Y,A,1
2018,11,48,REGION XIII (CARAGA),SURIGAO DEL NORTE,15-24,F,S,Y,A,2
2018,11,48,REGION XIII (CARAGA),SURIGAO DEL NORTE,25-64,F,S,Y,A,3
2018,11,48,REGION XIII (CARAGA),SURIGAO DEL NORTE,25-64,M,S,Y,A,2
2018,11,48,REGION XIII (CARAGA),SURIGAO DEL NORTE,65+,F,S,Y,A,1
2018,11,48,REGION XIII (CARAGA),SURIGAO DEL SUR,15-24,M,S,Y,A,2
2018,11,48,REGION XIII (CARAGA),SURIGAO DEL SUR,25-64,F,S,Y,A,3
2018,11,48,REGION XIII (CARAGA),SURIGAO DEL SUR,25-64,M,S,Y,A,4
2018,11,48,REGION XIII (CARAGA),SURIGAO DEL SUR,5-14,F,S,Y,A,1
2018,11,48,REGION XIII (CARAGA),SURIGAO DEL SUR,5-14,M,S,Y,A,3
2018,11,48,REGION XIII (CARAGA),SURIGAO DEL SUR,65+,F,S,Y,A,1
2018,12,49,REGION V (BICOL REGION),CAMARINES NORTE,25-64,F,S,Y,A,1
2018,12,49,REGION V (BICOL REGION),MASBATE,15-24,M,S,Y,A,1
2018,12,49,REGION V (BICOL REGION),MASBATE,25-64,F,S,Y,A,2
2018,12,49,REGION V (BICOL REGION),MASBATE,25-64,M,S,Y,A,1
2018,12,49,REGION V (BICOL REGION),SORSOGON,15-24,F,S,Y,A,1
2018,12,49,REGION V (BICOL REGION),SORSOGON,15-24,M,S,Y,A,2
2018,12,49,REGION V (BICOL REGION),SORSOGON,5-14,F,S,Y,A,1
2018,12,49,REGION V (BICOL REGION),SORSOGON,5-14,M,S,Y,A,1
2018,12,49,REGION XIII (CARAGA),DINAGAT ISLANDS,15-24,F,S,Y,A,1
2018,12,49,REGION XIII (CARAGA),DINAGAT ISLANDS,15-24,M,S,Y,A,1
2018,12,49,REGION XIII (CARAGA),DINAGAT ISLANDS,25-64,F,S,Y,A,4
2018,12,49,REGION XIII (CARAGA),DINAGAT ISLANDS,25-64,M,S,Y,A,1
2018,12,49,REGION XIII (CARAGA),DINAGAT ISLANDS,5-14,M,S,Y,A,1
2018,12,49,REGION XIII (CARAGA),DINAGAT ISLANDS,65+,F,S,Y,A,1
2018,12,49,REGION XIII (CARAGA),DINAGAT ISLANDS,65+,M,S,Y,A,1
2018,12,49,REGION XIII (CARAGA),SURIGAO DEL NORTE,15-24,M,S,Y,A,3
2018,12,49,REGION XIII (CARAGA),SURIGAO DEL NORTE,25-64,F,S,Y,A,3
2018,12,49,REGION XIII (CARAGA),SURIGAO DEL NORTE,25-64,M,S,Y,A,1
2018,12,49,REGION XIII (CARAGA),SURIGAO DEL NORTE,5-14,F,S,Y,A,1
2018,12,49,REGION XIII (CARAGA),SURIGAO DEL NORTE,5-14,M,S,Y,A,3
2018,12,49,REGION XIII (CARAGA),SURIGAO DEL NORTE,65+,M,S,Y,A,1
2018,12,49,REGION XIII (CARAGA),SURIGAO DEL SUR,15-24,F,S,Y,A,4
2018,12,49,REGION XIII (CARAGA),SURIGAO DEL SUR,15-24,M,S,Y,A,3
2018,12,49,REGION XIII (CARAGA),SURIGAO DEL SUR,25-64,F,S,Y,A,2
2018,12,49,REGION XIII (CARAGA),SURIGAO DEL SUR,25-64,M,S,Y,A,1
2018,12,49,REGION XIII (CARAGA),SURIGAO DEL SUR,5-14,F,S,Y,A,2
2018,12,49,REGION XIII (CARAGA),SURIGAO DEL SUR,5-14,M,S,Y,A,2
2018,12,49,REGION XIII (CARAGA),SURIGAO DEL SUR,65+,F,S,Y,A,1
2018,12,50,REGION V (BICOL REGION),CAMARINES NORTE,5-14,M,S,Y,A,1
2018,12,50,REGION V (BICOL REGION),MASBATE,15-24,M,S,Y,A,1
2018,12,50,REGION V (BICOL REGION),MASBATE,25-64,F,S,Y,A,1
2018,12,50,REGION V (BICOL REGION),MASBATE,25-64,M,S,Y,A,1
2018,12,50,REGION V (BICOL REGION),MASBATE,5-14,M,S,Y,A,1
2018,12,50,REGION V (BICOL REGION),SORSOGON,15-24,M,S,Y,A,1
2018,12,50,REGION V (BICOL REGION),SORSOGON,25-64,F,S,Y,A,3
2018,12,50,REGION V (BICOL REGION),SORSOGON,25-64,M,S,Y,A,3
2018,12,50,REGION V (BICOL REGION),SORSOGON,5-14,M,S,Y,A,1
2018,12,50,REGION X (NORTHERN MINDANAO),MISAMIS OCCIDENTAL,15-24,F,S,Y,A,1
2018,12,50,REGION X (NORTHERN MINDANAO),MISAMIS OCCIDENTAL,25-64,F,S,Y,A,2
2018,12,50,REGION XIII (CARAGA),DINAGAT ISLANDS,25-64,F,S,Y,A,2
2018,12,50,REGION XIII (CARAGA),DINAGAT ISLANDS,25-64,M,S,Y,A,1
2018,12,50,REGION XIII (CARAGA),DINAGAT ISLANDS,5-14,M,S,Y,A,1
2018,12,50,REGION XIII (CARAGA),SURIGAO DEL NORTE,15-24,F,S,Y,A,1
2018,12,50,REGION XIII (CARAGA),SURIGAO DEL NORTE,25-64,F,S,Y,A,1
2018,12,50,REGION XIII (CARAGA),SURIGAO DEL SUR,15-24,F,S,Y,A,2
2018,12,50,REGION XIII (CARAGA),SURIGAO DEL SUR,15-24,M,S,Y,A,1
2018,12,50,REGION XIII (CARAGA),SURIGAO DEL SUR,25-64,F,S,Y,A,7
2018,12,50,REGION XIII (CARAGA),SURIGAO DEL SUR,25-64,M,S,Y,A,4
2018,12,50,REGION XIII (CARAGA),SURIGAO DEL SUR,5-14,F,S,Y,A,3
2018,12,50,REGION XIII (CARAGA),SURIGAO DEL SUR,5-14,M,S,Y,A,4
2018,12,50,REGION XIII (CARAGA),SURIGAO DEL SUR,65+,F,S,Y,A,1
2018,12,50,REGION XIII (CARAGA),SURIGAO DEL SUR,65+,M,S,Y,A,2
2018,12,51,REGION V (BICOL REGION),MASBATE,25-64,F,S,Y,A,1
2018,12,51,REGION V (BICOL REGION),MASBATE,25-64,M,S,Y,A,1
2018,12,51,REGION V (BICOL REGION),MASBATE,5-14,M,S,Y,A,1
2018,12,51,REGION V (BICOL REGION),SORSOGON,15-24,F,S,Y,A,1
2018,12,51,REGION V (BICOL REGION),SORSOGON,15-24,M,S,Y,A,1
2018,12,51,REGION V (BICOL REGION),SORSOGON,25-64,F,S,Y,A,1
2018,12,51,REGION V (BICOL REGION),SORSOGON,5-14,F,S,Y,A,3
2018,12,51,REGION V (BICOL REGION),SORSOGON,5-14,M,S,Y,A,2
2018,12,51,REGION V (BICOL REGION),SORSOGON,65+,F,S,Y,A,1
2018,12,51,REGION V (BICOL REGION),SORSOGON,65+,M,S,Y,A,1
2018,12,51,REGION X (NORTHERN MINDANAO),MISAMIS OCCIDENTAL,25-64,F,S,Y,A,1
2018,12,51,REGION X (NORTHERN MINDANAO),MISAMIS OCCIDENTAL,25-64,M,S,Y,A,1
2018,12,51,REGION XIII (CARAGA),DINAGAT ISLANDS,25-64,F,S,Y,A,2
2018,12,51,REGION XIII (CARAGA),SURIGAO DEL NORTE,25-64,F,S,Y,A,1
2018,12,51,REGION XIII (CARAGA),SURIGAO DEL NORTE,65+,F,S,Y,A,1
2018,12,51,REGION XIII (CARAGA),SURIGAO DEL SUR,15-24,F,S,Y,A,1
2018,12,51,REGION XIII (CARAGA),SURIGAO DEL SUR,15-24,M,S,Y,A,2
2018,12,51,REGION XIII (CARAGA),SURIGAO DEL SUR,25-64,F,S,Y,A,5
2018,12,51,REGION XIII (CARAGA),SURIGAO DEL SUR,25-64,M,S,Y,A,4
2018,12,51,REGION XIII (CARAGA),SURIGAO DEL SUR,5-14,M,S,Y,A,1
2018,12,51,REGION XIII (CARAGA),SURIGAO DEL SUR,65+,F,S,Y,A,1
2018,12,52,REGION V (BICOL REGION),CAMARINES NORTE,5-14,F,S,Y,A,1
2018,12,52,REGION V (BICOL REGION),CAMARINES NORTE,5-14,M,S,Y,A,1
2018,12,52,REGION V (BICOL REGION),MASBATE,5-14,F,S,Y,A,1
2018,12,52,REGION V (BICOL REGION),SORSOGON,15-24,F,S,Y,A,1
2018,12,52,REGION V (BICOL REGION),SORSOGON,15-24,M,S,Y,A,2
2018,12,52,REGION V (BICOL REGION),SORSOGON,25-64,M,S,Y,A,1
2018,12,52,REGION V (BICOL REGION),SORSOGON,5-14,F,S,Y,A,1
2018,12,52,REGION V (BICOL REGION),SORSOGON,5-14,M,S,Y,A,2
2018,12,52,REGION V (BICOL REGION),SORSOGON,65+,F,S,Y,A,3
2018,12,52,REGION XIII (CARAGA),AGUSAN DEL SUR,15-24,M,S,Y,A,1
2018,12,52,REGION XIII (CARAGA),AGUSAN DEL SUR,25-64,F,S,Y,A,1
2018,12,52,REGION XIII (CARAGA),AGUSAN DEL SUR,25-64,M,S,Y,A,1
2018,12,52,REGION XIII (CARAGA),AGUSAN DEL SUR,5-14,M,S,Y,A,1
2018,12,52,REGION XIII (CARAGA),DINAGAT ISLANDS,15-24,M,S,Y,A,1
2018,12,52,REGION XIII (CARAGA),DINAGAT ISLANDS,25-64,F,S,Y,A,1
2018,12,52,REGION XIII (CARAGA),SURIGAO DEL NORTE,25-64,F,S,Y,A,2
2018,12,52,REGION XIII (CARAGA),SURIGAO DEL NORTE,5-14,M,S,Y,A,1
2018,12,52,REGION XIII (CARAGA),SURIGAO DEL NORTE,65+,F,S,Y,A,1
2018,12,52,REGION XIII (CARAGA),SURIGAO DEL SUR,15-24,F,S,Y,A,4
2018,12,52,REGION XIII (CARAGA),SURIGAO DEL SUR,15-24,M,S,Y,A,1
2018,12,52,REGION XIII (CARAGA),SURIGAO DEL SUR,25-64,F,S,Y,A,3
2018,12,52,REGION XIII (CARAGA),SURIGAO DEL SUR,25-64,M,C,Y,A,1
2018,12,52,REGION XIII (CARAGA),SURIGAO DEL SUR,25-64,M,S,Y,A,5
2018,12,52,REGION XIII (CARAGA),SURIGAO DEL SUR,5-14,F,S,Y,A,2
2018,12,52,REGION XIII (CARAGA),SURIGAO DEL SUR,5-14,M,S,Y,A,3
2018,12,52,REGION XIII (CARAGA),SURIGAO DEL SUR,65+,F,S,Y,A,4
2018,12,52,REGION XIII (CARAGA),SURIGAO DEL SUR,65+,M,S,Y,A,2
2019,1,1,REGION V (BICOL REGION),CATANDUANES,25-64,F,S,Y,A,1
2019,1,1,REGION V (BICOL REGION),MASBATE,15-24,F,S,Y,A,1
2019,1,1,REGION V (BICOL REGION),MASBATE,15-24,M,S,Y,A,1
2019,1,1,REGION V (BICOL REGION),MASBATE,25-64,F,S,Y,A,2
2019,1,1,REGION V (BICOL REGION),MASBATE,25-64,M,S,Y,A,1
2019,1,1,REGION V (BICOL REGION),MASBATE,5-14,F,S,Y,A,1
2019,1,1,REGION V (BICOL REGION),SORSOGON,15-24,F,S,Y,A,1
2019,1,1,REGION V (BICOL REGION),SORSOGON,5-14,F,S,Y,A,1
2019,1,1,REGION V (BICOL REGION),SORSOGON,65+,F,S,Y,A,2
2019,1,1,REGION V (BICOL REGION),SORSOGON,65+,M,S,Y,A,1
2019,1,1,REGION VIII (EASTERN VISAYAS),CITY OF TACLOBAN,15-24,M,S,Y,A,1
2019,1,1,REGION VIII (EASTERN VISAYAS),LEYTE,15-24,M,S,Y,A,1
2019,1,1,REGION VIII (EASTERN VISAYAS),SAMAR,25-64,F,S,Y,A,2
2019,1,1,REGION VIII (EASTERN VISAYAS),SAMAR,25-64,M,S,Y,A,1
2019,1,1,REGION VIII (EASTERN VISAYAS),SAMAR,5-14,F,S,Y,A,2
2019,1,1,REGION VIII (EASTERN VISAYAS),SAMAR,5-14,M,S,Y,A,1
2019,1,1,REGION XIII (CARAGA),SURIGAO DEL NORTE,25-64,F,S,Y,A,1
2019,1,1,REGION XIII (CARAGA),SURIGAO DEL NORTE,65+,M,S,Y,A,1
2019,1,1,REGION XIII (CARAGA),SURIGAO DEL SUR,15-24,F,S,Y,A,1
2019,1,1,REGION XIII (CARAGA),SURIGAO DEL SUR,15-24,M,S,Y,A,1
2019,1,1,REGION XIII (CARAGA),SURIGAO DEL SUR,25-64,F,S,Y,A,5
2019,1,1,REGION XIII (CARAGA),SURIGAO DEL SUR,25-64,M,S,Y,A,1
2019,1,1,REGION XIII (CARAGA),SURIGAO DEL SUR,5-14,M,S,Y,A,2
2019,1,1,REGION XIII (CARAGA),SURIGAO DEL SUR,65+,F,S,Y,A,1
2019,1,1,REGION XIII (CARAGA),SURIGAO DEL SUR,65+,M,S,Y,A,1
2019,1,2,REGION V (BICOL REGION),CAMARINES NORTE,15-24,M,S,Y,A,1
2019,1,2,REGION V (BICOL REGION),CATANDUANES,5-14,F,S,Y,A,1
2019,1,2,REGION V (BICOL REGION),CATANDUANES,65+,F,S,Y,A,1
2019,1,2,REGION V (BICOL REGION),MASBATE,25-64,F,S,Y,A,3
2019,1,2,REGION V (BICOL REGION),SORSOGON,25-64,F,S,Y,A,1
2019,1,2,REGION V (BICOL REGION),SORSOGON,25-64,M,S,Y,A,1
2019,1,2,REGION V (BICOL REGION),SORSOGON,5-14,F,S,Y,A,1
2019,1,2,REGION V (BICOL REGION),SORSOGON,65+,F,S,Y,A,1
2019,1,2,REGION VIII (EASTERN VISAYAS),BILIRAN,5-14,F,S,Y,A,1
2019,1,2,REGION VIII (EASTERN VISAYAS),BILIRAN,5-14,M,S,Y,A,1
2019,1,2,REGION VIII (EASTERN VISAYAS),EASTERN SAMAR,25-64,M,S,Y,A,1
2019,1,2,REGION VIII (EASTERN VISAYAS),LEYTE,15-24,M,S,Y,A,1
2019,1,2,REGION VIII (EASTERN VISAYAS),LEYTE,25-64,F,S,Y,A,2
2019,1,2,REGION VIII (EASTERN VISAYAS),LEYTE,25-64,M,S,Y,A,3
2019,1,2,REGION VIII (EASTERN VISAYAS),LEYTE,5-14,F,S,Y,A,1
2019,1,2,REGION VIII (EASTERN VISAYAS),LEYTE,65+,M,S,Y,A,1
2019,1,2,REGION VIII (EASTERN VISAYAS),SAMAR,25-64,F,S,Y,A,1
2019,1,2,REGION VIII (EASTERN VISAYAS),SAMAR,5-14,F,S,Y,A,1
2019,1,2,REGION VIII (EASTERN VISAYAS),SAMAR,5-14,M,S,Y,A,2
2019,1,2,REGION VIII (EASTERN VISAYAS),SOUTHERN LEYTE,65+,M,S,Y,A,1
2019,1,2,REGION XIII (CARAGA),AGUSAN DEL NORTE,25-64,M,S,Y,A,1
2019,1,2,REGION XIII (CARAGA),SURIGAO DEL NORTE,15-24,M,S,Y,A,1
2019,1,2,REGION XIII (CARAGA),SURIGAO DEL NORTE,5-14,M,S,Y,A,1
2019,1,2,REGION XIII (CARAGA),SURIGAO DEL SUR,15-24,M,S,Y,A,2
2019,1,2,REGION XIII (CARAGA),SURIGAO DEL SUR,25-64,F,S,Y,A,7
2019,1,2,REGION XIII (CARAGA),SURIGAO DEL SUR,25-64,M,C,Y,A,1
2019,1,2,REGION XIII (CARAGA),SURIGAO DEL SUR,25-64,M,S,Y,A,2
2019,1,2,REGION XIII (CARAGA),SURIGAO DEL SUR,5-14,F,S,Y,A,1
2019,1,2,REGION XIII (CARAGA),SURIGAO DEL SUR,5-14,M,S,Y,A,5
2019,1,2,REGION XIII (CARAGA),SURIGAO DEL SUR,65+,F,C,Y,A,1
2019,1,2,REGION XIII (CARAGA),SURIGAO DEL SUR,65+,F,S,Y,A,1
2019,1,2,REGION XIII (CARAGA),SURIGAO DEL SUR,65+,M,S,Y,A,2
2019,1,3,REGION V (BICOL REGION),CATANDUANES,15-24,F,S,Y,A,1
2019,1,3,REGION V (BICOL REGION),MASBATE,25-64,F,S,Y,A,3
2019,1,3,REGION V (BICOL REGION),MASBATE,5-14,F,S,Y,A,1
2019,1,3,REGION V (BICOL REGION),SORSOGON,25-64,M,S,Y,A,4
2019,1,3,REGION V (BICOL REGION),SORSOGON,5-14,F,S,Y,A,1
2019,1,3,REGION V (BICOL REGION),SORSOGON,5-14,M,S,Y,A,3
2019,1,3,REGION V (BICOL REGION),SORSOGON,65+,F,S,Y,A,2
2019,1,3,REGION VIII (EASTERN VISAYAS),BILIRAN,25-64,F,S,Y,A,1
2019,1,3,REGION VIII (EASTERN VISAYAS),BILIRAN,5-14,F,S,Y,A,1
2019,1,3,REGION VIII (EASTERN VISAYAS),BILIRAN,5-14,M,S,Y,A,3
2019,1,3,REGION VIII (EASTERN VISAYAS),CITY OF TACLOBAN,25-64,F,S,Y,A,1
2019,1,3,REGION VIII (EASTERN VISAYAS),CITY OF TACLOBAN,25-64,M,S,Y,A,1
2019,1,3,REGION VIII (EASTERN VISAYAS),CITY OF TACLOBAN,5-14,M,S,Y,A,3
2019,1,3,REGION VIII (EASTERN VISAYAS),CITY OF TACLOBAN,65+,F,S,Y,A,1
2019,1,3,REGION VIII (EASTERN VISAYAS),EASTERN SAMAR,25-64,F,S,Y,A,1
2019,1,3,REGION VIII (EASTERN VISAYAS),EASTERN SAMAR,25-64,M,S,Y,A,1
2019,1,3,REGION VIII (EASTERN VISAYAS),EASTERN SAMAR,5-14,F,S,Y,A,1
2019,1,3,REGION VIII (EASTERN VISAYAS),LEYTE,15-24,F,S,Y,A,1
2019,1,3,REGION VIII (EASTERN VISAYAS),LEYTE,25-64,F,S,Y,A,5
2019,1,3,REGION VIII (EASTERN VISAYAS),LEYTE,25-64,M,S,Y,A,3
2019,1,3,REGION VIII (EASTERN VISAYAS),LEYTE,5-14,F,S,Y,A,4
2019,1,3,REGION VIII (EASTERN VISAYAS),LEYTE,5-14,M,S,Y,A,3
2019,1,3,REGION VIII (EASTERN VISAYAS),LEYTE,65+,F,S,Y,A,1
2019,1,3,REGION VIII (EASTERN VISAYAS),SAMAR,15-24,F,S,Y,A,2
2019,1,3,REGION VIII (EASTERN VISAYAS),SAMAR,15-24,M,S,Y,A,1
2019,1,3,REGION VIII (EASTERN VISAYAS),SAMAR,5-14,F,S,Y,A,1
2019,1,3,REGION VIII (EASTERN VISAYAS),SAMAR,65+,F,S,Y,A,1
2019,1,3,REGION VIII (EASTERN VISAYAS),SOUTHERN LEYTE,25-64,F,S,Y,A,1
2019,1,3,REGION VIII (EASTERN VISAYAS),SOUTHERN LEYTE,25-64,M,S,Y,A,4
2019,1,3,REGION VIII (EASTERN VISAYAS),SOUTHERN LEYTE,5-14,F,S,Y,A,1
2019,1,3,REGION VIII (EASTERN VISAYAS),SOUTHERN LEYTE,65+,F,S,Y,A,1
2019,1,3,REGION X (NORTHERN MINDANAO),MISAMIS OCCIDENTAL,15-24,M,S,Y,A,1
2019,1,3,REGION X (NORTHERN MINDANAO),MISAMIS OCCIDENTAL,25-64,F,S,Y,A,1
2019,1,3,REGION XIII (CARAGA),SURIGAO DEL NORTE,25-64,M,S,Y,A,2
2019,1,3,REGION XIII (CARAGA),SURIGAO DEL NORTE,65+,F,S,Y,A,1
2019,1,3,REGION XIII (CARAGA),SURIGAO DEL SUR,15-24,F,S,Y,A,2
2019,1,3,REGION XIII (CARAGA),SURIGAO DEL SUR,15-24,M,S,Y,A,2
2019,1,3,REGION XIII (CARAGA),SURIGAO DEL SUR,25-64,F,S,Y,A,5
2019,1,3,REGION XIII (CARAGA),SURIGAO DEL SUR,25-64,M,S,Y,A,7
2019,1,3,REGION XIII (CARAGA),SURIGAO DEL SUR,5-14,F,S,Y,A,3
2019,1,3,REGION XIII (CARAGA),SURIGAO DEL SUR,5-14,M,S,Y,A,5
2019,1,4,REGION V (BICOL REGION),CATANDUANES,25-64,F,S,Y,A,1
2019,1,4,REGION V (BICOL REGION),CATANDUANES,25-64,M,S,Y,A,1
2019,1,4,REGION V (BICOL REGION),MASBATE,25-64,F,S,Y,A,2
2019,1,4,REGION V (BICOL REGION),MASBATE,25-64,M,S,Y,A,2
2019,1,4,REGION V (BICOL REGION),MASBATE,65+,F,S,Y,A,1
2019,1,4,REGION V (BICOL REGION),SORSOGON,25-64,M,S,Y,A,2
2019,1,4,REGION V (BICOL REGION),SORSOGON,5-14,M,S,Y,A,1
2019,1,4,REGION V (BICOL REGION),SORSOGON,65+,F,S,Y,A,1
2019,1,4,REGION V (BICOL REGION),SORSOGON,65+,M,S,Y,A,1
2019,1,4,REGION VIII (EASTERN VISAYAS),BILIRAN,15-24,F,S,Y,A,1
2019,1,4,REGION VIII (EASTERN VISAYAS),BILIRAN,15-24,M,S,Y,A,3
2019,1,4,REGION VIII (EASTERN VISAYAS),BILIRAN,25-64,F,S,Y,A,2
2019,1,4,REGION VIII (EASTERN VISAYAS),BILIRAN,5-14,F,S,Y,A,1
2019,1,4,REGION VIII (EASTERN VISAYAS),BILIRAN,5-14,M,S,Y,A,1
2019,1,4,REGION VIII (EASTERN VISAYAS),CITY OF TACLOBAN,15-24,F,S,Y,A,1
2019,1,4,REGION VIII (EASTERN VISAYAS),CITY OF TACLOBAN,25-64,F,S,Y,A,2
2019,1,4,REGION VIII (EASTERN VISAYAS),CITY OF TACLOBAN,25-64,M,S,Y,A,1
2019,1,4,REGION VIII (EASTERN VISAYAS),CITY OF TACLOBAN,5-14,M,S,Y,A,1
2019,1,4,REGION VIII (EASTERN VISAYAS),CITY OF TACLOBAN,65+,M,S,Y,A,1
2019,1,4,REGION VIII (EASTERN VISAYAS),EASTERN SAMAR,15-24,F,S,Y,A,1
2019,1,4,REGION VIII (EASTERN VISAYAS),EASTERN SAMAR,25-64,F,S,Y,A,2
2019,1,4,REGION VIII (EASTERN VISAYAS),EASTERN SAMAR,25-64,M,S,Y,A,1
2019,1,4,REGION VIII (EASTERN VISAYAS),EASTERN SAMAR,5-14,M,S,Y,A,1
2019,1,4,REGION VIII (EASTERN VISAYAS),LEYTE,15-24,F,S,Y,A,2
2019,1,4,REGION VIII (EASTERN VISAYAS),LEYTE,25-64,F,S,Y,A,6
2019,1,4,REGION VIII (EASTERN VISAYAS),LEYTE,25-64,M,S,Y,A,5
2019,1,4,REGION VIII (EASTERN VISAYAS),LEYTE,5-14,F,S,Y,A,1
2019,1,4,REGION VIII (EASTERN VISAYAS),LEYTE,5-14,M,S,Y,A,4
2019,1,4,REGION VIII (EASTERN VISAYAS),SAMAR,15-24,M,S,Y,A,1
2019,1,4,REGION VIII (EASTERN VISAYAS),SAMAR,25-64,F,S,Y,A,2
2019,1,4,REGION VIII (EASTERN VISAYAS),SAMAR,25-64,M,S,Y,A,4
2019,1,4,REGION VIII (EASTERN VISAYAS),SOUTHERN LEYTE,25-64,F,S,Y,A,6
2019,1,4,REGION VIII (EASTERN VISAYAS),SOUTHERN LEYTE,25-64,M,S,Y,A,2
2019,1,4,REGION VIII (EASTERN VISAYAS),SOUTHERN LEYTE,5-14,F,S,Y,A,1
2019,1,4,REGION VIII (EASTERN VISAYAS),SOUTHERN LEYTE,5-14,M,S,Y,A,1
2019,1,4,REGION VIII (EASTERN VISAYAS),SOUTHERN LEYTE,65+,F,S,Y,A,1
2019,1,4,REGION X (NORTHERN MINDANAO),MISAMIS OCCIDENTAL,15-24,F,S,Y,A,1
2019,1,4,REGION X (NORTHERN MINDANAO),MISAMIS OCCIDENTAL,25-64,M,S,Y,A,1
2019,1,4,REGION X (NORTHERN MINDANAO),MISAMIS OCCIDENTAL,5-14,M,S,Y,A,1
2019,1,4,REGION XIII (CARAGA),SURIGAO DEL NORTE,25-64,M,S,Y,A,1
2019,1,4,REGION XIII (CARAGA),SURIGAO DEL SUR,15-24,F,S,Y,A,1
2019,1,4,REGION XIII (CARAGA),SURIGAO DEL SUR,25-64,F,S,Y,A,11
2019,1,4,REGION XIII (CARAGA),SURIGAO DEL SUR,25-64,M,S,Y,A,3
2019,1,4,REGION XIII (CARAGA),SURIGAO DEL SUR,5-14,F,S,Y,A,2
2019,1,4,REGION XIII (CARAGA),SURIGAO DEL SUR,5-14,M,S,Y,A,3
2019,1,4,REGION XIII (CARAGA),SURIGAO DEL SUR,65+,F,S,Y,A,3
2019,1,4,REGION XIII (CARAGA),SURIGAO DEL SUR,65+,M,S,Y,A,1
2019,1,5,REGION IX (ZAMBOANGA PENINSULA),ZAMBOANGA DEL SUR,65+,F,S,Y,A,1
2019,1,5,REGION V (BICOL REGION),CAMARINES NORTE,25-64,M,S,Y,A,1
2019,1,5,REGION V (BICOL REGION),SORSOGON,15-24,M,S,Y,A,1
2019,1,5,REGION V (BICOL REGION),SORSOGON,25-64,F,S,Y,A,2
2019,1,5,REGION V (BICOL REGION),SORSOGON,25-64,M,S,Y,A,2
2019,1,5,REGION VIII (EASTERN VISAYAS),BILIRAN,5-14,F,S,Y,A,1
2019,1,5,REGION VIII (EASTERN VISAYAS),BILIRAN,5-14,M,S,Y,A,1
2019,1,5,REGION VIII (EASTERN VISAYAS),BILIRAN,65+,F,S,Y,A,1
2019,1,5,REGION VIII (EASTERN VISAYAS),CITY OF TACLOBAN,25-64,F,S,Y,A,3
2019,1,5,REGION VIII (EASTERN VISAYAS),CITY OF TACLOBAN,25-64,M,S,Y,A,3
2019,1,5,REGION VIII (EASTERN VISAYAS),CITY OF TACLOBAN,5-14,F,S,Y,A,4
2019,1,5,REGION VIII (EASTERN VISAYAS),CITY OF TACLOBAN,5-14,M,S,Y,A,1
2019,1,5,REGION VIII (EASTERN VISAYAS),CITY OF TACLOBAN,65+,F,S,Y,A,1
2019,1,5,REGION VIII (EASTERN VISAYAS),EASTERN SAMAR,15-24,F,S,Y,A,1
2019,1,5,REGION VIII (EASTERN VISAYAS),EASTERN SAMAR,15-24,M,S,Y,A,2
2019,1,5,REGION VIII (EASTERN VISAYAS),EASTERN SAMAR,25-64,M,S,Y,A,2
2019,1,5,REGION VIII (EASTERN VISAYAS),EASTERN SAMAR,5-14,M,S,Y,A,3
2019,1,5,REGION VIII (EASTERN VISAYAS),EASTERN SAMAR,65+,F,S,Y,A,1
2019,1,5,REGION VIII (EASTERN VISAYAS),LEYTE,15-24,F,S,Y,A,2
2019,1,5,REGION VIII (EASTERN VISAYAS),LEYTE,15-24,M,S,Y,A,1
2019,1,5,REGION VIII (EASTERN VISAYAS),LEYTE,25-64,F,S,Y,A,3
2019,1,5,REGION VIII (EASTERN VISAYAS),LEYTE,25-64,M,S,Y,A,3
2019,1,5,REGION VIII (EASTERN VISAYAS),LEYTE,5-14,F,S,Y,A,2
2019,1,5,REGION VIII (EASTERN VISAYAS),LEYTE,5-14,M,S,Y,A,3
2019,1,5,REGION VIII (EASTERN VISAYAS),SAMAR,15-24,F,S,Y,A,3
2019,1,5,REGION VIII (EASTERN VISAYAS),SAMAR,25-64,F,S,Y,A,1
2019,1,5,REGION VIII (EASTERN VISAYAS),SAMAR,25-64,M,S,Y,A,3
2019,1,5,REGION VIII (EASTERN VISAYAS),SAMAR,5-14,F,S,Y,A,1
2019,1,5,REGION VIII (EASTERN VISAYAS),SOUTHERN LEYTE,15-24,F,S,Y,A,2
2019,1,5,REGION VIII (EASTERN VISAYAS),SOUTHERN LEYTE,15-24,M,S,Y,A,1
2019,1,5,REGION VIII (EASTERN VISAYAS),SOUTHERN LEYTE,25-64,F,S,Y,A,1
2019,1,5,REGION VIII (EASTERN VISAYAS),SOUTHERN LEYTE,5-14,M,S,Y,A,2
2019,1,5,REGION X (NORTHERN MINDANAO),MISAMIS OCCIDENTAL,25-64,M,S,Y,A,1
2019,1,5,REGION XIII (CARAGA),AGUSAN DEL SUR,15-24,M,S,Y,A,2
2019,1,5,REGION XIII (CARAGA),AGUSAN DEL SUR,25-64,M,S,Y,A,2
2019,1,5,REGION XIII (CARAGA),SURIGAO DEL NORTE,25-64,M,S,Y,A,1
2019,1,5,REGION XIII (CARAGA),SURIGAO DEL NORTE,5-14,M,S,Y,A,1
2019,1,5,REGION XIII (CARAGA),SURIGAO DEL SUR,15-24,F,S,Y,A,2
2019,1,5,REGION XIII (CARAGA),SURIGAO DEL SUR,25-64,F,S,Y,A,7
2019,1,5,REGION XIII (CARAGA),SURIGAO DEL SUR,25-64,M,S,Y,A,6
2019,1,5,REGION XIII (CARAGA),SURIGAO DEL SUR,5-14,F,S,Y,A,6
2019,1,5,REGION XIII (CARAGA),SURIGAO DEL SUR,65+,F,S,Y,A,2
2019,2,5,REGION V (BICOL REGION),MASBATE,25-64,F,S,Y,A,1
2019,2,5,REGION VIII (EASTERN VISAYAS),BILIRAN,15-24,F,S,Y,A,1
2019,2,5,REGION VIII (EASTERN VISAYAS),CITY OF TACLOBAN,25-64,F,S,Y,A,1
2019,2,5,REGION VIII (EASTERN VISAYAS),CITY OF TACLOBAN,5-14,F,S,Y,A,2
2019,2,5,REGION VIII (EASTERN VISAYAS),EASTERN SAMAR,15-24,M,S,Y,A,1
2019,2,5,REGION VIII (EASTERN VISAYAS),LEYTE,25-64,F,S,Y,A,2
2019,2,5,REGION XIII (CARAGA),SURIGAO DEL NORTE,5-14,M,S,Y,A,1
2019,2,5,REGION XIII (CARAGA),SURIGAO DEL SUR,15-24,M,S,Y,A,1
2019,2,5,REGION XIII (CARAGA),SURIGAO DEL SUR,25-64,F,S,Y,A,1
2019,2,5,REGION XIII (CARAGA),SURIGAO DEL SUR,25-64,M,S,Y,A,5
2019,2,5,REGION XIII (CARAGA),SURIGAO DEL SUR,5-14,M,S,Y,A,1
2019,2,6,REGION V (BICOL REGION),CAMARINES NORTE,15-24,M,S,Y,A,1
2019,2,6,REGION V (BICOL REGION),CAMARINES NORTE,25-64,F,S,Y,A,2
2019,2,6,REGION V (BICOL REGION),CAMARINES NORTE,25-64,M,S,Y,A,1
2019,2,6,REGION V (BICOL REGION),CAMARINES NORTE,5-14,M,S,Y,A,1
2019,2,6,REGION V (BICOL REGION),MASBATE,15-24,M,S,Y,A,2
2019,2,6,REGION V (BICOL REGION),MASBATE,25-64,M,S,Y,A,3
2019,2,6,REGION V (BICOL REGION),SORSOGON,15-24,M,S,Y,A,1
2019,2,6,REGION V (BICOL REGION),SORSOGON,5-14,F,S,Y,A,1
2019,2,6,REGION VIII (EASTERN VISAYAS),BILIRAN,25-64,M,S,Y,A,1
2019,2,6,REGION VIII (EASTERN VISAYAS),BILIRAN,5-14,M,S,Y,A,1
2019,2,6,REGION VIII (EASTERN VISAYAS),CITY OF TACLOBAN,15-24,F,S,Y,A,4
2019,2,6,REGION VIII (EASTERN VISAYAS),CITY OF TACLOBAN,15-24,M,S,Y,A,1
2019,2,6,REGION VIII (EASTERN VISAYAS),CITY OF TACLOBAN,25-64,F,S,Y,A,2
2019,2,6,REGION VIII (EASTERN VISAYAS),CITY OF TACLOBAN,25-64,M,S,Y,A,3
2019,2,6,REGION VIII (EASTERN VISAYAS),CITY OF TACLOBAN,5-14,F,S,Y,A,5
2019,2,6,REGION VIII (EASTERN VISAYAS),CITY OF TACLOBAN,5-14,M,S,Y,A,2
2019,2,6,REGION VIII (EASTERN VISAYAS),EASTERN SAMAR,15-24,F,S,Y,A,1
2019,2,6,REGION VIII (EASTERN VISAYAS),EASTERN SAMAR,5-14,M,S,Y,A,1
2019,2,6,REGION VIII (EASTERN VISAYAS),LEYTE,15-24,F,S,Y,A,3
2019,2,6,REGION VIII (EASTERN VISAYAS),LEYTE,25-64,F,S,Y,A,2
2019,2,6,REGION VIII (EASTERN VISAYAS),LEYTE,25-64,M,S,Y,A,5
2019,2,6,REGION VIII (EASTERN VISAYAS),LEYTE,5-14,F,S,Y,A,2
2019,2,6,REGION VIII (EASTERN VISAYAS),LEYTE,5-14,M,S,Y,A,5
2019,2,6,REGION VIII (EASTERN VISAYAS),LEYTE,65+,F,S,Y,A,2
2019,2,6,REGION VIII (EASTERN VISAYAS),LEYTE,65+,M,S,Y,A,2
2019,2,6,REGION VIII (EASTERN VISAYAS),SAMAR,25-64,M,S,Y,A,2
2019,2,6,REGION VIII (EASTERN VISAYAS),SAMAR,5-14,F,S,Y,A,1
2019,2,6,REGION VIII (EASTERN VISAYAS),SAMAR,5-14,M,S,Y,A,1
2019,2,6,REGION VIII (EASTERN VISAYAS),SOUTHERN LEYTE,15-24,M,S,Y,A,1
2019,2,6,REGION X (NORTHERN MINDANAO),MISAMIS OCCIDENTAL,5-14,M,S,Y,A,1
2019,2,6,REGION XIII (CARAGA),AGUSAN DEL SUR,15-24,F,S,Y,A,1
2019,2,6,REGION XIII (CARAGA),DINAGAT ISLANDS,65+,F,S,Y,A,1
2019,2,6,REGION XIII (CARAGA),SURIGAO DEL NORTE,15-24,M,S,Y,A,1
2019,2,6,REGION XIII (CARAGA),SURIGAO DEL NORTE,25-64,M,S,Y,A,2
2019,2,6,REGION XIII (CARAGA),SURIGAO DEL NORTE,65+,F,S,Y,A,1
2019,2,6,REGION XIII (CARAGA),SURIGAO DEL NORTE,65+,M,S,Y,A,2
2019,2,6,REGION XIII (CARAGA),SURIGAO DEL SUR,15-24,F,S,Y,A,4
2019,2,6,REGION XIII (CARAGA),SURIGAO DEL SUR,25-64,F,S,Y,A,8
2019,2,6,REGION XIII (CARAGA),SURIGAO DEL SUR,25-64,M,S,Y,A,6
2019,2,6,REGION XIII (CARAGA),SURIGAO DEL SUR,5-14,F,S,Y,A,6
2019,2,6,REGION XIII (CARAGA),SURIGAO DEL SUR,5-14,M,S,Y,A,7
2019,2,6,REGION XIII (CARAGA),SURIGAO DEL SUR,65+,F,S,Y,A,8
2019,2,6,REGION XIII (CARAGA),SURIGAO DEL SUR,65+,M,S,Y,A,1
2019,2,7,REGION V (BICOL REGION),CAMARINES NORTE,5-14,F,S,Y,A,1
2019,2,7,REGION V (BICOL REGION),MASBATE,15-24,M,S,Y,A,1
2019,2,7,REGION V (BICOL REGION),MASBATE,5-14,F,S,Y,A,1
2019,2,7,REGION V (BICOL REGION),MASBATE,65+,M,S,Y,A,1
2019,2,7,REGION V (BICOL REGION),SORSOGON,25-64,M,S,Y,A,1
2019,2,7,REGION V (BICOL REGION),SORSOGON,5-14,F,S,Y,A,1
2019,2,7,REGION V (BICOL REGION),SORSOGON,5-14,M,S,Y,A,1
2019,2,7,REGION V (BICOL REGION),SORSOGON,65+,F,S,Y,A,1
2019,2,7,REGION VIII (EASTERN VISAYAS),BILIRAN,25-64,F,S,Y,A,2
2019,2,7,REGION VIII (EASTERN VISAYAS),BILIRAN,25-64,M,S,Y,A,1
2019,2,7,REGION VIII (EASTERN VISAYAS),BILIRAN,5-14,F,S,Y,A,3
2019,2,7,REGION VIII (EASTERN VISAYAS),CITY OF TACLOBAN,15-24,F,S,Y,A,2
2019,2,7,REGION VIII (EASTERN VISAYAS),CITY OF TACLOBAN,25-64,F,S,Y,A,3
2019,2,7,REGION VIII (EASTERN VISAYAS),CITY OF TACLOBAN,25-64,M,S,Y,A,1
2019,2,7,REGION VIII (EASTERN VISAYAS),CITY OF TACLOBAN,5-14,F,S,Y,A,1
2019,2,7,REGION VIII (EASTERN VISAYAS),CITY OF TACLOBAN,5-14,M,S,Y,A,1
2019,2,7,REGION VIII (EASTERN VISAYAS),CITY OF TACLOBAN,65+,M,S,Y,A,2
2019,2,7,REGION VIII (EASTERN VISAYAS),EASTERN SAMAR,15-24,F,S,Y,A,1
2019,2,7,REGION VIII (EASTERN VISAYAS),EASTERN SAMAR,25-64,M,S,Y,A,1
2019,2,7,REGION VIII (EASTERN VISAYAS),EASTERN SAMAR,65+,M,S,Y,A,1
2019,2,7,REGION VIII (EASTERN VISAYAS),LEYTE,25-64,F,S,Y,A,3
2019,2,7,REGION VIII (EASTERN VISAYAS),LEYTE,25-64,M,S,Y,A,3
2019,2,7,REGION VIII (EASTERN VISAYAS),LEYTE,5-14,F,S,Y,A,3
2019,2,7,REGION VIII (EASTERN VISAYAS),LEYTE,5-14,M,S,Y,A,3
2019,2,7,REGION VIII (EASTERN VISAYAS),LEYTE,65+,F,S,Y,A,3
2019,2,7,REGION VIII (EASTERN VISAYAS),SAMAR,15-24,F,S,Y,A,1
2019,2,7,REGION VIII (EASTERN VISAYAS),SAMAR,25-64,M,S,Y,A,1
2019,2,7,REGION VIII (EASTERN VISAYAS),SAMAR,5-14,F,S,Y,A,1
2019,2,7,REGION VIII (EASTERN VISAYAS),SAMAR,5-14,M,S,Y,A,2
2019,2,7,REGION VIII (EASTERN VISAYAS),SAMAR,65+,F,S,Y,A,1
2019,2,7,REGION VIII (EASTERN VISAYAS),SAMAR,65+,M,S,Y,A,2
2019,2,7,REGION VIII (EASTERN VISAYAS),SOUTHERN LEYTE,15-24,F,S,Y,A,2
2019,2,7,REGION VIII (EASTERN VISAYAS),SOUTHERN LEYTE,25-64,F,S,Y,A,1
2019,2,7,REGION VIII (EASTERN VISAYAS),SOUTHERN LEYTE,25-64,M,S,Y,A,2
2019,2,7,REGION VIII (EASTERN VISAYAS),SOUTHERN LEYTE,65+,F,S,Y,A,1
2019,2,7,REGION VIII (EASTERN VISAYAS),SOUTHERN LEYTE,65+,M,S,Y,A,1
2019,2,7,REGION X (NORTHERN MINDANAO),MISAMIS OCCIDENTAL,5-14,F,S,Y,A,1
2019,2,7,REGION XIII (CARAGA),AGUSAN DEL SUR,15-24,F,S,Y,A,1
2019,2,7,REGION XIII (CARAGA),AGUSAN DEL SUR,25-64,F,S,Y,A,1
2019,2,7,REGION XIII (CARAGA),AGUSAN DEL SUR,25-64,M,S,Y,A,2
2019,2,7,REGION XIII (CARAGA),AGUSAN DEL SUR,5-14,M,S,Y,A,2
2019,2,7,REGION XIII (CARAGA),DINAGAT ISLANDS,5-14,F,S,Y,A,1
2019,2,7,REGION XIII (CARAGA),SURIGAO DEL NORTE,15-24,M,S,Y,A,1
2019,2,7,REGION XIII (CARAGA),SURIGAO DEL NORTE,25-64,F,S,Y,A,1
2019,2,7,REGION XIII (CARAGA),SURIGAO DEL NORTE,25-64,M,S,Y,A,2
2019,2,7,REGION XIII (CARAGA),SURIGAO DEL NORTE,5-14,F,S,Y,A,4
2019,2,7,REGION XIII (CARAGA),SURIGAO DEL SUR,15-24,F,S,Y,A,3
2019,2,7,REGION XIII (CARAGA),SURIGAO DEL SUR,25-64,F,S,Y,A,2
2019,2,7,REGION XIII (CARAGA),SURIGAO DEL SUR,25-64,M,S,Y,A,3
2019,2,7,REGION XIII (CARAGA),SURIGAO DEL SUR,5-14,F,S,Y,A,3
2019,2,7,REGION XIII (CARAGA),SURIGAO DEL SUR,5-14,M,S,Y,A,7
2019,2,7,REGION XIII (CARAGA),SURIGAO DEL SUR,65+,M,S,Y,A,2
2019,2,8,REGION V (BICOL REGION),CATANDUANES,5-14,F,S,Y,A,1
2019,2,8,REGION V (BICOL REGION),CATANDUANES,65+,F,S,Y,A,1
2019,2,8,REGION V (BICOL REGION),CATANDUANES,65+,M,S,Y,A,1
2019,2,8,REGION V (BICOL REGION),MASBATE,15-24,F,S,Y,A,1
2019,2,8,REGION V (BICOL REGION),MASBATE,25-64,F,S,Y,A,1
2019,2,8,REGION V (BICOL REGION),SORSOGON,25-64,M,S,Y,A,2
2019,2,8,REGION V (BICOL REGION),SORSOGON,5-14,F,S,Y,A,1
2019,2,8,REGION V (BICOL REGION),SORSOGON,5-14,M,S,Y,A,1
2019,2,8,REGION VIII (EASTERN VISAYAS),BILIRAN,25-64,M,S,Y,A,1
2019,2,8,REGION VIII (EASTERN VISAYAS),BILIRAN,5-14,F,S,Y,A,1
2019,2,8,REGION VIII (EASTERN VISAYAS),BILIRAN,5-14,M,S,Y,A,2
2019,2,8,REGION VIII (EASTERN VISAYAS),CITY OF TACLOBAN,15-24,F,S,Y,A,1
2019,2,8,REGION VIII (EASTERN VISAYAS),CITY OF TACLOBAN,15-24,M,S,Y,A,2
2019,2,8,REGION VIII (EASTERN VISAYAS),CITY OF TACLOBAN,25-64,F,S,Y,A,1
2019,2,8,REGION VIII (EASTERN VISAYAS),CITY OF TACLOBAN,25-64,M,S,Y,A,1
2019,2,8,REGION VIII (EASTERN VISAYAS),CITY OF TACLOBAN,5-14,F,S,Y,A,3
2019,2,8,REGION VIII (EASTERN VISAYAS),CITY OF TACLOBAN,5-14,M,S,Y,A,5
2019,2,8,REGION VIII (EASTERN VISAYAS),EASTERN SAMAR,5-14,F,S,Y,A,1
2019,2,8,REGION VIII (EASTERN VISAYAS),LEYTE,15-24,F,S,Y,A,5
2019,2,8,REGION VIII (EASTERN VISAYAS),LEYTE,15-24,M,S,Y,A,1
2019,2,8,REGION VIII (EASTERN VISAYAS),LEYTE,25-64,F,S,Y,A,3
2019,2,8,REGION VIII (EASTERN VISAYAS),LEYTE,25-64,M,S,Y,A,1
2019,2,8,REGION VIII (EASTERN VISAYAS),LEYTE,5-14,F,S,Y,A,3
2019,2,8,REGION VIII (EASTERN VISAYAS),LEYTE,5-14,M,S,Y,A,5
2019,2,8,REGION VIII (EASTERN VISAYAS),LEYTE,65+,F,S,Y,A,1
2019,2,8,REGION VIII (EASTERN VISAYAS),LEYTE,65+,M,S,Y,A,3
2019,2,8,REGION VIII (EASTERN VISAYAS),SAMAR,15-24,F,S,Y,A,2
2019,2,8,REGION VIII (EASTERN VISAYAS),SAMAR,25-64,F,S,Y,A,2
2019,2,8,REGION VIII (EASTERN VISAYAS),SAMAR,25-64,M,S,Y,A,1
2019,2,8,REGION VIII (EASTERN VISAYAS),SAMAR,5-14,F,S,Y,A,2
2019,2,8,REGION VIII (EASTERN VISAYAS),SOUTHERN LEYTE,25-64,F,S,Y,A,1
2019,2,8,REGION VIII (EASTERN VISAYAS),SOUTHERN LEYTE,5-14,F,S,Y,A,2
2019,2,8,REGION X (NORTHERN MINDANAO),MISAMIS OCCIDENTAL,5-14,F,S,Y,A,1
2019,2,8,REGION XIII (CARAGA),AGUSAN DEL SUR,5-14,F,S,Y,A,1
2019,2,8,REGION XIII (CARAGA),SURIGAO DEL NORTE,15-24,M,S,Y,A,1
2019,2,8,REGION XIII (CARAGA),SURIGAO DEL NORTE,25-64,F,S,Y,A,2
2019,2,8,REGION XIII (CARAGA),SURIGAO DEL NORTE,5-14,F,S,Y,A,1
2019,2,8,REGION XIII (CARAGA),SURIGAO DEL SUR,15-24,F,S,Y,A,1
2019,2,8,REGION XIII (CARAGA),SURIGAO DEL SUR,15-24,M,S,Y,A,1
2019,2,8,REGION XIII (CARAGA),SURIGAO DEL SUR,25-64,F,S,Y,A,3
2019,2,8,REGION XIII (CARAGA),SURIGAO DEL SUR,5-14,F,S,Y,A,2
2019,2,8,REGION XIII (CARAGA),SURIGAO DEL SUR,65+,F,S,Y,A,3
2019,2,8,REGION XIII (CARAGA),SURIGAO DEL SUR,65+,M,S,Y,A,2
2019,2,9,REGION IX (ZAMBOANGA PENINSULA),ZAMBOANGA DEL SUR,25-64,M,S,Y,A,1
2019,2,9,REGION V (BICOL REGION),MASBATE,25-64,F,S,Y,A,3
2019,2,9,REGION V (BICOL REGION),MASBATE,25-64,M,S,Y,A,1
2019,2,9,REGION V (BICOL REGION),SORSOGON,25-64,F,S,Y,A,1
2019,2,9,REGION V (BICOL REGION),SORSOGON,5-14,M,S,Y,A,1
2019,2,9,REGION VIII (EASTERN VISAYAS),BILIRAN,15-24,M,S,Y,A,1
2019,2,9,REGION VIII (EASTERN VISAYAS),BILIRAN,5-14,F,S,Y,A,1
2019,2,9,REGION VIII (EASTERN VISAYAS),CITY OF TACLOBAN,15-24,F,S,Y,A,1
2019,2,9,REGION VIII (EASTERN VISAYAS),CITY OF TACLOBAN,15-24,M,S,Y,A,1
2019,2,9,REGION VIII (EASTERN VISAYAS),CITY OF TACLOBAN,25-64,F,S,Y,A,1
2019,2,9,REGION VIII (EASTERN VISAYAS),CITY OF TACLOBAN,25-64,M,S,Y,A,1
2019,2,9,REGION VIII (EASTERN VISAYAS),CITY OF TACLOBAN,5-14,F,S,Y,A,1
2019,2,9,REGION VIII (EASTERN VISAYAS),CITY OF TACLOBAN,5-14,M,S,Y,A,7
2019,2,9,REGION VIII (EASTERN VISAYAS),CITY OF TACLOBAN,65+,F,S,Y,A,1
2019,2,9,REGION VIII (EASTERN VISAYAS),EASTERN SAMAR,25-64,F,S,Y,A,2
2019,2,9,REGION VIII (EASTERN VISAYAS),EASTERN SAMAR,25-64,M,S,Y,A,2
2019,2,9,REGION VIII (EASTERN VISAYAS),EASTERN SAMAR,5-14,F,S,Y,A,2
2019,2,9,REGION VIII (EASTERN VISAYAS),EASTERN SAMAR,5-14,M,S,Y,A,1
2019,2,9,REGION VIII (EASTERN VISAYAS),EASTERN SAMAR,65+,M,S,Y,A,1
2019,2,9,REGION VIII (EASTERN VISAYAS),LEYTE,15-24,F,S,Y,A,1
2019,2,9,REGION VIII (EASTERN VISAYAS),LEYTE,25-64,F,S,Y,A,2
2019,2,9,REGION VIII (EASTERN VISAYAS),LEYTE,25-64,M,S,Y,A,3
2019,2,9,REGION VIII (EASTERN VISAYAS),LEYTE,5-14,F,S,Y,A,5
2019,2,9,REGION VIII (EASTERN VISAYAS),SAMAR,25-64,F,S,Y,A,3
2019,2,9,REGION VIII (EASTERN VISAYAS),SAMAR,25-64,M,S,Y,A,1
2019,2,9,REGION VIII (EASTERN VISAYAS),SAMAR,5-14,F,S,Y,A,4
2019,2,9,REGION VIII (EASTERN VISAYAS),SAMAR,5-14,M,S,Y,A,6
2019,2,9,REGION VIII (EASTERN VISAYAS),SOUTHERN LEYTE,25-64,F,S,Y,A,1
2019,2,9,REGION VIII (EASTERN VISAYAS),SOUTHERN LEYTE,5-14,M,S,Y,A,1
2019,2,9,REGION X (NORTHERN MINDANAO),MISAMIS OCCIDENTAL,25-64,F,S,Y,A,2
2019,2,9,REGION X (NORTHERN MINDANAO),MISAMIS OCCIDENTAL,5-14,M,S,Y,A,1
2019,2,9,REGION XIII (CARAGA),SURIGAO DEL SUR,15-24,M,C,Y,A,1
2019,2,9,REGION XIII (CARAGA),SURIGAO DEL SUR,15-24,M,S,Y,A,3
2019,2,9,REGION XIII (CARAGA),SURIGAO DEL SUR,25-64,F,S,Y,A,6
2019,2,9,REGION XIII (CARAGA),SURIGAO DEL SUR,25-64,M,S,Y,A,3
2019,2,9,REGION XIII (CARAGA),SURIGAO DEL SUR,5-14,F,S,Y,A,3
2019,2,9,REGION XIII (CARAGA),SURIGAO DEL SUR,5-14,M,S,Y,A,7
2019,2,9,REGION XIII (CARAGA),SURIGAO DEL SUR,65+,F,S,Y,A,3
2019,3,10,NATIONAL CAPITAL REGION (NCR),QUEZON CITY,15-24,M,S,Y,A,1
2019,3,10,REGION V (BICOL REGION),ALBAY,25-64,F,S,Y,A,1
2019,3,10,REGION V (BICOL REGION),CAMARINES NORTE,25-64,F,S,Y,A,1
2019,3,10,REGION V (BICOL REGION),CATANDUANES,25-64,M,S,Y,A,1
2019,3,10,REGION V (BICOL REGION),MASBATE,25-64,F,S,Y,A,2
2019,3,10,REGION V (BICOL REGION),SORSOGON,25-64,M,S,Y,A,2
2019,3,10,REGION V (BICOL REGION),SORSOGON,5-14,F,S,Y,A,2
2019,3,10,REGION V (BICOL REGION),SORSOGON,5-14,M,S,Y,A,2
2019,3,10,REGION V (BICOL REGION),SORSOGON,65+,F,S,Y,A,1
2019,3,10,REGION VIII (EASTERN VISAYAS),BILIRAN,15-24,F,S,Y,A,1
2019,3,10,REGION VIII (EASTERN VISAYAS),BILIRAN,25-64,F,S,Y,A,1
2019,3,10,REGION VIII (EASTERN VISAYAS),BILIRAN,25-64,M,S,Y,A,1
2019,3,10,REGION VIII (EASTERN VISAYAS),BILIRAN,5-14,F,S,Y,A,1
2019,3,10,REGION VIII (EASTERN VISAYAS),BILIRAN,65+,F,S,Y,A,1
2019,3,10,REGION VIII (EASTERN VISAYAS),CITY OF TACLOBAN,25-64,F,S,Y,A,2
2019,3,10,REGION VIII (EASTERN VISAYAS),CITY OF TACLOBAN,25-64,M,S,Y,A,3
2019,3,10,REGION VIII (EASTERN VISAYAS),CITY OF TACLOBAN,5-14,M,S,Y,A,1
2019,3,10,REGION VIII (EASTERN VISAYAS),CITY OF TACLOBAN,65+,F,S,Y,A,1
2019,3,10,REGION VIII (EASTERN VISAYAS),CITY OF TACLOBAN,65+,M,S,Y,A,1
2019,3,10,REGION VIII (EASTERN VISAYAS),EASTERN SAMAR,15-24,F,S,Y,A,1
2019,3,10,REGION VIII (EASTERN VISAYAS),EASTERN SAMAR,15-24,M,S,Y,A,2
2019,3,10,REGION VIII (EASTERN VISAYAS),EASTERN SAMAR,25-64,M,S,Y,A,1
2019,3,10,REGION VIII (EASTERN VISAYAS),EASTERN SAMAR,5-14,M,S,Y,A,1
2019,3,10,REGION VIII (EASTERN VISAYAS),EASTERN SAMAR,65+,F,S,Y,A,1
2019,3,10,REGION VIII (EASTERN VISAYAS),EASTERN SAMAR,65+,M,S,Y,A,1
2019,3,10,REGION VIII (EASTERN VISAYAS),LEYTE,15-24,F,S,Y,A,2
2019,3,10,REGION VIII (EASTERN VISAYAS),LEYTE,15-24,M,S,Y,A,2
2019,3,10,REGION VIII (EASTERN VISAYAS),LEYTE,25-64,F,S,Y,A,4
2019,3,10,REGION VIII (EASTERN VISAYAS),LEYTE,25-64,M,S,Y,A,3
2019,3,10,REGION VIII (EASTERN VISAYAS),LEYTE,5-14,F,S,Y,A,2
2019,3,10,REGION VIII (EASTERN VISAYAS),LEYTE,5-14,M,S,Y,A,1
2019,3,10,REGION VIII (EASTERN VISAYAS),LEYTE,65+,F,S,Y,A,1
2019,3,10,REGION VIII (EASTERN VISAYAS),LEYTE,65+,M,S,Y,A,2
2019,3,10,REGION VIII (EASTERN VISAYAS),SAMAR,15-24,F,S,Y,A,2
2019,3,10,REGION VIII (EASTERN VISAYAS),SAMAR,15-24,M,S,Y,A,1
2019,3,10,REGION VIII (EASTERN VISAYAS),SAMAR,25-64,F,S,Y,A,3
2019,3,10,REGION VIII (EASTERN VISAYAS),SAMAR,25-64,M,S,Y,A,1
2019,3,10,REGION VIII (EASTERN VISAYAS),SAMAR,5-14,F,S,Y,A,1
2019,3,10,REGION VIII (EASTERN VISAYAS),SAMAR,5-14,M,S,Y,A,1
2019,3,10,REGION VIII (EASTERN VISAYAS),SOUTHERN LEYTE,15-24,M,S,Y,A,1
2019,3,10,REGION VIII (EASTERN VISAYAS),SOUTHERN LEYTE,25-64,F,S,Y,A,2
2019,3,10,REGION VIII (EASTERN VISAYAS),SOUTHERN LEYTE,25-64,M,S,Y,A,1
2019,3,10,REGION VIII (EASTERN VISAYAS),SOUTHERN LEYTE,65+,F,S,Y,A,2
2019,3,10,REGION XIII (CARAGA),AGUSAN DEL NORTE,25-64,F,S,Y,A,1
2019,3,10,REGION XIII (CARAGA),AGUSAN DEL NORTE,5-14,F,S,Y,A,1
2019,3,10,REGION XIII (CARAGA),AGUSAN DEL SUR,15-24,M,S,Y,A,2
2019,3,10,REGION XIII (CARAGA),AGUSAN DEL SUR,25-64,F,S,Y,A,4
2019,3,10,REGION XIII (CARAGA),AGUSAN DEL SUR,25-64,M,S,Y,A,1
2019,3,10,REGION XIII (CARAGA),CITY OF BUTUAN,65+,F,S,Y,A,1
2019,3,10,REGION XIII (CARAGA),SURIGAO DEL NORTE,25-64,F,S,Y,A,3
2019,3,10,REGION XIII (CARAGA),SURIGAO DEL NORTE,25-64,M,S,Y,A,3
2019,3,10,REGION XIII (CARAGA),SURIGAO DEL NORTE,5-14,M,S,Y,A,1
2019,3,10,REGION XIII (CARAGA),SURIGAO DEL SUR,15-24,F,S,Y,A,1
2019,3,10,REGION XIII (CARAGA),SURIGAO DEL SUR,15-24,M,S,Y,A,4
2019,3,10,REGION XIII (CARAGA),SURIGAO DEL SUR,25-64,F,S,Y,A,8
2019,3,10,REGION XIII (CARAGA),SURIGAO DEL SUR,25-64,M,S,Y,A,2
2019,3,10,REGION XIII (CARAGA),SURIGAO DEL SUR,5-14,M,S,Y,A,3
2019,3,10,REGION XIII (CARAGA),SURIGAO DEL SUR,65+,F,S,Y,A,3
2019,3,10,REGION XIII (CARAGA),SURIGAO DEL SUR,65+,M,S,Y,A,1
2019,3,11,REGION V (BICOL REGION),MASBATE,15-24,M,S,Y,A,1
2019,3,11,REGION V (BICOL REGION),MASBATE,5-14,M,S,Y,A,1
2019,3,11,REGION V (BICOL REGION),SORSOGON,15-24,F,S,Y,D,1
2019,3,11,REGION V (BICOL REGION),SORSOGON,15-24,M,S,Y,A,2
2019,3,11,REGION V (BICOL REGION),SORSOGON,25-64,M,S,Y,A,1
2019,3,11,REGION V (BICOL REGION),SORSOGON,5-14,F,S,Y,A,1
2019,3,11,REGION V (BICOL REGION),SORSOGON,65+,F,S,Y,A,2
2019,3,11,REGION VIII (EASTERN VISAYAS),BILIRAN,15-24,F,S,Y,A,1
2019,3,11,REGION VIII (EASTERN VISAYAS),BILIRAN,25-64,F,S,Y,A,1
2019,3,11,REGION VIII (EASTERN VISAYAS),BILIRAN,5-14,M,S,Y,A,1
2019,3,11,REGION VIII (EASTERN VISAYAS),BILIRAN,65+,F,S,Y,A,1
2019,3,11,REGION VIII (EASTERN VISAYAS),CITY OF TACLOBAN,25-64,F,S,Y,A,2
2019,3,11,REGION VIII (EASTERN VISAYAS),CITY OF TACLOBAN,5-14,M,S,Y,A,3
2019,3,11,REGION VIII (EASTERN VISAYAS),EASTERN SAMAR,15-24,F,S,Y,A,1
2019,3,11,REGION VIII (EASTERN VISAYAS),EASTERN SAMAR,15-24,M,S,Y,A,2
2019,3,11,REGION VIII (EASTERN VISAYAS),EASTERN SAMAR,25-64,F,S,Y,A,1
2019,3,11,REGION VIII (EASTERN VISAYAS),EASTERN SAMAR,5-14,F,S,Y,A,2
2019,3,11,REGION VIII (EASTERN VISAYAS),EASTERN SAMAR,5-14,M,S,Y,A,2
2019,3,11,REGION VIII (EASTERN VISAYAS),EASTERN SAMAR,65+,F,S,Y,A,1
2019,3,11,REGION VIII (EASTERN VISAYAS),EASTERN SAMAR,65+,M,S,Y,A,1
2019,3,11,REGION VIII (EASTERN VISAYAS),LEYTE,15-24,M,S,Y,A,1
2019,3,11,REGION VIII (EASTERN VISAYAS),LEYTE,25-64,F,S,Y,A,10
2019,3,11,REGION VIII (EASTERN VISAYAS),LEYTE,25-64,M,S,Y,A,2
2019,3,11,REGION VIII (EASTERN VISAYAS),LEYTE,5-14,M,S,Y,A,4
2019,3,11,REGION VIII (EASTERN VISAYAS),LEYTE,65+,F,S,Y,A,2
2019,3,11,REGION VIII (EASTERN VISAYAS),LEYTE,65+,M,S,Y,A,1
2019,3,11,REGION VIII (EASTERN VISAYAS),NORTHERN SAMAR,25-64,M,S,Y,A,1
2019,3,11,REGION VIII (EASTERN VISAYAS),SAMAR,15-24,F,S,Y,A,1
2019,3,11,REGION VIII (EASTERN VISAYAS),SAMAR,15-24,M,S,Y,A,1
2019,3,11,REGION VIII (EASTERN VISAYAS),SAMAR,25-64,F,S,Y,A,3
2019,3,11,REGION VIII (EASTERN VISAYAS),SAMAR,25-64,M,S,Y,A,3
2019,3,11,REGION VIII (EASTERN VISAYAS),SAMAR,5-14,M,S,Y,A,1
2019,3,11,REGION VIII (EASTERN VISAYAS),SAMAR,65+,F,S,Y,A,1
2019,3,11,REGION X (NORTHERN MINDANAO),MISAMIS OCCIDENTAL,25-64,M,S,Y,A,1
2019,3,11,REGION X (NORTHERN MINDANAO),MISAMIS OCCIDENTAL,65+,F,S,Y,A,1
2019,3,11,REGION XIII (CARAGA),AGUSAN DEL NORTE,25-64,F,S,Y,A,2
2019,3,11,REGION XIII (CARAGA),AGUSAN DEL SUR,25-64,F,S,Y,A,2
2019,3,11,REGION XIII (CARAGA),AGUSAN DEL SUR,65+,M,S,Y,A,1
2019,3,11,REGION XIII (CARAGA),DINAGAT ISLANDS,15-24,M,S,Y,A,2
2019,3,11,REGION XIII (CARAGA),DINAGAT ISLANDS,25-64,F,S,Y,A,2
2019,3,11,REGION XIII (CARAGA),SURIGAO DEL NORTE,15-24,F,S,Y,A,1
2019,3,11,REGION XIII (CARAGA),SURIGAO DEL NORTE,25-64,F,S,Y,A,1
2019,3,11,REGION XIII (CARAGA),SURIGAO DEL NORTE,5-14,M,S,Y,A,1
2019,3,11,REGION XIII (CARAGA),SURIGAO DEL NORTE,65+,F,S,Y,A,1
2019,3,11,REGION XIII (CARAGA),SURIGAO DEL SUR,15-24,F,S,Y,A,3
2019,3,11,REGION XIII (CARAGA),SURIGAO DEL SUR,15-24,M,S,Y,A,2
2019,3,11,REGION XIII (CARAGA),SURIGAO DEL SUR,25-64,F,S,Y,A,7
2019,3,11,REGION XIII (CARAGA),SURIGAO DEL SUR,25-64,M,S,Y,A,6
2019,3,11,REGION XIII (CARAGA),SURIGAO DEL SUR,5-14,M,S,Y,A,3
2019,3,11,REGION XIII (CARAGA),SURIGAO DEL SUR,65+,F,S,Y,A,4
2019,3,11,REGION XIII (CARAGA),SURIGAO DEL SUR,65+,M,S,Y,A,1
2019,3,12,REGION V (BICOL REGION),CAMARINES NORTE,25-64,F,S,Y,A,1
2019,3,12,REGION V (BICOL REGION),CATANDUANES,25-64,F,S,Y,A,1
2019,3,12,REGION V (BICOL REGION),CATANDUANES,5-14,M,S,Y,A,1
2019,3,12,REGION V (BICOL REGION),MASBATE,25-64,F,S,Y,A,1
2019,3,12,REGION V (BICOL REGION),MASBATE,65+,M,S,Y,A,1
2019,3,12,REGION V (BICOL REGION),SORSOGON,5-14,F,S,Y,A,1
2019,3,12,REGION V (BICOL REGION),SORSOGON,5-14,M,S,Y,A,1
2019,3,12,REGION VIII (EASTERN VISAYAS),BILIRAN,15-24,M,S,Y,A,1
2019,3,12,REGION VIII (EASTERN VISAYAS),BILIRAN,5-14,M,S,Y,A,1
2019,3,12,REGION VIII (EASTERN VISAYAS),BILIRAN,65+,F,S,Y,A,2
2019,3,12,REGION VIII (EASTERN VISAYAS),CITY OF TACLOBAN,15-24,F,S,Y,A,1
2019,3,12,REGION VIII (EASTERN VISAYAS),CITY OF TACLOBAN,25-64,F,S,Y,A,1
2019,3,12,REGION VIII (EASTERN VISAYAS),EASTERN SAMAR,15-24,F,S,Y,A,1
2019,3,12,REGION VIII (EASTERN VISAYAS),EASTERN SAMAR,15-24,M,S,Y,A,1
2019,3,12,REGION VIII (EASTERN VISAYAS),EASTERN SAMAR,25-64,F,S,Y,A,3
2019,3,12,REGION VIII (EASTERN VISAYAS),EASTERN SAMAR,25-64,M,S,Y,A,2
2019,3,12,REGION VIII (EASTERN VISAYAS),EASTERN SAMAR,5-14,F,S,Y,A,3
2019,3,12,REGION VIII (EASTERN VISAYAS),EASTERN SAMAR,5-14,M,S,Y,A,1
2019,3,12,REGION VIII (EASTERN VISAYAS),LEYTE,15-24,M,S,Y,A,1
2019,3,12,REGION VIII (EASTERN VISAYAS),LEYTE,25-64,F,S,Y,A,3
2019,3,12,REGION VIII (EASTERN VISAYAS),LEYTE,5-14,F,S,Y,A,2
2019,3,12,REGION VIII (EASTERN VISAYAS),LEYTE,5-14,M,S,Y,A,6
2019,3,12,REGION VIII (EASTERN VISAYAS),SAMAR,25-64,F,S,Y,A,1
2019,3,12,REGION VIII (EASTERN VISAYAS),SAMAR,25-64,M,S,Y,A,1
2019,3,12,REGION X (NORTHERN MINDANAO),MISAMIS OCCIDENTAL,5-14,F,S,Y,A,1
2019,3,12,REGION XIII (CARAGA),AGUSAN DEL SUR,25-64,F,S,Y,A,1
2019,3,12,REGION XIII (CARAGA),AGUSAN DEL SUR,25-64,M,S,Y,A,1
2019,3,12,REGION XIII (CARAGA),DINAGAT ISLANDS,25-64,F,S,Y,A,1
2019,3,12,REGION XIII (CARAGA),DINAGAT ISLANDS,65+,M,S,Y,A,1
2019,3,12,REGION XIII (CARAGA),SURIGAO DEL NORTE,15-24,F,S,Y,A,1
2019,3,12,REGION XIII (CARAGA),SURIGAO DEL NORTE,25-64,M,S,Y,A,1
2019,3,12,REGION XIII (CARAGA),SURIGAO DEL NORTE,5-14,F,S,Y,A,1
2019,3,12,REGION XIII (CARAGA),SURIGAO DEL SUR,15-24,F,S,Y,A,2
2019,3,12,REGION XIII (CARAGA),SURIGAO DEL SUR,15-24,M,S,Y,A,2
2019,3,12,REGION XIII (CARAGA),SURIGAO DEL SUR,25-64,F,S,Y,A,5
2019,3,12,REGION XIII (CARAGA),SURIGAO DEL SUR,25-64,M,S,Y,A,3
2019,3,12,REGION XIII (CARAGA),SURIGAO DEL SUR,5-14,F,S,Y,A,1
2019,3,12,REGION XIII (CARAGA),SURIGAO DEL SUR,5-14,M,S,Y,A,4
2019,3,12,REGION XIII (CARAGA),SURIGAO DEL SUR,65+,F,S,Y,A,1
2019,3,12,REGION XIII (CARAGA),SURIGAO DEL SUR,65+,M,S,Y,A,1
2019,3,13,REGION V (BICOL REGION),ALBAY,25-64,F,S,Y,A,1
2019,3,13,REGION V (BICOL REGION),ALBAY,5-14,M,S,Y,A,1
2019,3,13,REGION V (BICOL REGION),CAMARINES NORTE,5-14,M,S,Y,A,1
2019,3,13,REGION V (BICOL REGION),CATANDUANES,15-24,F,S,Y,A,1
2019,3,13,REGION V (BICOL REGION),MASBATE,25-64,F,S,Y,A,2
2019,3,13,REGION V (BICOL REGION),SORSOGON,15-24,F,S,Y,A,1
2019,3,13,REGION V (BICOL REGION),SORSOGON,25-64,F,S,Y,A,1
2019,3,13,REGION V (BICOL REGION),SORSOGON,25-64,M,S,Y,A,1
2019,3,13,REGION V (BICOL REGION),SORSOGON,65+,M,S,Y,A,1
2019,3,13,REGION VIII (EASTERN VISAYAS),BILIRAN,15-24,F,S,Y,A,1
2019,3,13,REGION VIII (EASTERN VISAYAS),BILIRAN,25-64,F,S,Y,A,2
2019,3,13,REGION VIII (EASTERN VISAYAS),BILIRAN,25-64,M,S,Y,A,4
2019,3,13,REGION VIII (EASTERN VISAYAS),BILIRAN,5-14,M,S,Y,A,3
2019,3,13,REGION VIII (EASTERN VISAYAS),BILIRAN,65+,F,S,Y,A,1
2019,3,13,REGION VIII (EASTERN VISAYAS),CITY OF TACLOBAN,25-64,F,S,Y,A,2
2019,3,13,REGION VIII (EASTERN VISAYAS),CITY OF TACLOBAN,5-14,M,S,Y,A,2
2019,3,13,REGION VIII (EASTERN VISAYAS),CITY OF TACLOBAN,65+,M,S,Y,A,1
2019,3,13,REGION VIII (EASTERN VISAYAS),EASTERN SAMAR,15-24,F,S,Y,A,2
2019,3,13,REGION VIII (EASTERN VISAYAS),EASTERN SAMAR,15-24,M,S,Y,A,2
2019,3,13,REGION VIII (EASTERN VISAYAS),EASTERN SAMAR,25-64,F,S,Y,A,3
2019,3,13,REGION VIII (EASTERN VISAYAS),EASTERN SAMAR,5-14,M,S,Y,A,1
2019,3,13,REGION VIII (EASTERN VISAYAS),EASTERN SAMAR,65+,F,S,Y,A,2
2019,3,13,REGION VIII (EASTERN VISAYAS),LEYTE,15-24,F,S,Y,A,2
2019,3,13,REGION VIII (EASTERN VISAYAS),LEYTE,25-64,F,S,Y,A,7
2019,3,13,REGION VIII (EASTERN VISAYAS),LEYTE,25-64,M,S,Y,A,5
2019,3,13,REGION VIII (EASTERN VISAYAS),LEYTE,5-14,M,S,Y,A,2
2019,3,13,REGION VIII (EASTERN VISAYAS),LEYTE,65+,F,S,Y,A,1
2019,3,13,REGION VIII (EASTERN VISAYAS),SAMAR,15-24,F,S,Y,A,1
2019,3,13,REGION VIII (EASTERN VISAYAS),SAMAR,25-64,M,S,Y,A,2
2019,3,13,REGION VIII (EASTERN VISAYAS),SAMAR,5-14,M,S,Y,A,1
2019,3,13,REGION VIII (EASTERN VISAYAS),SAMAR,65+,M,S,Y,A,1
2019,3,13,REGION VIII (EASTERN VISAYAS),SOUTHERN LEYTE,15-24,F,S,Y,A,1
2019,3,13,REGION VIII (EASTERN VISAYAS),SOUTHERN LEYTE,25-64,M,S,Y,A,1
2019,3,13,REGION VIII (EASTERN VISAYAS),SOUTHERN LEYTE,5-14,F,S,Y,A,1
2019,3,13,REGION VIII (EASTERN VISAYAS),SOUTHERN LEYTE,65+,M,S,Y,A,1
2019,3,13,REGION XIII (CARAGA),SURIGAO DEL NORTE,5-14,F,S,Y,A,1
2019,3,13,REGION XIII (CARAGA),SURIGAO DEL NORTE,5-14,M,S,Y,A,1
2019,3,13,REGION XIII (CARAGA),SURIGAO DEL NORTE,65+,F,S,Y,A,1
2019,3,13,REGION XIII (CARAGA),SURIGAO DEL SUR,15-24,F,S,Y,A,2
2019,3,13,REGION XIII (CARAGA),SURIGAO DEL SUR,15-24,M,S,Y,A,3
2019,3,13,REGION XIII (CARAGA),SURIGAO DEL SUR,25-64,F,S,Y,A,9
2019,3,13,REGION XIII (CARAGA),SURIGAO DEL SUR,25-64,M,S,Y,A,5
2019,3,13,REGION XIII (CARAGA),SURIGAO DEL SUR,5-14,F,S,Y,A,5
2019,3,13,REGION XIII (CARAGA),SURIGAO DEL SUR,5-14,M,S,Y,A,7
2019,3,13,REGION XIII (CARAGA),SURIGAO DEL SUR,65+,F,S,Y,A,4
2019,3,13,REGION XIII (CARAGA),SURIGAO DEL SUR,65+,M,S,Y,A,2
2019,3,14,REGION V (BICOL REGION),CATANDUANES,15-24,M,S,Y,A,1
2019,3,14,REGION V (BICOL REGION),MASBATE,25-64,F,S,Y,A,1
2019,3,14,REGION V (BICOL REGION),SORSOGON,5-14,F,S,Y,A,1
2019,3,14,REGION VIII (EASTERN VISAYAS),BILIRAN,25-64,M,S,Y,A,1
2019,3,14,REGION VIII (EASTERN VISAYAS),CITY OF TACLOBAN,25-64,M,S,Y,A,1
2019,3,14,REGION VIII (EASTERN VISAYAS),CITY OF TACLOBAN,5-14,F,S,Y,A,1
2019,3,14,REGION VIII (EASTERN VISAYAS),EASTERN SAMAR,65+,F,S,Y,A,1
2019,3,14,REGION VIII (EASTERN VISAYAS),LEYTE,15-24,M,S,Y,A,1
2019,3,14,REGION VIII (EASTERN VISAYAS),LEYTE,25-64,F,S,Y,A,1
2019,3,14,REGION VIII (EASTERN VISAYAS),LEYTE,5-14,M,S,Y,A,1
2019,3,14,REGION VIII (EASTERN VISAYAS),SAMAR,15-24,F,S,Y,A,3
2019,3,14,REGION VIII (EASTERN VISAYAS),SAMAR,5-14,M,S,Y,A,1
2019,3,14,REGION VIII (EASTERN VISAYAS),SOUTHERN LEYTE,25-64,F,S,Y,A,1
2019,3,14,REGION VIII (EASTERN VISAYAS),SOUTHERN LEYTE,5-14,M,S,Y,A,1
2019,3,14,REGION XIII (CARAGA),AGUSAN DEL SUR,25-64,F,S,Y,A,1
2019,3,14,REGION XIII (CARAGA),SURIGAO DEL SUR,15-24,F,S,Y,A,1
2019,3,14,REGION XIII (CARAGA),SURIGAO DEL SUR,25-64,F,S,Y,A,3
2019,3,14,REGION XIII (CARAGA),SURIGAO DEL SUR,5-14,F,S,Y,A,2
2019,3,14,REGION XIII (CARAGA),SURIGAO DEL SUR,5-14,M,S,Y,A,1
2019,3,14,REGION XIII (CARAGA),SURIGAO DEL SUR,65+,F,S,Y,A,1
2019,3,14,REGION XIII (CARAGA),SURIGAO DEL SUR,65+,M,S,Y,A,1
2019,4,14,REGION V (BICOL REGION),CAMARINES NORTE,25-64,M,S,Y,A,1
2019,4,14,REGION V (BICOL REGION),CATANDUANES,15-24,F,S,Y,A,1
2019,4,14,REGION V (BICOL REGION),CATANDUANES,25-64,F,S,Y,A,1
2019,4,14,REGION V (BICOL REGION),CATANDUANES,25-64,M,S,Y,A,1
2019,4,14,REGION V (BICOL REGION),MASBATE,25-64,F,S,Y,A,1
2019,4,14,REGION V (BICOL REGION),MASBATE,25-64,M,S,Y,A,1
2019,4,14,REGION V (BICOL REGION),MASBATE,65+,F,S,Y,A,1
2019,4,14,REGION V (BICOL REGION),MASBATE,65+,M,S,Y,A,1
2019,4,14,REGION V (BICOL REGION),SORSOGON,25-64,F,S,Y,A,2
2019,4,14,REGION V (BICOL REGION),SORSOGON,65+,F,S,Y,A,2
2019,4,14,REGION VIII (EASTERN VISAYAS),BILIRAN,65+,M,S,Y,A,1
2019,4,14,REGION VIII (EASTERN VISAYAS),CITY OF TACLOBAN,15-24,F,S,Y,A,1
2019,4,14,REGION VIII (EASTERN VISAYAS),CITY OF TACLOBAN,25-64,F,S,Y,A,1
2019,4,14,REGION VIII (EASTERN VISAYAS),CITY OF TACLOBAN,25-64,M,S,Y,A,1
2019,4,14,REGION VIII (EASTERN VISAYAS),CITY OF TACLOBAN,5-14,F,S,Y,A,1
2019,4,14,REGION VIII (EASTERN VISAYAS),CITY OF TACLOBAN,65+,F,S,Y,A,1
2019,4,14,REGION VIII (EASTERN VISAYAS),EASTERN SAMAR,15-24,F,S,Y,A,1
2019,4,14,REGION VIII (EASTERN VISAYAS),EASTERN SAMAR,25-64,F,S,Y,A,3
2019,4,14,REGION VIII (EASTERN VISAYAS),EASTERN SAMAR,25-64,M,S,Y,A,1
2019,4,14,REGION VIII (EASTERN VISAYAS),EASTERN SAMAR,5-14,M,S,Y,A,1
2019,4,14,REGION VIII (EASTERN VISAYAS),EASTERN SAMAR,65+,F,S,Y,A,2
2019,4,14,REGION VIII (EASTERN VISAYAS),LEYTE,25-64,F,S,Y,A,3
2019,4,14,REGION VIII (EASTERN VISAYAS),LEYTE,25-64,M,S,Y,A,3
2019,4,14,REGION VIII (EASTERN VISAYAS),LEYTE,5-14,M,S,Y,A,1
2019,4,14,REGION VIII (EASTERN VISAYAS),SAMAR,15-24,F,S,Y,A,1
2019,4,14,REGION VIII (EASTERN VISAYAS),SAMAR,15-24,M,S,Y,A,2
2019,4,14,REGION VIII (EASTERN VISAYAS),SAMAR,25-64,F,S,Y,A,2
2019,4,14,REGION VIII (EASTERN VISAYAS),SAMAR,25-64,M,S,Y,A,1
2019,4,14,REGION VIII (EASTERN VISAYAS),SAMAR,5-14,M,S,Y,A,2
2019,4,14,REGION VIII (EASTERN VISAYAS),SOUTHERN LEYTE,5-14,M,S,Y,A,1
2019,4,14,REGION VIII (EASTERN VISAYAS),SOUTHERN LEYTE,65+,F,S,Y,A,1
2019,4,14,REGION XIII (CARAGA),AGUSAN DEL NORTE,5-14,M,S,Y,A,1
2019,4,14,REGION XIII (CARAGA),AGUSAN DEL SUR,5-14,M,S,Y,A,1
2019,4,14,REGION XIII (CARAGA),DINAGAT ISLANDS,15-24,M,S,Y,A,1
2019,4,14,REGION XIII (CARAGA),SURIGAO DEL NORTE,15-24,F,S,Y,A,1
2019,4,14,REGION XIII (CARAGA),SURIGAO DEL NORTE,25-64,F,S,Y,A,1
2019,4,14,REGION XIII (CARAGA),SURIGAO DEL NORTE,5-14,F,S,Y,A,1
2019,4,14,REGION XIII (CARAGA),SURIGAO DEL NORTE,5-14,M,S,Y,A,2
2019,4,14,REGION XIII (CARAGA),SURIGAO DEL NORTE,65+,F,S,Y,A,1
2019,4,14,REGION XIII (CARAGA),SURIGAO DEL SUR,15-24,F,S,Y,A,1
2019,4,14,REGION XIII (CARAGA),SURIGAO DEL SUR,15-24,M,S,Y,A,1
2019,4,14,REGION XIII (CARAGA),SURIGAO DEL SUR,25-64,F,S,Y,A,6
2019,4,14,REGION XIII (CARAGA),SURIGAO DEL SUR,25-64,M,S,Y,A,2
2019,4,14,REGION XIII (CARAGA),SURIGAO DEL SUR,5-14,F,S,Y,A,1
2019,4,14,REGION XIII (CARAGA),SURIGAO DEL SUR,5-14,M,S,Y,A,2
2019,4,14,REGION XIII (CARAGA),SURIGAO DEL SUR,65+,F,S,Y,A,3
2019,4,14,REGION XIII (CARAGA),SURIGAO DEL SUR,65+,M,S,Y,A,1
2019,4,15,REGION V (BICOL REGION),CAMARINES NORTE,5-14,F,S,Y,A,1
2019,4,15,REGION V (BICOL REGION),CAMARINES NORTE,5-14,M,S,Y,A,1
2019,4,15,REGION V (BICOL REGION),CATANDUANES,15-24,M,S,Y,A,1
2019,4,15,REGION V (BICOL REGION),CATANDUANES,25-64,F,S,Y,A,1
2019,4,15,REGION V (BICOL REGION),CATANDUANES,65+,M,S,Y,A,1
2019,4,15,REGION V (BICOL REGION),MASBATE,15-24,M,S,Y,A,1
2019,4,15,REGION V (BICOL REGION),SORSOGON,15-24,M,S,Y,A,1
2019,4,15,REGION V (BICOL REGION),SORSOGON,25-64,F,S,Y,A,2
2019,4,15,REGION V (BICOL REGION),SORSOGON,25-64,M,S,Y,A,1
2019,4,15,REGION V (BICOL REGION),SORSOGON,5-14,F,S,Y,A,1
2019,4,15,REGION V (BICOL REGION),SORSOGON,65+,F,S,Y,A,1
2019,4,15,REGION VIII (EASTERN VISAYAS),BILIRAN,15-24,F,S,Y,A,1
2019,4,15,REGION VIII (EASTERN VISAYAS),BILIRAN,25-64,F,S,Y,A,2
2019,4,15,REGION VIII (EASTERN VISAYAS),BILIRAN,25-64,M,S,Y,A,1
2019,4,15,REGION VIII (EASTERN VISAYAS),BILIRAN,65+,F,S,Y,A,1
2019,4,15,REGION VIII (EASTERN VISAYAS),CITY OF TACLOBAN,25-64,F,S,Y,A,2
2019,4,15,REGION VIII (EASTERN VISAYAS),CITY OF TACLOBAN,5-14,M,S,Y,A,1
2019,4,15,REGION VIII (EASTERN VISAYAS),EASTERN SAMAR,25-64,F,S,Y,A,1
2019,4,15,REGION VIII (EASTERN VISAYAS),EASTERN SAMAR,25-64,M,S,Y,A,3
2019,4,15,REGION VIII (EASTERN VISAYAS),EASTERN SAMAR,65+,F,S,Y,A,1
2019,4,15,REGION VIII (EASTERN VISAYAS),LEYTE,25-64,F,S,Y,A,3
2019,4,15,REGION VIII (EASTERN VISAYAS),LEYTE,25-64,M,S,Y,A,1
2019,4,15,REGION VIII (EASTERN VISAYAS),LEYTE,5-14,F,S,Y,A,1
2019,4,15,REGION VIII (EASTERN VISAYAS),LEYTE,5-14,M,S,Y,A,1
2019,4,15,REGION VIII (EASTERN VISAYAS),LEYTE,65+,F,S,Y,A,2
2019,4,15,REGION VIII (EASTERN VISAYAS),SAMAR,15-24,F,S,Y,A,1
2019,4,15,REGION VIII (EASTERN VISAYAS),SAMAR,25-64,F,S,Y,A,2
2019,4,15,REGION VIII (EASTERN VISAYAS),SAMAR,25-64,M,S,Y,A,5
2019,4,15,REGION VIII (EASTERN VISAYAS),SAMAR,5-14,F,S,Y,A,1
2019,4,15,REGION VIII (EASTERN VISAYAS),SOUTHERN LEYTE,25-64,F,S,Y,A,1
2019,4,15,REGION VIII (EASTERN VISAYAS),SOUTHERN LEYTE,5-14,F,S,Y,A,1
2019,4,15,REGION VIII (EASTERN VISAYAS),SOUTHERN LEYTE,5-14,M,S,Y,A,3
2019,4,15,REGION XIII (CARAGA),AGUSAN DEL SUR,25-64,F,S,Y,A,1
2019,4,15,REGION XIII (CARAGA),AGUSAN DEL SUR,25-64,M,S,Y,A,1
2019,4,15,REGION XIII (CARAGA),CITY OF BUTUAN,25-64,F,S,Y,A,1
2019,4,15,REGION XIII (CARAGA),CITY OF BUTUAN,5-14,F,S,Y,A,1
2019,4,15,REGION XIII (CARAGA),CITY OF BUTUAN,5-14,M,S,Y,A,2
2019,4,15,REGION XIII (CARAGA),DINAGAT ISLANDS,15-24,F,S,Y,A,1
2019,4,15,REGION XIII (CARAGA),DINAGAT ISLANDS,15-24,M,S,Y,A,1
2019,4,15,REGION XIII (CARAGA),DINAGAT ISLANDS,25-64,F,S,Y,A,2
2019,4,15,REGION XIII (CARAGA),DINAGAT ISLANDS,65+,M,S,Y,A,1
2019,4,15,REGION XIII (CARAGA),SURIGAO DEL NORTE,15-24,F,S,Y,A,1
2019,4,15,REGION XIII (CARAGA),SURIGAO DEL NORTE,15-24,M,S,Y,A,1
2019,4,15,REGION XIII (CARAGA),SURIGAO DEL NORTE,25-64,F,S,Y,A,4
2019,4,15,REGION XIII (CARAGA),SURIGAO DEL NORTE,5-14,F,S,Y,A,2
2019,4,15,REGION XIII (CARAGA),SURIGAO DEL NORTE,5-14,M,S,Y,A,1
2019,4,15,REGION XIII (CARAGA),SURIGAO DEL NORTE,65+,F,S,Y,A,1
2019,4,15,REGION XIII (CARAGA),SURIGAO DEL SUR,15-24,M,S,Y,A,2
2019,4,15,REGION XIII (CARAGA),SURIGAO DEL SUR,25-64,F,S,Y,A,11
2019,4,15,REGION XIII (CARAGA),SURIGAO DEL SUR,25-64,M,S,Y,A,1
2019,4,15,REGION XIII (CARAGA),SURIGAO DEL SUR,5-14,F,S,Y,A,6
2019,4,15,REGION XIII (CARAGA),SURIGAO DEL SUR,5-14,M,S,Y,A,1
2019,4,15,REGION XIII (CARAGA),SURIGAO DEL SUR,65+,F,S,Y,A,3
2019,4,15,REGION XIII (CARAGA),SURIGAO DEL SUR,65+,M,S,Y,A,1
2019,4,16,REGION V (BICOL REGION),CATANDUANES,15-24,M,S,Y,A,2
2019,4,16,REGION V (BICOL REGION),CATANDUANES,25-64,M,S,Y,A,1
2019,4,16,REGION V (BICOL REGION),CATANDUANES,5-14,F,S,Y,A,1
2019,4,16,REGION V (BICOL REGION),MASBATE,15-24,F,S,Y,A,1
2019,4,16,REGION V (BICOL REGION),MASBATE,15-24,M,S,Y,A,1
2019,4,16,REGION V (BICOL REGION),MASBATE,25-64,M,S,Y,A,1
2019,4,16,REGION V (BICOL REGION),SORSOGON,15-24,F,S,Y,A,1
2019,4,16,REGION V (BICOL REGION),SORSOGON,5-14,M,S,Y,A,1
2019,4,16,REGION V (BICOL REGION),SORSOGON,65+,F,S,Y,A,2
2019,4,16,REGION VII (CENTRAL VISAYAS),CITY OF CEBU,5-14,M,S,Y,A,1
2019,4,16,REGION VIII (EASTERN VISAYAS),BILIRAN,25-64,F,S,Y,A,1
2019,4,16,REGION VIII (EASTERN VISAYAS),BILIRAN,5-14,M,S,Y,A,1
2019,4,16,REGION VIII (EASTERN VISAYAS),CITY OF TACLOBAN,25-64,F,S,Y,A,1
2019,4,16,REGION VIII (EASTERN VISAYAS),CITY OF TACLOBAN,5-14,M,S,Y,A,2
2019,4,16,REGION VIII (EASTERN VISAYAS),EASTERN SAMAR,15-24,F,S,Y,A,1
2019,4,16,REGION VIII (EASTERN VISAYAS),EASTERN SAMAR,25-64,F,S,Y,A,1
2019,4,16,REGION VIII (EASTERN VISAYAS),EASTERN SAMAR,5-14,F,S,Y,A,1
2019,4,16,REGION VIII (EASTERN VISAYAS),EASTERN SAMAR,5-14,M,S,Y,A,2
2019,4,16,REGION VIII (EASTERN VISAYAS),LEYTE,15-24,F,S,Y,A,1
2019,4,16,REGION VIII (EASTERN VISAYAS),LEYTE,15-24,M,S,Y,A,1
2019,4,16,REGION VIII (EASTERN VISAYAS),LEYTE,25-64,F,S,Y,A,2
2019,4,16,REGION VIII (EASTERN VISAYAS),LEYTE,5-14,M,S,Y,A,2
2019,4,16,REGION VIII (EASTERN VISAYAS),LEYTE,65+,M,S,Y,A,1
2019,4,16,REGION VIII (EASTERN VISAYAS),SAMAR,15-24,F,S,Y,A,1
2019,4,16,REGION VIII (EASTERN VISAYAS),SAMAR,15-24,M,S,Y,A,1
2019,4,16,REGION VIII (EASTERN VISAYAS),SAMAR,5-14,M,S,Y,A,3
2019,4,16,REGION VIII (EASTERN VISAYAS),SOUTHERN LEYTE,15-24,M,S,Y,A,1
2019,4,16,REGION VIII (EASTERN VISAYAS),SOUTHERN LEYTE,5-14,F,S,Y,A,1
2019,4,16,REGION VIII (EASTERN VISAYAS),SOUTHERN LEYTE,65+,F,S,Y,A,1
2019,4,16,REGION X (NORTHERN MINDANAO),MISAMIS OCCIDENTAL,25-64,M,S,Y,A,2
2019,4,16,REGION XIII (CARAGA),AGUSAN DEL SUR,25-64,F,S,Y,A,1
2019,4,16,REGION XIII (CARAGA),AGUSAN DEL SUR,5-14,F,S,Y,A,1
2019,4,16,REGION XIII (CARAGA),CITY OF BUTUAN,25-64,F,S,Y,A,1
2019,4,16,REGION XIII (CARAGA),CITY OF BUTUAN,5-14,M,S,Y,A,2
2019,4,16,REGION XIII (CARAGA),DINAGAT ISLANDS,25-64,F,S,Y,A,1
2019,4,16,REGION XIII (CARAGA),SURIGAO DEL NORTE,25-64,F,S,Y,A,1
2019,4,16,REGION XIII (CARAGA),SURIGAO DEL NORTE,25-64,M,S,Y,A,2
2019,4,16,REGION XIII (CARAGA),SURIGAO DEL NORTE,65+,M,S,Y,A,1
2019,4,16,REGION XIII (CARAGA),SURIGAO DEL SUR,15-24,F,S,Y,A,3
2019,4,16,REGION XIII (CARAGA),SURIGAO DEL SUR,25-64,F,S,Y,A,4
2019,4,16,REGION XIII (CARAGA),SURIGAO DEL SUR,25-64,M,S,Y,A,6
2019,4,16,REGION XIII (CARAGA),SURIGAO DEL SUR,5-14,F,S,Y,A,2
2019,4,16,REGION XIII (CARAGA),SURIGAO DEL SUR,5-14,M,S,Y,A,6
2019,4,16,REGION XIII (CARAGA),SURIGAO DEL SUR,65+,F,S,Y,A,1
2019,4,17,NATIONAL CAPITAL REGION (NCR),CITY OF MALABON,25-64,M,S,Y,A,1
2019,4,17,REGION V (BICOL REGION),CAMARINES NORTE,15-24,M,S,Y,A,1
2019,4,17,REGION V (BICOL REGION),CAMARINES NORTE,25-64,F,S,Y,A,1
2019,4,17,REGION V (BICOL REGION),CAMARINES NORTE,25-64,M,S,Y,A,2
2019,4,17,REGION V (BICOL REGION),CATANDUANES,25-64,M,S,Y,A,2
2019,4,17,REGION V (BICOL REGION),CATANDUANES,5-14,F,S,Y,A,1
2019,4,17,REGION V (BICOL REGION),MASBATE,15-24,F,S,Y,A,1
2019,4,17,REGION V (BICOL REGION),MASBATE,25-64,F,S,Y,D,1
2019,4,17,REGION V (BICOL REGION),MASBATE,65+,F,S,Y,A,1
2019,4,17,REGION V (BICOL REGION),SORSOGON,25-64,M,S,Y,A,3
2019,4,17,REGION V (BICOL REGION),SORSOGON,5-14,F,S,Y,A,2
2019,4,17,REGION VIII (EASTERN VISAYAS),CITY OF TACLOBAN,15-24,F,S,Y,A,1
2019,4,17,REGION VIII (EASTERN VISAYAS),CITY OF TACLOBAN,25-64,F,S,Y,A,2
2019,4,17,REGION VIII (EASTERN VISAYAS),CITY OF TACLOBAN,5-14,M,S,Y,A,1
2019,4,17,REGION VIII (EASTERN VISAYAS),EASTERN SAMAR,25-64,F,S,Y,A,1
2019,4,17,REGION VIII (EASTERN VISAYAS),EASTERN SAMAR,5-14,F,S,Y,A,2
2019,4,17,REGION VIII (EASTERN VISAYAS),EASTERN SAMAR,5-14,M,S,Y,A,4
2019,4,17,REGION VIII (EASTERN VISAYAS),EASTERN SAMAR,65+,F,S,Y,A,1
2019,4,17,REGION VIII (EASTERN VISAYAS),LEYTE,15-24,M,S,Y,A,1
2019,4,17,REGION VIII (EASTERN VISAYAS),LEYTE,25-64,M,S,Y,A,2
2019,4,17,REGION VIII (EASTERN VISAYAS),LEYTE,5-14,F,S,Y,A,2
2019,4,17,REGION VIII (EASTERN VISAYAS),LEYTE,5-14,M,S,Y,A,1
2019,4,17,REGION VIII (EASTERN VISAYAS),LEYTE,65+,F,S,Y,A,1
2019,4,17,REGION VIII (EASTERN VISAYAS),SAMAR,15-24,M,S,Y,A,2
2019,4,17,REGION VIII (EASTERN VISAYAS),SAMAR,25-64,F,S,Y,A,5
2019,4,17,REGION VIII (EASTERN VISAYAS),SAMAR,25-64,M,S,Y,A,3
2019,4,17,REGION VIII (EASTERN VISAYAS),SAMAR,5-14,M,S,Y,A,1
2019,4,17,REGION VIII (EASTERN VISAYAS),SAMAR,65+,M,S,Y,A,1
2019,4,17,REGION VIII (EASTERN VISAYAS),SOUTHERN LEYTE,15-24,F,S,Y,A,2
2019,4,17,REGION VIII (EASTERN VISAYAS),SOUTHERN LEYTE,15-24,M,S,Y,A,1
2019,4,17,REGION VIII (EASTERN VISAYAS),SOUTHERN LEYTE,25-64,M,S,Y,A,1
2019,4,17,REGION VIII (EASTERN VISAYAS),SOUTHERN LEYTE,65+,F,S,Y,A,1
2019,4,17,REGION X (NORTHERN MINDANAO),MISAMIS OCCIDENTAL,15-24,F,S,Y,A,1
2019,4,17,REGION XIII (CARAGA),AGUSAN DEL SUR,25-64,F,S,Y,A,1
2019,4,17,REGION XIII (CARAGA),DINAGAT ISLANDS,15-24,F,S,Y,A,1
2019,4,17,REGION XIII (CARAGA),DINAGAT ISLANDS,25-64,M,S,Y,A,1
2019,4,17,REGION XIII (CARAGA),DINAGAT ISLANDS,5-14,M,S,Y,A,1
2019,4,17,REGION XIII (CARAGA),SURIGAO DEL NORTE,15-24,F,S,Y,A,1
2019,4,17,REGION XIII (CARAGA),SURIGAO DEL NORTE,25-64,F,S,Y,A,1
2019,4,17,REGION XIII (CARAGA),SURIGAO DEL SUR,15-24,M,S,Y,A,1
2019,4,17,REGION XIII (CARAGA),SURIGAO DEL SUR,25-64,F,S,Y,A,2
2019,4,17,REGION XIII (CARAGA),SURIGAO DEL SUR,25-64,M,S,Y,A,1
2019,4,17,REGION XIII (CARAGA),SURIGAO DEL SUR,5-14,F,S,Y,A,4
2019,4,17,REGION XIII (CARAGA),SURIGAO DEL SUR,5-14,M,S,Y,A,3
2019,4,17,REGION XIII (CARAGA),SURIGAO DEL SUR,65+,F,S,Y,A,1
2019,4,18,REGION IX (ZAMBOANGA PENINSULA),CITY OF ZAMBOANGA,5-14,F,S,Y,A,1
2019,4,18,REGION V (BICOL REGION),CAMARINES NORTE,25-64,F,S,Y,A,1
2019,4,18,REGION V (BICOL REGION),CATANDUANES,25-64,F,S,Y,A,1
2019,4,18,REGION V (BICOL REGION),CATANDUANES,25-64,M,S,Y,A,1
2019,4,18,REGION V (BICOL REGION),CATANDUANES,5-14,F,S,Y,A,1
2019,4,18,REGION V (BICOL REGION),MASBATE,15-24,F,S,Y,A,1
2019,4,18,REGION V (BICOL REGION),MASBATE,25-64,F,S,Y,A,1
2019,4,18,REGION V (BICOL REGION),SORSOGON,25-64,F,S,Y,A,2
2019,4,18,REGION V (BICOL REGION),SORSOGON,5-14,M,S,Y,A,2
2019,4,18,REGION VIII (EASTERN VISAYAS),BILIRAN,25-64,M,S,Y,A,1
2019,4,18,REGION VIII (EASTERN VISAYAS),BILIRAN,65+,F,S,Y,A,1
2019,4,18,REGION VIII (EASTERN VISAYAS),CITY OF TACLOBAN,25-64,M,S,Y,A,1
2019,4,18,REGION VIII (EASTERN VISAYAS),CITY OF TACLOBAN,5-14,M,S,Y,A,1
2019,4,18,REGION VIII (EASTERN VISAYAS),EASTERN SAMAR,25-64,F,S,Y,A,2
2019,4,18,REGION VIII (EASTERN VISAYAS),EASTERN SAMAR,5-14,F,S,Y,A,1
2019,4,18,REGION VIII (EASTERN VISAYAS),LEYTE,15-24,F,S,Y,A,1
2019,4,18,REGION VIII (EASTERN VISAYAS),LEYTE,25-64,F,S,Y,A,1
2019,4,18,REGION VIII (EASTERN VISAYAS),LEYTE,25-64,M,S,Y,A,1
2019,4,18,REGION VIII (EASTERN VISAYAS),LEYTE,5-14,F,S,Y,A,1
2019,4,18,REGION VIII (EASTERN VISAYAS),LEYTE,5-14,M,S,Y,A,2
2019,4,18,REGION VIII (EASTERN VISAYAS),LEYTE,65+,F,S,Y,A,1
2019,4,18,REGION VIII (EASTERN VISAYAS),SAMAR,15-24,F,S,Y,A,3
2019,4,18,REGION VIII (EASTERN VISAYAS),SAMAR,25-64,F,S,Y,A,2
2019,4,18,REGION VIII (EASTERN VISAYAS),SAMAR,25-64,M,S,Y,A,1
2019,4,18,REGION VIII (EASTERN VISAYAS),SAMAR,5-14,F,S,Y,A,1
2019,4,18,REGION VIII (EASTERN VISAYAS),SAMAR,5-14,M,S,Y,A,2
2019,4,18,REGION X (NORTHERN MINDANAO),MISAMIS OCCIDENTAL,25-64,F,S,Y,A,2
2019,4,18,REGION XIII (CARAGA),AGUSAN DEL SUR,25-64,M,S,Y,A,1
2019,4,18,REGION XIII (CARAGA),AGUSAN DEL SUR,5-14,F,S,Y,A,1
2019,4,18,REGION XIII (CARAGA),AGUSAN DEL SUR,5-14,M,S,Y,A,1
2019,4,18,REGION XIII (CARAGA),AGUSAN DEL SUR,65+,F,S,Y,A,1
2019,4,18,REGION XIII (CARAGA),CITY OF BUTUAN,25-64,F,S,Y,A,2
2019,4,18,REGION XIII (CARAGA),CITY OF BUTUAN,65+,M,S,Y,A,1
2019,4,18,REGION XIII (CARAGA),DINAGAT ISLANDS,25-64,M,S,Y,A,1
2019,4,18,REGION XIII (CARAGA),DINAGAT ISLANDS,65+,F,S,Y,A,1
2019,4,18,REGION XIII (CARAGA),SURIGAO DEL NORTE,5-14,F,S,Y,A,1
2019,4,18,REGION XIII (CARAGA),SURIGAO DEL NORTE,5-14,M,S,Y,A,1
2019,4,18,REGION XIII (CARAGA),SURIGAO DEL SUR,15-24,F,S,Y,A,1
2019,4,18,REGION XIII (CARAGA),SURIGAO DEL SUR,15-24,M,S,Y,A,2
2019,4,18,REGION XIII (CARAGA),SURIGAO DEL SUR,25-64,F,S,Y,A,3
2019,4,18,REGION XIII (CARAGA),SURIGAO DEL SUR,25-64,M,S,Y,A,3
2019,4,18,REGION XIII (CARAGA),SURIGAO DEL SUR,5-14,F,S,Y,A,1
2019,4,18,REGION XIII (CARAGA),SURIGAO DEL SUR,5-14,M,S,Y,A,3
2019,4,18,REGION XIII (CARAGA),SURIGAO DEL SUR,65+,F,S,Y,A,1
2019,5,18,REGION V (BICOL REGION),CAMARINES SUR,25-64,M,S,Y,A,1
2019,5,18,REGION V (BICOL REGION),CATANDUANES,25-64,F,S,Y,A,1
2019,5,18,REGION VIII (EASTERN VISAYAS),CITY OF TACLOBAN,15-24,F,S,Y,A,1
2019,5,18,REGION VIII (EASTERN VISAYAS),CITY OF TACLOBAN,25-64,F,S,Y,A,1
2019,5,18,REGION VIII (EASTERN VISAYAS),CITY OF TACLOBAN,5-14,M,S,Y,A,1
2019,5,18,REGION VIII (EASTERN VISAYAS),EASTERN SAMAR,65+,F,S,Y,A,1
2019,5,18,REGION VIII (EASTERN VISAYAS),LEYTE,25-64,F,S,Y,A,2
2019,5,18,REGION VIII (EASTERN VISAYAS),SAMAR,5-14,F,S,Y,A,1
2019,5,18,REGION VIII (EASTERN VISAYAS),SOUTHERN LEYTE,25-64,M,S,Y,A,1
2019,5,18,REGION VIII (EASTERN VISAYAS),SOUTHERN LEYTE,5-14,M,S,Y,A,1
2019,5,18,REGION X (NORTHERN MINDANAO),MISAMIS OCCIDENTAL,15-24,F,S,Y,A,1
2019,5,18,REGION XIII (CARAGA),AGUSAN DEL NORTE,5-14,M,S,Y,A,1
2019,5,18,REGION XIII (CARAGA),AGUSAN DEL SUR,25-64,F,S,Y,A,2
2019,5,18,REGION XIII (CARAGA),AGUSAN DEL SUR,25-64,M,S,Y,A,1
2019,5,18,REGION XIII (CARAGA),CITY OF BUTUAN,5-14,F,S,Y,A,1
2019,5,18,REGION XIII (CARAGA),SURIGAO DEL NORTE,25-64,M,S,Y,A,1
2019,5,18,REGION XIII (CARAGA),SURIGAO DEL NORTE,5-14,M,S,Y,A,1
2019,5,18,REGION XIII (CARAGA),SURIGAO DEL NORTE,65+,M,S,Y,A,1
2019,5,18,REGION XIII (CARAGA),SURIGAO DEL SUR,15-24,F,S,Y,A,1
2019,5,18,REGION XIII (CARAGA),SURIGAO DEL SUR,15-24,M,S,Y,A,1
2019,5,18,REGION XIII (CARAGA),SURIGAO DEL SUR,25-64,F,S,Y,A,1
2019,5,18,REGION XIII (CARAGA),SURIGAO DEL SUR,25-64,M,S,Y,A,3
2019,5,18,REGION XIII (CARAGA),SURIGAO DEL SUR,5-14,F,S,Y,A,2
2019,5,18,REGION XIII (CARAGA),SURIGAO DEL SUR,65+,F,S,Y,A,2
2019,5,19,REGION V (BICOL REGION),ALBAY,5-14,F,S,Y,A,1
2019,5,19,REGION V (BICOL REGION),CAMARINES NORTE,25-64,F,S,Y,A,1
2019,5,19,REGION V (BICOL REGION),CAMARINES NORTE,5-14,M,S,Y,A,1
2019,5,19,REGION V (BICOL REGION),CATANDUANES,15-24,F,S,Y,A,1
2019,5,19,REGION V (BICOL REGION),CATANDUANES,25-64,F,S,Y,A,2
2019,5,19,REGION V (BICOL REGION),CATANDUANES,25-64,M,S,Y,A,2
2019,5,19,REGION V (BICOL REGION),MASBATE,25-64,M,S,Y,A,2
2019,5,19,REGION V (BICOL REGION),MASBATE,5-14,M,S,Y,A,1
2019,5,19,REGION V (BICOL REGION),MASBATE,65+,F,S,Y,A,1
2019,5,19,REGION V (BICOL REGION),SORSOGON,25-64,F,S,Y,A,2
2019,5,19,REGION V (BICOL REGION),SORSOGON,5-14,M,S,Y,A,2
2019,5,19,REGION VIII (EASTERN VISAYAS),BILIRAN,15-24,F,S,Y,A,1
2019,5,19,REGION VIII (EASTERN VISAYAS),BILIRAN,15-24,M,S,Y,A,2
2019,5,19,REGION VIII (EASTERN VISAYAS),BILIRAN,25-64,F,S,Y,A,1
2019,5,19,REGION VIII (EASTERN VISAYAS),BILIRAN,25-64,M,S,Y,A,1
2019,5,19,REGION VIII (EASTERN VISAYAS),BILIRAN,5-14,M,S,Y,A,2
2019,5,19,REGION VIII (EASTERN VISAYAS),BILIRAN,65+,F,S,Y,A,1
2019,5,19,REGION VIII (EASTERN VISAYAS),CITY OF TACLOBAN,25-64,M,S,Y,A,2
2019,5,19,REGION VIII (EASTERN VISAYAS),CITY OF TACLOBAN,65+,M,S,Y,A,1
2019,5,19,REGION VIII (EASTERN VISAYAS),EASTERN SAMAR,15-24,F,S,Y,A,3
2019,5,19,REGION VIII (EASTERN VISAYAS),EASTERN SAMAR,25-64,F,S,Y,A,4
2019,5,19,REGION VIII (EASTERN VISAYAS),EASTERN SAMAR,5-14,F,S,Y,A,3
2019,5,19,REGION VIII (EASTERN VISAYAS),EASTERN SAMAR,5-14,M,S,Y,A,4
2019,5,19,REGION VIII (EASTERN VISAYAS),EASTERN SAMAR,65+,F,S,Y,A,1
2019,5,19,REGION VIII (EASTERN VISAYAS),LEYTE,15-24,F,S,Y,A,2
2019,5,19,REGION VIII (EASTERN VISAYAS),LEYTE,15-24,M,S,Y,A,2
2019,5,19,REGION VIII (EASTERN VISAYAS),LEYTE,25-64,F,S,Y,A,8
2019,5,19,REGION VIII (EASTERN VISAYAS),LEYTE,25-64,M,S,Y,A,3
2019,5,19,REGION VIII (EASTERN VISAYAS),LEYTE,5-14,F,S,Y,A,2
2019,5,19,REGION VIII (EASTERN VISAYAS),LEYTE,5-14,M,S,Y,A,3
2019,5,19,REGION VIII (EASTERN VISAYAS),SAMAR,25-64,F,S,Y,A,4
2019,5,19,REGION VIII (EASTERN VISAYAS),SAMAR,25-64,M,S,Y,A,6
2019,5,19,REGION VIII (EASTERN VISAYAS),SAMAR,5-14,F,S,Y,A,4
2019,5,19,REGION VIII (EASTERN VISAYAS),SAMAR,5-14,M,S,Y,A,2
2019,5,19,REGION VIII (EASTERN VISAYAS),SAMAR,65+,M,S,Y,A,1
2019,5,19,REGION VIII (EASTERN VISAYAS),SOUTHERN LEYTE,25-64,F,S,Y,A,1
2019,5,19,REGION VIII (EASTERN VISAYAS),SOUTHERN LEYTE,25-64,M,S,Y,A,1
2019,5,19,REGION VIII (EASTERN VISAYAS),SOUTHERN LEYTE,65+,F,S,Y,A,1
2019,5,19,REGION XIII (CARAGA),AGUSAN DEL NORTE,15-24,F,S,Y,A,1
2019,5,19,REGION XIII (CARAGA),AGUSAN DEL NORTE,25-64,F,S,Y,A,1
2019,5,19,REGION XIII (CARAGA),AGUSAN DEL NORTE,25-64,M,S,Y,A,1
2019,5,19,REGION XIII (CARAGA),AGUSAN DEL NORTE,5-14,F,S,Y,A,1
2019,5,19,REGION XIII (CARAGA),AGUSAN DEL SUR,25-64,F,S,Y,A,1
2019,5,19,REGION XIII (CARAGA),AGUSAN DEL SUR,25-64,M,S,Y,A,1
2019,5,19,REGION XIII (CARAGA),AGUSAN DEL SUR,65+,M,S,Y,A,1
2019,5,19,REGION XIII (CARAGA),CITY OF BUTUAN,25-64,F,S,Y,A,1
2019,5,19,REGION XIII (CARAGA),CITY OF BUTUAN,5-14,F,S,Y,A,1
2019,5,19,REGION XIII (CARAGA),DINAGAT ISLANDS,15-24,M,S,Y,A,1
2019,5,19,REGION XIII (CARAGA),DINAGAT ISLANDS,5-14,M,S,Y,A,1
2019,5,19,REGION XIII (CARAGA),DINAGAT ISLANDS,65+,F,S,Y,A,1
2019,5,19,REGION XIII (CARAGA),SURIGAO DEL NORTE,15-24,F,S,Y,A,1
2019,5,19,REGION XIII (CARAGA),SURIGAO DEL NORTE,25-64,F,S,Y,A,3
2019,5,19,REGION XIII (CARAGA),SURIGAO DEL NORTE,25-64,M,S,Y,A,1
2019,5,19,REGION XIII (CARAGA),SURIGAO DEL NORTE,5-14,F,C,Y,A,1
2019,5,19,REGION XIII (CARAGA),SURIGAO DEL NORTE,5-14,F,S,Y,A,2
2019,5,19,REGION XIII (CARAGA),SURIGAO DEL NORTE,5-14,M,S,Y,A,1
2019,5,19,REGION XIII (CARAGA),SURIGAO DEL SUR,15-24,F,S,Y,A,1
2019,5,19,REGION XIII (CARAGA),SURIGAO DEL SUR,15-24,M,S,Y,A,2
2019,5,19,REGION XIII (CARAGA),SURIGAO DEL SUR,25-64,F,S,Y,A,10
2019,5,19,REGION XIII (CARAGA),SURIGAO DEL SUR,25-64,M,S,Y,A,8
2019,5,19,REGION XIII (CARAGA),SURIGAO DEL SUR,5-14,F,S,Y,A,5
2019,5,19,REGION XIII (CARAGA),SURIGAO DEL SUR,5-14,M,S,Y,A,2
2019,5,19,REGION XIII (CARAGA),SURIGAO DEL SUR,65+,F,S,Y,A,1
2019,5,20,REGION V (BICOL REGION),CAMARINES NORTE,25-64,M,S,Y,A,1
2019,5,20,REGION V (BICOL REGION),CAMARINES NORTE,5-14,M,S,Y,A,1
2019,5,20,REGION V (BICOL REGION),CAMARINES SUR,25-64,F,S,Y,A,1
2019,5,20,REGION V (BICOL REGION),CAMARINES SUR,65+,F,S,Y,A,1
2019,5,20,REGION V (BICOL REGION),CATANDUANES,15-24,M,S,Y,A,1
2019,5,20,REGION V (BICOL REGION),CATANDUANES,25-64,F,S,Y,A,1
2019,5,20,REGION V (BICOL REGION),CATANDUANES,25-64,M,S,Y,A,1
2019,5,20,REGION V (BICOL REGION),CATANDUANES,5-14,M,S,Y,A,1
2019,5,20,REGION V (BICOL REGION),MASBATE,25-64,F,S,Y,A,1
2019,5,20,REGION V (BICOL REGION),MASBATE,25-64,M,S,Y,A,1
2019,5,20,REGION V (BICOL REGION),MASBATE,5-14,M,S,Y,A,1
2019,5,20,REGION V (BICOL REGION),SORSOGON,25-64,M,S,Y,A,1
2019,5,20,REGION V (BICOL REGION),SORSOGON,5-14,F,S,Y,A,1
2019,5,20,REGION VIII (EASTERN VISAYAS),BILIRAN,25-64,F,S,Y,A,2
2019,5,20,REGION VIII (EASTERN VISAYAS),BILIRAN,65+,F,S,Y,A,1
2019,5,20,REGION VIII (EASTERN VISAYAS),CITY OF TACLOBAN,25-64,F,S,Y,A,2
2019,5,20,REGION VIII (EASTERN VISAYAS),CITY OF TACLOBAN,5-14,F,S,Y,A,2
2019,5,20,REGION VIII (EASTERN VISAYAS),EASTERN SAMAR,25-64,F,S,Y,A,2
2019,5,20,REGION VIII (EASTERN VISAYAS),EASTERN SAMAR,25-64,M,S,Y,A,1
2019,5,20,REGION VIII (EASTERN VISAYAS),EASTERN SAMAR,5-14,F,S,Y,A,2
2019,5,20,REGION VIII (EASTERN VISAYAS),LEYTE,15-24,F,S,Y,A,2
2019,5,20,REGION VIII (EASTERN VISAYAS),LEYTE,25-64,F,S,Y,A,3
2019,5,20,REGION VIII (EASTERN VISAYAS),LEYTE,25-64,M,S,Y,A,5
2019,5,20,REGION VIII (EASTERN VISAYAS),LEYTE,5-14,M,S,Y,A,1
2019,5,20,REGION VIII (EASTERN VISAYAS),SAMAR,15-24,F,S,Y,A,1
2019,5,20,REGION VIII (EASTERN VISAYAS),SAMAR,15-24,M,S,Y,A,2
2019,5,20,REGION VIII (EASTERN VISAYAS),SAMAR,25-64,F,S,Y,A,3
2019,5,20,REGION VIII (EASTERN VISAYAS),SAMAR,25-64,M,S,Y,A,2
2019,5,20,REGION VIII (EASTERN VISAYAS),SAMAR,5-14,M,S,Y,A,2
2019,5,20,REGION VIII (EASTERN VISAYAS),SOUTHERN LEYTE,25-64,M,S,Y,A,1
2019,5,20,REGION VIII (EASTERN VISAYAS),SOUTHERN LEYTE,5-14,F,S,Y,A,1
2019,5,20,REGION VIII (EASTERN VISAYAS),SOUTHERN LEYTE,65+,M,S,Y,A,1
2019,5,20,REGION X (NORTHERN MINDANAO),MISAMIS OCCIDENTAL,15-24,F,S,Y,A,1
2019,5,20,REGION X (NORTHERN MINDANAO),MISAMIS OCCIDENTAL,25-64,F,S,Y,A,1
2019,5,20,REGION X (NORTHERN MINDANAO),MISAMIS OCCIDENTAL,25-64,M,S,Y,A,1
2019,5,20,REGION XI (DAVAO REGION),DAVAO DE ORO,25-64,M,S,Y,A,1
2019,5,20,REGION XIII (CARAGA),AGUSAN DEL NORTE,25-64,M,S,Y,A,2
2019,5,20,REGION XIII (CARAGA),AGUSAN DEL NORTE,5-14,M,S,Y,A,1
2019,5,20,REGION XIII (CARAGA),AGUSAN DEL SUR,25-64,F,S,Y,A,1
2019,5,20,REGION XIII (CARAGA),CITY OF BUTUAN,5-14,M,S,Y,A,1
2019,5,20,REGION XIII (CARAGA),DINAGAT ISLANDS,65+,F,S,Y,A,2
2019,5,20,REGION XIII (CARAGA),DINAGAT ISLANDS,65+,M,S,Y,A,1
2019,5,20,REGION XIII (CARAGA),SURIGAO DEL NORTE,25-64,M,S,Y,A,1
2019,5,20,REGION XIII (CARAGA),SURIGAO DEL SUR,25-64,F,S,Y,A,3
2019,5,20,REGION XIII (CARAGA),SURIGAO DEL SUR,25-64,M,S,Y,A,3
2019,5,20,REGION XIII (CARAGA),SURIGAO DEL SUR,5-14,F,S,Y,A,1
2019,5,20,REGION XIII (CARAGA),SURIGAO DEL SUR,5-14,M,S,Y,A,3
2019,5,20,REGION XIII (CARAGA),SURIGAO DEL SUR,65+,F,S,Y,A,1
2019,5,20,REGION XIII (CARAGA),SURIGAO DEL SUR,65+,M,S,Y,A,1
2019,5,21,REGION IX (ZAMBOANGA PENINSULA),CITY OF ZAMBOANGA,5-14,M,S,Y,A,1
2019,5,21,REGION V (BICOL REGION),ALBAY,5-14,M,S,Y,A,1
2019,5,21,REGION V (BICOL REGION),CAMARINES NORTE,15-24,F,S,Y,A,1
2019,5,21,REGION V (BICOL REGION),CAMARINES NORTE,65+,F,S,Y,A,1
2019,5,21,REGION V (BICOL REGION),CATANDUANES,25-64,M,S,Y,A,2
2019,5,21,REGION V (BICOL REGION),MASBATE,15-24,F,S,Y,A,1
2019,5,21,REGION V (BICOL REGION),MASBATE,25-64,F,S,Y,A,3
2019,5,21,REGION V (BICOL REGION),MASBATE,25-64,M,S,Y,A,1
2019,5,21,REGION V (BICOL REGION),MASBATE,25-64,M,S,Y,D,1
2019,5,21,REGION V (BICOL REGION),SORSOGON,25-64,F,S,Y,A,3
2019,5,21,REGION V (BICOL REGION),SORSOGON,5-14,M,S,Y,A,3
2019,5,21,REGION V (BICOL REGION),SORSOGON,65+,F,S,Y,A,2
2019,5,21,REGION VIII (EASTERN VISAYAS),BILIRAN,15-24,F,S,Y,A,1
2019,5,21,REGION VIII (EASTERN VISAYAS),BILIRAN,15-24,M,S,Y,A,1
2019,5,21,REGION VIII (EASTERN VISAYAS),BILIRAN,25-64,F,S,Y,A,1
2019,5,21,REGION VIII (EASTERN VISAYAS),BILIRAN,25-64,M,S,Y,A,2
2019,5,21,REGION VIII (EASTERN VISAYAS),BILIRAN,5-14,M,S,Y,A,2
2019,5,21,REGION VIII (EASTERN VISAYAS),CITY OF TACLOBAN,25-64,F,S,Y,A,2
2019,5,21,REGION VIII (EASTERN VISAYAS),CITY OF TACLOBAN,5-14,M,S,Y,A,1
2019,5,21,REGION VIII (EASTERN VISAYAS),CITY OF TACLOBAN,65+,M,S,Y,A,1
2019,5,21,REGION VIII (EASTERN VISAYAS),EASTERN SAMAR,25-64,F,S,Y,A,2
2019,5,21,REGION VIII (EASTERN VISAYAS),EASTERN SAMAR,5-14,F,S,Y,A,1
2019,5,21,REGION VIII (EASTERN VISAYAS),EASTERN SAMAR,5-14,M,S,Y,A,1
2019,5,21,REGION VIII (EASTERN VISAYAS),EASTERN SAMAR,65+,F,S,Y,A,1
2019,5,21,REGION VIII (EASTERN VISAYAS),LEYTE,15-24,F,S,Y,A,1
2019,5,21,REGION VIII (EASTERN VISAYAS),LEYTE,25-64,F,S,Y,A,4
2019,5,21,REGION VIII (EASTERN VISAYAS),LEYTE,25-64,M,S,Y,A,3
2019,5,21,REGION VIII (EASTERN VISAYAS),LEYTE,5-14,F,S,Y,A,4
2019,5,21,REGION VIII (EASTERN VISAYAS),LEYTE,65+,F,S,Y,A,1
2019,5,21,REGION VIII (EASTERN VISAYAS),LEYTE,65+,M,S,Y,A,2
2019,5,21,REGION VIII (EASTERN VISAYAS),SAMAR,5-14,F,S,Y,A,2
2019,5,21,REGION VIII (EASTERN VISAYAS),SAMAR,5-14,M,S,Y,A,2
2019,5,21,REGION VIII (EASTERN VISAYAS),SAMAR,65+,F,S,Y,A,1
2019,5,21,REGION VIII (EASTERN VISAYAS),SOUTHERN LEYTE,25-64,F,S,Y,A,1
2019,5,21,REGION X (NORTHERN MINDANAO),MISAMIS OCCIDENTAL,25-64,F,S,Y,A,1
2019,5,21,REGION X (NORTHERN MINDANAO),MISAMIS OCCIDENTAL,65+,M,S,Y,A,1
2019,5,21,REGION XIII (CARAGA),AGUSAN DEL NORTE,5-14,F,S,Y,A,1
2019,5,21,REGION XIII (CARAGA),AGUSAN DEL NORTE,5-14,M,S,Y,A,1
2019,5,21,REGION XIII (CARAGA),AGUSAN DEL SUR,25-64,F,S,Y,A,3
2019,5,21,REGION XIII (CARAGA),AGUSAN DEL SUR,25-64,M,S,Y,A,1
2019,5,21,REGION XIII (CARAGA),AGUSAN DEL SUR,65+,F,S,Y,A,2
2019,5,21,REGION XIII (CARAGA),CITY OF BUTUAN,15-24,M,S,Y,A,1
2019,5,21,REGION XIII (CARAGA),SURIGAO DEL NORTE,5-14,M,S,Y,A,1
2019,5,21,REGION XIII (CARAGA),SURIGAO DEL SUR,15-24,F,S,Y,A,7
2019,5,21,REGION XIII (CARAGA),SURIGAO DEL SUR,15-24,M,S,Y,A,4
2019,5,21,REGION XIII (CARAGA),SURIGAO DEL SUR,25-64,F,S,Y,A,6
2019,5,21,REGION XIII (CARAGA),SURIGAO DEL SUR,25-64,M,S,Y,A,6
2019,5,21,REGION XIII (CARAGA),SURIGAO DEL SUR,5-14,F,S,Y,A,7
2019,5,21,REGION XIII (CARAGA),SURIGAO DEL SUR,5-14,M,S,Y,A,1
2019,5,21,REGION XIII (CARAGA),SURIGAO DEL SUR,65+,F,S,Y,A,2
2019,5,22,BANGSAMORO AUTONOMOUS REGION IN MUSLIM MINDANAO (BARMM),MAGUINDANAO DEL NORTE,25-64,M,S,Y,A,1
2019,5,22,REGION IX (ZAMBOANGA PENINSULA),CITY OF ZAMBOANGA,25-64,F,S,Y,A,1
2019,5,22,REGION V (BICOL REGION),ALBAY,15-24,M,S,Y,A,1
2019,5,22,REGION V (BICOL REGION),ALBAY,25-64,F,S,Y,A,1
2019,5,22,REGION V (BICOL REGION),CAMARINES NORTE,25-64,F,S,Y,A,1
2019,5,22,REGION V (BICOL REGION),CAMARINES NORTE,5-14,M,S,Y,A,1
2019,5,22,REGION V (BICOL REGION),CAMARINES SUR,25-64,F,S,Y,A,3
2019,5,22,REGION V (BICOL REGION),CAMARINES SUR,25-64,M,S,Y,A,1
2019,5,22,REGION V (BICOL REGION),CAMARINES SUR,65+,F,S,Y,A,1
2019,5,22,REGION V (BICOL REGION),CATANDUANES,25-64,M,S,Y,A,1
2019,5,22,REGION V (BICOL REGION),MASBATE,15-24,F,S,Y,A,1
2019,5,22,REGION V (BICOL REGION),MASBATE,25-64,F,S,Y,A,1
2019,5,22,REGION V (BICOL REGION),MASBATE,25-64,M,S,Y,A,1
2019,5,22,REGION V (BICOL REGION),MASBATE,65+,F,S,Y,A,1
2019,5,22,REGION V (BICOL REGION),SORSOGON,15-24,F,S,Y,A,1
2019,5,22,REGION V (BICOL REGION),SORSOGON,25-64,M,S,Y,A,3
2019,5,22,REGION V (BICOL REGION),SORSOGON,5-14,M,S,Y,A,1
2019,5,22,REGION V (BICOL REGION),SORSOGON,65+,F,S,Y,A,2
2019,5,22,REGION VIII (EASTERN VISAYAS),BILIRAN,25-64,F,S,Y,A,3
2019,5,22,REGION VIII (EASTERN VISAYAS),BILIRAN,65+,F,S,Y,A,1
2019,5,22,REGION VIII (EASTERN VISAYAS),BILIRAN,65+,M,S,Y,A,1
2019,5,22,REGION VIII (EASTERN VISAYAS),CITY OF TACLOBAN,5-14,F,S,Y,A,1
2019,5,22,REGION VIII (EASTERN VISAYAS),CITY OF TACLOBAN,5-14,M,S,Y,A,1
2019,5,22,REGION VIII (EASTERN VISAYAS),EASTERN SAMAR,15-24,F,S,Y,A,1
2019,5,22,REGION VIII (EASTERN VISAYAS),EASTERN SAMAR,15-24,M,S,Y,A,1
2019,5,22,REGION VIII (EASTERN VISAYAS),EASTERN SAMAR,25-64,F,S,Y,A,2
2019,5,22,REGION VIII (EASTERN VISAYAS),EASTERN SAMAR,25-64,M,S,Y,A,3
2019,5,22,REGION VIII (EASTERN VISAYAS),EASTERN SAMAR,5-14,F,S,Y,A,4
2019,5,22,REGION VIII (EASTERN VISAYAS),EASTERN SAMAR,5-14,M,S,Y,A,1
2019,5,22,REGION VIII (EASTERN VISAYAS),LEYTE,15-24,F,S,Y,A,1
2019,5,22,REGION VIII (EASTERN VISAYAS),LEYTE,25-64,F,S,Y,A,3
2019,5,22,REGION VIII (EASTERN VISAYAS),LEYTE,25-64,M,S,Y,A,1
2019,5,22,REGION VIII (EASTERN VISAYAS),LEYTE,5-14,F,S,Y,A,1
2019,5,22,REGION VIII (EASTERN VISAYAS),LEYTE,5-14,M,S,Y,A,1
2019,5,22,REGION VIII (EASTERN VISAYAS),LEYTE,65+,F,S,Y,A,1
2019,5,22,REGION VIII (EASTERN VISAYAS),SAMAR,15-24,F,S,Y,A,3
2019,5,22,REGION VIII (EASTERN VISAYAS),SAMAR,25-64,F,S,Y,A,7
2019,5,22,REGION VIII (EASTERN VISAYAS),SAMAR,25-64,M,S,Y,A,2
2019,5,22,REGION VIII (EASTERN VISAYAS),SAMAR,5-14,F,S,Y,A,1
2019,5,22,REGION VIII (EASTERN VISAYAS),SAMAR,5-14,M,S,Y,A,4
2019,5,22,REGION VIII (EASTERN VISAYAS),SOUTHERN LEYTE,15-24,F,S,Y,A,1
2019,5,22,REGION VIII (EASTERN VISAYAS),SOUTHERN LEYTE,25-64,M,S,Y,A,1
2019,5,22,REGION X (NORTHERN MINDANAO),MISAMIS OCCIDENTAL,25-64,M,S,Y,A,1
2019,5,22,REGION XIII (CARAGA),AGUSAN DEL SUR,15-24,M,S,Y,A,1
2019,5,22,REGION XIII (CARAGA),CITY OF BUTUAN,15-24,M,S,Y,A,1
2019,5,22,REGION XIII (CARAGA),CITY OF BUTUAN,25-64,F,S,Y,A,1
2019,5,22,REGION XIII (CARAGA),CITY OF BUTUAN,5-14,F,S,Y,A,2
2019,5,22,REGION XIII (CARAGA),SURIGAO DEL NORTE,15-24,F,S,Y,A,1
2019,5,22,REGION XIII (CARAGA),SURIGAO DEL NORTE,65+,M,S,Y,A,1
2019,5,22,REGION XIII (CARAGA),SURIGAO DEL SUR,15-24,F,S,Y,A,2
2019,5,22,REGION XIII (CARAGA),SURIGAO DEL SUR,15-24,M,S,Y,A,1
2019,5,22,REGION XIII (CARAGA),SURIGAO DEL SUR,25-64,F,S,Y,A,5
2019,5,22,REGION XIII (CARAGA),SURIGAO DEL SUR,25-64,M,S,Y,A,7
2019,5,22,REGION XIII (CARAGA),SURIGAO DEL SUR,5-14,F,S,Y,A,4
2019,5,22,REGION XIII (CARAGA),SURIGAO DEL SUR,5-14,M,S,Y,A,4
2019,5,22,REGION XIII (CARAGA),SURIGAO DEL SUR,65+,F,S,Y,A,2
2019,5,23,REGION V (BICOL REGION),SORSOGON,15-24,F,S,Y,A,1
2019,5,23,REGION V (BICOL REGION),SORSOGON,65+,M,S,Y,A,1
2019,5,23,REGION VIII (EASTERN VISAYAS),EASTERN SAMAR,15-24,F,S,Y,A,1
2019,5,23,REGION VIII (EASTERN VISAYAS),SAMAR,5-14,M,S,Y,A,2
2019,5,23,REGION XIII (CARAGA),SURIGAO DEL SUR,15-24,M,S,Y,A,1
2019,5,23,REGION XIII (CARAGA),SURIGAO DEL SUR,25-64,F,S,Y,A,1
2019,5,23,REGION XIII (CARAGA),SURIGAO DEL SUR,25-64,M,S,Y,A,1
2019,6,23,REGION V (BICOL REGION),ALBAY,25-64,M,S,Y,A,1
2019,6,23,REGION V (BICOL REGION),CAMARINES NORTE,25-64,F,S,Y,A,1
2019,6,23,REGION V (BICOL REGION),MASBATE,15-24,M,S,Y,A,2
2019,6,23,REGION V (BICOL REGION),MASBATE,25-64,F,S,Y,A,3
2019,6,23,REGION V (BICOL REGION),SORSOGON,25-64,F,S,Y,A,3
2019,6,23,REGION V (BICOL REGION),SORSOGON,65+,F,S,Y,A,1
2019,6,23,REGION V (BICOL REGION),SORSOGON,65+,M,S,Y,A,1
2019,6,23,REGION VIII (EASTERN VISAYAS),BILIRAN,25-64,F,S,Y,A,1
2019,6,23,REGION VIII (EASTERN VISAYAS),BILIRAN,25-64,M,S,Y,A,1
2019,6,23,REGION VIII (EASTERN VISAYAS),CITY OF TACLOBAN,25-64,M,S,Y,A,1
2019,6,23,REGION VIII (EASTERN VISAYAS),CITY OF TACLOBAN,5-14,M,S,Y,A,3
2019,6,23,REGION VIII (EASTERN VISAYAS),LEYTE,25-64,F,S,Y,A,2
2019,6,23,REGION VIII (EASTERN VISAYAS),LEYTE,65+,F,S,Y,A,1
2019,6,23,REGION VIII (EASTERN VISAYAS),LEYTE,65+,M,S,Y,A,2
2019,6,23,REGION VIII (EASTERN VISAYAS),SAMAR,15-24,F,S,Y,A,1
2019,6,23,REGION VIII (EASTERN VISAYAS),SAMAR,15-24,M,S,Y,A,2
2019,6,23,REGION VIII (EASTERN VISAYAS),SAMAR,25-64,F,S,Y,A,5
2019,6,23,REGION VIII (EASTERN VISAYAS),SAMAR,25-64,M,S,Y,A,3
2019,6,23,REGION VIII (EASTERN VISAYAS),SAMAR,5-14,F,S,Y,A,3
2019,6,23,REGION VIII (EASTERN VISAYAS),SAMAR,5-14,M,S,Y,A,3
2019,6,23,REGION VIII (EASTERN VISAYAS),SAMAR,65+,F,S,Y,A,1
2019,6,23,REGION VIII (EASTERN VISAYAS),SOUTHERN LEYTE,25-64,F,S,Y,A,1
2019,6,23,REGION VIII (EASTERN VISAYAS),SOUTHERN LEYTE,25-64,M,S,Y,A,1
2019,6,23,REGION X (NORTHERN MINDANAO),MISAMIS OCCIDENTAL,15-24,M,S,Y,A,1
2019,6,23,REGION X (NORTHERN MINDANAO),MISAMIS OCCIDENTAL,25-64,F,S,Y,A,2
2019,6,23,REGION X (NORTHERN MINDANAO),MISAMIS OCCIDENTAL,5-14,F,S,Y,A,1
2019,6,23,REGION XIII (CARAGA),AGUSAN DEL SUR,15-24,F,S,Y,A,1
2019,6,23,REGION XIII (CARAGA),SURIGAO DEL NORTE,25-64,F,S,Y,A,1
2019,6,23,REGION XIII (CARAGA),SURIGAO DEL NORTE,5-14,M,S,Y,A,1
2019,6,23,REGION XIII (CARAGA),SURIGAO DEL SUR,15-24,F,S,Y,A,2
2019,6,23,REGION XIII (CARAGA),SURIGAO DEL SUR,15-24,M,S,Y,A,1
2019,6,23,REGION XIII (CARAGA),SURIGAO DEL SUR,25-64,F,S,Y,A,7
2019,6,23,REGION XIII (CARAGA),SURIGAO DEL SUR,25-64,M,S,Y,A,4
2019,6,23,REGION XIII (CARAGA),SURIGAO DEL SUR,5-14,M,S,Y,A,1
2019,6,24,REGION V (BICOL REGION),CAMARINES NORTE,15-24,F,S,Y,A,1
2019,6,24,REGION V (BICOL REGION),CAMARINES NORTE,25-64,M,S,Y,A,1
2019,6,24,REGION V (BICOL REGION),CAMARINES NORTE,5-14,F,S,Y,A,2
2019,6,24,REGION V (BICOL REGION),CAMARINES NORTE,5-14,M,S,Y,A,1
2019,6,24,REGION V (BICOL REGION),CATANDUANES,65+,F,S,Y,A,1
2019,6,24,REGION V (BICOL REGION),MASBATE,15-24,F,S,Y,A,1
2019,6,24,REGION V (BICOL REGION),MASBATE,25-64,F,S,Y,A,1
2019,6,24,REGION V (BICOL REGION),MASBATE,25-64,M,S,Y,A,1
2019,6,24,REGION V (BICOL REGION),MASBATE,65+,F,S,Y,A,1
2019,6,24,REGION V (BICOL REGION),SORSOGON,15-24,F,S,Y,A,1
2019,6,24,REGION V (BICOL REGION),SORSOGON,25-64,F,S,Y,A,1
2019,6,24,REGION V (BICOL REGION),SORSOGON,25-64,M,S,Y,A,1
2019,6,24,REGION V (BICOL REGION),SORSOGON,5-14,F,S,Y,A,3
2019,6,24,REGION V (BICOL REGION),SORSOGON,5-14,M,S,Y,A,1
2019,6,24,REGION V (BICOL REGION),SORSOGON,65+,M,S,Y,A,1
2019,6,24,REGION VIII (EASTERN VISAYAS),BILIRAN,5-14,F,S,Y,A,1
2019,6,24,REGION VIII (EASTERN VISAYAS),CITY OF TACLOBAN,15-24,M,S,Y,A,1
2019,6,24,REGION VIII (EASTERN VISAYAS),CITY OF TACLOBAN,25-64,F,S,Y,A,2
2019,6,24,REGION VIII (EASTERN VISAYAS),CITY OF TACLOBAN,25-64,M,S,Y,A,2
2019,6,24,REGION VIII (EASTERN VISAYAS),CITY OF TACLOBAN,5-14,F,S,Y,A,1
2019,6,24,REGION VIII (EASTERN VISAYAS),EASTERN SAMAR,15-24,M,S,Y,A,2
2019,6,24,REGION VIII (EASTERN VISAYAS),EASTERN SAMAR,25-64,F,S,Y,A,1
2019,6,24,REGION VIII (EASTERN VISAYAS),EASTERN SAMAR,25-64,M,S,Y,A,2
2019,6,24,REGION VIII (EASTERN VISAYAS),EASTERN SAMAR,5-14,F,S,Y,A,2
2019,6,24,REGION VIII (EASTERN VISAYAS),EASTERN SAMAR,5-14,M,S,Y,A,1
2019,6,24,REGION VIII (EASTERN VISAYAS),LEYTE,15-24,M,S,Y,A,1
2019,6,24,REGION VIII (EASTERN VISAYAS),LEYTE,25-64,F,S,Y,A,2
2019,6,24,REGION VIII (EASTERN VISAYAS),LEYTE,25-64,M,S,Y,A,1
2019,6,24,REGION VIII (EASTERN VISAYAS),SAMAR,15-24,F,S,Y,A,2
2019,6,24,REGION VIII (EASTERN VISAYAS),SAMAR,15-24,M,S,Y,A,1
2019,6,24,REGION VIII (EASTERN VISAYAS),SAMAR,25-64,F,S,Y,A,2
2019,6,24,REGION VIII (EASTERN VISAYAS),SAMAR,5-14,F,S,Y,A,1
2019,6,24,REGION X (NORTHERN MINDANAO),MISAMIS OCCIDENTAL,25-64,M,S,Y,A,1
2019,6,24,REGION XIII (CARAGA),AGUSAN DEL SUR,25-64,F,S,Y,A,2
2019,6,24,REGION XIII (CARAGA),AGUSAN DEL SUR,5-14,F,S,Y,A,1
2019,6,24,REGION XIII (CARAGA),AGUSAN DEL SUR,65+,M,S,Y,A,1
2019,6,24,REGION XIII (CARAGA),DINAGAT ISLANDS,25-64,M,S,Y,A,1
2019,6,24,REGION XIII (CARAGA),DINAGAT ISLANDS,5-14,M,S,Y,A,1
2019,6,24,REGION XIII (CARAGA),DINAGAT ISLANDS,65+,F,S,Y,A,1
2019,6,24,REGION XIII (CARAGA),SURIGAO DEL NORTE,25-64,F,S,Y,A,1
2019,6,24,REGION XIII (CARAGA),SURIGAO DEL NORTE,5-14,M,S,Y,A,1
2019,6,24,REGION XIII (CARAGA),SURIGAO DEL SUR,15-24,F,S,Y,A,2
2019,6,24,REGION XIII (CARAGA),SURIGAO DEL SUR,25-64,F,S,Y,A,3
2019,6,24,REGION XIII (CARAGA),SURIGAO DEL SUR,5-14,F,S,Y,A,1
2019,6,24,REGION XIII (CARAGA),SURIGAO DEL SUR,5-14,M,S,Y,A,2
2019,6,24,REGION XIII (CARAGA),SURIGAO DEL SUR,65+,F,S,Y,A,2
2019,6,24,REGION XIII (CARAGA),SURIGAO DEL SUR,65+,M,S,Y,A,1
2019,6,25,REGION V (BICOL REGION),CAMARINES SUR,15-24,F,S,Y,A,1
2019,6,25,REGION V (BICOL REGION),MASBATE,25-64,M,S,Y,A,2
2019,6,25,REGION V (BICOL REGION),MASBATE,5-14,M,S,Y,A,1
2019,6,25,REGION V (BICOL REGION),MASBATE,65+,F,S,Y,A,1
2019,6,25,REGION V (BICOL REGION),MASBATE,65+,M,S,Y,A,1
2019,6,25,REGION V (BICOL REGION),SORSOGON,15-24,F,S,Y,A,1
2019,6,25,REGION V (BICOL REGION),SORSOGON,25-64,M,S,Y,A,1
2019,6,25,REGION V (BICOL REGION),SORSOGON,5-14,F,S,Y,A,1
2019,6,25,REGION V (BICOL REGION),SORSOGON,5-14,M,S,Y,A,1
2019,6,25,REGION VIII (EASTERN VISAYAS),BILIRAN,25-64,F,S,Y,A,1
2019,6,25,REGION VIII (EASTERN VISAYAS),BILIRAN,25-64,M,S,Y,A,1
2019,6,25,REGION VIII (EASTERN VISAYAS),BILIRAN,65+,F,S,Y,A,1
2019,6,25,REGION VIII (EASTERN VISAYAS),CITY OF TACLOBAN,5-14,M,S,Y,A,3
2019,6,25,REGION VIII (EASTERN VISAYAS),EASTERN SAMAR,15-24,F,S,Y,A,1
2019,6,25,REGION VIII (EASTERN VISAYAS),EASTERN SAMAR,15-24,M,S,Y,A,1
2019,6,25,REGION VIII (EASTERN VISAYAS),EASTERN SAMAR,25-64,F,S,Y,A,2
2019,6,25,REGION VIII (EASTERN VISAYAS),EASTERN SAMAR,25-64,M,S,Y,A,3
2019,6,25,REGION VIII (EASTERN VISAYAS),LEYTE,15-24,F,S,Y,A,1
2019,6,25,REGION VIII (EASTERN VISAYAS),LEYTE,15-24,M,S,Y,A,1
2019,6,25,REGION VIII (EASTERN VISAYAS),LEYTE,25-64,F,S,Y,A,1
2019,6,25,REGION VIII (EASTERN VISAYAS),LEYTE,25-64,M,S,Y,A,1
2019,6,25,REGION VIII (EASTERN VISAYAS),LEYTE,5-14,F,S,Y,A,1
2019,6,25,REGION VIII (EASTERN VISAYAS),SAMAR,15-24,F,S,Y,A,2
2019,6,25,REGION VIII (EASTERN VISAYAS),SAMAR,25-64,F,S,Y,A,1
2019,6,25,REGION VIII (EASTERN VISAYAS),SAMAR,25-64,M,S,Y,A,1
2019,6,25,REGION VIII (EASTERN VISAYAS),SAMAR,65+,M,S,Y,A,1
2019,6,25,REGION VIII (EASTERN VISAYAS),SOUTHERN LEYTE,25-64,M,S,Y,A,1
2019,6,25,REGION X (NORTHERN MINDANAO),MISAMIS OCCIDENTAL,15-24,M,S,Y,A,2
2019,6,25,REGION XIII (CARAGA),AGUSAN DEL SUR,25-64,F,S,Y,A,2
2019,6,25,REGION XIII (CARAGA),AGUSAN DEL SUR,5-14,M,S,Y,A,1
2019,6,25,REGION XIII (CARAGA),SURIGAO DEL NORTE,65+,M,C,Y,A,1
2019,6,25,REGION XIII (CARAGA),SURIGAO DEL SUR,15-24,F,S,Y,A,1
2019,6,25,REGION XIII (CARAGA),SURIGAO DEL SUR,15-24,M,S,Y,A,2
2019,6,25,REGION XIII (CARAGA),SURIGAO DEL SUR,25-64,F,S,Y,A,6
2019,6,25,REGION XIII (CARAGA),SURIGAO DEL SUR,25-64,M,S,Y,A,1
2019,6,25,REGION XIII (CARAGA),SURIGAO DEL SUR,5-14,M,S,Y,A,1
2019,6,25,REGION XIII (CARAGA),SURIGAO DEL SUR,65+,M,S,Y,A,1
2019,6,26,REGION V (BICOL REGION),CAMARINES SUR,5-14,M,S,Y,A,1
2019,6,26,REGION V (BICOL REGION),MASBATE,15-24,F,S,Y,A,1
2019,6,26,REGION V (BICOL REGION),MASBATE,15-24,M,S,Y,A,1
2019,6,26,REGION V (BICOL REGION),MASBATE,25-64,F,S,Y,A,2
2019,6,26,REGION V (BICOL REGION),MASBATE,25-64,M,S,Y,A,1
2019,6,26,REGION V (BICOL REGION),MASBATE,65+,M,S,Y,A,1
2019,6,26,REGION V (BICOL REGION),SORSOGON,25-64,F,S,Y,A,1
2019,6,26,REGION V (BICOL REGION),SORSOGON,25-64,M,S,Y,A,1
2019,6,26,REGION V (BICOL REGION),SORSOGON,5-14,F,S,Y,A,2
2019,6,26,REGION VIII (EASTERN VISAYAS),BILIRAN,15-24,F,S,Y,A,1
2019,6,26,REGION VIII (EASTERN VISAYAS),BILIRAN,25-64,M,S,Y,A,1
2019,6,26,REGION VIII (EASTERN VISAYAS),BILIRAN,5-14,F,S,Y,A,1
2019,6,26,REGION VIII (EASTERN VISAYAS),BILIRAN,5-14,M,S,Y,A,2
2019,6,26,REGION VIII (EASTERN VISAYAS),BILIRAN,65+,M,S,Y,A,1
2019,6,26,REGION VIII (EASTERN VISAYAS),CITY OF TACLOBAN,15-24,M,S,Y,A,2
2019,6,26,REGION VIII (EASTERN VISAYAS),CITY OF TACLOBAN,25-64,F,S,Y,A,1
2019,6,26,REGION VIII (EASTERN VISAYAS),CITY OF TACLOBAN,25-64,M,S,Y,A,2
2019,6,26,REGION VIII (EASTERN VISAYAS),CITY OF TACLOBAN,5-14,F,S,Y,A,1
2019,6,26,REGION VIII (EASTERN VISAYAS),CITY OF TACLOBAN,5-14,M,S,Y,A,1
2019,6,26,REGION VIII (EASTERN VISAYAS),EASTERN SAMAR,15-24,F,S,Y,A,2
2019,6,26,REGION VIII (EASTERN VISAYAS),EASTERN SAMAR,25-64,F,S,Y,A,1
2019,6,26,REGION VIII (EASTERN VISAYAS),EASTERN SAMAR,25-64,M,S,Y,A,1
2019,6,26,REGION VIII (EASTERN VISAYAS),EASTERN SAMAR,5-14,F,S,Y,A,3
2019,6,26,REGION VIII (EASTERN VISAYAS),EASTERN SAMAR,5-14,M,S,Y,A,1
2019,6,26,REGION VIII (EASTERN VISAYAS),LEYTE,15-24,F,S,Y,A,1
2019,6,26,REGION VIII (EASTERN VISAYAS),LEYTE,25-64,F,S,Y,A,2
2019,6,26,REGION VIII (EASTERN VISAYAS),SAMAR,15-24,F,S,Y,A,1
2019,6,26,REGION VIII (EASTERN VISAYAS),SAMAR,25-64,F,S,Y,A,2
2019,6,26,REGION VIII (EASTERN VISAYAS),SAMAR,5-14,M,S,Y,A,1
2019,6,26,REGION VIII (EASTERN VISAYAS),SOUTHERN LEYTE,15-24,F,S,Y,A,5
2019,6,26,REGION VIII (EASTERN VISAYAS),SOUTHERN LEYTE,15-24,M,S,Y,A,3
2019,6,26,REGION VIII (EASTERN VISAYAS),SOUTHERN LEYTE,25-64,F,S,Y,A,1
2019,6,26,REGION VIII (EASTERN VISAYAS),SOUTHERN LEYTE,65+,M,S,Y,A,1
2019,6,26,REGION X (NORTHERN MINDANAO),MISAMIS OCCIDENTAL,25-64,F,S,Y,A,2
2019,6,26,REGION XIII (CARAGA),AGUSAN DEL SUR,15-24,M,S,Y,A,1
2019,6,26,REGION XIII (CARAGA),AGUSAN DEL SUR,25-64,F,S,Y,A,3
2019,6,26,REGION XIII (CARAGA),AGUSAN DEL SUR,25-64,M,S,Y,A,3
2019,6,26,REGION XIII (CARAGA),AGUSAN DEL SUR,5-14,M,S,Y,A,1
2019,6,26,REGION XIII (CARAGA),AGUSAN DEL SUR,65+,F,S,Y,A,2
2019,6,26,REGION XIII (CARAGA),AGUSAN DEL SUR,65+,M,S,Y,A,2
2019,6,26,REGION XIII (CARAGA),SURIGAO DEL NORTE,25-64,F,S,Y,A,1
2019,6,26,REGION XIII (CARAGA),SURIGAO DEL NORTE,65+,M,S,Y,A,1
2019,6,26,REGION XIII (CARAGA),SURIGAO DEL SUR,15-24,F,S,Y,A,2
2019,6,26,REGION XIII (CARAGA),SURIGAO DEL SUR,15-24,M,S,Y,A,2
2019,6,26,REGION XIII (CARAGA),SURIGAO DEL SUR,25-64,F,S,Y,A,2
2019,6,26,REGION XIII (CARAGA),SURIGAO DEL SUR,25-64,M,S,Y,A,6
2019,6,26,REGION XIII (CARAGA),SURIGAO DEL SUR,5-14,F,S,Y,A,2
2019,6,26,REGION XIII (CARAGA),SURIGAO DEL SUR,65+,F,S,Y,A,1
2019,6,26,REGION XIII (CARAGA),SURIGAO DEL SUR,65+,M,S,Y,A,1
2019,6,27,REGION V (BICOL REGION),CAMARINES SUR,5-14,M,S,Y,A,1
2019,6,27,REGION V (BICOL REGION),SORSOGON,25-64,F,S,Y,A,1
2019,6,27,REGION V (BICOL REGION),SORSOGON,65+,M,S,Y,A,2
2019,6,27,REGION VIII (EASTERN VISAYAS),BILIRAN,25-64,F,S,Y,A,1
2019,6,27,REGION VIII (EASTERN VISAYAS),BILIRAN,25-64,M,S,Y,A,1
2019,6,27,REGION VIII (EASTERN VISAYAS),EASTERN SAMAR,15-24,M,S,Y,A,1
2019,6,27,REGION VIII (EASTERN VISAYAS),LEYTE,15-24,F,S,Y,A,1
2019,6,27,REGION VIII (EASTERN VISAYAS),LEYTE,25-64,F,S,Y,A,1
2019,6,27,REGION VIII (EASTERN VISAYAS),LEYTE,25-64,M,S,Y,A,2
2019,6,27,REGION VIII (EASTERN VISAYAS),LEYTE,5-14,M,S,Y,A,1
2019,6,27,REGION VIII (EASTERN VISAYAS),SOUTHERN LEYTE,15-24,M,S,Y,A,1
2019,6,27,REGION VIII (EASTERN VISAYAS),SOUTHERN LEYTE,25-64,M,S,Y,A,2
2019,6,27,REGION VIII (EASTERN VISAYAS),SOUTHERN LEYTE,5-14,F,S,Y,A,1
2019,6,27,REGION XIII (CARAGA),SURIGAO DEL NORTE,5-14,F,S,Y,A,1
2019,6,27,REGION XIII (CARAGA),SURIGAO DEL NORTE,65+,F,S,Y,A,1
2019,6,27,REGION XIII (CARAGA),SURIGAO DEL SUR,15-24,F,S,Y,A,1
2019,6,27,REGION XIII (CARAGA),SURIGAO DEL SUR,15-24,M,S,Y,A,1
2019,6,27,REGION XIII (CARAGA),SURIGAO DEL SUR,25-64,F,S,Y,A,1
2019,6,27,REGION XIII (CARAGA),SURIGAO DEL SUR,25-64,M,S,Y,A,2
2019,6,27,REGION XIII (CARAGA),SURIGAO DEL SUR,5-14,M,S,Y,A,1
2019,6,27,REGION XIII (CARAGA),SURIGAO DEL SUR,65+,F,S,Y,A,4
2019,6,27,REGION XIII (CARAGA),SURIGAO DEL SUR,65+,M,S,Y,A,1
2019,7,27,REGION V (BICOL REGION),MASBATE,25-64,M,S,Y,A,1
2019,7,27,REGION V (BICOL REGION),MASBATE,65+,F,S,Y,A,1
2019,7,27,REGION V (BICOL REGION),SORSOGON,65+,F,S,Y,A,1
2019,7,27,REGION VIII (EASTERN VISAYAS),BILIRAN,15-24,F,S,Y,A,1
2019,7,27,REGION VIII (EASTERN VISAYAS),BILIRAN,25-64,F,S,Y,A,1
2019,7,27,REGION VIII (EASTERN VISAYAS),BILIRAN,5-14,M,S,Y,A,1
2019,7,27,REGION VIII (EASTERN VISAYAS),CITY OF TACLOBAN,25-64,F,S,Y,A,2
2019,7,27,REGION VIII (EASTERN VISAYAS),CITY OF TACLOBAN,5-14,F,S,Y,A,1
2019,7,27,REGION VIII (EASTERN VISAYAS),EASTERN SAMAR,25-64,F,S,Y,A,2
2019,7,27,REGION VIII (EASTERN VISAYAS),EASTERN SAMAR,25-64,M,S,Y,A,2
2019,7,27,REGION VIII (EASTERN VISAYAS),EASTERN SAMAR,5-14,F,S,Y,A,1
2019,7,27,REGION VIII (EASTERN VISAYAS),EASTERN SAMAR,5-14,M,S,Y,A,3
2019,7,27,REGION VIII (EASTERN VISAYAS),EASTERN SAMAR,65+,F,S,Y,A,1
2019,7,27,REGION VIII (EASTERN VISAYAS),LEYTE,25-64,F,S,Y,A,2
2019,7,27,REGION VIII (EASTERN VISAYAS),LEYTE,25-64,M,S,Y,A,1
2019,7,27,REGION VIII (EASTERN VISAYAS),LEYTE,65+,F,S,Y,A,1
2019,7,27,REGION VIII (EASTERN VISAYAS),LEYTE,65+,M,S,Y,A,2
2019,7,27,REGION VIII (EASTERN VISAYAS),SAMAR,25-64,M,S,Y,A,1
2019,7,27,REGION VIII (EASTERN VISAYAS),SOUTHERN LEYTE,25-64,F,S,Y,A,1
2019,7,27,REGION VIII (EASTERN VISAYAS),SOUTHERN LEYTE,65+,F,S,Y,A,1
2019,7,27,REGION XIII (CARAGA),SURIGAO DEL NORTE,25-64,M,S,Y,A,1
2019,7,27,REGION XIII (CARAGA),SURIGAO DEL NORTE,65+,F,S,Y,A,1
2019,7,27,REGION XIII (CARAGA),SURIGAO DEL SUR,15-24,F,S,Y,A,1
2019,7,27,REGION XIII (CARAGA),SURIGAO DEL SUR,15-24,M,S,Y,A,1
2019,7,27,REGION XIII (CARAGA),SURIGAO DEL SUR,25-64,F,S,Y,A,2
2019,7,27,REGION XIII (CARAGA),SURIGAO DEL SUR,5-14,F,S,Y,A,3
2019,7,28,REGION V (BICOL REGION),CAMARINES SUR,25-64,F,S,Y,A,1
2019,7,28,REGION V (BICOL REGION),CAMARINES SUR,65+,M,S,Y,A,1
2019,7,28,REGION V (BICOL REGION),MASBATE,15-24,M,S,Y,A,1
2019,7,28,REGION V (BICOL REGION),MASBATE,25-64,F,S,Y,A,1
2019,7,28,REGION V (BICOL REGION),MASBATE,5-14,F,S,Y,A,1
2019,7,28,REGION V (BICOL REGION),MASBATE,65+,F,S,Y,A,1
2019,7,28,REGION V (BICOL REGION),SORSOGON,15-24,M,S,Y,A,1
2019,7,28,REGION V (BICOL REGION),SORSOGON,25-64,F,S,Y,A,1
2019,7,28,REGION V (BICOL REGION),SORSOGON,25-64,M,S,Y,A,2
2019,7,28,REGION V (BICOL REGION),SORSOGON,5-14,F,S,Y,A,1
2019,7,28,REGION V (BICOL REGION),SORSOGON,5-14,M,S,Y,A,1
2019,7,28,REGION VIII (EASTERN VISAYAS),BILIRAN,15-24,F,S,Y,A,1
2019,7,28,REGION VIII (EASTERN VISAYAS),BILIRAN,15-24,M,S,Y,A,2
2019,7,28,REGION VIII (EASTERN VISAYAS),BILIRAN,25-64,M,S,Y,A,1
2019,7,28,REGION VIII (EASTERN VISAYAS),BILIRAN,5-14,F,S,Y,A,1
2019,7,28,REGION VIII (EASTERN VISAYAS),BILIRAN,65+,M,S,Y,A,1
2019,7,28,REGION VIII (EASTERN VISAYAS),CITY OF TACLOBAN,5-14,M,S,Y,A,1
2019,7,28,REGION VIII (EASTERN VISAYAS),EASTERN SAMAR,15-24,F,S,Y,A,1
2019,7,28,REGION VIII (EASTERN VISAYAS),EASTERN SAMAR,5-14,F,S,Y,A,1
2019,7,28,REGION VIII (EASTERN VISAYAS),LEYTE,25-64,F,S,Y,A,1
2019,7,28,REGION VIII (EASTERN VISAYAS),LEYTE,25-64,M,S,Y,A,1
2019,7,28,REGION VIII (EASTERN VISAYAS),LEYTE,5-14,F,S,Y,A,2
2019,7,28,REGION VIII (EASTERN VISAYAS),LEYTE,5-14,M,S,Y,A,1
2019,7,28,REGION VIII (EASTERN VISAYAS),LEYTE,65+,F,S,Y,A,1
2019,7,28,REGION VIII (EASTERN VISAYAS),NORTHERN SAMAR,5-14,M,S,Y,A,1
2019,7,28,REGION VIII (EASTERN VISAYAS),SAMAR,15-24,F,S,Y,A,3
2019,7,28,REGION VIII (EASTERN VISAYAS),SAMAR,25-64,F,S,Y,A,1
2019,7,28,REGION VIII (EASTERN VISAYAS),SAMAR,25-64,M,S,Y,A,2
2019,7,28,REGION VIII (EASTERN VISAYAS),SAMAR,5-14,F,S,Y,A,1
2019,7,28,REGION VIII (EASTERN VISAYAS),SAMAR,5-14,M,S,Y,A,1
2019,7,28,REGION VIII (EASTERN VISAYAS),SAMAR,65+,F,S,Y,A,3
2019,7,28,REGION VIII (EASTERN VISAYAS),SAMAR,65+,M,S,Y,A,1
2019,7,28,REGION VIII (EASTERN VISAYAS),SOUTHERN LEYTE,15-24,F,S,Y,A,3
2019,7,28,REGION VIII (EASTERN VISAYAS),SOUTHERN LEYTE,25-64,M,S,Y,A,1
2019,7,28,REGION X (NORTHERN MINDANAO),MISAMIS OCCIDENTAL,15-24,F,S,Y,A,1
2019,7,28,REGION X (NORTHERN MINDANAO),MISAMIS OCCIDENTAL,15-24,M,S,Y,A,1
2019,7,28,REGION XIII (CARAGA),SURIGAO DEL NORTE,25-64,F,S,Y,A,2
2019,7,28,REGION XIII (CARAGA),SURIGAO DEL SUR,15-24,F,S,Y,A,1
2019,7,28,REGION XIII (CARAGA),SURIGAO DEL SUR,25-64,F,S,Y,A,11
2019,7,28,REGION XIII (CARAGA),SURIGAO DEL SUR,25-64,M,S,Y,A,2
2019,7,28,REGION XIII (CARAGA),SURIGAO DEL SUR,5-14,F,S,Y,A,3
2019,7,28,REGION XIII (CARAGA),SURIGAO DEL SUR,5-14,M,S,Y,A,2
2019,7,28,REGION XIII (CARAGA),SURIGAO DEL SUR,65+,F,S,Y,A,2
2019,7,28,REGION XIII (CARAGA),SURIGAO DEL SUR,65+,M,S,Y,A,1
2019,7,29,REGION V (BICOL REGION),CAMARINES SUR,5-14,M,S,Y,A,1
2019,7,29,REGION V (BICOL REGION),MASBATE,15-24,M,S,Y,A,1
2019,7,29,REGION V (BICOL REGION),MASBATE,25-64,F,S,Y,A,1
2019,7,29,REGION V (BICOL REGION),MASBATE,5-14,M,S,Y,A,1
2019,7,29,REGION V (BICOL REGION),MASBATE,65+,F,S,Y,A,1
2019,7,29,REGION V (BICOL REGION),MASBATE,65+,M,S,Y,A,1
2019,7,29,REGION V (BICOL REGION),SORSOGON,25-64,F,S,Y,A,2
2019,7,29,REGION V (BICOL REGION),SORSOGON,65+,M,S,Y,A,1
2019,7,29,REGION VIII (EASTERN VISAYAS),BILIRAN,15-24,M,S,Y,A,1
2019,7,29,REGION VIII (EASTERN VISAYAS),BILIRAN,25-64,F,S,Y,A,2
2019,7,29,REGION VIII (EASTERN VISAYAS),BILIRAN,25-64,M,S,Y,A,2
2019,7,29,REGION VIII (EASTERN VISAYAS),BILIRAN,5-14,F,S,Y,A,2
2019,7,29,REGION VIII (EASTERN VISAYAS),CITY OF TACLOBAN,5-14,F,S,Y,A,2
2019,7,29,REGION VIII (EASTERN VISAYAS),LEYTE,15-24,F,S,Y,A,1
2019,7,29,REGION VIII (EASTERN VISAYAS),LEYTE,25-64,F,S,Y,A,2
2019,7,29,REGION VIII (EASTERN VISAYAS),LEYTE,25-64,M,S,Y,A,1
2019,7,29,REGION VIII (EASTERN VISAYAS),LEYTE,5-14,M,S,Y,A,1
2019,7,29,REGION VIII (EASTERN VISAYAS),LEYTE,65+,F,S,Y,A,1
2019,7,29,REGION VIII (EASTERN VISAYAS),SAMAR,15-24,F,S,Y,A,1
2019,7,29,REGION VIII (EASTERN VISAYAS),SAMAR,25-64,F,S,Y,A,1
2019,7,29,REGION VIII (EASTERN VISAYAS),SAMAR,5-14,M,S,Y,A,1
2019,7,29,REGION VIII (EASTERN VISAYAS),SOUTHERN LEYTE,25-64,F,S,Y,A,1
2019,7,29,REGION VIII (EASTERN VISAYAS),SOUTHERN LEYTE,25-64,M,S,Y,A,1
2019,7,29,REGION VIII (EASTERN VISAYAS),SOUTHERN LEYTE,5-14,M,S,Y,A,2
2019,7,29,REGION X (NORTHERN MINDANAO),MISAMIS OCCIDENTAL,25-64,M,S,Y,A,1
2019,7,29,REGION X (NORTHERN MINDANAO),MISAMIS OCCIDENTAL,5-14,F,S,Y,A,1
2019,7,29,REGION XIII (CARAGA),AGUSAN DEL SUR,25-64,F,S,Y,A,1
2019,7,29,REGION XIII (CARAGA),AGUSAN DEL SUR,25-64,M,S,Y,A,1
2019,7,29,REGION XIII (CARAGA),CITY OF BUTUAN,15-24,M,S,Y,A,1
2019,7,29,REGION XIII (CARAGA),CITY OF BUTUAN,5-14,F,S,Y,A,1
2019,7,29,REGION XIII (CARAGA),DINAGAT ISLANDS,15-24,M,S,Y,A,1
2019,7,29,REGION XIII (CARAGA),DINAGAT ISLANDS,25-64,M,S,Y,A,1
2019,7,29,REGION XIII (CARAGA),DINAGAT ISLANDS,65+,F,S,Y,A,1
2019,7,29,REGION XIII (CARAGA),SURIGAO DEL NORTE,25-64,F,S,Y,A,1
2019,7,29,REGION XIII (CARAGA),SURIGAO DEL NORTE,25-64,M,S,Y,A,2
2019,7,29,REGION XIII (CARAGA),SURIGAO DEL SUR,15-24,M,S,Y,A,1
2019,7,29,REGION XIII (CARAGA),SURIGAO DEL SUR,25-64,F,S,Y,A,4
2019,7,29,REGION XIII (CARAGA),SURIGAO DEL SUR,25-64,M,S,Y,A,2
2019,7,29,REGION XIII (CARAGA),SURIGAO DEL SUR,5-14,F,S,Y,A,2
2019,7,29,REGION XIII (CARAGA),SURIGAO DEL SUR,5-14,M,S,Y,A,3
2019,7,29,REGION XIII (CARAGA),SURIGAO DEL SUR,65+,F,S,Y,A,4
2019,7,30,REGION IX (ZAMBOANGA PENINSULA),CITY OF ZAMBOANGA,5-14,F,S,Y,A,1
2019,7,30,REGION V (BICOL REGION),CAMARINES SUR,5-14,M,S,Y,A,1
2019,7,30,REGION V (BICOL REGION),MASBATE,25-64,F,S,Y,A,1
2019,7,30,REGION V (BICOL REGION),MASBATE,25-64,M,S,Y,A,1
2019,7,30,REGION V (BICOL REGION),MASBATE,65+,F,S,Y,A,1
2019,7,30,REGION V (BICOL REGION),SORSOGON,25-64,F,S,Y,A,3
2019,7,30,REGION VIII (EASTERN VISAYAS),BILIRAN,25-64,M,S,Y,A,1
2019,7,30,REGION VIII (EASTERN VISAYAS),BILIRAN,5-14,F,S,Y,A,1
2019,7,30,REGION VIII (EASTERN VISAYAS),BILIRAN,5-14,M,S,Y,A,1
2019,7,30,REGION VIII (EASTERN VISAYAS),BILIRAN,65+,M,S,Y,A,1
2019,7,30,REGION VIII (EASTERN VISAYAS),CITY OF TACLOBAN,25-64,F,S,Y,A,1
2019,7,30,REGION VIII (EASTERN VISAYAS),CITY OF TACLOBAN,5-14,M,S,Y,A,2
2019,7,30,REGION VIII (EASTERN VISAYAS),EASTERN SAMAR,15-24,F,S,Y,A,1
2019,7,30,REGION VIII (EASTERN VISAYAS),EASTERN SAMAR,25-64,F,S,Y,A,1
2019,7,30,REGION VIII (EASTERN VISAYAS),EASTERN SAMAR,5-14,M,S,Y,A,1
2019,7,30,REGION VIII (EASTERN VISAYAS),EASTERN SAMAR,65+,M,S,Y,A,2
2019,7,30,REGION VIII (EASTERN VISAYAS),LEYTE,15-24,M,S,Y,A,2
2019,7,30,REGION VIII (EASTERN VISAYAS),LEYTE,25-64,F,S,Y,A,2
2019,7,30,REGION VIII (EASTERN VISAYAS),LEYTE,25-64,M,S,Y,A,2
2019,7,30,REGION VIII (EASTERN VISAYAS),LEYTE,5-14,F,S,Y,A,1
2019,7,30,REGION VIII (EASTERN VISAYAS),LEYTE,65+,M,S,Y,A,1
2019,7,30,REGION VIII (EASTERN VISAYAS),NORTHERN SAMAR,5-14,M,S,Y,A,1
2019,7,30,REGION VIII (EASTERN VISAYAS),SAMAR,15-24,M,S,Y,A,1
2019,7,30,REGION VIII (EASTERN VISAYAS),SAMAR,25-64,F,S,Y,A,4
2019,7,30,REGION VIII (EASTERN VISAYAS),SAMAR,25-64,M,S,Y,A,1
2019,7,30,REGION VIII (EASTERN VISAYAS),SAMAR,5-14,F,S,Y,A,1
2019,7,30,REGION VIII (EASTERN VISAYAS),SOUTHERN LEYTE,5-14,M,S,Y,A,1
2019,7,30,REGION XIII (CARAGA),AGUSAN DEL SUR,25-64,M,S,Y,A,1
2019,7,30,REGION XIII (CARAGA),CITY OF BUTUAN,65+,F,S,Y,A,1
2019,7,30,REGION XIII (CARAGA),DINAGAT ISLANDS,65+,F,S,Y,A,1
2019,7,30,REGION XIII (CARAGA),SURIGAO DEL NORTE,25-64,F,S,Y,A,1
2019,7,30,REGION XIII (CARAGA),SURIGAO DEL NORTE,25-64,M,S,Y,A,3
2019,7,30,REGION XIII (CARAGA),SURIGAO DEL SUR,15-24,F,S,Y,A,1
2019,7,30,REGION XIII (CARAGA),SURIGAO DEL SUR,15-24,M,S,Y,A,2
2019,7,30,REGION XIII (CARAGA),SURIGAO DEL SUR,25-64,F,S,Y,A,8
2019,7,30,REGION XIII (CARAGA),SURIGAO DEL SUR,25-64,M,S,Y,A,3
2019,7,30,REGION XIII (CARAGA),SURIGAO DEL SUR,5-14,F,S,Y,A,3
2019,7,30,REGION XIII (CARAGA),SURIGAO DEL SUR,5-14,M,S,Y,A,3
2019,7,30,REGION XIII (CARAGA),SURIGAO DEL SUR,65+,F,S,Y,A,3
2019,7,30,REGION XIII (CARAGA),SURIGAO DEL SUR,65+,M,S,Y,A,2
2019,7,31,REGION V (BICOL REGION),ALBAY,25-64,F,S,Y,A,1
2019,7,31,REGION V (BICOL REGION),MASBATE,15-24,F,S,Y,A,1
2019,7,31,REGION V (BICOL REGION),MASBATE,25-64,M,S,Y,A,2
2019,7,31,REGION V (BICOL REGION),MASBATE,65+,F,S,Y,A,1
2019,7,31,REGION V (BICOL REGION),SORSOGON,25-64,M,S,Y,A,2
2019,7,31,REGION V (BICOL REGION),SORSOGON,5-14,F,S,Y,A,3
2019,7,31,REGION V (BICOL REGION),SORSOGON,5-14,M,S,Y,A,1
2019,7,31,REGION V (BICOL REGION),SORSOGON,65+,F,S,Y,A,1
2019,7,31,REGION VIII (EASTERN VISAYAS),BILIRAN,15-24,F,S,Y,A,2
2019,7,31,REGION VIII (EASTERN VISAYAS),BILIRAN,25-64,F,S,Y,A,1
2019,7,31,REGION VIII (EASTERN VISAYAS),BILIRAN,5-14,F,S,Y,A,2
2019,7,31,REGION VIII (EASTERN VISAYAS),BILIRAN,5-14,M,S,Y,A,2
2019,7,31,REGION VIII (EASTERN VISAYAS),CITY OF TACLOBAN,25-64,F,S,Y,A,1
2019,7,31,REGION VIII (EASTERN VISAYAS),EASTERN SAMAR,25-64,F,S,Y,A,1
2019,7,31,REGION VIII (EASTERN VISAYAS),LEYTE,15-24,M,S,Y,A,2
2019,7,31,REGION VIII (EASTERN VISAYAS),LEYTE,5-14,F,S,Y,A,1
2019,7,31,REGION VIII (EASTERN VISAYAS),LEYTE,5-14,M,S,Y,A,1
2019,7,31,REGION VIII (EASTERN VISAYAS),LEYTE,65+,M,S,Y,A,1
2019,7,31,REGION VIII (EASTERN VISAYAS),SAMAR,25-64,F,S,Y,A,1
2019,7,31,REGION VIII (EASTERN VISAYAS),SOUTHERN LEYTE,15-24,F,S,Y,A,1
2019,7,31,REGION VIII (EASTERN VISAYAS),SOUTHERN LEYTE,15-24,M,S,Y,A,1
2019,7,31,REGION VIII (EASTERN VISAYAS),SOUTHERN LEYTE,5-14,F,S,Y,A,3
2019,7,31,REGION VIII (EASTERN VISAYAS),SOUTHERN LEYTE,65+,M,S,Y,A,1
2019,7,31,REGION XIII (CARAGA),CITY OF BUTUAN,5-14,M,S,Y,A,1
2019,7,31,REGION XIII (CARAGA),SURIGAO DEL NORTE,25-64,F,S,Y,A,3
2019,7,31,REGION XIII (CARAGA),SURIGAO DEL SUR,15-24,F,S,Y,A,1
2019,7,31,REGION XIII (CARAGA),SURIGAO DEL SUR,15-24,M,S,Y,A,1
2019,7,31,REGION XIII (CARAGA),SURIGAO DEL SUR,25-64,F,S,Y,A,9
2019,7,31,REGION XIII (CARAGA),SURIGAO DEL SUR,25-64,M,S,Y,A,9
2019,7,31,REGION XIII (CARAGA),SURIGAO DEL SUR,5-14,F,S,Y,A,3
2019,7,31,REGION XIII (CARAGA),SURIGAO DEL SUR,5-14,M,S,Y,A,2
2019,7,31,REGION XIII (CARAGA),SURIGAO DEL SUR,65+,F,S,Y,A,3
2019,8,31,REGION VIII (EASTERN VISAYAS),BILIRAN,25-64,F,S,Y,A,1
2019,8,31,REGION VIII (EASTERN VISAYAS),LEYTE,25-64,M,S,Y,A,1
2019,8,31,REGION VIII (EASTERN VISAYAS),SAMAR,15-24,M,S,Y,A,1
2019,8,31,REGION VIII (EASTERN VISAYAS),SOUTHERN LEYTE,5-14,M,S,Y,A,1
2019,8,31,REGION XIII (CARAGA),SURIGAO DEL SUR,25-64,M,S,Y,A,3
2019,8,31,REGION XIII (CARAGA),SURIGAO DEL SUR,65+,M,S,Y,A,2
2019,8,32,NATIONAL CAPITAL REGION (NCR),CITY OF LAS PIÑAS,15-24,M,C,Y,A,1
2019,8,32,REGION V (BICOL REGION),CAMARINES NORTE,5-14,M,S,Y,A,1
2019,8,32,REGION V (BICOL REGION),CAMARINES SUR,15-24,F,S,Y,A,1
2019,8,32,REGION V (BICOL REGION),CATANDUANES,15-24,F,S,Y,A,1
2019,8,32,REGION V (BICOL REGION),MASBATE,15-24,F,S,Y,A,1
2019,8,32,REGION V (BICOL REGION),MASBATE,25-64,M,S,Y,A,1
2019,8,32,REGION V (BICOL REGION),MASBATE,5-14,M,S,Y,A,1
2019,8,32,REGION V (BICOL REGION),SORSOGON,15-24,M,S,Y,A,1
2019,8,32,REGION V (BICOL REGION),SORSOGON,65+,M,S,Y,A,1
2019,8,32,REGION VIII (EASTERN VISAYAS),BILIRAN,15-24,F,S,Y,A,1
2019,8,32,REGION VIII (EASTERN VISAYAS),BILIRAN,25-64,M,S,Y,A,1
2019,8,32,REGION VIII (EASTERN VISAYAS),BILIRAN,5-14,M,S,Y,A,1
2019,8,32,REGION VIII (EASTERN VISAYAS),BILIRAN,65+,M,S,Y,A,1
2019,8,32,REGION VIII (EASTERN VISAYAS),CITY OF TACLOBAN,25-64,F,S,Y,A,1
2019,8,32,REGION VIII (EASTERN VISAYAS),EASTERN SAMAR,15-24,M,S,Y,A,1
2019,8,32,REGION VIII (EASTERN VISAYAS),EASTERN SAMAR,25-64,F,S,Y,A,2
2019,8,32,REGION VIII (EASTERN VISAYAS),LEYTE,15-24,F,S,Y,A,1
2019,8,32,REGION VIII (EASTERN VISAYAS),LEYTE,25-64,F,S,Y,A,1
2019,8,32,REGION VIII (EASTERN VISAYAS),LEYTE,25-64,M,S,Y,A,2
2019,8,32,REGION VIII (EASTERN VISAYAS),LEYTE,5-14,M,S,Y,A,1
2019,8,32,REGION VIII (EASTERN VISAYAS),SAMAR,15-24,F,S,Y,A,4
2019,8,32,REGION VIII (EASTERN VISAYAS),SAMAR,15-24,M,S,Y,A,2
2019,8,32,REGION VIII (EASTERN VISAYAS),SAMAR,25-64,F,S,Y,A,1
2019,8,32,REGION VIII (EASTERN VISAYAS),SAMAR,25-64,M,S,Y,A,2
2019,8,32,REGION VIII (EASTERN VISAYAS),SAMAR,5-14,F,S,Y,A,1
2019,8,32,REGION VIII (EASTERN VISAYAS),SAMAR,5-14,M,S,Y,A,1
2019,8,32,REGION VIII (EASTERN VISAYAS),SOUTHERN LEYTE,15-24,F,S,Y,A,4
2019,8,32,REGION VIII (EASTERN VISAYAS),SOUTHERN LEYTE,15-24,M,S,Y,A,1
2019,8,32,REGION VIII (EASTERN VISAYAS),SOUTHERN LEYTE,25-64,F,S,Y,A,1
2019,8,32,REGION XIII (CARAGA),AGUSAN DEL SUR,25-64,M,S,Y,A,1
2019,8,32,REGION XIII (CARAGA),SURIGAO DEL SUR,15-24,M,S,Y,A,1
2019,8,32,REGION XIII (CARAGA),SURIGAO DEL SUR,25-64,F,S,Y,A,3
2019,8,32,REGION XIII (CARAGA),SURIGAO DEL SUR,25-64,M,S,Y,A,5
2019,8,32,REGION XIII (CARAGA),SURIGAO DEL SUR,5-14,F,S,Y,A,4
2019,8,32,REGION XIII (CARAGA),SURIGAO DEL SUR,5-14,M,S,Y,A,2
2019,8,32,REGION XIII (CARAGA),SURIGAO DEL SUR,65+,F,S,Y,A,2
2019,8,33,REGION V (BICOL REGION),CAMARINES SUR,25-64,M,S,Y,A,1
2019,8,33,REGION V (BICOL REGION),CAMARINES SUR,65+,F,S,Y,A,1
2019,8,33,REGION V (BICOL REGION),MASBATE,15-24,F,S,Y,A,1
2019,8,33,REGION V (BICOL REGION),MASBATE,25-64,F,S,Y,A,1
2019,8,33,REGION V (BICOL REGION),MASBATE,25-64,M,S,Y,A,2
2019,8,33,REGION V (BICOL REGION),MASBATE,5-14,M,S,Y,A,1
2019,8,33,REGION V (BICOL REGION),MASBATE,65+,F,S,Y,A,1
2019,8,33,REGION V (BICOL REGION),SORSOGON,5-14,M,S,Y,A,1
2019,8,33,REGION VIII (EASTERN VISAYAS),BILIRAN,15-24,F,S,Y,A,1
2019,8,33,REGION VIII (EASTERN VISAYAS),BILIRAN,25-64,F,S,Y,A,4
2019,8,33,REGION VIII (EASTERN VISAYAS),BILIRAN,25-64,M,S,Y,A,2
2019,8,33,REGION VIII (EASTERN VISAYAS),BILIRAN,5-14,F,S,Y,A,1
2019,8,33,REGION VIII (EASTERN VISAYAS),BILIRAN,5-14,M,S,Y,A,2
2019,8,33,REGION VIII (EASTERN VISAYAS),CITY OF TACLOBAN,25-64,F,S,Y,A,2
2019,8,33,REGION VIII (EASTERN VISAYAS),EASTERN SAMAR,65+,M,S,Y,A,1
2019,8,33,REGION VIII (EASTERN VISAYAS),LEYTE,25-64,F,S,Y,A,4
2019,8,33,REGION VIII (EASTERN VISAYAS),LEYTE,25-64,M,S,Y,A,2
2019,8,33,REGION VIII (EASTERN VISAYAS),LEYTE,65+,M,S,Y,A,2
2019,8,33,REGION VIII (EASTERN VISAYAS),SAMAR,15-24,F,S,Y,A,3
2019,8,33,REGION VIII (EASTERN VISAYAS),SAMAR,25-64,F,S,Y,A,2
2019,8,33,REGION VIII (EASTERN VISAYAS),SAMAR,25-64,M,S,Y,A,5
2019,8,33,REGION VIII (EASTERN VISAYAS),SAMAR,5-14,F,S,Y,A,5
2019,8,33,REGION VIII (EASTERN VISAYAS),SAMAR,5-14,M,S,Y,A,4
2019,8,33,REGION VIII (EASTERN VISAYAS),SAMAR,65+,F,S,Y,A,4
2019,8,33,REGION VIII (EASTERN VISAYAS),SAMAR,65+,M,S,Y,A,1
2019,8,33,REGION VIII (EASTERN VISAYAS),SOUTHERN LEYTE,15-24,F,S,Y,A,1
2019,8,33,REGION VIII (EASTERN VISAYAS),SOUTHERN LEYTE,25-64,F,S,Y,A,2
2019,8,33,REGION XIII (CARAGA),AGUSAN DEL SUR,25-64,F,S,Y,A,1
2019,8,33,REGION XIII (CARAGA),CITY OF BUTUAN,15-24,F,S,Y,A,1
2019,8,33,REGION XIII (CARAGA),SURIGAO DEL SUR,15-24,F,S,Y,A,1
2019,8,33,REGION XIII (CARAGA),SURIGAO DEL SUR,25-64,F,S,Y,A,1
2019,8,33,REGION XIII (CARAGA),SURIGAO DEL SUR,25-64,M,S,Y,A,3
2019,8,33,REGION XIII (CARAGA),SURIGAO DEL SUR,5-14,F,S,Y,A,3
2019,8,33,REGION XIII (CARAGA),SURIGAO DEL SUR,5-14,M,S,Y,A,1
2019,8,34,REGION V (BICOL REGION),MASBATE,15-24,F,S,Y,A,1
2019,8,34,REGION V (BICOL REGION),MASBATE,15-24,M,S,Y,A,1
2019,8,34,REGION V (BICOL REGION),MASBATE,25-64,M,S,Y,A,2
2019,8,34,REGION V (BICOL REGION),MASBATE,5-14,M,S,Y,A,1
2019,8,34,REGION V (BICOL REGION),SORSOGON,5-14,F,S,Y,A,1
2019,8,34,REGION V (BICOL REGION),SORSOGON,5-14,M,S,Y,A,1
2019,8,34,REGION VIII (EASTERN VISAYAS),BILIRAN,15-24,F,S,Y,A,1
2019,8,34,REGION VIII (EASTERN VISAYAS),BILIRAN,25-64,F,S,Y,A,1
2019,8,34,REGION VIII (EASTERN VISAYAS),BILIRAN,25-64,M,S,Y,A,2
2019,8,34,REGION VIII (EASTERN VISAYAS),BILIRAN,5-14,F,S,Y,A,1
2019,8,34,REGION VIII (EASTERN VISAYAS),BILIRAN,5-14,M,S,Y,A,1
2019,8,34,REGION VIII (EASTERN VISAYAS),CITY OF TACLOBAN,15-24,M,S,Y,A,1
2019,8,34,REGION VIII (EASTERN VISAYAS),EASTERN SAMAR,15-24,F,S,Y,A,1
2019,8,34,REGION VIII (EASTERN VISAYAS),EASTERN SAMAR,25-64,F,S,Y,A,2
2019,8,34,REGION VIII (EASTERN VISAYAS),EASTERN SAMAR,25-64,M,S,Y,A,1
2019,8,34,REGION VIII (EASTERN VISAYAS),EASTERN SAMAR,5-14,F,S,Y,A,2
2019,8,34,REGION VIII (EASTERN VISAYAS),EASTERN SAMAR,5-14,M,S,Y,A,1
2019,8,34,REGION VIII (EASTERN VISAYAS),LEYTE,15-24,F,S,Y,A,1
2019,8,34,REGION VIII (EASTERN VISAYAS),LEYTE,25-64,F,S,Y,A,3
2019,8,34,REGION VIII (EASTERN VISAYAS),LEYTE,25-64,M,S,Y,A,2
2019,8,34,REGION VIII (EASTERN VISAYAS),LEYTE,65+,F,S,Y,A,1
2019,8,34,REGION VIII (EASTERN VISAYAS),LEYTE,65+,M,S,Y,A,2
2019,8,34,REGION VIII (EASTERN VISAYAS),SAMAR,15-24,F,S,Y,A,2
2019,8,34,REGION VIII (EASTERN VISAYAS),SAMAR,15-24,M,S,Y,A,3
2019,8,34,REGION VIII (EASTERN VISAYAS),SAMAR,25-64,F,S,Y,A,5
2019,8,34,REGION VIII (EASTERN VISAYAS),SAMAR,25-64,M,S,Y,A,7
2019,8,34,REGION VIII (EASTERN VISAYAS),SAMAR,5-14,F,S,Y,A,5
2019,8,34,REGION VIII (EASTERN VISAYAS),SAMAR,5-14,M,S,Y,A,2
2019,8,34,REGION VIII (EASTERN VISAYAS),SAMAR,65+,M,S,Y,A,1
2019,8,34,REGION VIII (EASTERN VISAYAS),SOUTHERN LEYTE,15-24,F,S,Y,A,2
2019,8,34,REGION VIII (EASTERN VISAYAS),SOUTHERN LEYTE,25-64,F,S,Y,A,1
2019,8,34,REGION VIII (EASTERN VISAYAS),SOUTHERN LEYTE,25-64,M,S,Y,A,1
2019,8,34,REGION VIII (EASTERN VISAYAS),SOUTHERN LEYTE,65+,M,S,Y,A,1
2019,8,34,REGION XIII (CARAGA),SURIGAO DEL NORTE,25-64,F,S,Y,A,2
2019,8,34,REGION XIII (CARAGA),SURIGAO DEL NORTE,25-64,M,S,Y,A,1
2019,8,34,REGION XIII (CARAGA),SURIGAO DEL NORTE,65+,M,S,Y,A,1
2019,8,34,REGION XIII (CARAGA),SURIGAO DEL SUR,15-24,F,S,Y,A,3
2019,8,34,REGION XIII (CARAGA),SURIGAO DEL SUR,25-64,F,S,Y,A,3
2019,8,34,REGION XIII (CARAGA),SURIGAO DEL SUR,25-64,M,S,Y,A,2
2019,8,34,REGION XIII (CARAGA),SURIGAO DEL SUR,5-14,F,S,Y,A,1
2019,8,34,REGION XIII (CARAGA),SURIGAO DEL SUR,5-14,M,S,Y,A,2
2019,8,35,REGION V (BICOL REGION),ALBAY,65+,F,S,Y,A,1
2019,8,35,REGION V (BICOL REGION),MASBATE,5-14,M,S,Y,A,1
2019,8,35,REGION V (BICOL REGION),SORSOGON,15-24,M,S,Y,A,1
2019,8,35,REGION V (BICOL REGION),SORSOGON,25-64,F,S,Y,A,1
2019,8,35,REGION V (BICOL REGION),SORSOGON,25-64,M,S,Y,A,2
2019,8,35,REGION V (BICOL REGION),SORSOGON,5-14,F,S,Y,A,1
2019,8,35,REGION VIII (EASTERN VISAYAS),BILIRAN,25-64,F,S,Y,A,3
2019,8,35,REGION VIII (EASTERN VISAYAS),BILIRAN,25-64,M,S,Y,A,1
2019,8,35,REGION VIII (EASTERN VISAYAS),BILIRAN,5-14,F,S,Y,A,2
2019,8,35,REGION VIII (EASTERN VISAYAS),BILIRAN,5-14,M,S,Y,A,5
2019,8,35,REGION VIII (EASTERN VISAYAS),CITY OF TACLOBAN,15-24,F,S,Y,A,1
2019,8,35,REGION VIII (EASTERN VISAYAS),CITY OF TACLOBAN,15-24,M,S,Y,A,1
2019,8,35,REGION VIII (EASTERN VISAYAS),CITY OF TACLOBAN,25-64,F,S,Y,A,1
2019,8,35,REGION VIII (EASTERN VISAYAS),EASTERN SAMAR,25-64,F,S,Y,A,1
2019,8,35,REGION VIII (EASTERN VISAYAS),EASTERN SAMAR,25-64,M,S,Y,A,1
2019,8,35,REGION VIII (EASTERN VISAYAS),EASTERN SAMAR,5-14,F,S,Y,A,1
2019,8,35,REGION VIII (EASTERN VISAYAS),EASTERN SAMAR,5-14,M,S,Y,A,2
2019,8,35,REGION VIII (EASTERN VISAYAS),LEYTE,25-64,F,S,Y,A,1
2019,8,35,REGION VIII (EASTERN VISAYAS),LEYTE,25-64,M,S,Y,A,1
2019,8,35,REGION VIII (EASTERN VISAYAS),LEYTE,5-14,M,S,Y,A,1
2019,8,35,REGION VIII (EASTERN VISAYAS),LEYTE,65+,F,S,Y,A,1
2019,8,35,REGION VIII (EASTERN VISAYAS),SAMAR,15-24,F,S,Y,A,1
2019,8,35,REGION VIII (EASTERN VISAYAS),SAMAR,15-24,M,S,Y,A,1
2019,8,35,REGION VIII (EASTERN VISAYAS),SAMAR,25-64,F,S,Y,A,1
2019,8,35,REGION VIII (EASTERN VISAYAS),SAMAR,25-64,M,S,Y,A,3
2019,8,35,REGION VIII (EASTERN VISAYAS),SAMAR,5-14,F,S,Y,A,2
2019,8,35,REGION VIII (EASTERN VISAYAS),SAMAR,5-14,M,S,Y,A,5
2019,8,35,REGION VIII (EASTERN VISAYAS),SAMAR,65+,F,S,Y,A,1
2019,8,35,REGION VIII (EASTERN VISAYAS),SOUTHERN LEYTE,25-64,F,S,Y,A,1
2019,8,35,REGION VIII (EASTERN VISAYAS),SOUTHERN LEYTE,25-64,M,S,Y,A,1
2019,8,35,REGION XIII (CARAGA),SURIGAO DEL NORTE,25-64,F,S,Y,A,1
2019,8,35,REGION XIII (CARAGA),SURIGAO DEL SUR,15-24,F,S,Y,A,3
2019,8,35,REGION XIII (CARAGA),SURIGAO DEL SUR,15-24,M,S,Y,A,1
2019,8,35,REGION XIII (CARAGA),SURIGAO DEL SUR,25-64,F,S,Y,A,5
2019,8,35,REGION XIII (CARAGA),SURIGAO DEL SUR,25-64,M,S,Y,A,6
2019,8,35,REGION XIII (CARAGA),SURIGAO DEL SUR,5-14,M,S,Y,A,4
2019,8,35,REGION XIII (CARAGA),SURIGAO DEL SUR,65+,F,S,Y,A,3
2019,8,36,REGION V (BICOL REGION),MASBATE,65+,F,S,Y,A,1
2019,8,36,REGION VIII (EASTERN VISAYAS),CITY OF TACLOBAN,25-64,M,S,Y,A,1
2019,8,36,REGION VIII (EASTERN VISAYAS),LEYTE,5-14,F,S,Y,A,1
2019,8,36,REGION VIII (EASTERN VISAYAS),LEYTE,5-14,M,S,Y,A,2
2019,8,36,REGION VIII (EASTERN VISAYAS),SAMAR,15-24,M,S,Y,A,2
2019,8,36,REGION VIII (EASTERN VISAYAS),SAMAR,25-64,M,S,Y,A,2
2019,8,36,REGION VIII (EASTERN VISAYAS),SOUTHERN LEYTE,25-64,F,S,Y,A,1
2019,8,36,REGION VIII (EASTERN VISAYAS),SOUTHERN LEYTE,25-64,M,S,Y,A,1
2019,8,36,REGION XIII (CARAGA),SURIGAO DEL SUR,25-64,F,S,Y,A,1
2019,8,36,REGION XIII (CARAGA),SURIGAO DEL SUR,25-64,M,S,Y,A,2
2019,8,36,REGION XIII (CARAGA),SURIGAO DEL SUR,5-14,F,S,Y,A,1
2019,9,36,MIMAROPA REGION,PALAWAN,15-24,M,S,Y,A,1
2019,9,36,MIMAROPA REGION,PALAWAN,5-14,F,S,Y,A,1
2019,9,36,REGION V (BICOL REGION),CAMARINES NORTE,5-14,M,S,Y,A,1
2019,9,36,REGION V (BICOL REGION),MASBATE,15-24,F,S,Y,A,1
2019,9,36,REGION V (BICOL REGION),MASBATE,25-64,F,S,Y,A,1
2019,9,36,REGION V (BICOL REGION),MASBATE,65+,F,S,Y,A,1
2019,9,36,REGION V (BICOL REGION),SORSOGON,25-64,F,S,Y,A,1
2019,9,36,REGION V (BICOL REGION),SORSOGON,65+,F,S,Y,A,1
2019,9,36,REGION VIII (EASTERN VISAYAS),BILIRAN,15-24,F,S,Y,A,1
2019,9,36,REGION VIII (EASTERN VISAYAS),BILIRAN,25-64,F,S,Y,A,1
2019,9,36,REGION VIII (EASTERN VISAYAS),BILIRAN,5-14,M,S,Y,A,1
2019,9,36,REGION VIII (EASTERN VISAYAS),EASTERN SAMAR,15-24,M,S,Y,A,2
2019,9,36,REGION VIII (EASTERN VISAYAS),EASTERN SAMAR,25-64,M,S,Y,A,2
2019,9,36,REGION VIII (EASTERN VISAYAS),EASTERN SAMAR,5-14,F,S,Y,A,1
2019,9,36,REGION VIII (EASTERN VISAYAS),EASTERN SAMAR,5-14,M,S,Y,A,2
2019,9,36,REGION VIII (EASTERN VISAYAS),LEYTE,15-24,M,S,Y,A,1
2019,9,36,REGION VIII (EASTERN VISAYAS),LEYTE,5-14,M,S,Y,A,1
2019,9,36,REGION VIII (EASTERN VISAYAS),LEYTE,65+,F,S,Y,A,1
2019,9,36,REGION VIII (EASTERN VISAYAS),SAMAR,15-24,F,S,Y,A,1
2019,9,36,REGION VIII (EASTERN VISAYAS),SAMAR,15-24,M,S,Y,A,1
2019,9,36,REGION VIII (EASTERN VISAYAS),SAMAR,25-64,F,S,Y,A,1
2019,9,36,REGION VIII (EASTERN VISAYAS),SAMAR,5-14,F,S,Y,A,2
2019,9,36,REGION VIII (EASTERN VISAYAS),SAMAR,5-14,M,S,Y,A,3
2019,9,36,REGION VIII (EASTERN VISAYAS),SAMAR,65+,F,S,Y,A,1
2019,9,36,REGION VIII (EASTERN VISAYAS),SOUTHERN LEYTE,25-64,F,C,Y,A,1
2019,9,36,REGION VIII (EASTERN VISAYAS),SOUTHERN LEYTE,25-64,F,S,Y,A,1
2019,9,36,REGION VIII (EASTERN VISAYAS),SOUTHERN LEYTE,65+,F,S,Y,A,1
2019,9,36,REGION XIII (CARAGA),SURIGAO DEL NORTE,15-24,M,S,Y,A,1
2019,9,36,REGION XIII (CARAGA),SURIGAO DEL SUR,25-64,F,S,Y,A,5
2019,9,36,REGION XIII (CARAGA),SURIGAO DEL SUR,25-64,M,S,Y,A,4
2019,9,36,REGION XIII (CARAGA),SURIGAO DEL SUR,5-14,F,S,Y,A,4
2019,9,36,REGION XIII (CARAGA),SURIGAO DEL SUR,65+,F,S,Y,A,3
2019,9,37,NATIONAL CAPITAL REGION (NCR),CITY OF MANILA,65+,M,S,Y,A,1
2019,9,37,REGION V (BICOL REGION),CAMARINES NORTE,5-14,M,S,Y,A,1
2019,9,37,REGION V (BICOL REGION),MASBATE,15-24,M,S,Y,A,1
2019,9,37,REGION V (BICOL REGION),MASBATE,25-64,F,S,Y,A,1
2019,9,37,REGION V (BICOL REGION),SORSOGON,15-24,F,S,Y,A,1
2019,9,37,REGION V (BICOL REGION),SORSOGON,25-64,F,S,Y,A,1
2019,9,37,REGION V (BICOL REGION),SORSOGON,25-64,M,S,Y,A,1
2019,9,37,REGION V (BICOL REGION),SORSOGON,5-14,F,S,Y,A,1
2019,9,37,REGION VIII (EASTERN VISAYAS),BILIRAN,15-24,M,S,Y,A,1
2019,9,37,REGION VIII (EASTERN VISAYAS),BILIRAN,25-64,M,S,Y,A,1
2019,9,37,REGION VIII (EASTERN VISAYAS),CITY OF TACLOBAN,25-64,F,S,Y,A,2
2019,9,37,REGION VIII (EASTERN VISAYAS),EASTERN SAMAR,25-64,M,S,Y,A,1
2019,9,37,REGION VIII (EASTERN VISAYAS),EASTERN SAMAR,5-14,M,S,Y,A,1
2019,9,37,REGION VIII (EASTERN VISAYAS),LEYTE,15-24,F,S,Y,A,1
2019,9,37,REGION VIII (EASTERN VISAYAS),LEYTE,15-24,M,S,Y,A,1
2019,9,37,REGION VIII (EASTERN VISAYAS),LEYTE,65+,M,S,Y,A,1
2019,9,37,REGION VIII (EASTERN VISAYAS),SAMAR,15-24,F,S,Y,A,1
2019,9,37,REGION VIII (EASTERN VISAYAS),SAMAR,15-24,M,S,Y,A,1
2019,9,37,REGION VIII (EASTERN VISAYAS),SAMAR,25-64,F,S,Y,A,1
2019,9,37,REGION VIII (EASTERN VISAYAS),SAMAR,25-64,M,S,Y,A,4
2019,9,37,REGION VIII (EASTERN VISAYAS),SAMAR,5-14,F,S,Y,A,2
2019,9,37,REGION VIII (EASTERN VISAYAS),SAMAR,5-14,M,S,Y,A,1
2019,9,37,REGION VIII (EASTERN VISAYAS),SOUTHERN LEYTE,15-24,F,S,Y,A,2
2019,9,37,REGION VIII (EASTERN VISAYAS),SOUTHERN LEYTE,25-64,F,S,Y,A,1
2019,9,37,REGION VIII (EASTERN VISAYAS),SOUTHERN LEYTE,5-14,M,S,Y,A,1
2019,9,37,REGION XIII (CARAGA),SURIGAO DEL SUR,15-24,F,S,Y,A,1
2019,9,37,REGION XIII (CARAGA),SURIGAO DEL SUR,25-64,F,C,Y,A,1
2019,9,37,REGION XIII (CARAGA),SURIGAO DEL SUR,25-64,F,S,Y,A,6
2019,9,37,REGION XIII (CARAGA),SURIGAO DEL SUR,25-64,M,S,Y,A,6
2019,9,37,REGION XIII (CARAGA),SURIGAO DEL SUR,5-14,F,S,Y,A,1
2019,9,37,REGION XIII (CARAGA),SURIGAO DEL SUR,65+,M,S,Y,A,1
2019,9,38,REGION V (BICOL REGION),MASBATE,15-24,M,S,Y,A,1
2019,9,38,REGION V (BICOL REGION),MASBATE,25-64,F,S,Y,A,1
2019,9,38,REGION V (BICOL REGION),MASBATE,25-64,M,S,Y,A,2
2019,9,38,REGION V (BICOL REGION),SORSOGON,15-24,M,S,Y,A,1
2019,9,38,REGION V (BICOL REGION),SORSOGON,5-14,M,S,Y,A,1
2019,9,38,REGION VIII (EASTERN VISAYAS),BILIRAN,15-24,F,S,Y,A,2
2019,9,38,REGION VIII (EASTERN VISAYAS),BILIRAN,5-14,F,S,Y,A,4
2019,9,38,REGION VIII (EASTERN VISAYAS),BILIRAN,5-14,M,S,Y,A,1
2019,9,38,REGION VIII (EASTERN VISAYAS),EASTERN SAMAR,15-24,M,S,Y,A,1
2019,9,38,REGION VIII (EASTERN VISAYAS),EASTERN SAMAR,25-64,F,S,Y,A,1
2019,9,38,REGION VIII (EASTERN VISAYAS),EASTERN SAMAR,5-14,F,S,Y,A,1
2019,9,38,REGION VIII (EASTERN VISAYAS),EASTERN SAMAR,5-14,M,S,Y,A,1
2019,9,38,REGION VIII (EASTERN VISAYAS),LEYTE,15-24,M,S,Y,A,1
2019,9,38,REGION VIII (EASTERN VISAYAS),LEYTE,25-64,F,S,Y,A,2
2019,9,38,REGION VIII (EASTERN VISAYAS),LEYTE,25-64,M,S,Y,A,3
2019,9,38,REGION VIII (EASTERN VISAYAS),LEYTE,5-14,F,S,Y,A,2
2019,9,38,REGION VIII (EASTERN VISAYAS),LEYTE,5-14,M,S,Y,A,2
2019,9,38,REGION VIII (EASTERN VISAYAS),LEYTE,65+,M,S,Y,A,1
2019,9,38,REGION VIII (EASTERN VISAYAS),SAMAR,15-24,F,S,Y,A,1
2019,9,38,REGION VIII (EASTERN VISAYAS),SAMAR,25-64,F,S,Y,A,3
2019,9,38,REGION VIII (EASTERN VISAYAS),SAMAR,25-64,M,S,Y,A,1
2019,9,38,REGION VIII (EASTERN VISAYAS),SAMAR,5-14,F,S,Y,A,2
2019,9,38,REGION VIII (EASTERN VISAYAS),SAMAR,65+,F,S,Y,A,2
2019,9,38,REGION VIII (EASTERN VISAYAS),SOUTHERN LEYTE,25-64,F,S,Y,A,2
2019,9,38,REGION XIII (CARAGA),CITY OF BUTUAN,25-64,M,S,Y,A,1
2019,9,38,REGION XIII (CARAGA),SURIGAO DEL NORTE,15-24,M,S,Y,A,1
2019,9,38,REGION XIII (CARAGA),SURIGAO DEL NORTE,25-64,M,S,Y,A,1
2019,9,38,REGION XIII (CARAGA),SURIGAO DEL SUR,25-64,F,S,Y,A,1
2019,9,38,REGION XIII (CARAGA),SURIGAO DEL SUR,25-64,M,S,Y,A,1
2019,9,38,REGION XIII (CARAGA),SURIGAO DEL SUR,5-14,F,S,Y,A,3
2019,9,38,REGION XIII (CARAGA),SURIGAO DEL SUR,65+,F,S,Y,A,2
2019,9,39,REGION V (BICOL REGION),ALBAY,25-64,F,S,Y,A,1
2019,9,39,REGION V (BICOL REGION),CAMARINES SUR,5-14,F,S,Y,A,1
2019,9,39,REGION V (BICOL REGION),MASBATE,15-24,F,S,Y,A,1
2019,9,39,REGION V (BICOL REGION),MASBATE,25-64,F,S,Y,A,1
2019,9,39,REGION V (BICOL REGION),SORSOGON,25-64,F,S,Y,A,1
2019,9,39,REGION V (BICOL REGION),SORSOGON,25-64,M,S,Y,A,1
2019,9,39,REGION V (BICOL REGION),SORSOGON,5-14,M,S,Y,A,1
2019,9,39,REGION V (BICOL REGION),SORSOGON,65+,F,S,Y,A,1
2019,9,39,REGION V (BICOL REGION),SORSOGON,65+,M,S,Y,A,1
2019,9,39,REGION VIII (EASTERN VISAYAS),BILIRAN,25-64,F,S,Y,A,1
2019,9,39,REGION VIII (EASTERN VISAYAS),BILIRAN,25-64,M,S,Y,A,1
2019,9,39,REGION VIII (EASTERN VISAYAS),BILIRAN,5-14,F,S,Y,A,1
2019,9,39,REGION VIII (EASTERN VISAYAS),EASTERN SAMAR,15-24,F,S,Y,A,1
2019,9,39,REGION VIII (EASTERN VISAYAS),EASTERN SAMAR,25-64,F,S,Y,A,1
2019,9,39,REGION VIII (EASTERN VISAYAS),LEYTE,25-64,F,S,Y,A,1
2019,9,39,REGION VIII (EASTERN VISAYAS),LEYTE,5-14,M,S,Y,A,1
2019,9,39,REGION VIII (EASTERN VISAYAS),LEYTE,65+,F,S,Y,A,1
2019,9,39,REGION VIII (EASTERN VISAYAS),SAMAR,15-24,F,S,Y,A,1
2019,9,39,REGION VIII (EASTERN VISAYAS),SAMAR,15-24,M,S,Y,A,1
2019,9,39,REGION VIII (EASTERN VISAYAS),SAMAR,25-64,F,S,Y,A,1
2019,9,39,REGION VIII (EASTERN VISAYAS),SAMAR,25-64,M,S,Y,A,3
2019,9,39,REGION VIII (EASTERN VISAYAS),SAMAR,5-14,F,S,Y,A,3
2019,9,39,REGION VIII (EASTERN VISAYAS),SAMAR,5-14,M,S,Y,A,1
2019,9,39,REGION VIII (EASTERN VISAYAS),SOUTHERN LEYTE,15-24,F,S,Y,A,1
2019,9,39,REGION VIII (EASTERN VISAYAS),SOUTHERN LEYTE,25-64,F,S,Y,A,2
2019,9,39,REGION VIII (EASTERN VISAYAS),SOUTHERN LEYTE,5-14,M,S,Y,A,3
2019,9,39,REGION XIII (CARAGA),AGUSAN DEL NORTE,25-64,M,S,Y,A,1
2019,9,39,REGION XIII (CARAGA),CITY OF BUTUAN,5-14,M,S,Y,A,1
2019,9,39,REGION XIII (CARAGA),SURIGAO DEL NORTE,25-64,F,S,Y,A,1
2019,9,39,REGION XIII (CARAGA),SURIGAO DEL NORTE,5-14,F,S,Y,A,1
2019,9,39,REGION XIII (CARAGA),SURIGAO DEL SUR,15-24,F,S,Y,A,2
2019,9,39,REGION XIII (CARAGA),SURIGAO DEL SUR,15-24,M,S,Y,A,1
2019,9,39,REGION XIII (CARAGA),SURIGAO DEL SUR,25-64,F,S,Y,A,4
2019,9,39,REGION XIII (CARAGA),SURIGAO DEL SUR,25-64,M,S,Y,A,6
2019,9,39,REGION XIII (CARAGA),SURIGAO DEL SUR,5-14,F,S,Y,A,1
2019,9,39,REGION XIII (CARAGA),SURIGAO DEL SUR,65+,F,S,Y,A,2
2019,9,39,REGION XIII (CARAGA),SURIGAO DEL SUR,65+,M,S,Y,A,1
2019,9,40,REGION V (BICOL REGION),CAMARINES NORTE,5-14,F,S,Y,A,1
2019,9,40,REGION V (BICOL REGION),MASBATE,25-64,F,S,Y,A,1
2019,9,40,REGION V (BICOL REGION),MASBATE,25-64,M,S,Y,A,1
2019,9,40,REGION V (BICOL REGION),MASBATE,65+,F,S,Y,A,1
2019,9,40,REGION VIII (EASTERN VISAYAS),BILIRAN,15-24,F,S,Y,A,1
2019,9,40,REGION VIII (EASTERN VISAYAS),BILIRAN,15-24,M,S,Y,A,1
2019,9,40,REGION VIII (EASTERN VISAYAS),EASTERN SAMAR,25-64,F,S,Y,A,3
2019,9,40,REGION VIII (EASTERN VISAYAS),EASTERN SAMAR,5-14,M,S,Y,A,4
2019,9,40,REGION VIII (EASTERN VISAYAS),LEYTE,15-24,F,S,Y,A,2
2019,9,40,REGION VIII (EASTERN VISAYAS),LEYTE,5-14,M,S,Y,A,1
2019,9,40,REGION VIII (EASTERN VISAYAS),LEYTE,65+,F,S,Y,A,3
2019,9,40,REGION VIII (EASTERN VISAYAS),SAMAR,15-24,F,S,Y,A,2
2019,9,40,REGION VIII (EASTERN VISAYAS),SAMAR,25-64,F,S,Y,A,5
2019,9,40,REGION VIII (EASTERN VISAYAS),SAMAR,25-64,M,S,Y,A,1
2019,9,40,REGION VIII (EASTERN VISAYAS),SAMAR,5-14,F,S,Y,A,1
2019,9,40,REGION VIII (EASTERN VISAYAS),SAMAR,5-14,M,S,Y,A,3
2019,9,40,REGION VIII (EASTERN VISAYAS),SAMAR,65+,F,S,Y,A,1
2019,9,40,REGION VIII (EASTERN VISAYAS),SAMAR,65+,M,S,Y,A,1
2019,9,40,REGION XIII (CARAGA),CITY OF BUTUAN,25-64,F,S,Y,A,1
2019,9,40,REGION XIII (CARAGA),SURIGAO DEL NORTE,25-64,M,S,Y,A,1
2019,9,40,REGION XIII (CARAGA),SURIGAO DEL SUR,15-24,F,S,Y,A,2
2019,9,40,REGION XIII (CARAGA),SURIGAO DEL SUR,15-24,M,S,Y,A,2
2019,9,40,REGION XIII (CARAGA),SURIGAO DEL SUR,25-64,F,S,Y,A,5
2019,9,40,REGION XIII (CARAGA),SURIGAO DEL SUR,25-64,M,S,Y,A,2
2019,9,40,REGION XIII (CARAGA),SURIGAO DEL SUR,5-14,F,S,Y,A,1
2019,9,40,REGION XIII (CARAGA),SURIGAO DEL SUR,65+,M,S,Y,A,2
2019,10,40,REGION V (BICOL REGION),ALBAY,65+,F,S,Y,A,1
2019,10,40,REGION V (BICOL REGION),MASBATE,25-64,F,S,Y,A,1
2019,10,40,REGION V (BICOL REGION),MASBATE,25-64,M,S,Y,A,1
2019,10,40,REGION V (BICOL REGION),MASBATE,5-14,F,S,Y,A,1
2019,10,40,REGION V (BICOL REGION),MASBATE,5-14,M,S,Y,A,1
2019,10,40,REGION V (BICOL REGION),SORSOGON,25-64,F,S,Y,A,2
2019,10,40,REGION V (BICOL REGION),SORSOGON,5-14,F,S,Y,A,1
2019,10,40,REGION VIII (EASTERN VISAYAS),BILIRAN,25-64,F,S,Y,A,2
2019,10,40,REGION VIII (EASTERN VISAYAS),BILIRAN,25-64,M,S,Y,A,1
2019,10,40,REGION VIII (EASTERN VISAYAS),BILIRAN,5-14,F,S,Y,A,2
2019,10,40,REGION VIII (EASTERN VISAYAS),BILIRAN,5-14,M,S,Y,A,1
2019,10,40,REGION VIII (EASTERN VISAYAS),CITY OF TACLOBAN,65+,F,S,Y,A,1
2019,10,40,REGION VIII (EASTERN VISAYAS),EASTERN SAMAR,15-24,F,S,Y,A,1
2019,10,40,REGION VIII (EASTERN VISAYAS),EASTERN SAMAR,25-64,M,S,Y,A,2
2019,10,40,REGION VIII (EASTERN VISAYAS),EASTERN SAMAR,5-14,F,S,Y,A,1
2019,10,40,REGION VIII (EASTERN VISAYAS),EASTERN SAMAR,5-14,M,S,Y,A,1
2019,10,40,REGION VIII (EASTERN VISAYAS),LEYTE,25-64,M,S,Y,A,1
2019,10,40,REGION VIII (EASTERN VISAYAS),LEYTE,5-14,F,S,Y,A,2
2019,10,40,REGION VIII (EASTERN VISAYAS),SAMAR,25-64,F,S,Y,A,3
2019,10,40,REGION VIII (EASTERN VISAYAS),SAMAR,5-14,F,S,Y,A,1
2019,10,40,REGION VIII (EASTERN VISAYAS),SAMAR,5-14,M,S,Y,A,2
2019,10,40,REGION VIII (EASTERN VISAYAS),SOUTHERN LEYTE,15-24,F,S,Y,A,1
2019,10,40,REGION VIII (EASTERN VISAYAS),SOUTHERN LEYTE,25-64,M,S,Y,A,1
2019,10,40,REGION VIII (EASTERN VISAYAS),SOUTHERN LEYTE,5-14,M,S,Y,A,1
2019,10,40,REGION XIII (CARAGA),SURIGAO DEL NORTE,25-64,F,S,Y,A,1
2019,10,40,REGION XIII (CARAGA),SURIGAO DEL NORTE,5-14,M,S,Y,A,1
2019,10,40,REGION XIII (CARAGA),SURIGAO DEL NORTE,65+,F,S,Y,A,1
2019,10,40,REGION XIII (CARAGA),SURIGAO DEL NORTE,65+,M,S,Y,A,1
2019,10,40,REGION XIII (CARAGA),SURIGAO DEL SUR,25-64,F,S,Y,A,2
2019,10,40,REGION XIII (CARAGA),SURIGAO DEL SUR,25-64,M,S,Y,A,2
2019,10,40,REGION XIII (CARAGA),SURIGAO DEL SUR,5-14,M,S,Y,A,1
2019,10,40,REGION XIII (CARAGA),SURIGAO DEL SUR,65+,M,S,Y,A,3
2019,10,41,BANGSAMORO AUTONOMOUS REGION IN MUSLIM MINDANAO (BARMM),MAGUINDANAO DEL NORTE,25-64,M,S,Y,A,1
2019,10,41,REGION V (BICOL REGION),MASBATE,5-14,M,S,Y,A,1
2019,10,41,REGION V (BICOL REGION),SORSOGON,65+,F,S,Y,A,1
2019,10,41,REGION V (BICOL REGION),SORSOGON,65+,M,S,Y,A,1
2019,10,41,REGION VIII (EASTERN VISAYAS),BILIRAN,25-64,F,S,Y,A,1
2019,10,41,REGION VIII (EASTERN VISAYAS),BILIRAN,25-64,M,S,Y,A,1
2019,10,41,REGION VIII (EASTERN VISAYAS),BILIRAN,5-14,F,S,Y,A,1
2019,10,41,REGION VIII (EASTERN VISAYAS),BILIRAN,5-14,M,S,Y,A,1
2019,10,41,REGION VIII (EASTERN VISAYAS),EASTERN SAMAR,15-24,F,S,Y,A,1
2019,10,41,REGION VIII (EASTERN VISAYAS),EASTERN SAMAR,25-64,F,S,Y,A,4
2019,10,41,REGION VIII (EASTERN VISAYAS),EASTERN SAMAR,25-64,M,S,Y,A,2
2019,10,41,REGION VIII (EASTERN VISAYAS),EASTERN SAMAR,5-14,F,S,Y,A,1
2019,10,41,REGION VIII (EASTERN VISAYAS),EASTERN SAMAR,65+,M,S,Y,A,1
2019,10,41,REGION VIII (EASTERN VISAYAS),LEYTE,15-24,F,S,Y,A,1
2019,10,41,REGION VIII (EASTERN VISAYAS),LEYTE,25-64,F,S,Y,A,1
2019,10,41,REGION VIII (EASTERN VISAYAS),LEYTE,25-64,M,S,Y,A,1
2019,10,41,REGION VIII (EASTERN VISAYAS),LEYTE,5-14,M,S,Y,A,1
2019,10,41,REGION VIII (EASTERN VISAYAS),SAMAR,15-24,F,S,Y,A,4
2019,10,41,REGION VIII (EASTERN VISAYAS),SAMAR,25-64,F,S,Y,A,4
2019,10,41,REGION VIII (EASTERN VISAYAS),SAMAR,25-64,M,S,Y,A,2
2019,10,41,REGION VIII (EASTERN VISAYAS),SAMAR,5-14,F,S,Y,A,1
2019,10,41,REGION VIII (EASTERN VISAYAS),SAMAR,5-14,M,S,Y,A,4
2019,10,41,REGION VIII (EASTERN VISAYAS),SAMAR,65+,F,S,Y,A,1
2019,10,41,REGION VIII (EASTERN VISAYAS),SOUTHERN LEYTE,15-24,F,S,Y,A,1
2019,10,41,REGION VIII (EASTERN VISAYAS),SOUTHERN LEYTE,15-24,M,S,Y,A,1
2019,10,41,REGION VIII (EASTERN VISAYAS),SOUTHERN LEYTE,5-14,F,S,Y,A,1
2019,10,41,REGION XIII (CARAGA),AGUSAN DEL SUR,5-14,F,S,Y,A,1
2019,10,41,REGION XIII (CARAGA),SURIGAO DEL NORTE,15-24,M,S,Y,A,2
2019,10,41,REGION XIII (CARAGA),SURIGAO DEL NORTE,25-64,F,S,Y,A,1
2019,10,41,REGION XIII (CARAGA),SURIGAO DEL NORTE,5-14,F,S,Y,A,2
2019,10,41,REGION XIII (CARAGA),SURIGAO DEL NORTE,5-14,M,S,Y,A,1
2019,10,41,REGION XIII (CARAGA),SURIGAO DEL SUR,15-24,F,S,Y,A,3
2019,10,41,REGION XIII (CARAGA),SURIGAO DEL SUR,15-24,M,S,Y,A,1
2019,10,41,REGION XIII (CARAGA),SURIGAO DEL SUR,25-64,F,S,Y,A,7
2019,10,41,REGION XIII (CARAGA),SURIGAO DEL SUR,25-64,M,S,Y,A,2
2019,10,41,REGION XIII (CARAGA),SURIGAO DEL SUR,5-14,M,S,Y,A,5
2019,10,42,REGION V (BICOL REGION),ALBAY,5-14,F,S,Y,A,1
2019,10,42,REGION V (BICOL REGION),CATANDUANES,5-14,M,S,Y,A,1
2019,10,42,REGION V (BICOL REGION),MASBATE,25-64,M,S,Y,A,2
2019,10,42,REGION V (BICOL REGION),SORSOGON,25-64,F,S,Y,A,1
2019,10,42,REGION V (BICOL REGION),SORSOGON,25-64,M,S,Y,A,1
2019,10,42,REGION VIII (EASTERN VISAYAS),BILIRAN,25-64,M,S,Y,A,1
2019,10,42,REGION VIII (EASTERN VISAYAS),BILIRAN,5-14,F,S,Y,A,1
2019,10,42,REGION VIII (EASTERN VISAYAS),EASTERN SAMAR,15-24,M,S,Y,A,1
2019,10,42,REGION VIII (EASTERN VISAYAS),EASTERN SAMAR,25-64,F,S,Y,A,2
2019,10,42,REGION VIII (EASTERN VISAYAS),EASTERN SAMAR,25-64,M,S,Y,A,1
2019,10,42,REGION VIII (EASTERN VISAYAS),EASTERN SAMAR,5-14,M,S,Y,A,3
2019,10,42,REGION VIII (EASTERN VISAYAS),EASTERN SAMAR,65+,F,S,Y,A,1
2019,10,42,REGION VIII (EASTERN VISAYAS),EASTERN SAMAR,65+,M,S,Y,A,1
2019,10,42,REGION VIII (EASTERN VISAYAS),LEYTE,15-24,F,S,Y,A,2
2019,10,42,REGION VIII (EASTERN VISAYAS),LEYTE,25-64,F,S,Y,A,1
2019,10,42,REGION VIII (EASTERN VISAYAS),LEYTE,25-64,M,S,Y,A,3
2019,10,42,REGION VIII (EASTERN VISAYAS),LEYTE,5-14,M,S,Y,A,3
2019,10,42,REGION VIII (EASTERN VISAYAS),LEYTE,65+,F,S,Y,A,1
2019,10,42,REGION VIII (EASTERN VISAYAS),SAMAR,25-64,F,S,Y,A,1
2019,10,42,REGION VIII (EASTERN VISAYAS),SAMAR,5-14,F,S,Y,A,4
2019,10,42,REGION VIII (EASTERN VISAYAS),SAMAR,5-14,M,S,Y,A,3
2019,10,42,REGION XIII (CARAGA),DINAGAT ISLANDS,15-24,F,S,Y,A,1
2019,10,42,REGION XIII (CARAGA),DINAGAT ISLANDS,25-64,F,S,Y,A,1
2019,10,42,REGION XIII (CARAGA),DINAGAT ISLANDS,5-14,F,S,Y,A,1
2019,10,42,REGION XIII (CARAGA),DINAGAT ISLANDS,65+,F,S,Y,A,2
2019,10,42,REGION XIII (CARAGA),SURIGAO DEL SUR,15-24,F,S,Y,A,4
2019,10,42,REGION XIII (CARAGA),SURIGAO DEL SUR,15-24,M,S,Y,A,3
2019,10,42,REGION XIII (CARAGA),SURIGAO DEL SUR,25-64,F,S,Y,A,7
2019,10,42,REGION XIII (CARAGA),SURIGAO DEL SUR,25-64,M,S,Y,A,1
2019,10,42,REGION XIII (CARAGA),SURIGAO DEL SUR,5-14,M,S,Y,A,3
2019,10,42,REGION XIII (CARAGA),SURIGAO DEL SUR,65+,F,S,Y,A,1
2019,10,42,REGION XIII (CARAGA),SURIGAO DEL SUR,65+,M,S,Y,A,1
2019,10,43,REGION V (BICOL REGION),CATANDUANES,25-64,M,S,Y,A,1
2019,10,43,REGION V (BICOL REGION),CATANDUANES,5-14,M,S,Y,A,1
2019,10,43,REGION V (BICOL REGION),SORSOGON,5-14,M,S,Y,A,1
2019,10,43,REGION V (BICOL REGION),SORSOGON,65+,F,S,Y,A,1
2019,10,43,REGION VIII (EASTERN VISAYAS),BILIRAN,15-24,F,S,Y,A,3
2019,10,43,REGION VIII (EASTERN VISAYAS),BILIRAN,15-24,M,S,Y,A,1
2019,10,43,REGION VIII (EASTERN VISAYAS),BILIRAN,25-64,F,S,Y,A,5
2019,10,43,REGION VIII (EASTERN VISAYAS),BILIRAN,25-64,M,S,Y,A,2
2019,10,43,REGION VIII (EASTERN VISAYAS),BILIRAN,5-14,F,S,Y,A,1
2019,10,43,REGION VIII (EASTERN VISAYAS),BILIRAN,65+,F,S,Y,A,1
2019,10,43,REGION VIII (EASTERN VISAYAS),EASTERN SAMAR,15-24,M,S,Y,A,1
2019,10,43,REGION VIII (EASTERN VISAYAS),EASTERN SAMAR,25-64,M,S,Y,A,1
2019,10,43,REGION VIII (EASTERN VISAYAS),EASTERN SAMAR,5-14,F,S,Y,A,1
2019,10,43,REGION VIII (EASTERN VISAYAS),LEYTE,15-24,F,S,Y,A,3
2019,10,43,REGION VIII (EASTERN VISAYAS),LEYTE,15-24,M,S,Y,A,1
2019,10,43,REGION VIII (EASTERN VISAYAS),LEYTE,25-64,M,S,Y,A,1
2019,10,43,REGION VIII (EASTERN VISAYAS),LEYTE,5-14,F,S,Y,A,1
2019,10,43,REGION VIII (EASTERN VISAYAS),LEYTE,5-14,M,S,Y,A,2
2019,10,43,REGION VIII (EASTERN VISAYAS),LEYTE,65+,F,S,Y,A,1
2019,10,43,REGION VIII (EASTERN VISAYAS),SAMAR,15-24,F,S,Y,A,3
2019,10,43,REGION VIII (EASTERN VISAYAS),SAMAR,25-64,F,S,Y,A,4
2019,10,43,REGION VIII (EASTERN VISAYAS),SAMAR,25-64,M,S,Y,A,1
2019,10,43,REGION VIII (EASTERN VISAYAS),SAMAR,5-14,M,S,Y,A,4
2019,10,43,REGION VIII (EASTERN VISAYAS),SAMAR,65+,F,S,Y,A,3
2019,10,43,REGION VIII (EASTERN VISAYAS),SAMAR,65+,M,S,Y,A,1
2019,10,43,REGION VIII (EASTERN VISAYAS),SOUTHERN LEYTE,65+,M,S,Y,A,1
2019,10,43,REGION XIII (CARAGA),DINAGAT ISLANDS,15-24,F,S,Y,A,1
2019,10,43,REGION XIII (CARAGA),DINAGAT ISLANDS,25-64,M,S,Y,A,1
2019,10,43,REGION XIII (CARAGA),DINAGAT ISLANDS,5-14,M,S,Y,A,1
2019,10,43,REGION XIII (CARAGA),DINAGAT ISLANDS,65+,F,S,Y,A,1
2019,10,43,REGION XIII (CARAGA),SURIGAO DEL NORTE,25-64,F,S,Y,A,2
2019,10,43,REGION XIII (CARAGA),SURIGAO DEL NORTE,25-64,M,S,Y,A,1
2019,10,43,REGION XIII (CARAGA),SURIGAO DEL NORTE,65+,M,S,Y,A,1
2019,10,43,REGION XIII (CARAGA),SURIGAO DEL SUR,15-24,F,S,Y,A,1
2019,10,43,REGION XIII (CARAGA),SURIGAO DEL SUR,25-64,F,S,Y,A,2
2019,10,43,REGION XIII (CARAGA),SURIGAO DEL SUR,25-64,M,S,Y,A,8
2019,10,43,REGION XIII (CARAGA),SURIGAO DEL SUR,5-14,F,S,Y,A,2
2019,10,43,REGION XIII (CARAGA),SURIGAO DEL SUR,65+,F,S,Y,A,1
2019,10,44,REGION V (BICOL REGION),CATANDUANES,15-24,M,S,Y,A,1
2019,10,44,REGION V (BICOL REGION),CATANDUANES,25-64,M,S,Y,A,1
2019,10,44,REGION V (BICOL REGION),CATANDUANES,65+,M,S,Y,A,1
2019,10,44,REGION V (BICOL REGION),MASBATE,5-14,F,S,Y,A,1
2019,10,44,REGION V (BICOL REGION),MASBATE,5-14,M,S,Y,A,1
2019,10,44,REGION V (BICOL REGION),SORSOGON,25-64,F,S,Y,A,1
2019,10,44,REGION V (BICOL REGION),SORSOGON,25-64,M,S,Y,A,1
2019,10,44,REGION V (BICOL REGION),SORSOGON,65+,F,S,Y,A,1
2019,10,44,REGION V (BICOL REGION),SORSOGON,65+,M,S,Y,A,1
2019,10,44,REGION VIII (EASTERN VISAYAS),BILIRAN,15-24,F,S,Y,A,1
2019,10,44,REGION VIII (EASTERN VISAYAS),BILIRAN,25-64,M,S,Y,A,2
2019,10,44,REGION VIII (EASTERN VISAYAS),BILIRAN,5-14,F,S,Y,A,1
2019,10,44,REGION VIII (EASTERN VISAYAS),BILIRAN,65+,F,S,Y,A,1
2019,10,44,REGION VIII (EASTERN VISAYAS),CITY OF TACLOBAN,15-24,M,S,Y,A,1
2019,10,44,REGION VIII (EASTERN VISAYAS),EASTERN SAMAR,65+,F,S,Y,A,2
2019,10,44,REGION VIII (EASTERN VISAYAS),LEYTE,25-64,F,S,Y,A,1
2019,10,44,REGION VIII (EASTERN VISAYAS),LEYTE,25-64,M,S,Y,A,1
2019,10,44,REGION VIII (EASTERN VISAYAS),LEYTE,65+,F,S,Y,A,1
2019,10,44,REGION VIII (EASTERN VISAYAS),SAMAR,15-24,F,S,Y,A,2
2019,10,44,REGION VIII (EASTERN VISAYAS),SAMAR,15-24,M,S,Y,A,2
2019,10,44,REGION VIII (EASTERN VISAYAS),SAMAR,25-64,F,S,Y,A,2
2019,10,44,REGION VIII (EASTERN VISAYAS),SAMAR,5-14,F,S,Y,A,1
2019,10,44,REGION VIII (EASTERN VISAYAS),SAMAR,5-14,M,S,Y,A,2
2019,10,44,REGION VIII (EASTERN VISAYAS),SAMAR,65+,F,S,Y,A,1
2019,10,44,REGION VIII (EASTERN VISAYAS),SOUTHERN LEYTE,25-64,F,S,Y,A,1
2019,10,44,REGION VIII (EASTERN VISAYAS),SOUTHERN LEYTE,25-64,M,S,Y,A,1
2019,10,44,REGION XIII (CARAGA),AGUSAN DEL SUR,25-64,M,S,Y,A,1
2019,10,44,REGION XIII (CARAGA),CITY OF BUTUAN,25-64,M,S,Y,A,2
2019,10,44,REGION XIII (CARAGA),DINAGAT ISLANDS,15-24,F,S,Y,A,1
2019,10,44,REGION XIII (CARAGA),DINAGAT ISLANDS,25-64,M,S,Y,A,2
2019,10,44,REGION XIII (CARAGA),DINAGAT ISLANDS,5-14,F,S,Y,A,1
2019,10,44,REGION XIII (CARAGA),SURIGAO DEL NORTE,25-64,F,S,Y,A,1
2019,10,44,REGION XIII (CARAGA),SURIGAO DEL NORTE,25-64,M,S,Y,A,2
2019,10,44,REGION XIII (CARAGA),SURIGAO DEL SUR,15-24,M,S,Y,A,2
2019,10,44,REGION XIII (CARAGA),SURIGAO DEL SUR,25-64,F,S,Y,A,4
2019,10,44,REGION XIII (CARAGA),SURIGAO DEL SUR,25-64,M,S,Y,A,3
2019,10,44,REGION XIII (CARAGA),SURIGAO DEL SUR,5-14,F,S,Y,A,2
2019,10,44,REGION XIII (CARAGA),SURIGAO DEL SUR,65+,F,S,Y,A,4
2019,10,44,REGION XIII (CARAGA),SURIGAO DEL SUR,65+,M,S,Y,A,1
2019,11,45,REGION V (BICOL REGION),CATANDUANES,65+,F,S,Y,A,1
2019,11,45,REGION V (BICOL REGION),MASBATE,15-24,M,S,Y,A,1
2019,11,45,REGION V (BICOL REGION),SORSOGON,15-24,F,S,Y,A,1
2019,11,45,REGION V (BICOL REGION),SORSOGON,25-64,F,S,Y,A,1
2019,11,45,REGION V (BICOL REGION),SORSOGON,25-64,M,S,Y,A,1
2019,11,45,REGION V (BICOL REGION),SORSOGON,5-14,M,S,Y,A,2
2019,11,45,REGION V (BICOL REGION),SORSOGON,65+,F,S,Y,A,1
2019,11,45,REGION VIII (EASTERN VISAYAS),BILIRAN,15-24,M,S,Y,A,1
2019,11,45,REGION VIII (EASTERN VISAYAS),BILIRAN,25-64,M,S,Y,A,3
2019,11,45,REGION VIII (EASTERN VISAYAS),BILIRAN,5-14,F,S,Y,A,1
2019,11,45,REGION VIII (EASTERN VISAYAS),BILIRAN,5-14,M,S,Y,A,5
2019,11,45,REGION VIII (EASTERN VISAYAS),BILIRAN,65+,F,S,Y,A,2
2019,11,45,REGION VIII (EASTERN VISAYAS),CITY OF TACLOBAN,5-14,M,S,Y,A,1
2019,11,45,REGION VIII (EASTERN VISAYAS),EASTERN SAMAR,25-64,F,S,Y,A,1
2019,11,45,REGION VIII (EASTERN VISAYAS),EASTERN SAMAR,5-14,M,S,Y,A,1
2019,11,45,REGION VIII (EASTERN VISAYAS),LEYTE,15-24,M,S,Y,A,1
2019,11,45,REGION VIII (EASTERN VISAYAS),LEYTE,25-64,F,S,Y,A,3
2019,11,45,REGION VIII (EASTERN VISAYAS),LEYTE,25-64,M,S,Y,A,1
2019,11,45,REGION VIII (EASTERN VISAYAS),LEYTE,5-14,F,S,Y,A,1
2019,11,45,REGION VIII (EASTERN VISAYAS),LEYTE,5-14,M,S,Y,A,1
2019,11,45,REGION VIII (EASTERN VISAYAS),LEYTE,65+,F,S,Y,A,1
2019,11,45,REGION VIII (EASTERN VISAYAS),LEYTE,65+,M,S,Y,A,1
2019,11,45,REGION VIII (EASTERN VISAYAS),SAMAR,15-24,F,S,Y,A,1
2019,11,45,REGION VIII (EASTERN VISAYAS),SAMAR,15-24,M,S,Y,A,2
2019,11,45,REGION VIII (EASTERN VISAYAS),SAMAR,25-64,F,S,Y,A,3
2019,11,45,REGION VIII (EASTERN VISAYAS),SAMAR,25-64,M,S,Y,A,5
2019,11,45,REGION VIII (EASTERN VISAYAS),SAMAR,5-14,F,S,Y,A,8
2019,11,45,REGION VIII (EASTERN VISAYAS),SAMAR,5-14,M,S,Y,A,1
2019,11,45,REGION VIII (EASTERN VISAYAS),SAMAR,65+,F,S,Y,A,1
2019,11,45,REGION VIII (EASTERN VISAYAS),SAMAR,65+,M,S,Y,A,2
2019,11,45,REGION VIII (EASTERN VISAYAS),SOUTHERN LEYTE,15-24,F,S,Y,A,1
2019,11,45,REGION VIII (EASTERN VISAYAS),SOUTHERN LEYTE,15-24,M,S,Y,A,2
2019,11,45,REGION VIII (EASTERN VISAYAS),SOUTHERN LEYTE,25-64,F,S,Y,A,1
2019,11,45,REGION VIII (EASTERN VISAYAS),SOUTHERN LEYTE,5-14,F,S,Y,A,1
2019,11,45,REGION XIII (CARAGA),SURIGAO DEL NORTE,15-24,F,S,Y,A,1
2019,11,45,REGION XIII (CARAGA),SURIGAO DEL NORTE,25-64,M,S,Y,A,2
2019,11,45,REGION XIII (CARAGA),SURIGAO DEL NORTE,5-14,M,S,Y,A,1
2019,11,45,REGION XIII (CARAGA),SURIGAO DEL NORTE,65+,F,S,Y,A,1
2019,11,45,REGION XIII (CARAGA),SURIGAO DEL SUR,25-64,F,S,Y,A,1
2019,11,45,REGION XIII (CARAGA),SURIGAO DEL SUR,25-64,M,S,Y,A,3
2019,11,45,REGION XIII (CARAGA),SURIGAO DEL SUR,5-14,F,S,Y,A,2
2019,11,45,REGION XIII (CARAGA),SURIGAO DEL SUR,5-14,M,S,Y,A,1
2019,11,45,REGION XIII (CARAGA),SURIGAO DEL SUR,65+,F,S,Y,A,1
2019,11,46,REGION V (BICOL REGION),MASBATE,5-14,F,S,Y,A,1
2019,11,46,REGION V (BICOL REGION),SORSOGON,15-24,F,S,Y,A,1
2019,11,46,REGION VIII (EASTERN VISAYAS),BILIRAN,15-24,F,S,Y,A,1
2019,11,46,REGION VIII (EASTERN VISAYAS),BILIRAN,25-64,F,S,Y,A,3
2019,11,46,REGION VIII (EASTERN VISAYAS),CITY OF TACLOBAN,15-24,M,S,Y,A,1
2019,11,46,REGION VIII (EASTERN VISAYAS),CITY OF TACLOBAN,25-64,F,S,Y,A,2
2019,11,46,REGION VIII (EASTERN VISAYAS),CITY OF TACLOBAN,25-64,M,S,Y,A,1
2019,11,46,REGION VIII (EASTERN VISAYAS),EASTERN SAMAR,5-14,M,S,Y,A,1
2019,11,46,REGION VIII (EASTERN VISAYAS),LEYTE,25-64,F,S,Y,A,1
2019,11,46,REGION VIII (EASTERN VISAYAS),LEYTE,5-14,M,S,Y,A,1
2019,11,46,REGION VIII (EASTERN VISAYAS),SAMAR,15-24,M,S,Y,A,2
2019,11,46,REGION VIII (EASTERN VISAYAS),SAMAR,25-64,F,S,Y,A,5
2019,11,46,REGION VIII (EASTERN VISAYAS),SAMAR,25-64,M,S,Y,A,1
2019,11,46,REGION VIII (EASTERN VISAYAS),SAMAR,5-14,F,S,Y,A,3
2019,11,46,REGION VIII (EASTERN VISAYAS),SAMAR,5-14,M,S,Y,A,1
2019,11,46,REGION VIII (EASTERN VISAYAS),SAMAR,65+,F,S,Y,A,2
2019,11,46,REGION VIII (EASTERN VISAYAS),SAMAR,65+,M,S,Y,A,1
2019,11,46,REGION VIII (EASTERN VISAYAS),SOUTHERN LEYTE,25-64,F,S,Y,A,2
2019,11,46,REGION VIII (EASTERN VISAYAS),SOUTHERN LEYTE,25-64,M,S,Y,A,1
2019,11,46,REGION VIII (EASTERN VISAYAS),SOUTHERN LEYTE,5-14,F,S,Y,A,1
2019,11,46,REGION VIII (EASTERN VISAYAS),SOUTHERN LEYTE,5-14,M,S,Y,A,1
2019,11,46,REGION VIII (EASTERN VISAYAS),SOUTHERN LEYTE,65+,F,S,Y,A,1
2019,11,46,REGION XIII (CARAGA),AGUSAN DEL SUR,15-24,F,S,Y,A,1
2019,11,46,REGION XIII (CARAGA),SURIGAO DEL NORTE,5-14,F,S,Y,A,1
2019,11,46,REGION XIII (CARAGA),SURIGAO DEL SUR,15-24,F,S,Y,A,3
2019,11,46,REGION XIII (CARAGA),SURIGAO DEL SUR,15-24,M,S,Y,A,1
2019,11,46,REGION XIII (CARAGA),SURIGAO DEL SUR,25-64,M,S,Y,A,2
2019,11,46,REGION XIII (CARAGA),SURIGAO DEL SUR,5-14,F,S,Y,A,1
2019,11,46,REGION XIII (CARAGA),SURIGAO DEL SUR,5-14,M,S,Y,A,2
2019,11,46,REGION XIII (CARAGA),SURIGAO DEL SUR,65+,F,S,Y,A,3
2019,11,46,REGION XIII (CARAGA),SURIGAO DEL SUR,65+,M,S,Y,A,1
2019,11,47,REGION V (BICOL REGION),MASBATE,5-14,F,S,Y,A,1
2019,11,47,REGION V (BICOL REGION),MASBATE,5-14,M,S,Y,A,1
2019,11,47,REGION V (BICOL REGION),SORSOGON,15-24,F,S,Y,A,1
2019,11,47,REGION VIII (EASTERN VISAYAS),BILIRAN,15-24,F,S,Y,A,1
2019,11,47,REGION VIII (EASTERN VISAYAS),BILIRAN,15-24,M,S,Y,A,1
2019,11,47,REGION VIII (EASTERN VISAYAS),BILIRAN,25-64,F,S,Y,A,1
2019,11,47,REGION VIII (EASTERN VISAYAS),BILIRAN,25-64,M,S,Y,A,1
2019,11,47,REGION VIII (EASTERN VISAYAS),BILIRAN,5-14,M,S,Y,A,1
2019,11,47,REGION VIII (EASTERN VISAYAS),BILIRAN,65+,M,S,Y,A,1
2019,11,47,REGION VIII (EASTERN VISAYAS),CITY OF TACLOBAN,25-64,F,S,Y,A,2
2019,11,47,REGION VIII (EASTERN VISAYAS),LEYTE,15-24,F,S,Y,A,3
2019,11,47,REGION VIII (EASTERN VISAYAS),LEYTE,5-14,M,S,Y,A,1
2019,11,47,REGION VIII (EASTERN VISAYAS),LEYTE,65+,M,S,Y,A,1
2019,11,47,REGION VIII (EASTERN VISAYAS),SAMAR,15-24,F,S,Y,A,2
2019,11,47,REGION VIII (EASTERN VISAYAS),SAMAR,25-64,F,S,Y,A,2
2019,11,47,REGION VIII (EASTERN VISAYAS),SAMAR,65+,F,S,Y,A,1
2019,11,47,REGION VIII (EASTERN VISAYAS),SOUTHERN LEYTE,25-64,F,S,Y,A,3
2019,11,47,REGION VIII (EASTERN VISAYAS),SOUTHERN LEYTE,5-14,F,S,Y,A,2
2019,11,47,REGION VIII (EASTERN VISAYAS),SOUTHERN LEYTE,65+,F,S,Y,A,1
2019,11,47,REGION X (NORTHERN MINDANAO),MISAMIS OCCIDENTAL,5-14,F,S,Y,A,1
2019,11,47,REGION XIII (CARAGA),AGUSAN DEL SUR,15-24,F,S,Y,A,1
2019,11,47,REGION XIII (CARAGA),AGUSAN DEL SUR,65+,M,S,Y,A,1
2019,11,47,REGION XIII (CARAGA),SURIGAO DEL NORTE,25-64,F,S,Y,A,1
2019,11,47,REGION XIII (CARAGA),SURIGAO DEL SUR,15-24,F,S,Y,A,1
2019,11,47,REGION XIII (CARAGA),SURIGAO DEL SUR,15-24,M,S,Y,A,3
2019,11,47,REGION XIII (CARAGA),SURIGAO DEL SUR,25-64,F,S,Y,A,3
2019,11,47,REGION XIII (CARAGA),SURIGAO DEL SUR,25-64,M,S,Y,A,2
2019,11,47,REGION XIII (CARAGA),SURIGAO DEL SUR,5-14,F,S,Y,A,1
2019,11,47,REGION XIII (CARAGA),SURIGAO DEL SUR,5-14,M,S,Y,A,2
2019,11,47,REGION XIII (CARAGA),SURIGAO DEL SUR,65+,M,S,Y,A,2
2019,11,48,REGION V (BICOL REGION),MASBATE,15-24,F,S,Y,A,1
2019,11,48,REGION V (BICOL REGION),MASBATE,5-14,M,S,Y,A,2
2019,11,48,REGION V (BICOL REGION),SORSOGON,25-64,M,S,Y,A,1
2019,11,48,REGION V (BICOL REGION),SORSOGON,5-14,F,S,Y,A,1
2019,11,48,REGION V (BICOL REGION),SORSOGON,65+,F,S,Y,A,1
2019,11,48,REGION VIII (EASTERN VISAYAS),BILIRAN,15-24,M,S,Y,A,1
2019,11,48,REGION VIII (EASTERN VISAYAS),BILIRAN,25-64,F,S,Y,A,1
2019,11,48,REGION VIII (EASTERN VISAYAS),BILIRAN,25-64,M,S,Y,A,3
2019,11,48,REGION VIII (EASTERN VISAYAS),BILIRAN,5-14,F,S,Y,A,2
2019,11,48,REGION VIII (EASTERN VISAYAS),BILIRAN,5-14,M,S,Y,A,3
2019,11,48,REGION VIII (EASTERN VISAYAS),BILIRAN,65+,F,S,Y,A,1
2019,11,48,REGION VIII (EASTERN VISAYAS),BILIRAN,65+,M,S,Y,A,1
2019,11,48,REGION VIII (EASTERN VISAYAS),LEYTE,5-14,F,S,Y,A,2
2019,11,48,REGION VIII (EASTERN VISAYAS),LEYTE,65+,M,S,Y,A,1
2019,11,48,REGION VIII (EASTERN VISAYAS),SAMAR,15-24,F,S,Y,A,2
2019,11,48,REGION VIII (EASTERN VISAYAS),SAMAR,25-64,F,S,Y,A,1
2019,11,48,REGION VIII (EASTERN VISAYAS),SAMAR,5-14,M,S,Y,A,3
2019,11,48,REGION VIII (EASTERN VISAYAS),SOUTHERN LEYTE,15-24,F,S,Y,A,2
2019,11,48,REGION VIII (EASTERN VISAYAS),SOUTHERN LEYTE,25-64,M,S,Y,A,2
2019,11,48,REGION X (NORTHERN MINDANAO),BUKIDNON,15-24,M,S,Y,A,1
2019,11,48,REGION XIII (CARAGA),AGUSAN DEL SUR,5-14,M,S,Y,A,1
2019,11,48,REGION XIII (CARAGA),AGUSAN DEL SUR,65+,F,S,Y,A,1
2019,11,48,REGION XIII (CARAGA),SURIGAO DEL SUR,15-24,F,S,Y,A,1
2019,11,48,REGION XIII (CARAGA),SURIGAO DEL SUR,15-24,M,S,Y,A,2
2019,11,48,REGION XIII (CARAGA),SURIGAO DEL SUR,25-64,F,S,Y,A,3
2019,11,48,REGION XIII (CARAGA),SURIGAO DEL SUR,25-64,M,S,Y,A,4
2019,11,48,REGION XIII (CARAGA),SURIGAO DEL SUR,5-14,F,S,Y,A,3
2019,11,48,REGION XIII (CARAGA),SURIGAO DEL SUR,5-14,M,S,Y,A,4
2019,11,48,REGION XIII (CARAGA),SURIGAO DEL SUR,65+,F,S,Y,A,2
2019,11,49,REGION V (BICOL REGION),MASBATE,65+,F,S,Y,A,1
2019,11,49,REGION V (BICOL REGION),SORSOGON,25-64,F,S,Y,A,1
2019,11,49,REGION V (BICOL REGION),SORSOGON,25-64,M,S,Y,A,1
2019,11,49,REGION VIII (EASTERN VISAYAS),BILIRAN,25-64,F,S,Y,A,1
2019,11,49,REGION VIII (EASTERN VISAYAS),SAMAR,25-64,M,S,Y,A,1
2019,11,49,REGION VIII (EASTERN VISAYAS),SOUTHERN LEYTE,25-64,F,S,Y,A,1
2019,11,49,REGION XIII (CARAGA),SURIGAO DEL SUR,15-24,M,S,Y,A,1
2019,11,49,REGION XIII (CARAGA),SURIGAO DEL SUR,25-64,F,S,Y,A,2
2019,11,49,REGION XIII (CARAGA),SURIGAO DEL SUR,25-64,M,S,Y,A,1
2019,11,49,REGION XIII (CARAGA),SURIGAO DEL SUR,5-14,F,S,Y,A,1
2019,11,49,REGION XIII (CARAGA),SURIGAO DEL SUR,65+,F,S,Y,A,1
2019,12,49,REGION V (BICOL REGION),MASBATE,5-14,M,S,Y,A,2
2019,12,49,REGION V (BICOL REGION),SORSOGON,25-64,F,S,Y,A,1
2019,12,49,REGION V (BICOL REGION),SORSOGON,25-64,M,S,Y,A,1
2019,12,49,REGION V (BICOL REGION),SORSOGON,5-14,F,S,Y,A,1
2019,12,49,REGION VIII (EASTERN VISAYAS),BILIRAN,15-24,M,S,Y,A,1
2019,12,49,REGION VIII (EASTERN VISAYAS),BILIRAN,25-64,F,S,Y,A,5
2019,12,49,REGION VIII (EASTERN VISAYAS),BILIRAN,5-14,M,S,Y,A,2
2019,12,49,REGION VIII (EASTERN VISAYAS),LEYTE,25-64,M,S,Y,A,2
2019,12,49,REGION VIII (EASTERN VISAYAS),LEYTE,5-14,M,S,Y,A,1
2019,12,49,REGION VIII (EASTERN VISAYAS),LEYTE,65+,F,S,Y,A,1
2019,12,49,REGION VIII (EASTERN VISAYAS),SAMAR,15-24,F,S,Y,A,2
2019,12,49,REGION VIII (EASTERN VISAYAS),SAMAR,5-14,F,S,Y,A,3
2019,12,49,REGION VIII (EASTERN VISAYAS),SAMAR,5-14,M,S,Y,A,5
2019,12,49,REGION VIII (EASTERN VISAYAS),SAMAR,65+,F,S,Y,A,1
2019,12,49,REGION VIII (EASTERN VISAYAS),SOUTHERN LEYTE,25-64,F,S,Y,A,1
2019,12,49,REGION VIII (EASTERN VISAYAS),SOUTHERN LEYTE,5-14,F,S,Y,A,2
2019,12,49,REGION VIII (EASTERN VISAYAS),SOUTHERN LEYTE,65+,F,S,Y,A,1
2019,12,49,REGION XIII (CARAGA),DINAGAT ISLANDS,25-64,M,S,Y,A,1
2019,12,49,REGION XIII (CARAGA),SURIGAO DEL NORTE,25-64,M,S,Y,A,1
2019,12,49,REGION XIII (CARAGA),SURIGAO DEL SUR,15-24,M,S,Y,A,1
2019,12,49,REGION XIII (CARAGA),SURIGAO DEL SUR,25-64,F,S,Y,A,3
2019,12,49,REGION XIII (CARAGA),SURIGAO DEL SUR,5-14,F,S,Y,A,2
2019,12,49,REGION XIII (CARAGA),SURIGAO DEL SUR,65+,M,S,Y,A,1
2019,12,50,REGION V (BICOL REGION),SORSOGON,15-24,F,S,Y,A,1
2019,12,50,REGION V (BICOL REGION),SORSOGON,15-24,M,S,Y,A,1
2019,12,50,REGION V (BICOL REGION),SORSOGON,25-64,F,S,Y,A,2
2019,12,50,REGION V (BICOL REGION),SORSOGON,65+,F,S,Y,A,2
2019,12,50,REGION V (BICOL REGION),SORSOGON,65+,M,S,Y,A,1
2019,12,50,REGION VIII (EASTERN VISAYAS),BILIRAN,25-64,M,S,Y,A,1
2019,12,50,REGION VIII (EASTERN VISAYAS),BILIRAN,65+,F,S,Y,A,1
2019,12,50,REGION VIII (EASTERN VISAYAS),CITY OF TACLOBAN,15-24,F,S,Y,A,1
2019,12,50,REGION VIII (EASTERN VISAYAS),EASTERN SAMAR,25-64,M,S,Y,A,1
2019,12,50,REGION VIII (EASTERN VISAYAS),EASTERN SAMAR,5-14,F,S,Y,A,1
2019,12,50,REGION VIII (EASTERN VISAYAS),LEYTE,15-24,F,S,Y,A,1
2019,12,50,REGION VIII (EASTERN VISAYAS),LEYTE,25-64,F,S,Y,A,1
2019,12,50,REGION VIII (EASTERN VISAYAS),LEYTE,5-14,F,S,Y,A,1
2019,12,50,REGION VIII (EASTERN VISAYAS),LEYTE,5-14,M,S,Y,A,4
2019,12,50,REGION VIII (EASTERN VISAYAS),SAMAR,15-24,F,S,Y,A,1
2019,12,50,REGION VIII (EASTERN VISAYAS),SAMAR,25-64,M,S,Y,A,3
2019,12,50,REGION VIII (EASTERN VISAYAS),SAMAR,5-14,F,S,Y,A,1
2019,12,50,REGION VIII (EASTERN VISAYAS),SAMAR,65+,M,S,Y,A,1
2019,12,50,REGION VIII (EASTERN VISAYAS),SOUTHERN LEYTE,5-14,M,S,Y,A,1
2019,12,50,REGION XIII (CARAGA),SURIGAO DEL NORTE,65+,M,S,Y,A,1
2019,12,50,REGION XIII (CARAGA),SURIGAO DEL SUR,15-24,M,S,Y,A,1
2019,12,50,REGION XIII (CARAGA),SURIGAO DEL SUR,25-64,F,S,Y,A,2
2019,12,50,REGION XIII (CARAGA),SURIGAO DEL SUR,5-14,F,S,Y,A,2
2019,12,50,REGION XIII (CARAGA),SURIGAO DEL SUR,65+,F,S,Y,A,1
2019,12,50,REGION XIII (CARAGA),SURIGAO DEL SUR,65+,M,S,Y,A,1
2019,12,51,REGION V (BICOL REGION),MASBATE,15-24,F,S,Y,A,2
2019,12,51,REGION V (BICOL REGION),MASBATE,15-24,M,S,Y,A,1
2019,12,51,REGION V (BICOL REGION),MASBATE,25-64,F,S,Y,A,2
2019,12,51,REGION V (BICOL REGION),MASBATE,25-64,M,S,Y,A,2
2019,12,51,REGION V (BICOL REGION),SORSOGON,15-24,M,S,Y,A,1
2019,12,51,REGION V (BICOL REGION),SORSOGON,25-64,F,S,Y,A,3
2019,12,51,REGION V (BICOL REGION),SORSOGON,5-14,F,S,Y,A,3
2019,12,51,REGION V (BICOL REGION),SORSOGON,5-14,M,S,Y,A,2
2019,12,51,REGION VIII (EASTERN VISAYAS),BILIRAN,25-64,F,S,Y,A,2
2019,12,51,REGION VIII (EASTERN VISAYAS),BILIRAN,5-14,M,S,Y,A,1
2019,12,51,REGION VIII (EASTERN VISAYAS),CITY OF TACLOBAN,5-14,M,S,Y,A,1
2019,12,51,REGION VIII (EASTERN VISAYAS),LEYTE,25-64,M,S,Y,A,1
2019,12,51,REGION VIII (EASTERN VISAYAS),LEYTE,5-14,F,S,Y,A,1
2019,12,51,REGION VIII (EASTERN VISAYAS),SAMAR,15-24,M,S,Y,A,1
2019,12,51,REGION VIII (EASTERN VISAYAS),SAMAR,25-64,F,S,Y,A,1
2019,12,51,REGION VIII (EASTERN VISAYAS),SAMAR,25-64,M,S,Y,A,2
2019,12,51,REGION VIII (EASTERN VISAYAS),SAMAR,5-14,M,S,Y,A,2
2019,12,51,REGION VIII (EASTERN VISAYAS),SAMAR,65+,F,S,Y,A,1
2019,12,51,REGION VIII (EASTERN VISAYAS),SOUTHERN LEYTE,5-14,M,S,Y,A,1
2019,12,51,REGION XIII (CARAGA),DINAGAT ISLANDS,5-14,M,S,Y,A,1
2019,12,51,REGION XIII (CARAGA),SURIGAO DEL SUR,15-24,F,S,Y,A,2
2019,12,51,REGION XIII (CARAGA),SURIGAO DEL SUR,15-24,M,S,Y,A,1
2019,12,51,REGION XIII (CARAGA),SURIGAO DEL SUR,25-64,F,S,Y,A,3
2019,12,51,REGION XIII (CARAGA),SURIGAO DEL SUR,25-64,M,S,Y,A,2
2019,12,51,REGION XIII (CARAGA),SURIGAO DEL SUR,5-14,M,S,Y,A,1
2019,12,51,REGION XIII (CARAGA),SURIGAO DEL SUR,65+,F,S,Y,A,1
2019,12,51,REGION XIII (CARAGA),SURIGAO DEL SUR,65+,M,S,Y,A,1
2019,12,52,REGION V (BICOL REGION),CAMARINES SUR,25-64,F,S,Y,A,1
2019,12,52,REGION V (BICOL REGION),MASBATE,15-24,F,S,Y,A,1
2019,12,52,REGION V (BICOL REGION),MASBATE,25-64,F,S,Y,A,3
2019,12,52,REGION V (BICOL REGION),MASBATE,25-64,M,S,Y,A,4
2019,12,52,REGION V (BICOL REGION),MASBATE,5-14,F,S,Y,A,1
2019,12,52,REGION V (BICOL REGION),MASBATE,65+,M,S,Y,A,1
2019,12,52,REGION V (BICOL REGION),SORSOGON,15-24,F,S,Y,A,2
2019,12,52,REGION V (BICOL REGION),SORSOGON,25-64,F,S,Y,A,2
2019,12,52,REGION V (BICOL REGION),SORSOGON,25-64,M,S,Y,A,1
2019,12,52,REGION V (BICOL REGION),SORSOGON,5-14,F,S,Y,A,1
2019,12,52,REGION V (BICOL REGION),SORSOGON,5-14,M,S,Y,A,1
2019,12,52,REGION V (BICOL REGION),SORSOGON,65+,F,S,Y,A,1
2019,12,52,REGION V (BICOL REGION),SORSOGON,65+,M,S,Y,A,4
2019,12,52,REGION VIII (EASTERN VISAYAS),EASTERN SAMAR,15-24,M,S,Y,A,1
2019,12,52,REGION VIII (EASTERN VISAYAS),EASTERN SAMAR,5-14,F,S,Y,A,1
2019,12,52,REGION VIII (EASTERN VISAYAS),LEYTE,25-64,F,S,Y,A,4
2019,12,52,REGION VIII (EASTERN VISAYAS),LEYTE,5-14,M,S,Y,A,1
2019,12,52,REGION XIII (CARAGA),AGUSAN DEL SUR,25-64,F,S,Y,A,1
2019,12,52,REGION XIII (CARAGA),SURIGAO DEL NORTE,5-14,M,S,Y,A,2
2019,12,52,REGION XIII (CARAGA),SURIGAO DEL SUR,15-24,F,S,Y,A,3
2019,12,52,REGION XIII (CARAGA),SURIGAO DEL SUR,15-24,M,S,Y,A,2
2019,12,52,REGION XIII (CARAGA),SURIGAO DEL SUR,25-64,F,S,Y,A,7
2019,12,52,REGION XIII (CARAGA),SURIGAO DEL SUR,25-64,M,S,Y,A,6
2019,12,52,REGION XIII (CARAGA),SURIGAO DEL SUR,5-14,F,S,Y,A,1
2019,12,52,REGION XIII (CARAGA),SURIGAO DEL SUR,65+,F,S,Y,A,2
2019,12,52,REGION XIII (CARAGA),SURIGAO DEL SUR,65+,M,S,Y,A,2
2020,1,1,REGION V (BICOL REGION),CAMARINES SUR,25-64,F,S,Y,A,1
2020,1,1,REGION V (BICOL REGION),MASBATE,15-24,F,S,Y,A,1
2020,1,1,REGION V (BICOL REGION),MASBATE,25-64,F,S,Y,A,1
2020,1,1,REGION V (BICOL REGION),MASBATE,25-64,M,S,Y,A,2
2020,1,1,REGION V (BICOL REGION),MASBATE,5-14,M,S,Y,A,1
2020,1,1,REGION V (BICOL REGION),MASBATE,65+,M,S,Y,A,1
2020,1,1,REGION V (BICOL REGION),SORSOGON,15-24,M,S,Y,A,1
2020,1,1,REGION V (BICOL REGION),SORSOGON,25-64,M,S,Y,A,1
2020,1,1,REGION V (BICOL REGION),SORSOGON,5-14,M,S,Y,A,2
2020,1,1,REGION VIII (EASTERN VISAYAS),BILIRAN,15-24,F,S,Y,A,1
2020,1,1,REGION VIII (EASTERN VISAYAS),BILIRAN,15-24,M,S,Y,A,1
2020,1,1,REGION VIII (EASTERN VISAYAS),BILIRAN,25-64,F,S,Y,A,2
2020,1,1,REGION VIII (EASTERN VISAYAS),BILIRAN,25-64,M,S,Y,A,3
2020,1,1,REGION VIII (EASTERN VISAYAS),BILIRAN,5-14,F,S,Y,A,1
2020,1,1,REGION VIII (EASTERN VISAYAS),BILIRAN,5-14,M,S,Y,A,2
2020,1,1,REGION VIII (EASTERN VISAYAS),BILIRAN,65+,M,S,Y,A,1
2020,1,1,REGION VIII (EASTERN VISAYAS),CITY OF TACLOBAN,15-24,M,S,Y,A,1
2020,1,1,REGION VIII (EASTERN VISAYAS),CITY OF TACLOBAN,25-64,M,S,Y,A,2
2020,1,1,REGION VIII (EASTERN VISAYAS),EASTERN SAMAR,15-24,F,S,Y,A,5
2020,1,1,REGION VIII (EASTERN VISAYAS),EASTERN SAMAR,15-24,M,S,Y,A,3
2020,1,1,REGION VIII (EASTERN VISAYAS),EASTERN SAMAR,25-64,F,S,Y,A,5
2020,1,1,REGION VIII (EASTERN VISAYAS),EASTERN SAMAR,25-64,M,S,Y,A,3
2020,1,1,REGION VIII (EASTERN VISAYAS),EASTERN SAMAR,5-14,F,S,Y,A,5
2020,1,1,REGION VIII (EASTERN VISAYAS),EASTERN SAMAR,5-14,M,S,Y,A,3
2020,1,1,REGION VIII (EASTERN VISAYAS),EASTERN SAMAR,65+,F,S,Y,A,2
2020,1,1,REGION VIII (EASTERN VISAYAS),EASTERN SAMAR,65+,M,S,Y,A,1
2020,1,1,REGION VIII (EASTERN VISAYAS),LEYTE,15-24,F,S,Y,A,3
2020,1,1,REGION VIII (EASTERN VISAYAS),LEYTE,15-24,M,S,Y,A,1
2020,1,1,REGION VIII (EASTERN VISAYAS),LEYTE,25-64,F,S,Y,A,1
2020,1,1,REGION VIII (EASTERN VISAYAS),LEYTE,25-64,M,S,Y,A,1
2020,1,1,REGION VIII (EASTERN VISAYAS),LEYTE,5-14,F,S,Y,A,1
2020,1,1,REGION VIII (EASTERN VISAYAS),LEYTE,65+,F,S,Y,A,1
2020,1,1,REGION VIII (EASTERN VISAYAS),SAMAR,15-24,F,S,Y,A,3
2020,1,1,REGION VIII (EASTERN VISAYAS),SAMAR,15-24,M,S,Y,A,1
2020,1,1,REGION VIII (EASTERN VISAYAS),SAMAR,25-64,F,S,Y,A,5
2020,1,1,REGION VIII (EASTERN VISAYAS),SAMAR,25-64,M,S,Y,A,7
2020,1,1,REGION VIII (EASTERN VISAYAS),SAMAR,5-14,F,S,Y,A,2
2020,1,1,REGION VIII (EASTERN VISAYAS),SAMAR,5-14,M,S,Y,A,5
2020,1,1,REGION VIII (EASTERN VISAYAS),SAMAR,65+,F,S,Y,A,1
2020,1,1,REGION VIII (EASTERN VISAYAS),SAMAR,65+,M,S,Y,A,1
2020,1,1,REGION VIII (EASTERN VISAYAS),SOUTHERN LEYTE,25-64,F,S,Y,A,1
2020,1,1,REGION VIII (EASTERN VISAYAS),SOUTHERN LEYTE,25-64,M,S,Y,A,1
2020,1,1,REGION VIII (EASTERN VISAYAS),SOUTHERN LEYTE,65+,F,S,Y,A,1
2020,1,1,REGION XIII (CARAGA),SURIGAO DEL NORTE,25-64,M,S,Y,A,1
2020,1,1,REGION XIII (CARAGA),SURIGAO DEL SUR,15-24,F,S,Y,A,1
2020,1,1,REGION XIII (CARAGA),SURIGAO DEL SUR,15-24,M,S,Y,A,1
2020,1,1,REGION XIII (CARAGA),SURIGAO DEL SUR,25-64,F,S,Y,A,3
2020,1,1,REGION XIII (CARAGA),SURIGAO DEL SUR,25-64,M,S,Y,A,4
2020,1,1,REGION XIII (CARAGA),SURIGAO DEL SUR,5-14,F,S,Y,A,1
2020,1,1,REGION XIII (CARAGA),SURIGAO DEL SUR,5-14,M,S,Y,A,1
2020,1,1,REGION XIII (CARAGA),SURIGAO DEL SUR,65+,F,S,Y,A,1
2020,1,1,REGION XIII (CARAGA),SURIGAO DEL SUR,65+,M,S,Y,A,1
2020,1,2,REGION V (BICOL REGION),MASBATE,15-24,M,S,Y,A,1
2020,1,2,REGION V (BICOL REGION),MASBATE,5-14,F,S,Y,A,2
2020,1,2,REGION V (BICOL REGION),SORSOGON,15-24,F,S,Y,A,1
2020,1,2,REGION V (BICOL REGION),SORSOGON,5-14,F,S,Y,A,1
2020,1,2,REGION V (BICOL REGION),SORSOGON,5-14,M,S,Y,A,3
2020,1,2,REGION V (BICOL REGION),SORSOGON,65+,F,S,Y,A,1
2020,1,2,REGION VIII (EASTERN VISAYAS),BILIRAN,15-24,F,S,Y,A,1
2020,1,2,REGION VIII (EASTERN VISAYAS),BILIRAN,25-64,F,S,Y,A,1
2020,1,2,REGION VIII (EASTERN VISAYAS),BILIRAN,25-64,M,S,Y,A,3
2020,1,2,REGION VIII (EASTERN VISAYAS),BILIRAN,5-14,F,S,Y,A,3
2020,1,2,REGION VIII (EASTERN VISAYAS),BILIRAN,5-14,M,S,Y,A,1
2020,1,2,REGION VIII (EASTERN VISAYAS),CITY OF TACLOBAN,15-24,F,S,Y,A,1
2020,1,2,REGION VIII (EASTERN VISAYAS),CITY OF TACLOBAN,25-64,F,S,Y,A,1
2020,1,2,REGION VIII (EASTERN VISAYAS),CITY OF TACLOBAN,25-64,M,S,Y,A,1
2020,1,2,REGION VIII (EASTERN VISAYAS),CITY OF TACLOBAN,5-14,F,S,Y,A,2
2020,1,2,REGION VIII (EASTERN VISAYAS),CITY OF TACLOBAN,5-14,M,S,Y,A,2
2020,1,2,REGION VIII (EASTERN VISAYAS),EASTERN SAMAR,15-24,F,S,Y,A,2
2020,1,2,REGION VIII (EASTERN VISAYAS),EASTERN SAMAR,25-64,F,S,Y,A,3
2020,1,2,REGION VIII (EASTERN VISAYAS),EASTERN SAMAR,25-64,M,S,Y,A,1
2020,1,2,REGION VIII (EASTERN VISAYAS),EASTERN SAMAR,5-14,F,S,Y,A,1
2020,1,2,REGION VIII (EASTERN VISAYAS),EASTERN SAMAR,5-14,M,S,Y,A,1
2020,1,2,REGION VIII (EASTERN VISAYAS),LEYTE,15-24,F,S,Y,A,1
2020,1,2,REGION VIII (EASTERN VISAYAS),LEYTE,25-64,F,S,Y,A,3
2020,1,2,REGION VIII (EASTERN VISAYAS),LEYTE,25-64,M,S,Y,A,3
2020,1,2,REGION VIII (EASTERN VISAYAS),LEYTE,5-14,F,S,Y,A,1
2020,1,2,REGION VIII (EASTERN VISAYAS),LEYTE,5-14,M,S,Y,A,6
2020,1,2,REGION VIII (EASTERN VISAYAS),LEYTE,65+,F,S,Y,A,2
2020,1,2,REGION VIII (EASTERN VISAYAS),LEYTE,65+,M,S,Y,A,3
2020,1,2,REGION VIII (EASTERN VISAYAS),SAMAR,15-24,F,S,Y,A,3
2020,1,2,REGION VIII (EASTERN VISAYAS),SAMAR,15-24,M,S,Y,A,1
2020,1,2,REGION VIII (EASTERN VISAYAS),SAMAR,25-64,F,S,Y,A,5
2020,1,2,REGION VIII (EASTERN VISAYAS),SAMAR,25-64,M,S,Y,A,5
2020,1,2,REGION VIII (EASTERN VISAYAS),SAMAR,5-14,F,S,Y,A,2
2020,1,2,REGION VIII (EASTERN VISAYAS),SAMAR,5-14,M,S,Y,A,1
2020,1,2,REGION VIII (EASTERN VISAYAS),SAMAR,65+,F,S,Y,A,2
2020,1,2,REGION VIII (EASTERN VISAYAS),SAMAR,65+,M,S,Y,A,1
2020,1,2,REGION VIII (EASTERN VISAYAS),SOUTHERN LEYTE,15-24,F,S,Y,A,1
2020,1,2,REGION VIII (EASTERN VISAYAS),SOUTHERN LEYTE,65+,F,S,Y,A,2
2020,1,2,REGION VIII (EASTERN VISAYAS),SOUTHERN LEYTE,65+,M,S,Y,A,1
2020,1,2,REGION XIII (CARAGA),CITY OF BUTUAN,5-14,F,S,Y,A,1
2020,1,2,REGION XIII (CARAGA),SURIGAO DEL SUR,15-24,F,S,Y,A,1
2020,1,2,REGION XIII (CARAGA),SURIGAO DEL SUR,15-24,M,S,Y,A,1
2020,1,2,REGION XIII (CARAGA),SURIGAO DEL SUR,25-64,F,S,Y,A,3
2020,1,2,REGION XIII (CARAGA),SURIGAO DEL SUR,25-64,M,S,Y,A,4
2020,1,2,REGION XIII (CARAGA),SURIGAO DEL SUR,5-14,F,S,Y,A,3
2020,1,3,REGION V (BICOL REGION),MASBATE,15-24,M,S,Y,A,1
2020,1,3,REGION V (BICOL REGION),MASBATE,25-64,F,S,Y,A,3
2020,1,3,REGION V (BICOL REGION),MASBATE,25-64,M,S,Y,A,1
2020,1,3,REGION V (BICOL REGION),MASBATE,5-14,M,S,Y,A,1
2020,1,3,REGION V (BICOL REGION),MASBATE,65+,F,S,Y,A,3
2020,1,3,REGION V (BICOL REGION),SORSOGON,15-24,F,S,Y,A,1
2020,1,3,REGION V (BICOL REGION),SORSOGON,25-64,M,S,Y,A,2
2020,1,3,REGION V (BICOL REGION),SORSOGON,5-14,M,S,Y,A,2
2020,1,3,REGION VIII (EASTERN VISAYAS),BILIRAN,15-24,M,S,Y,A,1
2020,1,3,REGION VIII (EASTERN VISAYAS),BILIRAN,25-64,F,S,Y,A,1
2020,1,3,REGION VIII (EASTERN VISAYAS),BILIRAN,5-14,F,S,Y,A,1
2020,1,3,REGION VIII (EASTERN VISAYAS),BILIRAN,5-14,M,S,Y,A,2
2020,1,3,REGION VIII (EASTERN VISAYAS),EASTERN SAMAR,15-24,F,S,Y,A,2
2020,1,3,REGION VIII (EASTERN VISAYAS),EASTERN SAMAR,15-24,M,S,Y,A,1
2020,1,3,REGION VIII (EASTERN VISAYAS),EASTERN SAMAR,25-64,F,S,Y,A,2
2020,1,3,REGION VIII (EASTERN VISAYAS),EASTERN SAMAR,25-64,M,S,Y,A,3
2020,1,3,REGION VIII (EASTERN VISAYAS),EASTERN SAMAR,5-14,F,S,Y,A,4
2020,1,3,REGION VIII (EASTERN VISAYAS),EASTERN SAMAR,5-14,M,S,Y,A,1
2020,1,3,REGION VIII (EASTERN VISAYAS),LEYTE,15-24,F,S,Y,A,1
2020,1,3,REGION VIII (EASTERN VISAYAS),LEYTE,15-24,M,S,Y,A,1
2020,1,3,REGION VIII (EASTERN VISAYAS),LEYTE,25-64,F,S,Y,A,1
2020,1,3,REGION VIII (EASTERN VISAYAS),LEYTE,25-64,M,S,Y,A,1
2020,1,3,REGION VIII (EASTERN VISAYAS),LEYTE,5-14,M,S,Y,A,2
2020,1,3,REGION VIII (EASTERN VISAYAS),LEYTE,65+,F,S,Y,A,3
2020,1,3,REGION VIII (EASTERN VISAYAS),LEYTE,65+,M,S,Y,A,1
2020,1,3,REGION VIII (EASTERN VISAYAS),SAMAR,15-24,M,S,Y,A,1
2020,1,3,REGION VIII (EASTERN VISAYAS),SAMAR,25-64,F,S,Y,A,2
2020,1,3,REGION VIII (EASTERN VISAYAS),SAMAR,5-14,F,S,Y,A,2
2020,1,3,REGION VIII (EASTERN VISAYAS),SAMAR,65+,F,S,Y,A,1
2020,1,3,REGION VIII (EASTERN VISAYAS),SOUTHERN LEYTE,15-24,F,S,Y,A,1
2020,1,3,REGION VIII (EASTERN VISAYAS),SOUTHERN LEYTE,15-24,M,S,Y,A,1
2020,1,3,REGION VIII (EASTERN VISAYAS),SOUTHERN LEYTE,25-64,M,S,Y,A,3
2020,1,3,REGION XIII (CARAGA),AGUSAN DEL SUR,25-64,F,S,Y,A,1
2020,1,3,REGION XIII (CARAGA),AGUSAN DEL SUR,25-64,M,S,Y,A,1
2020,1,3,REGION XIII (CARAGA),CITY OF BUTUAN,5-14,M,S,Y,A,1
2020,1,3,REGION XIII (CARAGA),SURIGAO DEL SUR,15-24,F,S,Y,A,1
2020,1,3,REGION XIII (CARAGA),SURIGAO DEL SUR,15-24,M,S,Y,A,1
2020,1,3,REGION XIII (CARAGA),SURIGAO DEL SUR,25-64,F,S,Y,A,9
2020,1,3,REGION XIII (CARAGA),SURIGAO DEL SUR,25-64,M,S,Y,A,6
2020,1,3,REGION XIII (CARAGA),SURIGAO DEL SUR,5-14,F,S,Y,A,2
2020,1,3,REGION XIII (CARAGA),SURIGAO DEL SUR,5-14,M,S,Y,A,2
2020,1,3,REGION XIII (CARAGA),SURIGAO DEL SUR,65+,F,S,Y,A,2
2020,1,3,REGION XIII (CARAGA),SURIGAO DEL SUR,65+,M,S,Y,A,2
2020,1,4,REGION V (BICOL REGION),CAMARINES SUR,25-64,M,S,Y,A,1
2020,1,4,REGION V (BICOL REGION),MASBATE,25-64,F,S,Y,A,1
2020,1,4,REGION V (BICOL REGION),SORSOGON,5-14,M,S,Y,A,1
2020,1,4,REGION VIII (EASTERN VISAYAS),BILIRAN,15-24,M,S,Y,A,1
2020,1,4,REGION VIII (EASTERN VISAYAS),BILIRAN,25-64,F,S,Y,A,1
2020,1,4,REGION VIII (EASTERN VISAYAS),BILIRAN,65+,F,S,Y,A,2
2020,1,4,REGION VIII (EASTERN VISAYAS),CITY OF TACLOBAN,15-24,F,S,Y,A,3
2020,1,4,REGION VIII (EASTERN VISAYAS),CITY OF TACLOBAN,15-24,M,S,Y,A,1
2020,1,4,REGION VIII (EASTERN VISAYAS),CITY OF TACLOBAN,5-14,F,S,Y,A,1
2020,1,4,REGION VIII (EASTERN VISAYAS),EASTERN SAMAR,15-24,F,S,Y,A,1
2020,1,4,REGION VIII (EASTERN VISAYAS),EASTERN SAMAR,15-24,M,S,Y,A,2
2020,1,4,REGION VIII (EASTERN VISAYAS),EASTERN SAMAR,25-64,F,S,Y,A,1
2020,1,4,REGION VIII (EASTERN VISAYAS),EASTERN SAMAR,25-64,M,S,Y,A,2
2020,1,4,REGION VIII (EASTERN VISAYAS),EASTERN SAMAR,5-14,F,S,Y,A,4
2020,1,4,REGION VIII (EASTERN VISAYAS),EASTERN SAMAR,5-14,M,S,Y,A,2
2020,1,4,REGION VIII (EASTERN VISAYAS),EASTERN SAMAR,65+,M,S,Y,A,1
2020,1,4,REGION VIII (EASTERN VISAYAS),LEYTE,15-24,M,S,Y,A,1
2020,1,4,REGION VIII (EASTERN VISAYAS),LEYTE,25-64,F,S,Y,A,1
2020,1,4,REGION VIII (EASTERN VISAYAS),LEYTE,25-64,M,S,Y,A,1
2020,1,4,REGION VIII (EASTERN VISAYAS),LEYTE,5-14,F,S,Y,A,1
2020,1,4,REGION VIII (EASTERN VISAYAS),LEYTE,5-14,M,S,Y,A,1
2020,1,4,REGION VIII (EASTERN VISAYAS),SAMAR,15-24,M,S,Y,A,4
2020,1,4,REGION VIII (EASTERN VISAYAS),SAMAR,25-64,F,S,Y,A,2
2020,1,4,REGION VIII (EASTERN VISAYAS),SAMAR,25-64,M,S,Y,A,3
2020,1,4,REGION VIII (EASTERN VISAYAS),SAMAR,5-14,F,S,Y,A,1
2020,1,4,REGION VIII (EASTERN VISAYAS),SAMAR,5-14,M,S,Y,A,1
2020,1,4,REGION VIII (EASTERN VISAYAS),SAMAR,65+,M,S,Y,A,1
2020,1,4,REGION VIII (EASTERN VISAYAS),SOUTHERN LEYTE,15-24,F,S,Y,A,1
2020,1,4,REGION VIII (EASTERN VISAYAS),SOUTHERN LEYTE,25-64,F,S,Y,A,2
2020,1,4,REGION VIII (EASTERN VISAYAS),SOUTHERN LEYTE,25-64,M,S,Y,A,3
2020,1,4,REGION VIII (EASTERN VISAYAS),SOUTHERN LEYTE,5-14,M,S,Y,A,1
2020,1,4,REGION VIII (EASTERN VISAYAS),SOUTHERN LEYTE,65+,F,S,Y,A,1
2020,1,4,REGION XIII (CARAGA),AGUSAN DEL SUR,15-24,F,S,Y,A,1
2020,1,4,REGION XIII (CARAGA),AGUSAN DEL SUR,5-14,F,S,Y,A,1
2020,1,4,REGION XIII (CARAGA),CITY OF BUTUAN,25-64,M,S,Y,A,1
2020,1,4,REGION XIII (CARAGA),CITY OF BUTUAN,65+,M,S,Y,A,1
2020,1,4,REGION XIII (CARAGA),SURIGAO DEL SUR,15-24,F,S,Y,A,2
2020,1,4,REGION XIII (CARAGA),SURIGAO DEL SUR,15-24,M,S,Y,A,4
2020,1,4,REGION XIII (CARAGA),SURIGAO DEL SUR,25-64,F,S,Y,A,6
2020,1,4,REGION XIII (CARAGA),SURIGAO DEL SUR,25-64,M,S,Y,A,4
2020,1,4,REGION XIII (CARAGA),SURIGAO DEL SUR,5-14,F,S,Y,A,4
2020,1,4,REGION XIII (CARAGA),SURIGAO DEL SUR,5-14,M,S,Y,A,1
2020,1,4,REGION XIII (CARAGA),SURIGAO DEL SUR,65+,F,S,Y,A,4
2020,1,4,REGION XIII (CARAGA),SURIGAO DEL SUR,65+,M,S,Y,A,2
2020,1,5,REGION VIII (EASTERN VISAYAS),BILIRAN,15-24,M,S,Y,A,1
2020,1,5,REGION VIII (EASTERN VISAYAS),BILIRAN,5-14,M,S,Y,A,1
2020,1,5,REGION VIII (EASTERN VISAYAS),BILIRAN,65+,F,S,Y,A,1
2020,1,5,REGION VIII (EASTERN VISAYAS),CITY OF TACLOBAN,25-64,F,S,Y,A,1
2020,1,5,REGION VIII (EASTERN VISAYAS),CITY OF TACLOBAN,65+,F,S,Y,A,1
2020,1,5,REGION VIII (EASTERN VISAYAS),EASTERN SAMAR,5-14,F,S,Y,A,1
2020,1,5,REGION VIII (EASTERN VISAYAS),EASTERN SAMAR,5-14,M,S,Y,A,1
2020,1,5,REGION VIII (EASTERN VISAYAS),LEYTE,25-64,M,S,Y,A,1
2020,1,5,REGION VIII (EASTERN VISAYAS),SOUTHERN LEYTE,25-64,F,S,Y,A,1
2020,1,5,REGION XIII (CARAGA),SURIGAO DEL SUR,15-24,F,S,Y,A,1
2020,1,5,REGION XIII (CARAGA),SURIGAO DEL SUR,25-64,F,S,Y,A,3
2020,1,5,REGION XIII (CARAGA),SURIGAO DEL SUR,5-14,F,S,Y,A,1
2020,1,5,REGION XIII (CARAGA),SURIGAO DEL SUR,5-14,M,S,Y,A,1
2020,1,9,REGION VIII (EASTERN VISAYAS),SOUTHERN LEYTE,25-64,F,S,Y,A,1
2020,1,52,REGION V (BICOL REGION),MASBATE,25-64,F,S,Y,A,1
2020,1,52,REGION V (BICOL REGION),MASBATE,5-14,F,S,Y,A,2
2020,1,52,REGION VII (CENTRAL VISAYAS),CEBU,5-14,M,C,Y,A,1
2020,1,52,REGION VIII (EASTERN VISAYAS),BILIRAN,25-64,M,S,Y,A,1
2020,1,52,REGION VIII (EASTERN VISAYAS),SAMAR,15-24,M,S,Y,A,1
2020,1,52,REGION VIII (EASTERN VISAYAS),SAMAR,25-64,M,S,Y,A,1
2020,1,52,REGION XI (DAVAO REGION),DAVAO OCCIDENTAL,5-14,M,S,Y,A,1
2020,2,5,REGION V (BICOL REGION),MASBATE,25-64,F,S,Y,A,1
2020,2,5,REGION V (BICOL REGION),SORSOGON,5-14,M,S,Y,A,1
2020,2,5,REGION V (BICOL REGION),SORSOGON,65+,F,S,Y,A,1
2020,2,5,REGION VIII (EASTERN VISAYAS),BILIRAN,15-24,F,S,Y,A,1
2020,2,5,REGION VIII (EASTERN VISAYAS),BILIRAN,15-24,M,S,Y,A,1
2020,2,5,REGION VIII (EASTERN VISAYAS),BILIRAN,25-64,F,S,Y,A,1
2020,2,5,REGION VIII (EASTERN VISAYAS),BILIRAN,5-14,M,S,Y,A,1
2020,2,5,REGION VIII (EASTERN VISAYAS),CITY OF TACLOBAN,25-64,F,S,Y,A,1
2020,2,5,REGION VIII (EASTERN VISAYAS),CITY OF TACLOBAN,65+,F,S,Y,A,1
2020,2,5,REGION VIII (EASTERN VISAYAS),EASTERN SAMAR,25-64,F,S,Y,A,1
2020,2,5,REGION VIII (EASTERN VISAYAS),EASTERN SAMAR,5-14,M,S,Y,A,1
2020,2,5,REGION VIII (EASTERN VISAYAS),LEYTE,5-14,M,S,Y,A,1
2020,2,5,REGION VIII (EASTERN VISAYAS),LEYTE,65+,F,S,Y,A,1
2020,2,5,REGION VIII (EASTERN VISAYAS),LEYTE,65+,M,S,Y,A,1
2020,2,5,REGION VIII (EASTERN VISAYAS),SAMAR,15-24,F,S,Y,A,1
2020,2,5,REGION VIII (EASTERN VISAYAS),SAMAR,15-24,M,S,Y,A,1
2020,2,5,REGION VIII (EASTERN VISAYAS),SAMAR,25-64,F,S,Y,A,6
2020,2,5,REGION VIII (EASTERN VISAYAS),SAMAR,65+,F,S,Y,A,1
2020,2,5,REGION VIII (EASTERN VISAYAS),SOUTHERN LEYTE,25-64,M,S,Y,A,1
2020,2,5,REGION VIII (EASTERN VISAYAS),SOUTHERN LEYTE,5-14,F,S,Y,A,1
2020,2,5,REGION VIII (EASTERN VISAYAS),SOUTHERN LEYTE,5-14,M,S,Y,A,1
2020,2,5,REGION XIII (CARAGA),AGUSAN DEL SUR,25-64,M,S,Y,A,1
2020,2,5,REGION XIII (CARAGA),SURIGAO DEL SUR,15-24,F,S,Y,A,1
2020,2,5,REGION XIII (CARAGA),SURIGAO DEL SUR,15-24,M,S,Y,A,1
2020,2,5,REGION XIII (CARAGA),SURIGAO DEL SUR,25-64,F,S,Y,A,1
2020,2,5,REGION XIII (CARAGA),SURIGAO DEL SUR,25-64,M,S,Y,A,1
2020,2,5,REGION XIII (CARAGA),SURIGAO DEL SUR,5-14,F,S,Y,A,3
2020,2,5,REGION XIII (CARAGA),SURIGAO DEL SUR,5-14,M,S,Y,A,3
2020,2,5,REGION XIII (CARAGA),SURIGAO DEL SUR,65+,F,S,Y,A,1
2020,2,6,REGION V (BICOL REGION),ALBAY,25-64,M,S,Y,A,1
2020,2,6,REGION V (BICOL REGION),CAMARINES SUR,25-64,F,S,Y,A,1
2020,2,6,REGION V (BICOL REGION),MASBATE,25-64,F,S,Y,A,1
2020,2,6,REGION V (BICOL REGION),MASBATE,65+,F,S,Y,A,1
2020,2,6,REGION V (BICOL REGION),SORSOGON,25-64,F,S,Y,A,2
2020,2,6,REGION V (BICOL REGION),SORSOGON,25-64,M,S,Y,A,1
2020,2,6,REGION VIII (EASTERN VISAYAS),BILIRAN,25-64,F,S,Y,A,1
2020,2,6,REGION VIII (EASTERN VISAYAS),BILIRAN,65+,F,S,Y,A,1
2020,2,6,REGION VIII (EASTERN VISAYAS),CITY OF TACLOBAN,25-64,F,S,Y,A,1
2020,2,6,REGION VIII (EASTERN VISAYAS),CITY OF TACLOBAN,5-14,F,S,Y,A,1
2020,2,6,REGION VIII (EASTERN VISAYAS),EASTERN SAMAR,15-24,F,S,Y,A,1
2020,2,6,REGION VIII (EASTERN VISAYAS),EASTERN SAMAR,15-24,M,S,Y,A,1
2020,2,6,REGION VIII (EASTERN VISAYAS),EASTERN SAMAR,25-64,F,S,Y,A,1
2020,2,6,REGION VIII (EASTERN VISAYAS),EASTERN SAMAR,25-64,M,S,Y,A,1
2020,2,6,REGION VIII (EASTERN VISAYAS),EASTERN SAMAR,5-14,F,S,Y,A,1
2020,2,6,REGION VIII (EASTERN VISAYAS),EASTERN SAMAR,5-14,M,S,Y,A,1
2020,2,6,REGION VIII (EASTERN VISAYAS),LEYTE,25-64,F,S,Y,A,3
2020,2,6,REGION VIII (EASTERN VISAYAS),LEYTE,25-64,M,S,Y,A,2
2020,2,6,REGION VIII (EASTERN VISAYAS),LEYTE,5-14,F,S,Y,A,1
2020,2,6,REGION VIII (EASTERN VISAYAS),LEYTE,65+,M,S,Y,A,1
2020,2,6,REGION VIII (EASTERN VISAYAS),SAMAR,15-24,F,S,Y,A,1
2020,2,6,REGION VIII (EASTERN VISAYAS),SAMAR,15-24,M,S,Y,A,1
2020,2,6,REGION VIII (EASTERN VISAYAS),SAMAR,25-64,F,S,Y,A,3
2020,2,6,REGION VIII (EASTERN VISAYAS),SAMAR,25-64,M,S,Y,A,5
2020,2,6,REGION VIII (EASTERN VISAYAS),SAMAR,5-14,F,S,Y,A,3
2020,2,6,REGION VIII (EASTERN VISAYAS),SAMAR,5-14,M,S,Y,A,3
2020,2,6,REGION VIII (EASTERN VISAYAS),SOUTHERN LEYTE,25-64,F,S,Y,A,1
2020,2,6,REGION VIII (EASTERN VISAYAS),SOUTHERN LEYTE,25-64,M,S,Y,A,1
2020,2,6,REGION XIII (CARAGA),CITY OF BUTUAN,5-14,F,S,Y,A,1
2020,2,6,REGION XIII (CARAGA),DINAGAT ISLANDS,25-64,F,S,Y,A,1
2020,2,6,REGION XIII (CARAGA),SURIGAO DEL NORTE,25-64,F,S,Y,A,2
2020,2,6,REGION XIII (CARAGA),SURIGAO DEL SUR,15-24,F,S,Y,A,2
2020,2,6,REGION XIII (CARAGA),SURIGAO DEL SUR,15-24,M,S,Y,A,1
2020,2,6,REGION XIII (CARAGA),SURIGAO DEL SUR,25-64,F,S,Y,A,4
2020,2,6,REGION XIII (CARAGA),SURIGAO DEL SUR,25-64,M,S,Y,A,3
2020,2,6,REGION XIII (CARAGA),SURIGAO DEL SUR,5-14,F,S,Y,A,1
2020,2,6,REGION XIII (CARAGA),SURIGAO DEL SUR,5-14,M,S,Y,A,4
2020,2,6,REGION XIII (CARAGA),SURIGAO DEL SUR,65+,F,S,Y,A,1
2020,2,6,REGION XIII (CARAGA),SURIGAO DEL SUR,65+,M,S,Y,A,2
2020,2,7,REGION V (BICOL REGION),MASBATE,15-24,M,S,Y,A,2
2020,2,7,REGION V (BICOL REGION),MASBATE,25-64,F,S,Y,A,1
2020,2,7,REGION V (BICOL REGION),MASBATE,25-64,M,S,Y,A,1
2020,2,7,REGION V (BICOL REGION),SORSOGON,15-24,F,S,Y,A,1
2020,2,7,REGION VIII (EASTERN VISAYAS),BILIRAN,15-24,M,S,Y,A,1
2020,2,7,REGION VIII (EASTERN VISAYAS),BILIRAN,25-64,F,S,Y,A,1
2020,2,7,REGION VIII (EASTERN VISAYAS),BILIRAN,5-14,M,S,Y,A,1
2020,2,7,REGION VIII (EASTERN VISAYAS),CITY OF TACLOBAN,15-24,F,S,Y,A,2
2020,2,7,REGION VIII (EASTERN VISAYAS),CITY OF TACLOBAN,25-64,F,S,Y,A,1
2020,2,7,REGION VIII (EASTERN VISAYAS),CITY OF TACLOBAN,65+,F,S,Y,A,1
2020,2,7,REGION VIII (EASTERN VISAYAS),EASTERN SAMAR,15-24,F,S,Y,A,1
2020,2,7,REGION VIII (EASTERN VISAYAS),EASTERN SAMAR,5-14,M,S,Y,A,1
2020,2,7,REGION VIII (EASTERN VISAYAS),EASTERN SAMAR,65+,F,S,Y,A,1
2020,2,7,REGION VIII (EASTERN VISAYAS),LEYTE,25-64,F,S,Y,A,1
2020,2,7,REGION VIII (EASTERN VISAYAS),LEYTE,5-14,F,S,Y,A,1
2020,2,7,REGION VIII (EASTERN VISAYAS),LEYTE,5-14,M,S,Y,A,1
2020,2,7,REGION VIII (EASTERN VISAYAS),LEYTE,65+,F,S,Y,A,1
2020,2,7,REGION VIII (EASTERN VISAYAS),LEYTE,65+,M,S,Y,A,1
2020,2,7,REGION VIII (EASTERN VISAYAS),SAMAR,15-24,F,S,Y,A,1
2020,2,7,REGION VIII (EASTERN VISAYAS),SAMAR,15-24,M,S,Y,A,1
2020,2,7,REGION VIII (EASTERN VISAYAS),SAMAR,25-64,F,S,Y,A,5
2020,2,7,REGION VIII (EASTERN VISAYAS),SAMAR,25-64,M,S,Y,A,5
2020,2,7,REGION VIII (EASTERN VISAYAS),SAMAR,5-14,M,S,Y,A,2
2020,2,7,REGION VIII (EASTERN VISAYAS),SAMAR,65+,F,S,Y,A,1
2020,2,7,REGION VIII (EASTERN VISAYAS),SAMAR,65+,M,S,Y,A,1
2020,2,7,REGION VIII (EASTERN VISAYAS),SOUTHERN LEYTE,15-24,M,S,Y,A,1
2020,2,7,REGION VIII (EASTERN VISAYAS),SOUTHERN LEYTE,25-64,F,S,Y,A,2
2020,2,7,REGION VIII (EASTERN VISAYAS),SOUTHERN LEYTE,5-14,F,S,Y,A,1
2020,2,7,REGION VIII (EASTERN VISAYAS),SOUTHERN LEYTE,65+,F,S,Y,A,1
2020,2,7,REGION XIII (CARAGA),CITY OF BUTUAN,5-14,M,S,Y,A,1
2020,2,7,REGION XIII (CARAGA),SURIGAO DEL NORTE,15-24,M,S,Y,A,1
2020,2,7,REGION XIII (CARAGA),SURIGAO DEL NORTE,25-64,F,S,Y,A,1
2020,2,7,REGION XIII (CARAGA),SURIGAO DEL NORTE,25-64,M,S,Y,A,1
2020,2,7,REGION XIII (CARAGA),SURIGAO DEL NORTE,65+,M,S,Y,A,1
2020,2,7,REGION XIII (CARAGA),SURIGAO DEL SUR,15-24,F,S,Y,A,2
2020,2,7,REGION XIII (CARAGA),SURIGAO DEL SUR,25-64,F,S,Y,A,2
2020,2,7,REGION XIII (CARAGA),SURIGAO DEL SUR,25-64,M,S,Y,A,7
2020,2,7,REGION XIII (CARAGA),SURIGAO DEL SUR,5-14,M,S,Y,A,4
2020,2,7,REGION XIII (CARAGA),SURIGAO DEL SUR,65+,F,S,Y,A,1
2020,2,7,REGION XIII (CARAGA),SURIGAO DEL SUR,65+,M,S,Y,A,1
2020,2,8,REGION V (BICOL REGION),MASBATE,15-24,M,S,Y,A,1
2020,2,8,REGION V (BICOL REGION),MASBATE,5-14,F,S,Y,A,1
2020,2,8,REGION V (BICOL REGION),MASBATE,65+,F,S,Y,A,1
2020,2,8,REGION V (BICOL REGION),SORSOGON,15-24,M,S,Y,A,1
2020,2,8,REGION V (BICOL REGION),SORSOGON,25-64,F,S,Y,A,2
2020,2,8,REGION V (BICOL REGION),SORSOGON,5-14,M,S,Y,A,1
2020,2,8,REGION VIII (EASTERN VISAYAS),CITY OF TACLOBAN,25-64,M,S,Y,A,1
2020,2,8,REGION VIII (EASTERN VISAYAS),EASTERN SAMAR,15-24,M,S,Y,A,1
2020,2,8,REGION VIII (EASTERN VISAYAS),EASTERN SAMAR,65+,F,S,Y,A,1
2020,2,8,REGION VIII (EASTERN VISAYAS),LEYTE,25-64,F,S,Y,A,1
2020,2,8,REGION VIII (EASTERN VISAYAS),LEYTE,5-14,F,S,Y,A,1
2020,2,8,REGION VIII (EASTERN VISAYAS),LEYTE,5-14,M,S,Y,A,1
2020,2,8,REGION VIII (EASTERN VISAYAS),SAMAR,15-24,F,S,Y,A,2
2020,2,8,REGION VIII (EASTERN VISAYAS),SAMAR,25-64,F,S,Y,A,3
2020,2,8,REGION VIII (EASTERN VISAYAS),SAMAR,25-64,M,S,Y,A,1
2020,2,8,REGION VIII (EASTERN VISAYAS),SAMAR,5-14,F,S,Y,A,1
2020,2,8,REGION VIII (EASTERN VISAYAS),SAMAR,5-14,M,S,Y,A,2
2020,2,8,REGION VIII (EASTERN VISAYAS),SAMAR,65+,F,S,Y,A,2
2020,2,8,REGION VIII (EASTERN VISAYAS),SOUTHERN LEYTE,25-64,F,S,Y,A,2
2020,2,8,REGION VIII (EASTERN VISAYAS),SOUTHERN LEYTE,25-64,M,S,Y,A,1
2020,2,8,REGION VIII (EASTERN VISAYAS),SOUTHERN LEYTE,5-14,M,S,Y,A,2
2020,2,8,REGION XIII (CARAGA),CITY OF BUTUAN,5-14,F,S,Y,A,1
2020,2,8,REGION XIII (CARAGA),SURIGAO DEL NORTE,5-14,F,S,Y,A,1
2020,2,8,REGION XIII (CARAGA),SURIGAO DEL SUR,15-24,F,S,Y,A,4
2020,2,8,REGION XIII (CARAGA),SURIGAO DEL SUR,15-24,M,S,Y,A,1
2020,2,8,REGION XIII (CARAGA),SURIGAO DEL SUR,25-64,F,S,Y,A,3
2020,2,8,REGION XIII (CARAGA),SURIGAO DEL SUR,25-64,M,S,Y,A,5
2020,2,8,REGION XIII (CARAGA),SURIGAO DEL SUR,5-14,F,S,Y,A,3
2020,2,8,REGION XIII (CARAGA),SURIGAO DEL SUR,5-14,M,S,Y,A,2
2020,2,8,REGION XIII (CARAGA),SURIGAO DEL SUR,65+,F,S,Y,A,2
2020,2,9,REGION V (BICOL REGION),CAMARINES SUR,25-64,M,S,Y,A,1
2020,2,9,REGION V (BICOL REGION),SORSOGON,15-24,F,S,Y,A,1
2020,2,9,REGION V (BICOL REGION),SORSOGON,25-64,F,S,Y,A,1
2020,2,9,REGION VIII (EASTERN VISAYAS),CITY OF TACLOBAN,25-64,M,S,Y,A,1
2020,2,9,REGION VIII (EASTERN VISAYAS),CITY OF TACLOBAN,5-14,M,S,Y,A,1
2020,2,9,REGION VIII (EASTERN VISAYAS),EASTERN SAMAR,15-24,F,S,Y,A,1
2020,2,9,REGION VIII (EASTERN VISAYAS),EASTERN SAMAR,25-64,M,S,Y,A,1
2020,2,9,REGION VIII (EASTERN VISAYAS),LEYTE,25-64,M,S,Y,A,1
2020,2,9,REGION VIII (EASTERN VISAYAS),LEYTE,5-14,M,S,Y,A,1
2020,2,9,REGION VIII (EASTERN VISAYAS),SAMAR,15-24,F,S,Y,A,2
2020,2,9,REGION VIII (EASTERN VISAYAS),SAMAR,15-24,M,S,Y,A,1
2020,2,9,REGION VIII (EASTERN VISAYAS),SAMAR,5-14,M,S,Y,A,1
2020,2,9,REGION VIII (EASTERN VISAYAS),SOUTHERN LEYTE,15-24,M,S,Y,A,1
2020,2,9,REGION VIII (EASTERN VISAYAS),SOUTHERN LEYTE,25-64,M,S,Y,A,1
2020,2,9,REGION VIII (EASTERN VISAYAS),SOUTHERN LEYTE,5-14,M,S,Y,A,1
2020,2,9,REGION XIII (CARAGA),SURIGAO DEL NORTE,25-64,F,S,Y,A,2
2020,2,9,REGION XIII (CARAGA),SURIGAO DEL SUR,15-24,F,S,Y,A,1
2020,2,9,REGION XIII (CARAGA),SURIGAO DEL SUR,25-64,F,S,Y,A,2
2020,2,9,REGION XIII (CARAGA),SURIGAO DEL SUR,25-64,M,S,Y,A,1
2020,2,9,REGION XIII (CARAGA),SURIGAO DEL SUR,5-14,F,S,Y,A,2
2020,2,9,REGION XIII (CARAGA),SURIGAO DEL SUR,65+,F,S,Y,A,1
2020,3,9,REGION V (BICOL REGION),MASBATE,15-24,F,S,Y,A,1
2020,3,9,REGION V (BICOL REGION),MASBATE,25-64,F,S,Y,A,2
2020,3,9,REGION V (BICOL REGION),MASBATE,25-64,M,S,Y,A,3
2020,3,9,REGION V (BICOL REGION),MASBATE,5-14,F,S,Y,A,2
2020,3,9,REGION V (BICOL REGION),SORSOGON,15-24,F,S,Y,A,1
2020,3,9,REGION V (BICOL REGION),SORSOGON,25-64,F,S,Y,A,1
2020,3,9,REGION V (BICOL REGION),SORSOGON,25-64,M,S,Y,A,2
2020,3,9,REGION VIII (EASTERN VISAYAS),BILIRAN,25-64,M,S,Y,A,1
2020,3,9,REGION VIII (EASTERN VISAYAS),CITY OF TACLOBAN,15-24,M,S,Y,A,2
2020,3,9,REGION VIII (EASTERN VISAYAS),CITY OF TACLOBAN,25-64,M,S,Y,A,1
2020,3,9,REGION VIII (EASTERN VISAYAS),CITY OF TACLOBAN,5-14,F,S,Y,A,2
2020,3,9,REGION VIII (EASTERN VISAYAS),EASTERN SAMAR,15-24,M,S,Y,A,1
2020,3,9,REGION VIII (EASTERN VISAYAS),EASTERN SAMAR,25-64,F,S,Y,A,1
2020,3,9,REGION VIII (EASTERN VISAYAS),EASTERN SAMAR,5-14,F,S,Y,A,2
2020,3,9,REGION VIII (EASTERN VISAYAS),LEYTE,15-24,F,S,Y,A,1
2020,3,9,REGION VIII (EASTERN VISAYAS),LEYTE,15-24,M,S,Y,A,1
2020,3,9,REGION VIII (EASTERN VISAYAS),LEYTE,25-64,F,S,Y,A,3
2020,3,9,REGION VIII (EASTERN VISAYAS),LEYTE,25-64,M,S,Y,A,2
2020,3,9,REGION VIII (EASTERN VISAYAS),LEYTE,5-14,F,S,Y,A,1
2020,3,9,REGION VIII (EASTERN VISAYAS),LEYTE,5-14,M,S,Y,A,1
2020,3,9,REGION VIII (EASTERN VISAYAS),LEYTE,65+,F,S,Y,A,2
2020,3,9,REGION VIII (EASTERN VISAYAS),NORTHERN SAMAR,25-64,M,S,Y,A,1
2020,3,9,REGION VIII (EASTERN VISAYAS),SAMAR,15-24,F,S,Y,A,4
2020,3,9,REGION VIII (EASTERN VISAYAS),SAMAR,25-64,M,S,Y,A,2
2020,3,9,REGION VIII (EASTERN VISAYAS),SAMAR,5-14,F,S,Y,A,3
2020,3,9,REGION VIII (EASTERN VISAYAS),SOUTHERN LEYTE,25-64,F,S,Y,A,3
2020,3,9,REGION XIII (CARAGA),AGUSAN DEL SUR,15-24,F,S,Y,A,1
2020,3,9,REGION XIII (CARAGA),AGUSAN DEL SUR,25-64,F,S,Y,A,2
2020,3,9,REGION XIII (CARAGA),AGUSAN DEL SUR,25-64,M,S,Y,A,1
2020,3,9,REGION XIII (CARAGA),AGUSAN DEL SUR,5-14,M,S,Y,A,1
2020,3,9,REGION XIII (CARAGA),CITY OF BUTUAN,5-14,F,S,Y,A,1
2020,3,9,REGION XIII (CARAGA),SURIGAO DEL NORTE,25-64,M,S,Y,A,1
2020,3,9,REGION XIII (CARAGA),SURIGAO DEL NORTE,65+,F,S,Y,A,1
2020,3,9,REGION XIII (CARAGA),SURIGAO DEL NORTE,65+,M,S,Y,A,1
2020,3,9,REGION XIII (CARAGA),SURIGAO DEL SUR,25-64,F,S,Y,A,1
2020,3,9,REGION XIII (CARAGA),SURIGAO DEL SUR,5-14,M,S,Y,A,1
2020,3,9,REGION XIII (CARAGA),SURIGAO DEL SUR,65+,F,S,Y,A,1
2020,3,10,REGION V (BICOL REGION),CAMARINES SUR,25-64,M,S,Y,A,1
2020,3,10,REGION V (BICOL REGION),MASBATE,25-64,F,S,Y,A,1
2020,3,10,REGION V (BICOL REGION),MASBATE,5-14,F,S,Y,A,2
2020,3,10,REGION V (BICOL REGION),SORSOGON,25-64,F,S,Y,A,1
2020,3,10,REGION VIII (EASTERN VISAYAS),BILIRAN,15-24,M,S,Y,A,1
2020,3,10,REGION VIII (EASTERN VISAYAS),BILIRAN,25-64,F,S,Y,A,1
2020,3,10,REGION VIII (EASTERN VISAYAS),BILIRAN,5-14,F,S,Y,A,2
2020,3,10,REGION VIII (EASTERN VISAYAS),BILIRAN,5-14,M,S,Y,A,1
2020,3,10,REGION VIII (EASTERN VISAYAS),BILIRAN,65+,M,S,Y,A,1
2020,3,10,REGION VIII (EASTERN VISAYAS),CITY OF TACLOBAN,25-64,M,S,Y,A,2
2020,3,10,REGION VIII (EASTERN VISAYAS),CITY OF TACLOBAN,5-14,M,S,Y,A,3
2020,3,10,REGION VIII (EASTERN VISAYAS),EASTERN SAMAR,25-64,F,S,Y,A,2
2020,3,10,REGION VIII (EASTERN VISAYAS),EASTERN SAMAR,25-64,M,S,Y,A,1
2020,3,10,REGION VIII (EASTERN VISAYAS),EASTERN SAMAR,5-14,M,S,Y,A,1
2020,3,10,REGION VIII (EASTERN VISAYAS),EASTERN SAMAR,65+,F,S,Y,A,1
2020,3,10,REGION VIII (EASTERN VISAYAS),EASTERN SAMAR,65+,M,S,Y,A,1
2020,3,10,REGION VIII (EASTERN VISAYAS),LEYTE,15-24,F,S,Y,A,1
2020,3,10,REGION VIII (EASTERN VISAYAS),LEYTE,25-64,F,S,Y,A,4
2020,3,10,REGION VIII (EASTERN VISAYAS),LEYTE,5-14,F,S,Y,A,3
2020,3,10,REGION VIII (EASTERN VISAYAS),LEYTE,5-14,M,S,Y,A,2
2020,3,10,REGION VIII (EASTERN VISAYAS),LEYTE,65+,F,S,Y,A,3
2020,3,10,REGION VIII (EASTERN VISAYAS),LEYTE,65+,M,S,Y,A,2
2020,3,10,REGION VIII (EASTERN VISAYAS),SAMAR,15-24,F,S,Y,A,2
2020,3,10,REGION VIII (EASTERN VISAYAS),SAMAR,15-24,M,S,Y,A,1
2020,3,10,REGION VIII (EASTERN VISAYAS),SAMAR,25-64,F,S,Y,A,3
2020,3,10,REGION VIII (EASTERN VISAYAS),SAMAR,25-64,M,S,Y,A,1
2020,3,10,REGION VIII (EASTERN VISAYAS),SAMAR,5-14,F,S,Y,A,1
2020,3,10,REGION VIII (EASTERN VISAYAS),SAMAR,5-14,M,S,Y,A,2
2020,3,10,REGION VIII (EASTERN VISAYAS),SAMAR,65+,F,S,Y,A,3
2020,3,10,REGION VIII (EASTERN VISAYAS),SOUTHERN LEYTE,15-24,F,S,Y,A,2
2020,3,10,REGION VIII (EASTERN VISAYAS),SOUTHERN LEYTE,15-24,M,S,Y,A,2
2020,3,10,REGION VIII (EASTERN VISAYAS),SOUTHERN LEYTE,25-64,F,S,Y,A,2
2020,3,10,REGION VIII (EASTERN VISAYAS),SOUTHERN LEYTE,5-14,F,S,Y,A,2
2020,3,10,REGION VIII (EASTERN VISAYAS),SOUTHERN LEYTE,5-14,M,S,Y,A,2
2020,3,10,REGION VIII (EASTERN VISAYAS),SOUTHERN LEYTE,65+,F,S,Y,A,2
2020,3,10,REGION XIII (CARAGA),DINAGAT ISLANDS,25-64,F,S,Y,A,1
2020,3,10,REGION XIII (CARAGA),SURIGAO DEL NORTE,65+,F,S,Y,A,1
2020,3,10,REGION XIII (CARAGA),SURIGAO DEL NORTE,65+,M,S,Y,A,1
2020,3,10,REGION XIII (CARAGA),SURIGAO DEL SUR,15-24,M,S,Y,A,3
2020,3,10,REGION XIII (CARAGA),SURIGAO DEL SUR,25-64,F,S,Y,A,5
2020,3,10,REGION XIII (CARAGA),SURIGAO DEL SUR,5-14,F,S,Y,A,1
2020,3,10,REGION XIII (CARAGA),SURIGAO DEL SUR,5-14,M,S,Y,A,5
2020,3,10,REGION XIII (CARAGA),SURIGAO DEL SUR,65+,M,S,Y,A,1
2020,3,11,REGION V (BICOL REGION),ALBAY,65+,M,S,Y,A,1
2020,3,11,REGION V (BICOL REGION),CATANDUANES,25-64,F,S,Y,A,1
2020,3,11,REGION V (BICOL REGION),CATANDUANES,25-64,M,S,Y,A,1
2020,3,11,REGION V (BICOL REGION),MASBATE,15-24,F,S,Y,A,2
2020,3,11,REGION V (BICOL REGION),MASBATE,25-64,F,S,Y,A,2
2020,3,11,REGION V (BICOL REGION),MASBATE,5-14,M,S,Y,A,3
2020,3,11,REGION V (BICOL REGION),MASBATE,65+,M,S,Y,A,1
2020,3,11,REGION VIII (EASTERN VISAYAS),BILIRAN,25-64,F,S,Y,A,1
2020,3,11,REGION VIII (EASTERN VISAYAS),BILIRAN,25-64,M,S,Y,A,1
2020,3,11,REGION VIII (EASTERN VISAYAS),CITY OF TACLOBAN,25-64,F,S,Y,A,2
2020,3,11,REGION VIII (EASTERN VISAYAS),EASTERN SAMAR,15-24,F,S,Y,A,1
2020,3,11,REGION VIII (EASTERN VISAYAS),EASTERN SAMAR,25-64,F,S,Y,A,2
2020,3,11,REGION VIII (EASTERN VISAYAS),EASTERN SAMAR,25-64,M,S,Y,A,2
2020,3,11,REGION VIII (EASTERN VISAYAS),EASTERN SAMAR,5-14,F,S,Y,A,1
2020,3,11,REGION VIII (EASTERN VISAYAS),EASTERN SAMAR,5-14,M,S,Y,A,2
2020,3,11,REGION VIII (EASTERN VISAYAS),EASTERN SAMAR,65+,M,S,Y,A,2
2020,3,11,REGION VIII (EASTERN VISAYAS),LEYTE,15-24,F,S,Y,A,1
2020,3,11,REGION VIII (EASTERN VISAYAS),LEYTE,25-64,F,S,Y,A,3
2020,3,11,REGION VIII (EASTERN VISAYAS),LEYTE,25-64,M,S,Y,A,2
2020,3,11,REGION VIII (EASTERN VISAYAS),LEYTE,5-14,F,S,Y,A,1
2020,3,11,REGION VIII (EASTERN VISAYAS),LEYTE,5-14,M,S,Y,A,3
2020,3,11,REGION VIII (EASTERN VISAYAS),LEYTE,65+,F,S,Y,A,1
2020,3,11,REGION VIII (EASTERN VISAYAS),SAMAR,15-24,F,S,Y,A,2
2020,3,11,REGION VIII (EASTERN VISAYAS),SAMAR,25-64,F,S,Y,A,1
2020,3,11,REGION VIII (EASTERN VISAYAS),SAMAR,25-64,M,S,Y,A,3
2020,3,11,REGION VIII (EASTERN VISAYAS),SAMAR,5-14,F,S,Y,A,1
2020,3,11,REGION VIII (EASTERN VISAYAS),SAMAR,65+,M,S,Y,A,1
2020,3,11,REGION VIII (EASTERN VISAYAS),SOUTHERN LEYTE,15-24,M,S,Y,A,2
2020,3,11,REGION VIII (EASTERN VISAYAS),SOUTHERN LEYTE,25-64,M,S,Y,A,1
2020,3,11,REGION VIII (EASTERN VISAYAS),SOUTHERN LEYTE,5-14,M,S,Y,A,1
2020,3,11,REGION VIII (EASTERN VISAYAS),SOUTHERN LEYTE,65+,F,S,Y,A,1
2020,3,11,REGION XIII (CARAGA),SURIGAO DEL NORTE,25-64,F,S,Y,A,1
2020,3,11,REGION XIII (CARAGA),SURIGAO DEL NORTE,5-14,M,S,Y,A,1
2020,3,11,REGION XIII (CARAGA),SURIGAO DEL SUR,15-24,M,S,Y,A,1
2020,3,11,REGION XIII (CARAGA),SURIGAO DEL SUR,25-64,M,S,Y,A,3
2020,3,11,REGION XIII (CARAGA),SURIGAO DEL SUR,5-14,F,S,Y,A,1
2020,3,11,REGION XIII (CARAGA),SURIGAO DEL SUR,65+,M,S,Y,A,1
2020,3,12,REGION V (BICOL REGION),MASBATE,5-14,M,S,Y,A,2
2020,3,12,REGION V (BICOL REGION),SORSOGON,25-64,F,S,Y,A,1
2020,3,12,REGION V (BICOL REGION),SORSOGON,25-64,M,S,Y,A,1
2020,3,12,REGION VIII (EASTERN VISAYAS),BILIRAN,25-64,F,S,Y,A,1
2020,3,12,REGION VIII (EASTERN VISAYAS),BILIRAN,5-14,M,S,Y,A,2
2020,3,12,REGION VIII (EASTERN VISAYAS),CITY OF TACLOBAN,25-64,F,S,Y,A,1
2020,3,12,REGION VIII (EASTERN VISAYAS),CITY OF TACLOBAN,5-14,M,S,Y,A,1
2020,3,12,REGION VIII (EASTERN VISAYAS),EASTERN SAMAR,25-64,F,S,Y,A,2
2020,3,12,REGION VIII (EASTERN VISAYAS),EASTERN SAMAR,5-14,F,S,Y,A,2
2020,3,12,REGION VIII (EASTERN VISAYAS),LEYTE,25-64,F,S,Y,A,1
2020,3,12,REGION VIII (EASTERN VISAYAS),LEYTE,25-64,M,S,Y,A,2
2020,3,12,REGION VIII (EASTERN VISAYAS),LEYTE,65+,F,S,Y,A,1
2020,3,12,REGION VIII (EASTERN VISAYAS),SAMAR,15-24,F,S,Y,A,2
2020,3,12,REGION VIII (EASTERN VISAYAS),SAMAR,25-64,F,S,Y,A,1
2020,3,12,REGION VIII (EASTERN VISAYAS),SAMAR,25-64,M,S,Y,A,1
2020,3,12,REGION VIII (EASTERN VISAYAS),SAMAR,5-14,F,S,Y,A,1
2020,3,12,REGION VIII (EASTERN VISAYAS),SAMAR,5-14,M,S,Y,A,1
2020,3,12,REGION VIII (EASTERN VISAYAS),SOUTHERN LEYTE,15-24,F,S,Y,A,1
2020,3,12,REGION VIII (EASTERN VISAYAS),SOUTHERN LEYTE,25-64,F,S,Y,A,2
2020,3,12,REGION VIII (EASTERN VISAYAS),SOUTHERN LEYTE,5-14,F,S,Y,A,1
2020,3,12,REGION VIII (EASTERN VISAYAS),SOUTHERN LEYTE,65+,M,S,Y,A,1
2020,3,12,REGION XIII (CARAGA),SURIGAO DEL NORTE,15-24,F,S,Y,A,1
2020,3,12,REGION XIII (CARAGA),SURIGAO DEL NORTE,5-14,M,S,Y,A,1
2020,3,12,REGION XIII (CARAGA),SURIGAO DEL SUR,15-24,F,S,Y,A,1
2020,3,12,REGION XIII (CARAGA),SURIGAO DEL SUR,15-24,M,S,Y,A,1
2020,3,12,REGION XIII (CARAGA),SURIGAO DEL SUR,25-64,F,S,Y,A,1
2020,3,12,REGION XIII (CARAGA),SURIGAO DEL SUR,25-64,M,S,Y,A,1
2020,3,12,REGION XIII (CARAGA),SURIGAO DEL SUR,65+,M,S,Y,A,1
2020,3,13,REGION V (BICOL REGION),MASBATE,25-64,M,S,Y,A,1
2020,3,13,REGION V (BICOL REGION),MASBATE,5-14,F,S,Y,A,1
2020,3,13,REGION V (BICOL REGION),MASBATE,5-14,M,S,Y,A,1
2020,3,13,REGION V (BICOL REGION),MASBATE,65+,M,S,Y,A,1
2020,3,13,REGION V (BICOL REGION),SORSOGON,25-64,F,S,Y,A,1
2020,3,13,REGION VIII (EASTERN VISAYAS),BILIRAN,15-24,F,S,Y,A,1
2020,3,13,REGION VIII (EASTERN VISAYAS),EASTERN SAMAR,5-14,M,S,Y,A,1
2020,3,13,REGION VIII (EASTERN VISAYAS),LEYTE,25-64,F,S,Y,A,1
2020,3,13,REGION VIII (EASTERN VISAYAS),LEYTE,25-64,M,S,Y,A,1
2020,3,13,REGION VIII (EASTERN VISAYAS),SAMAR,5-14,F,S,Y,A,1
2020,3,13,REGION VIII (EASTERN VISAYAS),SAMAR,65+,F,S,Y,A,1
2020,3,13,REGION VIII (EASTERN VISAYAS),SOUTHERN LEYTE,25-64,M,S,Y,A,1
2020,3,13,REGION XIII (CARAGA),SURIGAO DEL NORTE,65+,F,S,Y,A,2
2020,3,13,REGION XIII (CARAGA),SURIGAO DEL SUR,15-24,F,S,Y,A,2
2020,3,13,REGION XIII (CARAGA),SURIGAO DEL SUR,15-24,M,S,Y,A,2
2020,3,13,REGION XIII (CARAGA),SURIGAO DEL SUR,25-64,F,S,Y,A,2
2020,3,13,REGION XIII (CARAGA),SURIGAO DEL SUR,25-64,M,S,Y,A,2
2020,3,13,REGION XIII (CARAGA),SURIGAO DEL SUR,5-14,M,S,Y,A,1
2020,3,13,REGION XIII (CARAGA),SURIGAO DEL SUR,65+,F,S,Y,A,1
2020,4,13,REGION VIII (EASTERN VISAYAS),BILIRAN,25-64,F,S,Y,A,1
2020,4,13,REGION VIII (EASTERN VISAYAS),EASTERN SAMAR,65+,M,S,Y,A,1
2020,4,13,REGION VIII (EASTERN VISAYAS),SOUTHERN LEYTE,25-64,F,S,Y,A,1
2020,4,13,REGION VIII (EASTERN VISAYAS),SOUTHERN LEYTE,25-64,M,S,Y,A,1
2020,4,13,REGION XIII (CARAGA),SURIGAO DEL SUR,25-64,F,S,Y,A,2
2020,4,13,REGION XIII (CARAGA),SURIGAO DEL SUR,25-64,M,S,Y,A,1
2020,4,14,REGION V (BICOL REGION),CATANDUANES,25-64,F,S,Y,A,2
2020,4,14,REGION V (BICOL REGION),SORSOGON,15-24,M,S,Y,A,1
2020,4,14,REGION V (BICOL REGION),SORSOGON,25-64,F,S,Y,A,1
2020,4,14,REGION V (BICOL REGION),SORSOGON,25-64,M,S,Y,A,2
2020,4,14,REGION V (BICOL REGION),SORSOGON,5-14,F,S,Y,A,1
2020,4,14,REGION VIII (EASTERN VISAYAS),EASTERN SAMAR,25-64,F,S,Y,A,1
2020,4,14,REGION VIII (EASTERN VISAYAS),EASTERN SAMAR,5-14,M,S,Y,A,1
2020,4,14,REGION VIII (EASTERN VISAYAS),EASTERN SAMAR,65+,M,S,Y,A,1
2020,4,14,REGION VIII (EASTERN VISAYAS),LEYTE,25-64,F,S,Y,A,1
2020,4,14,REGION VIII (EASTERN VISAYAS),LEYTE,25-64,M,S,Y,A,1
2020,4,14,REGION VIII (EASTERN VISAYAS),LEYTE,5-14,M,S,Y,A,1
2020,4,14,REGION VIII (EASTERN VISAYAS),SAMAR,25-64,F,S,Y,A,1
2020,4,14,REGION VIII (EASTERN VISAYAS),SAMAR,25-64,M,S,Y,A,1
2020,4,14,REGION VIII (EASTERN VISAYAS),SOUTHERN LEYTE,5-14,F,S,Y,A,1
2020,4,14,REGION XIII (CARAGA),CITY OF BUTUAN,25-64,F,S,Y,A,1
2020,4,14,REGION XIII (CARAGA),SURIGAO DEL NORTE,15-24,F,S,Y,A,1
2020,4,14,REGION XIII (CARAGA),SURIGAO DEL SUR,15-24,M,S,Y,A,1
2020,4,14,REGION XIII (CARAGA),SURIGAO DEL SUR,25-64,F,S,Y,A,2
2020,4,14,REGION XIII (CARAGA),SURIGAO DEL SUR,25-64,M,S,Y,A,1
2020,4,14,REGION XIII (CARAGA),SURIGAO DEL SUR,65+,F,S,Y,A,1
2020,4,15,BANGSAMORO AUTONOMOUS REGION IN MUSLIM MINDANAO (BARMM),BASILAN,15-24,F,S,Y,A,1
2020,4,15,BANGSAMORO AUTONOMOUS REGION IN MUSLIM MINDANAO (BARMM),BASILAN,25-64,F,S,Y,A,1
2020,4,15,REGION V (BICOL REGION),CATANDUANES,15-24,F,S,Y,A,1
2020,4,15,REGION V (BICOL REGION),MASBATE,25-64,F,S,Y,A,3
2020,4,15,REGION V (BICOL REGION),MASBATE,25-64,M,S,Y,A,1
2020,4,15,REGION V (BICOL REGION),SORSOGON,25-64,M,S,Y,A,1
2020,4,15,REGION V (BICOL REGION),SORSOGON,65+,F,S,Y,A,1
2020,4,15,REGION VIII (EASTERN VISAYAS),BILIRAN,25-64,F,S,Y,A,1
2020,4,15,REGION VIII (EASTERN VISAYAS),EASTERN SAMAR,25-64,F,S,Y,A,2
2020,4,15,REGION VIII (EASTERN VISAYAS),EASTERN SAMAR,65+,F,S,Y,A,1
2020,4,15,REGION VIII (EASTERN VISAYAS),LEYTE,15-24,F,S,Y,A,1
2020,4,15,REGION VIII (EASTERN VISAYAS),LEYTE,25-64,F,S,Y,A,1
2020,4,15,REGION VIII (EASTERN VISAYAS),LEYTE,5-14,F,S,Y,A,1
2020,4,15,REGION VIII (EASTERN VISAYAS),LEYTE,65+,F,S,Y,A,1
2020,4,15,REGION VIII (EASTERN VISAYAS),SAMAR,15-24,M,S,Y,A,1
2020,4,15,REGION VIII (EASTERN VISAYAS),SAMAR,25-64,F,S,Y,A,1
2020,4,15,REGION VIII (EASTERN VISAYAS),SAMAR,25-64,M,S,Y,A,2
2020,4,15,REGION VIII (EASTERN VISAYAS),SAMAR,5-14,M,S,Y,A,2
2020,4,15,REGION VIII (EASTERN VISAYAS),SOUTHERN LEYTE,25-64,F,S,Y,A,2
2020,4,15,REGION VIII (EASTERN VISAYAS),SOUTHERN LEYTE,65+,F,S,Y,A,1
2020,4,15,REGION XIII (CARAGA),SURIGAO DEL NORTE,25-64,M,S,Y,A,3
2020,4,15,REGION XIII (CARAGA),SURIGAO DEL SUR,15-24,F,S,Y,A,1
2020,4,15,REGION XIII (CARAGA),SURIGAO DEL SUR,25-64,F,S,Y,A,1
2020,4,15,REGION XIII (CARAGA),SURIGAO DEL SUR,25-64,M,S,Y,A,1
2020,4,15,REGION XIII (CARAGA),SURIGAO DEL SUR,5-14,M,S,Y,A,2
2020,4,15,REGION XIII (CARAGA),SURIGAO DEL SUR,65+,F,S,Y,A,1
2020,4,16,REGION V (BICOL REGION),CATANDUANES,25-64,F,S,Y,A,1
2020,4,16,REGION V (BICOL REGION),MASBATE,15-24,M,S,Y,A,1
2020,4,16,REGION V (BICOL REGION),SORSOGON,15-24,F,S,Y,A,1
2020,4,16,REGION VIII (EASTERN VISAYAS),BILIRAN,15-24,M,S,Y,A,1
2020,4,16,REGION VIII (EASTERN VISAYAS),BILIRAN,65+,M,S,Y,A,1
2020,4,16,REGION VIII (EASTERN VISAYAS),EASTERN SAMAR,25-64,F,S,Y,A,1
2020,4,16,REGION VIII (EASTERN VISAYAS),EASTERN SAMAR,5-14,F,S,Y,A,1
2020,4,16,REGION VIII (EASTERN VISAYAS),LEYTE,25-64,M,S,Y,A,1
2020,4,16,REGION VIII (EASTERN VISAYAS),SAMAR,15-24,M,S,Y,A,1
2020,4,16,REGION VIII (EASTERN VISAYAS),SAMAR,25-64,M,S,Y,A,1
2020,4,16,REGION VIII (EASTERN VISAYAS),SAMAR,5-14,M,S,Y,A,1
2020,4,16,REGION VIII (EASTERN VISAYAS),SAMAR,65+,F,S,Y,A,1
2020,4,16,REGION VIII (EASTERN VISAYAS),SOUTHERN LEYTE,25-64,F,S,Y,A,2
2020,4,16,REGION VIII (EASTERN VISAYAS),SOUTHERN LEYTE,25-64,M,S,Y,A,1
2020,4,16,REGION XIII (CARAGA),CITY OF BUTUAN,65+,M,S,Y,A,1
2020,4,16,REGION XIII (CARAGA),SURIGAO DEL NORTE,15-24,M,S,Y,A,1
2020,4,16,REGION XIII (CARAGA),SURIGAO DEL NORTE,5-14,F,S,Y,A,1
2020,4,16,REGION XIII (CARAGA),SURIGAO DEL SUR,25-64,F,S,Y,A,3
2020,4,16,REGION XIII (CARAGA),SURIGAO DEL SUR,25-64,M,S,Y,A,2
2020,4,16,REGION XIII (CARAGA),SURIGAO DEL SUR,5-14,F,S,Y,A,1
2020,4,16,REGION XIII (CARAGA),SURIGAO DEL SUR,5-14,M,S,Y,A,1
2020,4,16,REGION XIII (CARAGA),SURIGAO DEL SUR,65+,F,S,Y,D,1
2020,4,17,REGION V (BICOL REGION),CATANDUANES,25-64,M,S,Y,A,1
2020,4,17,REGION V (BICOL REGION),MASBATE,15-24,F,S,Y,A,1
2020,4,17,REGION V (BICOL REGION),MASBATE,15-24,M,S,Y,A,1
2020,4,17,REGION V (BICOL REGION),MASBATE,25-64,F,S,Y,A,2
2020,4,17,REGION V (BICOL REGION),MASBATE,65+,F,S,Y,A,1
2020,4,17,REGION V (BICOL REGION),SORSOGON,15-24,F,S,Y,A,1
2020,4,17,REGION V (BICOL REGION),SORSOGON,15-24,M,S,Y,A,1
2020,4,17,REGION V (BICOL REGION),SORSOGON,5-14,M,S,Y,A,1
2020,4,17,REGION VIII (EASTERN VISAYAS),CITY OF TACLOBAN,25-64,F,S,Y,A,1
2020,4,17,REGION VIII (EASTERN VISAYAS),EASTERN SAMAR,25-64,F,S,Y,A,1
2020,4,17,REGION VIII (EASTERN VISAYAS),EASTERN SAMAR,25-64,M,S,Y,A,1
2020,4,17,REGION VIII (EASTERN VISAYAS),LEYTE,15-24,M,S,Y,A,1
2020,4,17,REGION VIII (EASTERN VISAYAS),LEYTE,25-64,F,S,Y,A,1
2020,4,17,REGION VIII (EASTERN VISAYAS),SAMAR,5-14,F,S,Y,A,1
2020,4,17,REGION VIII (EASTERN VISAYAS),SOUTHERN LEYTE,25-64,F,S,Y,A,5
2020,4,17,REGION VIII (EASTERN VISAYAS),SOUTHERN LEYTE,25-64,M,S,Y,A,1
2020,4,17,REGION XIII (CARAGA),CITY OF BUTUAN,25-64,F,S,Y,A,1
2020,4,17,REGION XIII (CARAGA),SURIGAO DEL NORTE,15-24,F,S,Y,A,1
2020,4,17,REGION XIII (CARAGA),SURIGAO DEL NORTE,25-64,F,S,Y,A,1
2020,4,17,REGION XIII (CARAGA),SURIGAO DEL SUR,15-24,F,S,Y,A,2
2020,4,17,REGION XIII (CARAGA),SURIGAO DEL SUR,15-24,M,S,Y,A,1
2020,4,17,REGION XIII (CARAGA),SURIGAO DEL SUR,25-64,F,S,Y,A,4
2020,4,17,REGION XIII (CARAGA),SURIGAO DEL SUR,25-64,M,S,Y,A,2
2020,4,17,REGION XIII (CARAGA),SURIGAO DEL SUR,5-14,F,S,Y,A,2
2020,4,17,REGION XIII (CARAGA),SURIGAO DEL SUR,5-14,M,S,Y,A,2
2020,5,18,REGION V (BICOL REGION),CATANDUANES,25-64,F,S,Y,A,1
2020,5,18,REGION V (BICOL REGION),CATANDUANES,5-14,M,S,Y,A,1
2020,5,18,REGION V (BICOL REGION),MASBATE,15-24,F,S,Y,A,1
2020,5,18,REGION V (BICOL REGION),MASBATE,25-64,F,S,Y,A,1
2020,5,18,REGION V (BICOL REGION),MASBATE,25-64,M,S,Y,A,2
2020,5,18,REGION VIII (EASTERN VISAYAS),BILIRAN,25-64,F,S,Y,A,1
2020,5,18,REGION VIII (EASTERN VISAYAS),CITY OF TACLOBAN,25-64,M,S,Y,A,2
2020,5,18,REGION VIII (EASTERN VISAYAS),CITY OF TACLOBAN,5-14,M,S,Y,A,1
2020,5,18,REGION VIII (EASTERN VISAYAS),EASTERN SAMAR,15-24,M,S,Y,A,1
2020,5,18,REGION VIII (EASTERN VISAYAS),EASTERN SAMAR,25-64,F,S,Y,A,2
2020,5,18,REGION VIII (EASTERN VISAYAS),EASTERN SAMAR,25-64,M,S,Y,A,2
2020,5,18,REGION VIII (EASTERN VISAYAS),EASTERN SAMAR,5-14,F,S,Y,A,1
2020,5,18,REGION VIII (EASTERN VISAYAS),LEYTE,25-64,F,S,Y,A,3
2020,5,18,REGION VIII (EASTERN VISAYAS),LEYTE,25-64,M,S,Y,A,1
2020,5,18,REGION VIII (EASTERN VISAYAS),LEYTE,5-14,M,S,Y,A,1
2020,5,18,REGION VIII (EASTERN VISAYAS),SAMAR,25-64,F,S,Y,A,1
2020,5,18,REGION VIII (EASTERN VISAYAS),SOUTHERN LEYTE,15-24,F,S,Y,A,2
2020,5,18,REGION VIII (EASTERN VISAYAS),SOUTHERN LEYTE,25-64,F,S,Y,A,1
2020,5,18,REGION VIII (EASTERN VISAYAS),SOUTHERN LEYTE,25-64,M,S,Y,A,1
2020,5,18,REGION XIII (CARAGA),SURIGAO DEL NORTE,25-64,M,S,Y,A,1
2020,5,18,REGION XIII (CARAGA),SURIGAO DEL SUR,25-64,F,S,Y,A,7
2020,5,18,REGION XIII (CARAGA),SURIGAO DEL SUR,65+,M,S,Y,A,1
2020,5,19,REGION V (BICOL REGION),CATANDUANES,5-14,F,S,Y,A,1
2020,5,19,REGION V (BICOL REGION),MASBATE,25-64,M,S,Y,A,1
2020,5,19,REGION VIII (EASTERN VISAYAS),CITY OF TACLOBAN,25-64,F,S,Y,A,1
2020,5,19,REGION VIII (EASTERN VISAYAS),CITY OF TACLOBAN,5-14,F,S,Y,A,1
2020,5,19,REGION VIII (EASTERN VISAYAS),EASTERN SAMAR,5-14,M,S,Y,A,1
2020,5,19,REGION VIII (EASTERN VISAYAS),LEYTE,15-24,M,S,Y,A,1
2020,5,19,REGION VIII (EASTERN VISAYAS),LEYTE,25-64,F,S,Y,A,1
2020,5,19,REGION VIII (EASTERN VISAYAS),SOUTHERN LEYTE,15-24,F,S,Y,A,1
2020,5,19,REGION VIII (EASTERN VISAYAS),SOUTHERN LEYTE,15-24,M,S,Y,A,1
2020,5,19,REGION VIII (EASTERN VISAYAS),SOUTHERN LEYTE,25-64,M,S,Y,A,1
2020,5,19,REGION VIII (EASTERN VISAYAS),SOUTHERN LEYTE,5-14,M,S,Y,A,1
2020,5,19,REGION VIII (EASTERN VISAYAS),SOUTHERN LEYTE,65+,F,S,Y,A,1
2020,5,19,REGION VIII (EASTERN VISAYAS),SOUTHERN LEYTE,65+,M,S,Y,A,1
2020,5,19,REGION XIII (CARAGA),CITY OF BUTUAN,25-64,M,S,Y,A,1
2020,5,19,REGION XIII (CARAGA),SURIGAO DEL SUR,15-24,F,S,Y,A,2
2020,5,19,REGION XIII (CARAGA),SURIGAO DEL SUR,15-24,M,S,Y,A,3
2020,5,19,REGION XIII (CARAGA),SURIGAO DEL SUR,25-64,F,S,Y,A,1
2020,5,19,REGION XIII (CARAGA),SURIGAO DEL SUR,25-64,M,S,Y,A,3
2020,5,19,REGION XIII (CARAGA),SURIGAO DEL SUR,65+,F,S,Y,A,1
2020,5,20,REGION V (BICOL REGION),CATANDUANES,25-64,F,S,Y,A,1
2020,5,20,REGION V (BICOL REGION),MASBATE,5-14,M,S,Y,A,2
2020,5,20,REGION V (BICOL REGION),MASBATE,65+,M,S,Y,A,1
2020,5,20,REGION VIII (EASTERN VISAYAS),BILIRAN,5-14,M,S,Y,A,1
2020,5,20,REGION VIII (EASTERN VISAYAS),EASTERN SAMAR,15-24,F,S,Y,A,3
2020,5,20,REGION VIII (EASTERN VISAYAS),EASTERN SAMAR,25-64,F,S,Y,A,2
2020,5,20,REGION VIII (EASTERN VISAYAS),EASTERN SAMAR,25-64,M,S,Y,A,1
2020,5,20,REGION VIII (EASTERN VISAYAS),EASTERN SAMAR,5-14,F,S,Y,A,2
2020,5,20,REGION VIII (EASTERN VISAYAS),EASTERN SAMAR,5-14,M,S,Y,A,2
2020,5,20,REGION VIII (EASTERN VISAYAS),LEYTE,15-24,F,S,Y,A,1
2020,5,20,REGION VIII (EASTERN VISAYAS),LEYTE,15-24,M,S,Y,A,1
2020,5,20,REGION VIII (EASTERN VISAYAS),LEYTE,25-64,F,S,Y,A,1
2020,5,20,REGION VIII (EASTERN VISAYAS),LEYTE,25-64,M,S,Y,A,1
2020,5,20,REGION VIII (EASTERN VISAYAS),LEYTE,5-14,F,S,Y,A,2
2020,5,20,REGION VIII (EASTERN VISAYAS),LEYTE,5-14,M,S,Y,A,2
2020,5,20,REGION VIII (EASTERN VISAYAS),SAMAR,25-64,F,S,Y,A,2
2020,5,20,REGION VIII (EASTERN VISAYAS),SAMAR,5-14,F,S,Y,A,1
2020,5,20,REGION VIII (EASTERN VISAYAS),SAMAR,5-14,M,S,Y,A,1
2020,5,20,REGION XIII (CARAGA),CITY OF BUTUAN,25-64,F,S,Y,A,1
2020,5,20,REGION XIII (CARAGA),CITY OF BUTUAN,25-64,M,S,Y,A,1
2020,5,20,REGION XIII (CARAGA),SURIGAO DEL SUR,15-24,F,S,Y,A,1
2020,5,20,REGION XIII (CARAGA),SURIGAO DEL SUR,25-64,F,S,Y,A,1
2020,5,20,REGION XIII (CARAGA),SURIGAO DEL SUR,25-64,M,S,Y,A,3
2020,5,20,REGION XIII (CARAGA),SURIGAO DEL SUR,5-14,F,S,Y,A,1
2020,5,20,REGION XIII (CARAGA),SURIGAO DEL SUR,5-14,M,S,Y,A,1
2020,5,21,REGION V (BICOL REGION),CATANDUANES,25-64,F,S,Y,A,1
2020,5,21,REGION V (BICOL REGION),CATANDUANES,25-64,M,S,Y,A,1
2020,5,21,REGION V (BICOL REGION),CATANDUANES,5-14,F,S,Y,A,1
2020,5,21,REGION V (BICOL REGION),CATANDUANES,5-14,M,S,Y,A,1
2020,5,21,REGION V (BICOL REGION),CATANDUANES,65+,F,S,Y,A,1
2020,5,21,REGION V (BICOL REGION),MASBATE,15-24,F,S,Y,A,1
2020,5,21,REGION V (BICOL REGION),SORSOGON,5-14,M,S,Y,A,1
2020,5,21,REGION VIII (EASTERN VISAYAS),CITY OF TACLOBAN,15-24,F,S,Y,A,1
2020,5,21,REGION VIII (EASTERN VISAYAS),EASTERN SAMAR,25-64,F,S,Y,A,1
2020,5,21,REGION VIII (EASTERN VISAYAS),EASTERN SAMAR,25-64,M,S,Y,A,1
2020,5,21,REGION VIII (EASTERN VISAYAS),EASTERN SAMAR,5-14,F,S,Y,A,1
2020,5,21,REGION VIII (EASTERN VISAYAS),LEYTE,15-24,F,S,Y,A,1
2020,5,21,REGION VIII (EASTERN VISAYAS),LEYTE,25-64,F,S,Y,A,1
2020,5,21,REGION VIII (EASTERN VISAYAS),LEYTE,25-64,M,S,Y,A,2
2020,5,21,REGION VIII (EASTERN VISAYAS),LEYTE,5-14,F,S,Y,A,1
2020,5,21,REGION VIII (EASTERN VISAYAS),LEYTE,5-14,M,S,Y,A,1
2020,5,21,REGION VIII (EASTERN VISAYAS),LEYTE,65+,F,S,Y,A,2
2020,5,21,REGION VIII (EASTERN VISAYAS),LEYTE,65+,M,S,Y,A,1
2020,5,21,REGION VIII (EASTERN VISAYAS),SAMAR,15-24,M,S,Y,A,1
2020,5,21,REGION VIII (EASTERN VISAYAS),SAMAR,65+,F,S,Y,A,1
2020,5,21,REGION VIII (EASTERN VISAYAS),SOUTHERN LEYTE,25-64,F,S,Y,A,1
2020,5,21,REGION XIII (CARAGA),SURIGAO DEL SUR,15-24,F,S,Y,A,1
2020,5,21,REGION XIII (CARAGA),SURIGAO DEL SUR,15-24,M,S,Y,A,1
2020,5,21,REGION XIII (CARAGA),SURIGAO DEL SUR,25-64,F,S,Y,A,4
2020,5,21,REGION XIII (CARAGA),SURIGAO DEL SUR,25-64,M,S,Y,A,2
2020,5,21,REGION XIII (CARAGA),SURIGAO DEL SUR,5-14,F,S,Y,A,1
2020,5,21,REGION XIII (CARAGA),SURIGAO DEL SUR,5-14,M,S,Y,A,1
2020,5,21,REGION XIII (CARAGA),SURIGAO DEL SUR,65+,F,S,Y,A,2
2020,5,22,REGION V (BICOL REGION),MASBATE,15-24,F,S,Y,A,1
2020,5,22,REGION V (BICOL REGION),MASBATE,15-24,M,S,Y,A,2
2020,5,22,REGION VIII (EASTERN VISAYAS),CITY OF TACLOBAN,25-64,F,S,Y,A,3
2020,5,22,REGION VIII (EASTERN VISAYAS),LEYTE,25-64,M,S,Y,A,1
2020,5,22,REGION VIII (EASTERN VISAYAS),LEYTE,5-14,F,S,Y,A,1
2020,5,22,REGION XIII (CARAGA),CITY OF BUTUAN,25-64,M,S,Y,A,1
2020,5,22,REGION XIII (CARAGA),SURIGAO DEL SUR,25-64,M,S,Y,A,2
2020,5,22,REGION XIII (CARAGA),SURIGAO DEL SUR,5-14,F,S,Y,A,1
2020,6,22,REGION V (BICOL REGION),CATANDUANES,65+,F,S,Y,A,1
2020,6,22,REGION V (BICOL REGION),SORSOGON,25-64,F,S,Y,A,1
2020,6,22,REGION V (BICOL REGION),SORSOGON,5-14,F,S,Y,A,1
2020,6,22,REGION VIII (EASTERN VISAYAS),CITY OF TACLOBAN,25-64,F,S,Y,A,1
2020,6,22,REGION VIII (EASTERN VISAYAS),EASTERN SAMAR,15-24,F,S,Y,A,1
2020,6,22,REGION VIII (EASTERN VISAYAS),EASTERN SAMAR,15-24,M,S,Y,A,1
2020,6,22,REGION VIII (EASTERN VISAYAS),LEYTE,15-24,F,S,Y,A,1
2020,6,22,REGION VIII (EASTERN VISAYAS),LEYTE,25-64,M,S,Y,A,3
2020,6,22,REGION VIII (EASTERN VISAYAS),LEYTE,5-14,F,S,Y,A,1
2020,6,22,REGION VIII (EASTERN VISAYAS),LEYTE,5-14,M,S,Y,A,1
2020,6,22,REGION XIII (CARAGA),SURIGAO DEL SUR,15-24,M,S,Y,A,2
2020,6,22,REGION XIII (CARAGA),SURIGAO DEL SUR,25-64,F,S,Y,A,3
2020,6,22,REGION XIII (CARAGA),SURIGAO DEL SUR,25-64,M,S,Y,A,2
2020,6,22,REGION XIII (CARAGA),SURIGAO DEL SUR,65+,F,S,Y,A,2
2020,6,23,REGION V (BICOL REGION),CATANDUANES,15-24,M,S,Y,A,1
2020,6,23,REGION V (BICOL REGION),CATANDUANES,5-14,F,S,Y,A,1
2020,6,23,REGION V (BICOL REGION),MASBATE,65+,M,S,Y,A,1
2020,6,23,REGION V (BICOL REGION),SORSOGON,25-64,M,S,Y,A,1
2020,6,23,REGION V (BICOL REGION),SORSOGON,5-14,F,S,Y,A,1
2020,6,23,REGION VIII (EASTERN VISAYAS),CITY OF TACLOBAN,5-14,M,S,Y,A,1
2020,6,23,REGION VIII (EASTERN VISAYAS),EASTERN SAMAR,25-64,M,S,Y,A,2
2020,6,23,REGION VIII (EASTERN VISAYAS),LEYTE,15-24,M,S,Y,A,1
2020,6,23,REGION VIII (EASTERN VISAYAS),LEYTE,25-64,M,S,Y,A,1
2020,6,23,REGION VIII (EASTERN VISAYAS),SOUTHERN LEYTE,25-64,F,S,Y,A,1
2020,6,23,REGION VIII (EASTERN VISAYAS),SOUTHERN LEYTE,5-14,M,S,Y,A,1
2020,6,23,REGION XIII (CARAGA),SURIGAO DEL SUR,15-24,F,S,Y,A,1
2020,6,23,REGION XIII (CARAGA),SURIGAO DEL SUR,15-24,M,S,Y,A,1
2020,6,23,REGION XIII (CARAGA),SURIGAO DEL SUR,25-64,F,S,Y,A,2
2020,6,23,REGION XIII (CARAGA),SURIGAO DEL SUR,25-64,M,S,Y,A,3
2020,6,24,REGION V (BICOL REGION),CAMARINES SUR,25-64,M,S,Y,A,1
2020,6,24,REGION V (BICOL REGION),MASBATE,25-64,M,S,Y,A,2
2020,6,24,REGION V (BICOL REGION),MASBATE,5-14,F,S,Y,A,1
2020,6,24,REGION V (BICOL REGION),MASBATE,65+,F,S,Y,A,1
2020,6,24,REGION V (BICOL REGION),MASBATE,65+,M,S,Y,A,1
2020,6,24,REGION V (BICOL REGION),SORSOGON,15-24,M,S,Y,A,1
2020,6,24,REGION V (BICOL REGION),SORSOGON,65+,M,S,Y,A,1
2020,6,24,REGION VIII (EASTERN VISAYAS),BILIRAN,25-64,F,S,Y,A,1
2020,6,24,REGION VIII (EASTERN VISAYAS),BILIRAN,5-14,F,S,Y,A,1
2020,6,24,REGION VIII (EASTERN VISAYAS),BILIRAN,65+,M,S,Y,A,1
2020,6,24,REGION VIII (EASTERN VISAYAS),LEYTE,65+,F,S,Y,A,1
2020,6,24,REGION VIII (EASTERN VISAYAS),SAMAR,25-64,F,S,Y,A,3
2020,6,24,REGION VIII (EASTERN VISAYAS),SAMAR,5-14,M,S,Y,A,1
2020,6,24,REGION XIII (CARAGA),CITY OF BUTUAN,15-24,F,S,Y,A,1
2020,6,24,REGION XIII (CARAGA),CITY OF BUTUAN,65+,F,S,Y,A,1
2020,6,24,REGION XIII (CARAGA),SURIGAO DEL SUR,15-24,M,S,Y,A,1
2020,6,24,REGION XIII (CARAGA),SURIGAO DEL SUR,25-64,F,S,Y,A,6
2020,6,24,REGION XIII (CARAGA),SURIGAO DEL SUR,25-64,M,S,Y,A,1
2020,6,24,REGION XIII (CARAGA),SURIGAO DEL SUR,5-14,M,S,Y,A,1
2020,6,24,REGION XIII (CARAGA),SURIGAO DEL SUR,65+,F,S,Y,A,2
2020,6,24,REGION XIII (CARAGA),SURIGAO DEL SUR,65+,M,S,Y,A,1
2020,6,25,REGION V (BICOL REGION),MASBATE,25-64,F,S,Y,A,1
2020,6,25,REGION V (BICOL REGION),MASBATE,25-64,M,S,Y,A,2
2020,6,25,REGION V (BICOL REGION),MASBATE,5-14,F,S,Y,A,2
2020,6,25,REGION V (BICOL REGION),SORSOGON,15-24,M,S,Y,A,1
2020,6,25,REGION V (BICOL REGION),SORSOGON,25-64,F,S,Y,A,2
2020,6,25,REGION V (BICOL REGION),SORSOGON,5-14,M,S,Y,A,4
2020,6,25,REGION VIII (EASTERN VISAYAS),BILIRAN,25-64,F,S,Y,A,1
2020,6,25,REGION VIII (EASTERN VISAYAS),CITY OF TACLOBAN,25-64,F,S,Y,A,1
2020,6,25,REGION VIII (EASTERN VISAYAS),EASTERN SAMAR,15-24,F,S,Y,A,2
2020,6,25,REGION VIII (EASTERN VISAYAS),EASTERN SAMAR,25-64,F,S,Y,A,1
2020,6,25,REGION VIII (EASTERN VISAYAS),EASTERN SAMAR,5-14,M,S,Y,A,1
2020,6,25,REGION VIII (EASTERN VISAYAS),EASTERN SAMAR,65+,F,S,Y,A,1
2020,6,25,REGION VIII (EASTERN VISAYAS),LEYTE,25-64,F,S,Y,A,2
2020,6,25,REGION VIII (EASTERN VISAYAS),LEYTE,25-64,M,S,Y,A,3
2020,6,25,REGION VIII (EASTERN VISAYAS),LEYTE,65+,M,S,Y,A,2
2020,6,25,REGION VIII (EASTERN VISAYAS),SAMAR,15-24,M,S,Y,A,1
2020,6,25,REGION VIII (EASTERN VISAYAS),SOUTHERN LEYTE,15-24,F,S,Y,A,1
2020,6,25,REGION VIII (EASTERN VISAYAS),SOUTHERN LEYTE,25-64,M,S,Y,A,1
2020,6,25,REGION VIII (EASTERN VISAYAS),SOUTHERN LEYTE,65+,F,S,Y,A,1
2020,6,25,REGION VIII (EASTERN VISAYAS),SOUTHERN LEYTE,65+,M,S,Y,A,2
2020,6,25,REGION XIII (CARAGA),AGUSAN DEL SUR,5-14,F,S,Y,A,1
2020,6,25,REGION XIII (CARAGA),CITY OF BUTUAN,5-14,M,S,Y,A,1
2020,6,25,REGION XIII (CARAGA),SURIGAO DEL SUR,25-64,F,S,Y,A,2
2020,6,25,REGION XIII (CARAGA),SURIGAO DEL SUR,25-64,M,S,Y,A,1
2020,6,25,REGION XIII (CARAGA),SURIGAO DEL SUR,5-14,F,S,Y,A,1
2020,6,25,REGION XIII (CARAGA),SURIGAO DEL SUR,5-14,M,S,Y,A,1
2020,6,25,REGION XIII (CARAGA),SURIGAO DEL SUR,65+,F,S,Y,A,2
2020,6,26,REGION V (BICOL REGION),CATANDUANES,15-24,F,S,Y,A,1
2020,6,26,REGION V (BICOL REGION),CATANDUANES,5-14,M,S,Y,A,1
2020,6,26,REGION V (BICOL REGION),MASBATE,15-24,M,S,Y,A,2
2020,6,26,REGION V (BICOL REGION),MASBATE,25-64,M,S,Y,A,4
2020,6,26,REGION V (BICOL REGION),MASBATE,5-14,M,S,Y,A,1
2020,6,26,REGION V (BICOL REGION),SORSOGON,15-24,F,S,Y,A,1
2020,6,26,REGION V (BICOL REGION),SORSOGON,25-64,F,S,Y,A,1
2020,6,26,REGION V (BICOL REGION),SORSOGON,5-14,F,S,Y,A,1
2020,6,26,REGION V (BICOL REGION),SORSOGON,65+,M,S,Y,A,1
2020,6,26,REGION VIII (EASTERN VISAYAS),BILIRAN,25-64,F,S,Y,A,1
2020,6,26,REGION VIII (EASTERN VISAYAS),CITY OF TACLOBAN,25-64,F,S,Y,A,1
2020,6,26,REGION VIII (EASTERN VISAYAS),CITY OF TACLOBAN,65+,F,S,Y,A,1
2020,6,26,REGION VIII (EASTERN VISAYAS),LEYTE,15-24,M,S,Y,A,1
2020,6,26,REGION VIII (EASTERN VISAYAS),LEYTE,25-64,M,S,Y,A,1
2020,6,26,REGION VIII (EASTERN VISAYAS),SOUTHERN LEYTE,15-24,F,S,Y,A,1
2020,6,26,REGION VIII (EASTERN VISAYAS),SOUTHERN LEYTE,25-64,F,S,Y,A,1
2020,6,26,REGION VIII (EASTERN VISAYAS),SOUTHERN LEYTE,25-64,M,S,Y,A,3
2020,6,26,REGION VIII (EASTERN VISAYAS),SOUTHERN LEYTE,5-14,F,S,Y,A,1
2020,6,26,REGION VIII (EASTERN VISAYAS),SOUTHERN LEYTE,5-14,M,S,Y,A,1
2020,6,26,REGION VIII (EASTERN VISAYAS),SOUTHERN LEYTE,65+,F,S,Y,A,3
2020,6,26,REGION XIII (CARAGA),DINAGAT ISLANDS,15-24,M,S,Y,A,1
2020,6,26,REGION XIII (CARAGA),DINAGAT ISLANDS,5-14,F,S,Y,A,2
2020,6,26,REGION XIII (CARAGA),DINAGAT ISLANDS,65+,M,S,Y,A,1
2020,6,26,REGION XIII (CARAGA),SURIGAO DEL SUR,15-24,M,S,Y,A,1
2020,6,26,REGION XIII (CARAGA),SURIGAO DEL SUR,25-64,F,S,Y,A,2
2020,7,26,REGION VIII (EASTERN VISAYAS),SAMAR,15-24,F,S,Y,A,1
2020,7,26,REGION VIII (EASTERN VISAYAS),SAMAR,25-64,M,S,Y,A,2
2020,7,27,REGION IX (ZAMBOANGA PENINSULA),CITY OF ZAMBOANGA,5-14,M,S,Y,A,2
2020,7,27,REGION IX (ZAMBOANGA PENINSULA),CITY OF ZAMBOANGA,5-14,M,S,Y,D,1
2020,7,27,REGION V (BICOL REGION),CAMARINES SUR,25-64,F,S,Y,A,1
2020,7,27,REGION V (BICOL REGION),CATANDUANES,15-24,F,S,Y,A,1
2020,7,27,REGION V (BICOL REGION),CATANDUANES,5-14,M,S,Y,A,1
2020,7,27,REGION V (BICOL REGION),MASBATE,15-24,M,S,Y,A,1
2020,7,27,REGION V (BICOL REGION),MASBATE,25-64,F,S,Y,A,2
2020,7,27,REGION V (BICOL REGION),SORSOGON,25-64,M,S,Y,A,1
2020,7,27,REGION VIII (EASTERN VISAYAS),EASTERN SAMAR,25-64,F,S,Y,A,2
2020,7,27,REGION VIII (EASTERN VISAYAS),EASTERN SAMAR,5-14,M,S,Y,A,1
2020,7,27,REGION VIII (EASTERN VISAYAS),LEYTE,25-64,M,S,Y,A,1
2020,7,27,REGION VIII (EASTERN VISAYAS),SAMAR,15-24,F,S,Y,A,3
2020,7,27,REGION VIII (EASTERN VISAYAS),SAMAR,25-64,F,S,Y,A,2
2020,7,27,REGION VIII (EASTERN VISAYAS),SAMAR,25-64,M,S,Y,A,3
2020,7,27,REGION VIII (EASTERN VISAYAS),SAMAR,5-14,F,S,Y,A,1
2020,7,27,REGION VIII (EASTERN VISAYAS),SOUTHERN LEYTE,25-64,M,S,Y,A,1
2020,7,27,REGION XIII (CARAGA),SURIGAO DEL SUR,15-24,M,S,Y,A,1
2020,7,27,REGION XIII (CARAGA),SURIGAO DEL SUR,25-64,M,S,Y,A,1
2020,7,27,REGION XIII (CARAGA),SURIGAO DEL SUR,65+,F,S,Y,A,1
2020,7,27,REGION XIII (CARAGA),SURIGAO DEL SUR,65+,M,S,Y,A,1
2020,7,28,REGION V (BICOL REGION),CATANDUANES,25-64,F,S,Y,A,1
2020,7,28,REGION V (BICOL REGION),CATANDUANES,25-64,M,S,Y,A,1
2020,7,28,REGION V (BICOL REGION),CATANDUANES,65+,F,S,Y,A,1
2020,7,28,REGION V (BICOL REGION),MASBATE,15-24,M,S,Y,A,1
2020,7,28,REGION V (BICOL REGION),MASBATE,25-64,F,S,Y,A,1
2020,7,28,REGION V (BICOL REGION),MASBATE,65+,M,S,Y,A,1
2020,7,28,REGION V (BICOL REGION),SORSOGON,15-24,F,S,Y,A,1
2020,7,28,REGION V (BICOL REGION),SORSOGON,25-64,F,S,Y,A,1
2020,7,28,REGION V (BICOL REGION),SORSOGON,65+,M,S,Y,A,1
2020,7,28,REGION VIII (EASTERN VISAYAS),EASTERN SAMAR,15-24,M,S,Y,A,1
2020,7,28,REGION VIII (EASTERN VISAYAS),EASTERN SAMAR,25-64,F,S,Y,A,1
2020,7,28,REGION VIII (EASTERN VISAYAS),EASTERN SAMAR,25-64,M,S,Y,A,1
2020,7,28,REGION VIII (EASTERN VISAYAS),EASTERN SAMAR,5-14,M,S,Y,A,1
2020,7,28,REGION VIII (EASTERN VISAYAS),LEYTE,15-24,M,S,Y,A,1
2020,7,28,REGION VIII (EASTERN VISAYAS),LEYTE,25-64,M,S,Y,A,1
2020,7,28,REGION VIII (EASTERN VISAYAS),SAMAR,15-24,F,S,Y,A,1
2020,7,28,REGION VIII (EASTERN VISAYAS),SAMAR,15-24,M,S,Y,A,1
2020,7,28,REGION VIII (EASTERN VISAYAS),SAMAR,25-64,F,S,Y,A,4
2020,7,28,REGION VIII (EASTERN VISAYAS),SAMAR,25-64,M,S,Y,A,2
2020,7,28,REGION VIII (EASTERN VISAYAS),SAMAR,5-14,F,S,Y,A,3
2020,7,28,REGION VIII (EASTERN VISAYAS),SAMAR,5-14,M,S,Y,A,2
2020,7,28,REGION XIII (CARAGA),DINAGAT ISLANDS,15-24,F,S,Y,A,1
2020,7,28,REGION XIII (CARAGA),SURIGAO DEL SUR,15-24,M,S,Y,A,2
2020,7,28,REGION XIII (CARAGA),SURIGAO DEL SUR,25-64,F,S,Y,A,3
2020,7,28,REGION XIII (CARAGA),SURIGAO DEL SUR,25-64,M,S,Y,A,2
2020,7,28,REGION XIII (CARAGA),SURIGAO DEL SUR,5-14,M,S,Y,A,2
2020,7,28,REGION XIII (CARAGA),SURIGAO DEL SUR,65+,M,S,Y,A,1
2020,7,29,REGION V (BICOL REGION),CATANDUANES,5-14,F,S,Y,A,1
2020,7,29,REGION V (BICOL REGION),CATANDUANES,65+,F,S,Y,A,1
2020,7,29,REGION V (BICOL REGION),MASBATE,25-64,F,S,Y,A,1
2020,7,29,REGION V (BICOL REGION),SORSOGON,25-64,F,S,Y,A,1
2020,7,29,REGION V (BICOL REGION),SORSOGON,25-64,M,S,Y,A,2
2020,7,29,REGION V (BICOL REGION),SORSOGON,65+,F,S,Y,A,1
2020,7,29,REGION VIII (EASTERN VISAYAS),CITY OF TACLOBAN,25-64,F,S,Y,A,1
2020,7,29,REGION VIII (EASTERN VISAYAS),CITY OF TACLOBAN,65+,F,S,Y,A,1
2020,7,29,REGION VIII (EASTERN VISAYAS),EASTERN SAMAR,25-64,F,S,Y,A,3
2020,7,29,REGION VIII (EASTERN VISAYAS),LEYTE,25-64,F,S,Y,A,4
2020,7,29,REGION VIII (EASTERN VISAYAS),LEYTE,5-14,F,S,Y,A,1
2020,7,29,REGION VIII (EASTERN VISAYAS),SAMAR,15-24,F,S,Y,A,1
2020,7,29,REGION VIII (EASTERN VISAYAS),SAMAR,15-24,M,S,Y,A,4
2020,7,29,REGION VIII (EASTERN VISAYAS),SAMAR,25-64,M,S,Y,A,1
2020,7,29,REGION VIII (EASTERN VISAYAS),SAMAR,5-14,F,S,Y,A,3
2020,7,29,REGION VIII (EASTERN VISAYAS),SAMAR,5-14,M,S,Y,A,1
2020,7,29,REGION VIII (EASTERN VISAYAS),SAMAR,65+,F,S,Y,A,1
2020,7,29,REGION VIII (EASTERN VISAYAS),SOUTHERN LEYTE,25-64,F,S,Y,A,1
2020,7,29,REGION VIII (EASTERN VISAYAS),SOUTHERN LEYTE,65+,F,S,Y,A,1
2020,7,29,REGION XIII (CARAGA),SURIGAO DEL SUR,15-24,F,S,Y,A,2
2020,7,29,REGION XIII (CARAGA),SURIGAO DEL SUR,25-64,F,S,Y,A,3
2020,7,29,REGION XIII (CARAGA),SURIGAO DEL SUR,25-64,M,S,Y,A,1
2020,7,29,REGION XIII (CARAGA),SURIGAO DEL SUR,5-14,F,S,Y,A,1
2020,7,30,REGION V (BICOL REGION),CAMARINES SUR,25-64,F,S,Y,A,1
2020,7,30,REGION V (BICOL REGION),CATANDUANES,25-64,F,S,Y,A,4
2020,7,30,REGION V (BICOL REGION),CATANDUANES,25-64,M,S,Y,A,1
2020,7,30,REGION V (BICOL REGION),CATANDUANES,65+,F,S,Y,A,1
2020,7,30,REGION V (BICOL REGION),MASBATE,25-64,M,S,Y,A,1
2020,7,30,REGION V (BICOL REGION),SORSOGON,25-64,M,S,Y,A,1
2020,7,30,REGION V (BICOL REGION),SORSOGON,65+,F,S,Y,A,1
2020,7,30,REGION VIII (EASTERN VISAYAS),BILIRAN,25-64,F,S,Y,A,1
2020,7,30,REGION VIII (EASTERN VISAYAS),BILIRAN,25-64,M,S,Y,A,1
2020,7,30,REGION VIII (EASTERN VISAYAS),BILIRAN,65+,M,S,Y,A,1
2020,7,30,REGION VIII (EASTERN VISAYAS),CITY OF TACLOBAN,25-64,F,S,Y,A,1
2020,7,30,REGION VIII (EASTERN VISAYAS),CITY OF TACLOBAN,25-64,M,S,Y,A,1
2020,7,30,REGION VIII (EASTERN VISAYAS),EASTERN SAMAR,25-64,F,S,Y,A,3
2020,7,30,REGION VIII (EASTERN VISAYAS),LEYTE,15-24,M,S,Y,A,1
2020,7,30,REGION VIII (EASTERN VISAYAS),LEYTE,25-64,F,S,Y,A,2
2020,7,30,REGION VIII (EASTERN VISAYAS),LEYTE,25-64,M,S,Y,A,1
2020,7,30,REGION VIII (EASTERN VISAYAS),LEYTE,5-14,M,S,Y,A,2
2020,7,30,REGION VIII (EASTERN VISAYAS),LEYTE,65+,F,S,Y,A,1
2020,7,30,REGION VIII (EASTERN VISAYAS),SAMAR,15-24,M,S,Y,A,1
2020,7,30,REGION VIII (EASTERN VISAYAS),SAMAR,25-64,F,S,Y,A,1
2020,7,30,REGION VIII (EASTERN VISAYAS),SAMAR,25-64,M,S,Y,A,1
2020,7,30,REGION XIII (CARAGA),SURIGAO DEL SUR,15-24,F,S,Y,A,1
2020,7,30,REGION XIII (CARAGA),SURIGAO DEL SUR,25-64,F,S,Y,A,2
2020,7,30,REGION XIII (CARAGA),SURIGAO DEL SUR,25-64,M,S,Y,A,3
2020,7,30,REGION XIII (CARAGA),SURIGAO DEL SUR,65+,M,S,Y,A,2
2020,7,31,REGION V (BICOL REGION),MASBATE,25-64,M,S,Y,A,1
2020,8,31,REGION V (BICOL REGION),CATANDUANES,15-24,M,S,Y,A,1
2020,8,31,REGION V (BICOL REGION),CATANDUANES,25-64,F,S,Y,A,1
2020,8,31,REGION V (BICOL REGION),CATANDUANES,25-64,M,S,Y,A,1
2020,8,31,REGION V (BICOL REGION),CATANDUANES,5-14,F,S,Y,A,1
2020,8,31,REGION V (BICOL REGION),CATANDUANES,65+,M,S,Y,A,1
2020,8,31,REGION V (BICOL REGION),MASBATE,25-64,M,S,Y,A,1
2020,8,31,REGION V (BICOL REGION),SORSOGON,5-14,F,S,Y,A,1
2020,8,31,REGION VIII (EASTERN VISAYAS),CITY OF TACLOBAN,25-64,M,S,Y,A,1
2020,8,31,REGION VIII (EASTERN VISAYAS),EASTERN SAMAR,65+,M,S,Y,A,1
2020,8,31,REGION VIII (EASTERN VISAYAS),SAMAR,25-64,M,S,Y,A,1
2020,8,31,REGION VIII (EASTERN VISAYAS),SAMAR,65+,F,S,Y,A,1
2020,8,31,REGION VIII (EASTERN VISAYAS),SAMAR,65+,M,S,Y,A,1
2020,8,31,REGION XIII (CARAGA),SURIGAO DEL SUR,25-64,F,S,Y,A,3
2020,8,31,REGION XIII (CARAGA),SURIGAO DEL SUR,25-64,M,S,Y,A,1
2020,8,31,REGION XIII (CARAGA),SURIGAO DEL SUR,65+,F,S,Y,A,1
2020,8,32,REGION V (BICOL REGION),CATANDUANES,15-24,M,S,Y,A,1
2020,8,32,REGION V (BICOL REGION),CATANDUANES,25-64,M,S,Y,A,2
2020,8,32,REGION V (BICOL REGION),CATANDUANES,5-14,F,S,Y,A,1
2020,8,32,REGION V (BICOL REGION),MASBATE,25-64,M,S,Y,A,1
2020,8,32,REGION V (BICOL REGION),SORSOGON,25-64,F,S,Y,A,1
2020,8,32,REGION VIII (EASTERN VISAYAS),BILIRAN,25-64,M,S,Y,A,1
2020,8,32,REGION VIII (EASTERN VISAYAS),CITY OF TACLOBAN,65+,M,S,Y,A,1
2020,8,32,REGION VIII (EASTERN VISAYAS),EASTERN SAMAR,25-64,F,S,Y,A,2
2020,8,32,REGION VIII (EASTERN VISAYAS),LEYTE,25-64,M,S,Y,A,1
2020,8,32,REGION VIII (EASTERN VISAYAS),SAMAR,25-64,M,S,Y,A,1
2020,8,32,REGION VIII (EASTERN VISAYAS),SOUTHERN LEYTE,25-64,F,S,Y,A,2
2020,8,32,REGION VIII (EASTERN VISAYAS),SOUTHERN LEYTE,25-64,M,S,Y,A,1
2020,8,32,REGION VIII (EASTERN VISAYAS),SOUTHERN LEYTE,65+,F,S,Y,A,1
2020,8,32,REGION XIII (CARAGA),SURIGAO DEL SUR,15-24,F,S,Y,A,2
2020,8,32,REGION XIII (CARAGA),SURIGAO DEL SUR,15-24,M,S,Y,A,1
2020,8,32,REGION XIII (CARAGA),SURIGAO DEL SUR,25-64,F,S,Y,A,4
2020,8,32,REGION XIII (CARAGA),SURIGAO DEL SUR,25-64,M,S,Y,A,2
2020,8,32,REGION XIII (CARAGA),SURIGAO DEL SUR,5-14,F,S,Y,A,1
2020,8,32,REGION XIII (CARAGA),SURIGAO DEL SUR,5-14,M,S,Y,A,1
2020,8,32,REGION XIII (CARAGA),SURIGAO DEL SUR,65+,F,S,Y,A,1
2020,8,32,REGION XIII (CARAGA),SURIGAO DEL SUR,65+,M,S,Y,A,2
2020,8,33,REGION V (BICOL REGION),CATANDUANES,5-14,F,S,Y,A,1
2020,8,33,REGION V (BICOL REGION),MASBATE,15-24,F,S,Y,A,1
2020,8,33,REGION V (BICOL REGION),MASBATE,65+,F,S,Y,A,1
2020,8,33,REGION V (BICOL REGION),SORSOGON,25-64,F,S,Y,A,1
2020,8,33,REGION V (BICOL REGION),SORSOGON,25-64,M,S,Y,A,1
2020,8,33,REGION VIII (EASTERN VISAYAS),EASTERN SAMAR,15-24,F,S,Y,A,2
2020,8,33,REGION VIII (EASTERN VISAYAS),EASTERN SAMAR,15-24,M,S,Y,A,3
2020,8,33,REGION VIII (EASTERN VISAYAS),EASTERN SAMAR,5-14,M,S,Y,A,2
2020,8,33,REGION VIII (EASTERN VISAYAS),EASTERN SAMAR,65+,F,S,Y,A,1
2020,8,33,REGION VIII (EASTERN VISAYAS),EASTERN SAMAR,65+,M,S,Y,A,1
2020,8,33,REGION VIII (EASTERN VISAYAS),SOUTHERN LEYTE,15-24,F,S,Y,A,1
2020,8,33,REGION VIII (EASTERN VISAYAS),SOUTHERN LEYTE,25-64,F,S,Y,A,1
2020,8,33,REGION VIII (EASTERN VISAYAS),SOUTHERN LEYTE,5-14,F,S,Y,A,1
2020,8,33,REGION VIII (EASTERN VISAYAS),SOUTHERN LEYTE,5-14,M,S,Y,A,1
2020,8,33,REGION VIII (EASTERN VISAYAS),SOUTHERN LEYTE,65+,F,S,Y,A,1
2020,8,33,REGION XIII (CARAGA),SURIGAO DEL SUR,15-24,F,S,Y,A,1
2020,8,33,REGION XIII (CARAGA),SURIGAO DEL SUR,25-64,F,S,Y,A,2
2020,8,33,REGION XIII (CARAGA),SURIGAO DEL SUR,25-64,M,S,Y,A,1
2020,8,33,REGION XIII (CARAGA),SURIGAO DEL SUR,5-14,F,S,Y,A,2
2020,8,33,REGION XIII (CARAGA),SURIGAO DEL SUR,5-14,M,S,Y,A,1
2020,8,33,REGION XIII (CARAGA),SURIGAO DEL SUR,65+,M,S,Y,A,2
2020,8,34,REGION V (BICOL REGION),CATANDUANES,25-64,F,S,Y,A,2
2020,8,34,REGION V (BICOL REGION),CATANDUANES,25-64,M,S,Y,A,1
2020,8,34,REGION V (BICOL REGION),CATANDUANES,5-14,F,S,Y,A,1
2020,8,34,REGION V (BICOL REGION),SORSOGON,15-24,M,S,Y,A,1
2020,8,34,REGION V (BICOL REGION),SORSOGON,25-64,F,S,Y,A,1
2020,8,34,REGION V (BICOL REGION),SORSOGON,65+,M,S,Y,A,1
2020,8,34,REGION VIII (EASTERN VISAYAS),BILIRAN,25-64,M,S,Y,A,1
2020,8,34,REGION VIII (EASTERN VISAYAS),CITY OF TACLOBAN,25-64,F,S,Y,A,1
2020,8,34,REGION VIII (EASTERN VISAYAS),EASTERN SAMAR,15-24,M,S,Y,A,1
2020,8,34,REGION VIII (EASTERN VISAYAS),EASTERN SAMAR,5-14,M,S,Y,A,1
2020,8,34,REGION VIII (EASTERN VISAYAS),EASTERN SAMAR,65+,F,S,Y,A,1
2020,8,34,REGION VIII (EASTERN VISAYAS),SOUTHERN LEYTE,15-24,F,S,Y,A,1
2020,8,34,REGION VIII (EASTERN VISAYAS),SOUTHERN LEYTE,25-64,F,S,Y,A,1
2020,8,34,REGION VIII (EASTERN VISAYAS),SOUTHERN LEYTE,25-64,M,S,Y,A,1
2020,8,34,REGION XIII (CARAGA),SURIGAO DEL SUR,15-24,F,S,Y,A,1
2020,8,34,REGION XIII (CARAGA),SURIGAO DEL SUR,15-24,M,S,Y,A,1
2020,8,34,REGION XIII (CARAGA),SURIGAO DEL SUR,25-64,F,S,Y,A,6
2020,8,34,REGION XIII (CARAGA),SURIGAO DEL SUR,25-64,M,S,Y,A,2
2020,8,34,REGION XIII (CARAGA),SURIGAO DEL SUR,65+,F,S,Y,A,1
2020,8,35,REGION V (BICOL REGION),CAMARINES SUR,25-64,M,S,Y,A,1
2020,8,35,REGION V (BICOL REGION),MASBATE,65+,M,S,Y,A,1
2020,8,35,REGION V (BICOL REGION),SORSOGON,15-24,F,S,Y,A,1
2020,8,35,REGION VIII (EASTERN VISAYAS),BILIRAN,15-24,M,S,Y,A,1
2020,8,35,REGION VIII (EASTERN VISAYAS),BILIRAN,25-64,F,S,Y,A,1
2020,8,35,REGION VIII (EASTERN VISAYAS),EASTERN SAMAR,25-64,M,S,Y,A,2
2020,8,35,REGION VIII (EASTERN VISAYAS),EASTERN SAMAR,5-14,F,S,Y,A,1
2020,8,35,REGION VIII (EASTERN VISAYAS),EASTERN SAMAR,65+,F,S,Y,A,1
2020,8,35,REGION XI (DAVAO REGION),CITY OF DAVAO,25-64,M,S,Y,A,1
2020,8,35,REGION XIII (CARAGA),SURIGAO DEL SUR,15-24,F,S,Y,A,2
2020,8,35,REGION XIII (CARAGA),SURIGAO DEL SUR,25-64,F,S,Y,A,3
2020,8,35,REGION XIII (CARAGA),SURIGAO DEL SUR,25-64,M,S,Y,A,1
2020,8,35,REGION XIII (CARAGA),SURIGAO DEL SUR,5-14,M,S,Y,A,2
2020,9,35,REGION V (BICOL REGION),CATANDUANES,25-64,M,S,Y,A,1
2020,9,35,REGION VIII (EASTERN VISAYAS),BILIRAN,25-64,M,S,Y,A,1
2020,9,35,REGION VIII (EASTERN VISAYAS),EASTERN SAMAR,25-64,F,S,Y,A,1
2020,9,35,REGION VIII (EASTERN VISAYAS),EASTERN SAMAR,5-14,F,S,Y,A,1
2020,9,35,REGION XIII (CARAGA),SURIGAO DEL SUR,25-64,M,S,Y,A,2
2020,9,35,REGION XIII (CARAGA),SURIGAO DEL SUR,5-14,M,S,Y,A,1
2020,9,36,REGION V (BICOL REGION),CATANDUANES,65+,M,S,Y,A,1
2020,9,36,REGION V (BICOL REGION),MASBATE,25-64,F,S,Y,A,3
2020,9,36,REGION V (BICOL REGION),MASBATE,5-14,M,S,Y,A,1
2020,9,36,REGION V (BICOL REGION),SORSOGON,25-64,M,S,Y,A,2
2020,9,36,REGION V (BICOL REGION),SORSOGON,5-14,F,S,Y,A,1
2020,9,36,REGION V (BICOL REGION),SORSOGON,65+,F,S,Y,A,1
2020,9,36,REGION V (BICOL REGION),SORSOGON,65+,M,S,Y,A,1
2020,9,36,REGION VIII (EASTERN VISAYAS),BILIRAN,25-64,M,S,Y,A,1
2020,9,36,REGION VIII (EASTERN VISAYAS),BILIRAN,65+,F,S,Y,A,1
2020,9,36,REGION VIII (EASTERN VISAYAS),LEYTE,15-24,F,S,Y,A,1
2020,9,36,REGION VIII (EASTERN VISAYAS),SOUTHERN LEYTE,15-24,M,S,Y,A,1
2020,9,36,REGION VIII (EASTERN VISAYAS),SOUTHERN LEYTE,25-64,F,S,Y,A,1
2020,9,36,REGION VIII (EASTERN VISAYAS),SOUTHERN LEYTE,25-64,M,S,Y,A,2
2020,9,36,REGION X (NORTHERN MINDANAO),MISAMIS OCCIDENTAL,25-64,M,S,Y,A,1
2020,9,36,REGION XIII (CARAGA),DINAGAT ISLANDS,25-64,M,S,Y,A,3
2020,9,36,REGION XIII (CARAGA),DINAGAT ISLANDS,5-14,F,S,Y,A,1
2020,9,36,REGION XIII (CARAGA),SURIGAO DEL SUR,15-24,F,S,Y,A,1
2020,9,36,REGION XIII (CARAGA),SURIGAO DEL SUR,25-64,F,S,Y,A,3
2020,9,36,REGION XIII (CARAGA),SURIGAO DEL SUR,25-64,M,S,Y,A,2
2020,9,36,REGION XIII (CARAGA),SURIGAO DEL SUR,5-14,M,S,Y,A,2
2020,9,36,REGION XIII (CARAGA),SURIGAO DEL SUR,65+,F,S,Y,A,1
2020,9,37,REGION V (BICOL REGION),CATANDUANES,25-64,F,S,Y,A,1
2020,9,37,REGION V (BICOL REGION),CATANDUANES,25-64,M,S,Y,A,1
2020,9,37,REGION V (BICOL REGION),CATANDUANES,5-14,M,S,Y,A,1
2020,9,37,REGION V (BICOL REGION),MASBATE,15-24,M,S,Y,A,1
2020,9,37,REGION V (BICOL REGION),MASBATE,25-64,F,S,Y,A,2
2020,9,37,REGION V (BICOL REGION),MASBATE,5-14,M,S,Y,A,1
2020,9,37,REGION V (BICOL REGION),MASBATE,65+,M,S,Y,A,1
2020,9,37,REGION V (BICOL REGION),SORSOGON,25-64,M,S,Y,A,1
2020,9,37,REGION V (BICOL REGION),SORSOGON,65+,M,S,Y,A,1
2020,9,37,REGION VIII (EASTERN VISAYAS),EASTERN SAMAR,15-24,F,S,Y,A,1
2020,9,37,REGION VIII (EASTERN VISAYAS),EASTERN SAMAR,15-24,M,S,Y,A,1
2020,9,37,REGION VIII (EASTERN VISAYAS),EASTERN SAMAR,5-14,M,S,Y,A,1
2020,9,37,REGION VIII (EASTERN VISAYAS),LEYTE,65+,F,S,Y,A,1
2020,9,37,REGION XIII (CARAGA),DINAGAT ISLANDS,15-24,F,S,Y,A,1
2020,9,37,REGION XIII (CARAGA),DINAGAT ISLANDS,25-64,F,S,Y,A,1
2020,9,37,REGION XIII (CARAGA),DINAGAT ISLANDS,25-64,M,S,Y,A,2
2020,9,37,REGION XIII (CARAGA),DINAGAT ISLANDS,5-14,F,S,Y,A,2
2020,9,37,REGION XIII (CARAGA),SURIGAO DEL SUR,25-64,F,S,Y,A,1
2020,9,37,REGION XIII (CARAGA),SURIGAO DEL SUR,65+,F,S,Y,A,1
2020,9,37,REGION XIII (CARAGA),SURIGAO DEL SUR,65+,M,S,Y,A,1
2020,9,38,REGION IX (ZAMBOANGA PENINSULA),CITY OF ZAMBOANGA,5-14,F,S,Y,A,1
2020,9,38,REGION IX (ZAMBOANGA PENINSULA),CITY OF ZAMBOANGA,5-14,M,S,Y,A,2
2020,9,38,REGION V (BICOL REGION),CATANDUANES,25-64,M,S,Y,A,1
2020,9,38,REGION V (BICOL REGION),CATANDUANES,5-14,M,S,Y,A,1
2020,9,38,REGION V (BICOL REGION),MASBATE,15-24,F,S,Y,A,1
2020,9,38,REGION V (BICOL REGION),MASBATE,25-64,F,S,Y,A,1
2020,9,38,REGION V (BICOL REGION),SORSOGON,25-64,F,S,Y,A,1
2020,9,38,REGION V (BICOL REGION),SORSOGON,25-64,M,S,Y,A,1
2020,9,38,REGION V (BICOL REGION),SORSOGON,5-14,F,S,Y,A,1
2020,9,38,REGION V (BICOL REGION),SORSOGON,65+,F,S,Y,A,1
2020,9,38,REGION VIII (EASTERN VISAYAS),BILIRAN,25-64,F,S,Y,A,1
2020,9,38,REGION VIII (EASTERN VISAYAS),EASTERN SAMAR,25-64,F,S,Y,A,1
2020,9,38,REGION VIII (EASTERN VISAYAS),LEYTE,25-64,M,S,Y,A,1
2020,9,38,REGION VIII (EASTERN VISAYAS),SAMAR,5-14,M,S,Y,A,1
2020,9,38,REGION VIII (EASTERN VISAYAS),SOUTHERN LEYTE,25-64,M,S,Y,A,1
2020,9,38,REGION XIII (CARAGA),DINAGAT ISLANDS,15-24,M,S,Y,A,1
2020,9,38,REGION XIII (CARAGA),DINAGAT ISLANDS,25-64,F,S,Y,A,2
2020,9,38,REGION XIII (CARAGA),DINAGAT ISLANDS,5-14,M,S,Y,A,1
2020,9,38,REGION XIII (CARAGA),SURIGAO DEL SUR,15-24,M,S,Y,A,1
2020,9,39,REGION IX (ZAMBOANGA PENINSULA),CITY OF ZAMBOANGA,15-24,F,S,Y,A,1
2020,9,39,REGION IX (ZAMBOANGA PENINSULA),CITY OF ZAMBOANGA,5-14,F,S,Y,A,1
2020,9,39,REGION V (BICOL REGION),CATANDUANES,25-64,M,S,Y,A,1
2020,9,39,REGION V (BICOL REGION),MASBATE,25-64,F,S,Y,A,2
2020,9,39,REGION V (BICOL REGION),MASBATE,25-64,M,S,Y,A,1
2020,9,39,REGION V (BICOL REGION),SORSOGON,25-64,F,S,Y,A,2
2020,9,39,REGION V (BICOL REGION),SORSOGON,25-64,M,S,Y,A,1
2020,9,39,REGION VIII (EASTERN VISAYAS),BILIRAN,5-14,F,S,Y,A,1
2020,9,39,REGION VIII (EASTERN VISAYAS),EASTERN SAMAR,25-64,F,S,Y,A,2
2020,9,39,REGION VIII (EASTERN VISAYAS),EASTERN SAMAR,25-64,M,S,Y,A,1
2020,9,39,REGION VIII (EASTERN VISAYAS),LEYTE,25-64,F,S,Y,A,1
2020,9,39,REGION VIII (EASTERN VISAYAS),LEYTE,25-64,M,S,Y,A,1
2020,9,39,REGION VIII (EASTERN VISAYAS),LEYTE,5-14,F,S,Y,A,1
2020,9,39,REGION VIII (EASTERN VISAYAS),SAMAR,25-64,M,S,Y,A,1
2020,9,39,REGION VIII (EASTERN VISAYAS),SOUTHERN LEYTE,25-64,M,S,Y,A,1
2020,9,39,REGION XIII (CARAGA),DINAGAT ISLANDS,25-64,M,S,Y,A,1
2020,9,39,REGION XIII (CARAGA),DINAGAT ISLANDS,5-14,F,S,Y,A,1
2020,9,39,REGION XIII (CARAGA),SURIGAO DEL SUR,25-64,F,S,Y,A,2
2020,9,39,REGION XIII (CARAGA),SURIGAO DEL SUR,25-64,M,S,Y,A,1
2020,10,39,REGION V (BICOL REGION),CATANDUANES,25-64,F,S,Y,A,1
2020,10,39,REGION V (BICOL REGION),MASBATE,25-64,F,S,Y,A,2
2020,10,39,REGION VIII (EASTERN VISAYAS),BILIRAN,15-24,M,S,Y,A,1
2020,10,39,REGION VIII (EASTERN VISAYAS),EASTERN SAMAR,25-64,F,S,Y,A,1
2020,10,39,REGION VIII (EASTERN VISAYAS),EASTERN SAMAR,5-14,M,S,Y,A,1
2020,10,40,REGION V (BICOL REGION),CATANDUANES,5-14,F,S,Y,A,1
2020,10,40,REGION V (BICOL REGION),CATANDUANES,65+,M,S,Y,A,1
2020,10,40,REGION V (BICOL REGION),MASBATE,15-24,M,S,Y,A,3
2020,10,40,REGION V (BICOL REGION),MASBATE,25-64,F,S,Y,A,1
2020,10,40,REGION V (BICOL REGION),MASBATE,5-14,F,S,Y,A,1
2020,10,40,REGION V (BICOL REGION),MASBATE,5-14,M,S,Y,A,1
2020,10,40,REGION V (BICOL REGION),MASBATE,65+,F,S,Y,A,2
2020,10,40,REGION V (BICOL REGION),SORSOGON,25-64,M,S,Y,A,1
2020,10,40,REGION V (BICOL REGION),SORSOGON,5-14,F,S,Y,A,1
2020,10,40,REGION V (BICOL REGION),SORSOGON,65+,F,S,Y,A,1
2020,10,40,REGION VIII (EASTERN VISAYAS),BILIRAN,25-64,F,S,Y,A,1
2020,10,40,REGION VIII (EASTERN VISAYAS),BILIRAN,65+,F,S,Y,A,1
2020,10,40,REGION VIII (EASTERN VISAYAS),EASTERN SAMAR,15-24,F,S,Y,A,1
2020,10,40,REGION VIII (EASTERN VISAYAS),EASTERN SAMAR,15-24,M,S,Y,A,1
2020,10,40,REGION VIII (EASTERN VISAYAS),EASTERN SAMAR,25-64,M,S,Y,A,1
2020,10,40,REGION VIII (EASTERN VISAYAS),EASTERN SAMAR,65+,F,S,Y,A,1
2020,10,40,REGION VIII (EASTERN VISAYAS),LEYTE,25-64,F,S,Y,A,1
2020,10,40,REGION XIII (CARAGA),SURIGAO DEL SUR,25-64,F,S,Y,A,4
2020,10,41,REGION IX (ZAMBOANGA PENINSULA),CITY OF ZAMBOANGA,5-14,M,S,Y,A,1
2020,10,41,REGION V (BICOL REGION),CATANDUANES,15-24,M,S,Y,A,1
2020,10,41,REGION V (BICOL REGION),CATANDUANES,25-64,F,S,Y,A,1
2020,10,41,REGION V (BICOL REGION),CATANDUANES,65+,M,S,Y,A,1
2020,10,41,REGION V (BICOL REGION),SORSOGON,25-64,M,S,Y,A,2
2020,10,41,REGION VIII (EASTERN VISAYAS),EASTERN SAMAR,15-24,M,S,Y,A,1
2020,10,41,REGION VIII (EASTERN VISAYAS),EASTERN SAMAR,25-64,F,S,Y,A,1
2020,10,41,REGION VIII (EASTERN VISAYAS),EASTERN SAMAR,25-64,M,S,Y,A,2
2020,10,41,REGION VIII (EASTERN VISAYAS),EASTERN SAMAR,5-14,F,S,Y,A,1
2020,10,41,REGION VIII (EASTERN VISAYAS),EASTERN SAMAR,5-14,M,S,Y,A,1
2020,10,41,REGION VIII (EASTERN VISAYAS),LEYTE,25-64,F,S,Y,A,1
2020,10,41,REGION XIII (CARAGA),SURIGAO DEL SUR,5-14,F,S,Y,A,1
2020,10,42,REGION V (BICOL REGION),CATANDUANES,15-24,M,S,Y,A,1
2020,10,42,REGION V (BICOL REGION),CATANDUANES,5-14,M,S,Y,D,1
2020,10,42,REGION V (BICOL REGION),MASBATE,15-24,M,S,Y,A,1
2020,10,42,REGION VIII (EASTERN VISAYAS),BILIRAN,25-64,F,S,Y,A,2
2020,10,42,REGION VIII (EASTERN VISAYAS),BILIRAN,5-14,F,S,Y,A,1
2020,10,42,REGION VIII (EASTERN VISAYAS),EASTERN SAMAR,15-24,M,S,Y,A,1
2020,10,42,REGION VIII (EASTERN VISAYAS),EASTERN SAMAR,25-64,F,S,Y,A,5
2020,10,42,REGION VIII (EASTERN VISAYAS),EASTERN SAMAR,25-64,M,S,Y,A,13
2020,10,42,REGION VIII (EASTERN VISAYAS),EASTERN SAMAR,5-14,F,S,Y,A,1
2020,10,42,REGION VIII (EASTERN VISAYAS),EASTERN SAMAR,5-14,M,S,Y,A,2
2020,10,42,REGION VIII (EASTERN VISAYAS),LEYTE,25-64,F,S,Y,A,1
2020,10,42,REGION VIII (EASTERN VISAYAS),LEYTE,25-64,M,S,Y,A,1
2020,10,42,REGION VIII (EASTERN VISAYAS),LEYTE,5-14,F,S,Y,A,1
2020,10,42,REGION VIII (EASTERN VISAYAS),LEYTE,65+,M,S,Y,A,1
2020,10,42,REGION VIII (EASTERN VISAYAS),SOUTHERN LEYTE,15-24,F,S,Y,A,1
2020,10,42,REGION VIII (EASTERN VISAYAS),SOUTHERN LEYTE,25-64,M,S,Y,A,1
2020,10,42,REGION VIII (EASTERN VISAYAS),SOUTHERN LEYTE,5-14,F,S,Y,A,1
2020,10,42,REGION XIII (CARAGA),SURIGAO DEL SUR,15-24,F,S,Y,A,2
2020,10,42,REGION XIII (CARAGA),SURIGAO DEL SUR,25-64,F,S,Y,A,1
2020,10,42,REGION XIII (CARAGA),SURIGAO DEL SUR,25-64,M,S,Y,A,2
2020,10,42,REGION XIII (CARAGA),SURIGAO DEL SUR,5-14,F,S,Y,A,1
2020,10,43,REGION V (BICOL REGION),CATANDUANES,15-24,F,S,Y,A,4
2020,10,43,REGION V (BICOL REGION),CATANDUANES,15-24,M,S,Y,A,6
2020,10,43,REGION V (BICOL REGION),CATANDUANES,25-64,F,S,Y,A,7
2020,10,43,REGION V (BICOL REGION),CATANDUANES,25-64,M,S,Y,A,8
2020,10,43,REGION V (BICOL REGION),CATANDUANES,5-14,M,S,Y,A,1
2020,10,43,REGION V (BICOL REGION),CATANDUANES,65+,F,S,Y,A,1
2020,10,43,REGION V (BICOL REGION),CATANDUANES,65+,M,S,Y,A,1
2020,10,43,REGION V (BICOL REGION),MASBATE,5-14,F,S,Y,A,1
2020,10,43,REGION VIII (EASTERN VISAYAS),BILIRAN,25-64,F,S,Y,A,1
2020,10,43,REGION VIII (EASTERN VISAYAS),BILIRAN,5-14,M,S,Y,A,1
2020,10,43,REGION VIII (EASTERN VISAYAS),EASTERN SAMAR,15-24,F,S,Y,A,1
2020,10,43,REGION VIII (EASTERN VISAYAS),EASTERN SAMAR,25-64,F,S,Y,A,2
2020,10,43,REGION VIII (EASTERN VISAYAS),EASTERN SAMAR,25-64,M,S,Y,A,3
2020,10,43,REGION VIII (EASTERN VISAYAS),LEYTE,25-64,F,S,Y,A,1
2020,10,43,REGION VIII (EASTERN VISAYAS),SOUTHERN LEYTE,25-64,M,S,Y,A,2
2020,10,43,REGION XIII (CARAGA),SURIGAO DEL SUR,25-64,F,S,Y,A,2
2020,10,43,REGION XIII (CARAGA),SURIGAO DEL SUR,25-64,M,S,Y,A,2
2020,10,43,REGION XIII (CARAGA),SURIGAO DEL SUR,5-14,M,S,Y,A,3
2020,10,43,REGION XIII (CARAGA),SURIGAO DEL SUR,65+,M,S,Y,A,1
2020,10,44,REGION VIII (EASTERN VISAYAS),EASTERN SAMAR,65+,F,S,Y,A,1
2020,11,44,REGION V (BICOL REGION),CATANDUANES,25-64,M,S,Y,A,1
2020,11,44,REGION V (BICOL REGION),CATANDUANES,5-14,M,S,Y,A,1
2020,11,44,REGION VIII (EASTERN VISAYAS),BILIRAN,5-14,M,S,Y,A,1
2020,11,44,REGION VIII (EASTERN VISAYAS),EASTERN SAMAR,15-24,F,S,Y,A,3
2020,11,44,REGION VIII (EASTERN VISAYAS),EASTERN SAMAR,5-14,F,S,Y,A,1
2020,11,44,REGION VIII (EASTERN VISAYAS),LEYTE,15-24,F,S,Y,A,2
2020,11,44,REGION VIII (EASTERN VISAYAS),LEYTE,15-24,M,S,Y,A,1
2020,11,44,REGION VIII (EASTERN VISAYAS),LEYTE,25-64,F,S,Y,A,1
2020,11,44,REGION VIII (EASTERN VISAYAS),LEYTE,25-64,M,S,Y,A,1
2020,11,44,REGION VIII (EASTERN VISAYAS),SOUTHERN LEYTE,15-24,F,S,Y,A,1
2020,11,44,REGION VIII (EASTERN VISAYAS),SOUTHERN LEYTE,25-64,F,S,Y,A,1
2020,11,44,REGION XIII (CARAGA),SURIGAO DEL SUR,25-64,F,S,Y,A,2
2020,11,44,REGION XIII (CARAGA),SURIGAO DEL SUR,25-64,M,S,Y,A,1
2020,11,45,REGION V (BICOL REGION),CATANDUANES,25-64,M,S,Y,A,1
2020,11,45,REGION V (BICOL REGION),CATANDUANES,5-14,F,S,Y,A,2
2020,11,45,REGION V (BICOL REGION),CATANDUANES,5-14,M,S,Y,A,3
2020,11,45,REGION V (BICOL REGION),CATANDUANES,65+,F,S,Y,A,1
2020,11,45,REGION V (BICOL REGION),SORSOGON,15-24,F,S,Y,A,1
2020,11,45,REGION V (BICOL REGION),SORSOGON,5-14,M,S,Y,A,1
2020,11,45,REGION VIII (EASTERN VISAYAS),EASTERN SAMAR,25-64,F,S,Y,A,2
2020,11,45,REGION VIII (EASTERN VISAYAS),LEYTE,5-14,M,S,Y,A,1
2020,11,45,REGION VIII (EASTERN VISAYAS),LEYTE,65+,M,S,Y,A,1
2020,11,45,REGION XIII (CARAGA),SURIGAO DEL SUR,15-24,M,S,Y,A,1
2020,11,45,REGION XIII (CARAGA),SURIGAO DEL SUR,25-64,M,S,Y,A,1
2020,11,45,REGION XIII (CARAGA),SURIGAO DEL SUR,65+,M,S,Y,A,1
2020,11,46,REGION V (BICOL REGION),ALBAY,25-64,F,S,Y,D,1
2020,11,46,REGION V (BICOL REGION),CATANDUANES,25-64,F,S,Y,A,2
2020,11,46,REGION V (BICOL REGION),CATANDUANES,5-14,F,S,Y,A,1
2020,11,46,REGION V (BICOL REGION),CATANDUANES,5-14,M,S,Y,A,2
2020,11,46,REGION V (BICOL REGION),CATANDUANES,65+,F,S,Y,A,2
2020,11,46,REGION V (BICOL REGION),MASBATE,5-14,F,S,Y,A,1
2020,11,46,REGION V (BICOL REGION),MASBATE,5-14,M,S,Y,A,1
2020,11,46,REGION V (BICOL REGION),SORSOGON,15-24,F,S,Y,A,1
2020,11,46,REGION V (BICOL REGION),SORSOGON,25-64,M,S,Y,A,2
2020,11,46,REGION V (BICOL REGION),SORSOGON,5-14,M,S,Y,A,1
2020,11,46,REGION VIII (EASTERN VISAYAS),BILIRAN,25-64,F,S,Y,A,1
2020,11,46,REGION VIII (EASTERN VISAYAS),BILIRAN,25-64,M,S,Y,A,1
2020,11,46,REGION VIII (EASTERN VISAYAS),BILIRAN,5-14,F,S,Y,A,1
2020,11,46,REGION VIII (EASTERN VISAYAS),CITY OF TACLOBAN,25-64,F,S,Y,A,1
2020,11,46,REGION VIII (EASTERN VISAYAS),EASTERN SAMAR,25-64,M,S,Y,A,1
2020,11,46,REGION VIII (EASTERN VISAYAS),EASTERN SAMAR,5-14,M,S,Y,A,1
2020,11,46,REGION VIII (EASTERN VISAYAS),SAMAR,15-24,F,S,Y,A,2
2020,11,46,REGION VIII (EASTERN VISAYAS),SOUTHERN LEYTE,25-64,F,S,Y,A,1
2020,11,46,REGION VIII (EASTERN VISAYAS),SOUTHERN LEYTE,5-14,F,S,Y,A,1
2020,11,46,REGION VIII (EASTERN VISAYAS),SOUTHERN LEYTE,65+,F,S,Y,A,1
2020,11,46,REGION XIII (CARAGA),SURIGAO DEL SUR,15-24,F,S,Y,A,1
2020,11,46,REGION XIII (CARAGA),SURIGAO DEL SUR,15-24,M,S,Y,A,2
2020,11,46,REGION XIII (CARAGA),SURIGAO DEL SUR,25-64,F,S,Y,A,1
2020,11,46,REGION XIII (CARAGA),SURIGAO DEL SUR,25-64,M,S,Y,A,1
2020,11,46,REGION XIII (CARAGA),SURIGAO DEL SUR,65+,F,S,Y,A,1
2020,11,47,REGION IX (ZAMBOANGA PENINSULA),CITY OF ZAMBOANGA,5-14,F,S,Y,A,1
2020,11,47,REGION V (BICOL REGION),CATANDUANES,15-24,F,S,Y,A,1
2020,11,47,REGION V (BICOL REGION),CATANDUANES,25-64,F,S,Y,A,1
2020,11,47,REGION V (BICOL REGION),CATANDUANES,65+,F,S,Y,A,1
2020,11,47,REGION V (BICOL REGION),CATANDUANES,65+,M,S,Y,A,1
2020,11,47,REGION V (BICOL REGION),MASBATE,15-24,F,S,Y,A,1
2020,11,47,REGION V (BICOL REGION),MASBATE,25-64,F,S,Y,A,1
2020,11,47,REGION V (BICOL REGION),SORSOGON,25-64,F,S,Y,A,1
2020,11,47,REGION VIII (EASTERN VISAYAS),BILIRAN,25-64,M,S,Y,A,1
2020,11,47,REGION VIII (EASTERN VISAYAS),SAMAR,25-64,F,S,Y,A,1
2020,11,47,REGION VIII (EASTERN VISAYAS),SAMAR,5-14,M,S,Y,A,1
2020,11,47,REGION VIII (EASTERN VISAYAS),SOUTHERN LEYTE,15-24,F,S,Y,A,1
2020,11,47,REGION VIII (EASTERN VISAYAS),SOUTHERN LEYTE,15-24,M,S,Y,A,1
2020,11,47,REGION VIII (EASTERN VISAYAS),SOUTHERN LEYTE,25-64,F,S,Y,A,3
2020,11,47,REGION XIII (CARAGA),SURIGAO DEL SUR,5-14,M,S,Y,A,1
2020,11,48,REGION V (BICOL REGION),SORSOGON,15-24,F,S,Y,A,1
2020,11,48,REGION VIII (EASTERN VISAYAS),SOUTHERN LEYTE,65+,M,S,Y,A,1
2020,11,48,REGION XIII (CARAGA),SURIGAO DEL SUR,15-24,M,S,Y,A,1
2020,12,48,REGION V (BICOL REGION),CATANDUANES,25-64,F,S,Y,A,2
2020,12,48,REGION V (BICOL REGION),CATANDUANES,5-14,F,S,Y,A,1
2020,12,48,REGION V (BICOL REGION),MASBATE,5-14,F,S,Y,A,1
2020,12,48,REGION V (BICOL REGION),SORSOGON,5-14,F,S,Y,A,1
2020,12,48,REGION VIII (EASTERN VISAYAS),LEYTE,25-64,F,S,Y,A,1
2020,12,48,REGION VIII (EASTERN VISAYAS),SOUTHERN LEYTE,15-24,F,S,Y,A,1
2020,12,48,REGION VIII (EASTERN VISAYAS),SOUTHERN LEYTE,15-24,M,S,Y,A,2
2020,12,48,REGION VIII (EASTERN VISAYAS),SOUTHERN LEYTE,25-64,M,S,Y,A,1
2020,12,48,REGION XIII (CARAGA),SURIGAO DEL SUR,15-24,M,S,Y,A,1
2020,12,48,REGION XIII (CARAGA),SURIGAO DEL SUR,65+,M,S,Y,A,1
2020,12,49,REGION IX (ZAMBOANGA PENINSULA),CITY OF ZAMBOANGA,25-64,F,S,Y,A,1
2020,12,49,REGION V (BICOL REGION),CATANDUANES,15-24,M,S,Y,A,1
2020,12,49,REGION V (BICOL REGION),CATANDUANES,25-64,M,S,Y,A,1
2020,12,49,REGION V (BICOL REGION),CATANDUANES,5-14,F,S,Y,A,1
2020,12,49,REGION V (BICOL REGION),CATANDUANES,5-14,M,S,Y,A,1
2020,12,49,REGION V (BICOL REGION),CATANDUANES,65+,F,S,Y,A,1
2020,12,49,REGION V (BICOL REGION),MASBATE,15-24,M,S,Y,A,1
2020,12,49,REGION V (BICOL REGION),MASBATE,25-64,F,S,Y,A,1
2020,12,49,REGION V (BICOL REGION),MASBATE,5-14,M,S,Y,A,1
2020,12,49,REGION V (BICOL REGION),SORSOGON,25-64,M,S,Y,A,1
2020,12,49,REGION VIII (EASTERN VISAYAS),LEYTE,5-14,M,S,Y,A,1
2020,12,49,REGION VIII (EASTERN VISAYAS),SAMAR,25-64,F,S,Y,A,1
2020,12,49,REGION VIII (EASTERN VISAYAS),SAMAR,25-64,M,S,Y,A,1
2020,12,49,REGION VIII (EASTERN VISAYAS),SAMAR,5-14,M,S,Y,A,2
2020,12,49,REGION XI (DAVAO REGION),DAVAO DEL SUR,5-14,M,S,Y,A,1
2020,12,50,REGION V (BICOL REGION),CATANDUANES,15-24,M,S,Y,A,2
2020,12,50,REGION V (BICOL REGION),CATANDUANES,5-14,M,S,Y,A,2
2020,12,50,REGION V (BICOL REGION),CATANDUANES,65+,M,S,Y,A,1
2020,12,50,REGION V (BICOL REGION),SORSOGON,5-14,F,S,Y,A,1
2020,12,50,REGION VII (CENTRAL VISAYAS),CITY OF CEBU,5-14,M,S,Y,A,1
2020,12,50,REGION VIII (EASTERN VISAYAS),SOUTHERN LEYTE,25-64,F,S,Y,A,1
2020,12,50,REGION VIII (EASTERN VISAYAS),SOUTHERN LEYTE,25-64,M,S,Y,A,2
2020,12,50,REGION XIII (CARAGA),SURIGAO DEL SUR,15-24,F,S,Y,A,1
2020,12,50,REGION XIII (CARAGA),SURIGAO DEL SUR,25-64,F,S,Y,A,1
2020,12,50,REGION XIII (CARAGA),SURIGAO DEL SUR,25-64,M,S,Y,A,1
2020,12,50,REGION XIII (CARAGA),SURIGAO DEL SUR,5-14,F,S,Y,A,1
2020,12,50,REGION XIII (CARAGA),SURIGAO DEL SUR,65+,F,S,Y,A,1
2020,12,50,REGION XIII (CARAGA),SURIGAO DEL SUR,65+,M,S,Y,A,1
2020,12,51,REGION V (BICOL REGION),CATANDUANES,5-14,M,S,Y,A,1
2020,12,51,REGION V (BICOL REGION),MASBATE,15-24,F,S,Y,A,1
2020,12,51,REGION V (BICOL REGION),MASBATE,25-64,F,S,Y,A,1
2020,12,51,REGION V (BICOL REGION),MASBATE,5-14,F,S,Y,A,1
2020,12,51,REGION V (BICOL REGION),MASBATE,5-14,M,S,Y,A,1
2020,12,51,REGION V (BICOL REGION),SORSOGON,25-64,F,S,Y,A,1
2020,12,51,REGION XIII (CARAGA),SURIGAO DEL SUR,15-24,M,S,Y,A,1
2020,12,51,REGION XIII (CARAGA),SURIGAO DEL SUR,25-64,F,S,Y,A,1
2020,12,51,REGION XIII (CARAGA),SURIGAO DEL SUR,65+,F,S,Y,A,1
2020,12,51,REGION XIII (CARAGA),SURIGAO DEL SUR,65+,M,S,Y,A,1
2020,12,52,REGION IX (ZAMBOANGA PENINSULA),CITY OF ZAMBOANGA,5-14,F,S,Y,A,1
2020,12,52,REGION V (BICOL REGION),CATANDUANES,25-64,F,S,Y,A,1
2020,12,52,REGION V (BICOL REGION),CATANDUANES,25-64,M,S,Y,A,1
2020,12,52,REGION V (BICOL REGION),CATANDUANES,5-14,M,S,Y,A,1
2020,12,52,REGION V (BICOL REGION),SORSOGON,5-14,M,S,Y,A,1
2020,12,52,REGION VII (CENTRAL VISAYAS),CITY OF CEBU,5-14,M,S,Y,A,1
2020,12,52,REGION XIII (CARAGA),SURIGAO DEL SUR,15-24,M,S,Y,A,3
2020,12,52,REGION XIII (CARAGA),SURIGAO DEL SUR,25-64,F,S,Y,A,2
2020,12,52,REGION XIII (CARAGA),SURIGAO DEL SUR,5-14,F,S,Y,A,2
2020,12,52,REGION XIII (CARAGA),SURIGAO DEL SUR,5-14,M,S,Y,A,1
2021,1,1,REGION V (BICOL REGION),CAMARINES SUR,15-24,M,S,Y,A,1
2021,1,1,REGION V (BICOL REGION),CATANDUANES,15-24,F,S,Y,A,1
2021,1,1,REGION V (BICOL REGION),CATANDUANES,15-24,M,S,Y,A,1
2021,1,1,REGION V (BICOL REGION),CATANDUANES,25-64,F,S,Y,A,1
2021,1,1,REGION V (BICOL REGION),CATANDUANES,5-14,F,S,Y,A,1
2021,1,1,REGION V (BICOL REGION),MASBATE,15-24,M,S,Y,A,1
2021,1,1,REGION V (BICOL REGION),MASBATE,5-14,F,S,Y,A,1
2021,1,1,REGION V (BICOL REGION),SORSOGON,5-14,M,S,Y,A,1
2021,1,1,REGION VII (CENTRAL VISAYAS),CEBU,25-64,F,C,Y,A,1
2021,1,1,REGION VII (CENTRAL VISAYAS),CEBU,25-64,M,C,Y,A,1
2021,1,1,REGION VII (CENTRAL VISAYAS),CEBU,5-14,F,C,Y,A,1
2021,1,1,REGION VII (CENTRAL VISAYAS),CEBU,5-14,M,C,Y,A,1
2021,1,1,REGION VII (CENTRAL VISAYAS),CEBU,65+,F,C,Y,A,1
2021,1,1,REGION VIII (EASTERN VISAYAS),BILIRAN,5-14,M,S,Y,A,1
2021,1,1,REGION VIII (EASTERN VISAYAS),CITY OF TACLOBAN,25-64,F,S,Y,A,1
2021,1,1,REGION VIII (EASTERN VISAYAS),LEYTE,15-24,F,S,Y,A,1
2021,1,1,REGION VIII (EASTERN VISAYAS),LEYTE,25-64,F,S,Y,A,4
2021,1,1,REGION VIII (EASTERN VISAYAS),LEYTE,25-64,M,S,Y,A,1
2021,1,1,REGION VIII (EASTERN VISAYAS),SAMAR,15-24,F,S,Y,A,3
2021,1,1,REGION VIII (EASTERN VISAYAS),SAMAR,15-24,M,S,Y,A,2
2021,1,1,REGION VIII (EASTERN VISAYAS),SAMAR,25-64,F,S,Y,A,5
2021,1,1,REGION VIII (EASTERN VISAYAS),SAMAR,25-64,M,S,Y,A,1
2021,1,1,REGION VIII (EASTERN VISAYAS),SAMAR,5-14,M,S,Y,A,1
2021,1,1,REGION VIII (EASTERN VISAYAS),SAMAR,65+,F,S,Y,A,1
2021,1,1,REGION VIII (EASTERN VISAYAS),SOUTHERN LEYTE,5-14,M,S,Y,A,2
2021,1,1,REGION VIII (EASTERN VISAYAS),SOUTHERN LEYTE,65+,F,S,Y,A,1
2021,1,1,REGION XI (DAVAO REGION),DAVAO DEL NORTE,Unknown,F,C,Y,A,1
2021,1,1,REGION XI (DAVAO REGION),DAVAO OCCIDENTAL,15-24,F,S,Y,A,1
2021,1,1,REGION XI (DAVAO REGION),DAVAO OCCIDENTAL,15-24,M,S,Y,A,2
2021,1,1,REGION XI (DAVAO REGION),DAVAO OCCIDENTAL,25-64,F,S,Y,A,1
2021,1,1,REGION XI (DAVAO REGION),DAVAO OCCIDENTAL,25-64,M,S,Y,A,5
2021,1,1,REGION XI (DAVAO REGION),DAVAO OCCIDENTAL,5-14,F,S,Y,A,1
2021,1,1,REGION XI (DAVAO REGION),DAVAO OCCIDENTAL,5-14,M,C,Y,A,1
2021,1,1,REGION XI (DAVAO REGION),DAVAO OCCIDENTAL,5-14,M,S,Y,A,2
2021,1,1,REGION XIII (CARAGA),SURIGAO DEL SUR,5-14,F,S,Y,A,1
2021,1,1,REGION XIII (CARAGA),SURIGAO DEL SUR,65+,M,S,Y,A,1
2021,1,2,REGION V (BICOL REGION),CAMARINES SUR,25-64,F,S,Y,A,1
2021,1,2,REGION V (BICOL REGION),CATANDUANES,15-24,F,S,Y,A,1
2021,1,2,REGION V (BICOL REGION),CATANDUANES,15-24,M,S,Y,A,1
2021,1,2,REGION V (BICOL REGION),CATANDUANES,25-64,F,S,Y,A,2
2021,1,2,REGION V (BICOL REGION),SORSOGON,5-14,M,S,Y,A,2
2021,1,2,REGION VIII (EASTERN VISAYAS),LEYTE,25-64,F,S,Y,A,2
2021,1,2,REGION VIII (EASTERN VISAYAS),SAMAR,15-24,F,S,Y,A,1
2021,1,2,REGION VIII (EASTERN VISAYAS),SAMAR,25-64,F,S,Y,A,5
2021,1,2,REGION VIII (EASTERN VISAYAS),SAMAR,25-64,M,S,Y,A,1
2021,1,2,REGION VIII (EASTERN VISAYAS),SAMAR,5-14,F,S,Y,A,2
2021,1,2,REGION VIII (EASTERN VISAYAS),SAMAR,5-14,M,S,Y,A,1
2021,1,2,REGION XI (DAVAO REGION),DAVAO OCCIDENTAL,25-64,M,S,Y,A,1
2021,1,2,REGION XI (DAVAO REGION),DAVAO OCCIDENTAL,65+,M,S,Y,A,1
2021,1,2,REGION XIII (CARAGA),SURIGAO DEL SUR,15-24,M,S,Y,A,1
2021,1,2,REGION XIII (CARAGA),SURIGAO DEL SUR,25-64,F,S,Y,A,1
2021,1,2,REGION XIII (CARAGA),SURIGAO DEL SUR,25-64,M,S,Y,A,1
2021,1,2,REGION XIII (CARAGA),SURIGAO DEL SUR,5-14,M,S,Y,A,2
2021,1,3,REGION V (BICOL REGION),CATANDUANES,25-64,F,S,Y,A,2
2021,1,3,REGION V (BICOL REGION),MASBATE,25-64,F,S,Y,A,1
2021,1,3,REGION VIII (EASTERN VISAYAS),LEYTE,25-64,F,S,Y,A,1
2021,1,3,REGION VIII (EASTERN VISAYAS),LEYTE,5-14,F,S,Y,A,1
2021,1,3,REGION VIII (EASTERN VISAYAS),LEYTE,65+,F,S,Y,A,1
2021,1,3,REGION VIII (EASTERN VISAYAS),SAMAR,15-24,M,S,Y,A,1
2021,1,3,REGION VIII (EASTERN VISAYAS),SAMAR,25-64,F,S,Y,A,2
2021,1,3,REGION XI (DAVAO REGION),CITY OF DAVAO,0-4,M,C,Y,A,3
2021,1,3,REGION XI (DAVAO REGION),CITY OF DAVAO,15-24,F,S,Y,A,1
2021,1,3,REGION XI (DAVAO REGION),CITY OF DAVAO,15-24,M,S,Y,A,1
2021,1,3,REGION XI (DAVAO REGION),CITY OF DAVAO,25-64,F,C,Y,A,1
2021,1,3,REGION XI (DAVAO REGION),CITY OF DAVAO,25-64,F,S,Y,A,2
2021,1,3,REGION XI (DAVAO REGION),CITY OF DAVAO,25-64,M,C,Y,A,1
2021,1,3,REGION XI (DAVAO REGION),CITY OF DAVAO,5-14,F,C,Y,A,1
2021,1,3,REGION XI (DAVAO REGION),CITY OF DAVAO,5-14,M,C,Y,A,3
2021,1,3,REGION XI (DAVAO REGION),CITY OF DAVAO,5-14,M,S,Y,A,1
2021,1,3,REGION XI (DAVAO REGION),CITY OF DAVAO,65+,M,C,Y,A,1
2021,1,3,REGION XIII (CARAGA),SURIGAO DEL SUR,25-64,F,S,Y,A,2
2021,1,3,REGION XIII (CARAGA),SURIGAO DEL SUR,25-64,M,S,Y,A,1
2021,1,3,REGION XIII (CARAGA),SURIGAO DEL SUR,65+,M,S,Y,A,1
2021,1,4,REGION V (BICOL REGION),CATANDUANES,15-24,M,S,Y,A,1
2021,1,4,REGION V (BICOL REGION),CATANDUANES,25-64,F,S,Y,A,1
2021,1,4,REGION V (BICOL REGION),CATANDUANES,5-14,F,S,Y,A,1
2021,1,4,REGION VII (CENTRAL VISAYAS),CEBU,25-64,F,C,Y,A,1
2021,1,4,REGION VIII (EASTERN VISAYAS),SAMAR,25-64,F,S,Y,A,2
2021,1,4,REGION VIII (EASTERN VISAYAS),SAMAR,5-14,F,S,Y,A,1
2021,1,4,REGION XI (DAVAO REGION),CITY OF DAVAO,0-4,F,C,Y,A,1
2021,1,4,REGION XI (DAVAO REGION),CITY OF DAVAO,5-14,F,C,Y,A,1
2021,1,4,REGION XIII (CARAGA),SURIGAO DEL SUR,25-64,F,S,Y,A,1
2021,1,5,REGION V (BICOL REGION),CATANDUANES,15-24,M,S,Y,A,1
2021,2,1,REGION V (BICOL REGION),CATANDUANES,65+,M,S,Y,A,1
2021,2,4,REGION VIII (EASTERN VISAYAS),NORTHERN SAMAR,5-14,M,S,Y,A,1
2021,2,4,REGION VIII (EASTERN VISAYAS),SAMAR,5-14,F,S,Y,A,1
2021,2,5,REGION V (BICOL REGION),CATANDUANES,5-14,F,S,Y,A,1
2021,2,5,REGION V (BICOL REGION),CATANDUANES,65+,M,S,Y,A,1
2021,2,5,REGION V (BICOL REGION),SORSOGON,25-64,F,S,Y,A,1
2021,2,5,REGION VII (CENTRAL VISAYAS),CEBU,25-64,F,C,Y,A,1
2021,2,5,REGION VIII (EASTERN VISAYAS),BILIRAN,25-64,M,S,Y,A,2
2021,2,5,REGION VIII (EASTERN VISAYAS),BILIRAN,5-14,F,S,Y,A,1
2021,2,5,REGION VIII (EASTERN VISAYAS),LEYTE,15-24,M,S,Y,A,1
2021,2,5,REGION VIII (EASTERN VISAYAS),NORTHERN SAMAR,15-24,F,S,Y,A,1
2021,2,5,REGION VIII (EASTERN VISAYAS),NORTHERN SAMAR,5-14,M,S,Y,A,3
2021,2,5,REGION X (NORTHERN MINDANAO),MISAMIS ORIENTAL,15-24,M,S,Y,A,1
2021,2,5,REGION XI (DAVAO REGION),CITY OF DAVAO,5-14,M,S,Y,A,1
2021,2,6,REGION V (BICOL REGION),CATANDUANES,25-64,F,S,Y,A,4
2021,2,6,REGION V (BICOL REGION),CATANDUANES,25-64,M,S,Y,A,2
2021,2,6,REGION VIII (EASTERN VISAYAS),BILIRAN,25-64,M,S,Y,A,1
2021,2,6,REGION VIII (EASTERN VISAYAS),CITY OF TACLOBAN,25-64,F,S,Y,A,1
2021,2,6,REGION VIII (EASTERN VISAYAS),NORTHERN SAMAR,5-14,F,S,Y,A,1
2021,2,6,REGION VIII (EASTERN VISAYAS),SAMAR,15-24,M,S,Y,A,3
2021,2,6,REGION VIII (EASTERN VISAYAS),SAMAR,25-64,F,S,Y,A,1
2021,2,6,REGION VIII (EASTERN VISAYAS),SAMAR,25-64,M,S,Y,A,1
2021,2,6,REGION VIII (EASTERN VISAYAS),SAMAR,65+,M,S,Y,A,1
2021,2,6,REGION VIII (EASTERN VISAYAS),SOUTHERN LEYTE,15-24,F,S,Y,A,1
2021,2,6,REGION XI (DAVAO REGION),CITY OF DAVAO,25-64,F,S,Y,A,1
2021,2,6,REGION XI (DAVAO REGION),CITY OF DAVAO,25-64,M,S,Y,A,2
2021,2,6,REGION XIII (CARAGA),SURIGAO DEL SUR,15-24,F,S,Y,A,1
2021,2,6,REGION XIII (CARAGA),SURIGAO DEL SUR,5-14,F,S,Y,A,1
2021,2,7,REGION V (BICOL REGION),CATANDUANES,25-64,M,S,Y,A,1
2021,2,7,REGION V (BICOL REGION),CATANDUANES,65+,F,S,Y,A,2
2021,2,7,REGION V (BICOL REGION),SORSOGON,25-64,F,S,Y,A,1
2021,2,7,REGION VIII (EASTERN VISAYAS),BILIRAN,5-14,F,S,Y,A,1
2021,2,7,REGION VIII (EASTERN VISAYAS),BILIRAN,5-14,M,S,Y,A,1
2021,2,7,REGION VIII (EASTERN VISAYAS),LEYTE,5-14,M,S,Y,A,1
2021,2,7,REGION VIII (EASTERN VISAYAS),NORTHERN SAMAR,65+,F,S,Y,A,1
2021,2,7,REGION VIII (EASTERN VISAYAS),SAMAR,25-64,M,S,Y,A,2
2021,2,7,REGION X (NORTHERN MINDANAO),MISAMIS ORIENTAL,25-64,M,S,Y,A,1
2021,2,7,REGION XIII (CARAGA),CITY OF BUTUAN,25-64,M,S,Y,A,1
2021,2,7,REGION XIII (CARAGA),SURIGAO DEL SUR,15-24,F,S,Y,A,1
2021,2,7,REGION XIII (CARAGA),SURIGAO DEL SUR,15-24,M,S,Y,A,1
2021,2,7,REGION XIII (CARAGA),SURIGAO DEL SUR,25-64,F,S,Y,A,2
2021,2,7,REGION XIII (CARAGA),SURIGAO DEL SUR,25-64,M,S,Y,A,1
2021,2,7,REGION XIII (CARAGA),SURIGAO DEL SUR,5-14,M,S,Y,A,1
2021,2,7,REGION XIII (CARAGA),SURIGAO DEL SUR,65+,M,S,Y,A,1
2021,2,8,REGION V (BICOL REGION),CATANDUANES,5-14,F,S,Y,A,1
2021,2,8,REGION V (BICOL REGION),CATANDUANES,5-14,M,S,Y,A,1
2021,2,8,REGION V (BICOL REGION),SORSOGON,25-64,M,S,Y,A,1
2021,2,8,REGION VIII (EASTERN VISAYAS),BILIRAN,25-64,M,S,Y,A,1
2021,2,8,REGION VIII (EASTERN VISAYAS),EASTERN SAMAR,25-64,F,S,Y,A,1
2021,2,8,REGION VIII (EASTERN VISAYAS),LEYTE,25-64,M,S,Y,A,1
2021,2,8,REGION VIII (EASTERN VISAYAS),SAMAR,25-64,F,S,Y,A,1
2021,2,8,REGION VIII (EASTERN VISAYAS),SAMAR,65+,F,S,Y,A,1
2021,2,8,REGION VIII (EASTERN VISAYAS),SAMAR,65+,M,S,Y,A,1
2021,2,8,REGION VIII (EASTERN VISAYAS),SOUTHERN LEYTE,25-64,F,S,Y,A,2
2021,2,8,REGION VIII (EASTERN VISAYAS),SOUTHERN LEYTE,25-64,M,S,Y,A,2
2021,2,8,REGION VIII (EASTERN VISAYAS),SOUTHERN LEYTE,5-14,F,S,Y,A,1
2021,2,8,REGION VIII (EASTERN VISAYAS),SOUTHERN LEYTE,5-14,M,S,Y,A,3
2021,2,8,REGION VIII (EASTERN VISAYAS),SOUTHERN LEYTE,65+,F,S,Y,A,1
2021,2,8,REGION XIII (CARAGA),SURIGAO DEL NORTE,5-14,F,S,Y,A,1
2021,2,8,REGION XIII (CARAGA),SURIGAO DEL SUR,25-64,F,S,Y,A,1
2021,2,9,REGION VIII (EASTERN VISAYAS),SOUTHERN LEYTE,65+,M,S,Y,A,1
2021,3,3,REGION V (BICOL REGION),CATANDUANES,65+,M,S,Y,A,1
2021,3,6,REGION VIII (EASTERN VISAYAS),LEYTE,25-64,M,S,Y,A,1
2021,3,6,REGION VIII (EASTERN VISAYAS),SAMAR,15-24,F,S,Y,A,1
2021,3,8,REGION V (BICOL REGION),CATANDUANES,5-14,M,S,Y,A,1
2021,3,9,REGION V (BICOL REGION),CATANDUANES,25-64,F,S,Y,A,1
2021,3,9,REGION V (BICOL REGION),CATANDUANES,5-14,M,S,Y,A,1
2021,3,9,REGION V (BICOL REGION),MASBATE,25-64,M,S,Y,A,1
2021,3,9,REGION VIII (EASTERN VISAYAS),BILIRAN,25-64,F,S,Y,A,1
2021,3,9,REGION VIII (EASTERN VISAYAS),BILIRAN,25-64,M,S,Y,A,1
2021,3,9,REGION VIII (EASTERN VISAYAS),EASTERN SAMAR,25-64,M,S,Y,A,1
2021,3,9,REGION VIII (EASTERN VISAYAS),LEYTE,25-64,F,S,Y,A,4
2021,3,9,REGION VIII (EASTERN VISAYAS),LEYTE,5-14,F,S,Y,A,1
2021,3,9,REGION VIII (EASTERN VISAYAS),LEYTE,65+,F,S,Y,A,1
2021,3,9,REGION VIII (EASTERN VISAYAS),NORTHERN SAMAR,25-64,F,S,Y,A,1
2021,3,9,REGION VIII (EASTERN VISAYAS),SAMAR,15-24,F,S,Y,A,1
2021,3,9,REGION VIII (EASTERN VISAYAS),SAMAR,15-24,M,S,Y,A,1
2021,3,9,REGION VIII (EASTERN VISAYAS),SAMAR,25-64,F,S,Y,A,2
2021,3,9,REGION VIII (EASTERN VISAYAS),SAMAR,25-64,M,S,Y,A,1
2021,3,9,REGION XIII (CARAGA),SURIGAO DEL SUR,15-24,F,S,Y,A,1
2021,3,9,REGION XIII (CARAGA),SURIGAO DEL SUR,15-24,M,S,Y,A,1
2021,3,9,REGION XIII (CARAGA),SURIGAO DEL SUR,25-64,M,S,Y,A,1
2021,3,9,REGION XIII (CARAGA),SURIGAO DEL SUR,65+,F,S,Y,A,2
2021,3,10,REGION V (BICOL REGION),CAMARINES SUR,25-64,F,S,Y,A,1
2021,3,10,REGION V (BICOL REGION),CATANDUANES,15-24,M,S,Y,A,1
2021,3,10,REGION V (BICOL REGION),CATANDUANES,5-14,M,S,Y,A,1
2021,3,10,REGION V (BICOL REGION),SORSOGON,15-24,M,S,Y,A,1
2021,3,10,REGION VIII (EASTERN VISAYAS),BILIRAN,15-24,M,S,Y,A,1
2021,3,10,REGION VIII (EASTERN VISAYAS),EASTERN SAMAR,5-14,F,S,Y,A,1
2021,3,10,REGION VIII (EASTERN VISAYAS),EASTERN SAMAR,65+,M,S,Y,A,1
2021,3,10,REGION VIII (EASTERN VISAYAS),LEYTE,25-64,M,S,Y,A,2
2021,3,10,REGION VIII (EASTERN VISAYAS),SAMAR,15-24,F,S,Y,A,1
2021,3,10,REGION VIII (EASTERN VISAYAS),SAMAR,15-24,M,S,Y,A,1
2021,3,10,REGION VIII (EASTERN VISAYAS),SAMAR,25-64,F,S,Y,A,2
2021,3,10,REGION VIII (EASTERN VISAYAS),SAMAR,25-64,M,S,Y,A,2
2021,3,10,REGION VIII (EASTERN VISAYAS),SAMAR,5-14,M,S,Y,A,1
2021,3,10,REGION XI (DAVAO REGION),CITY OF DAVAO,15-24,M,S,Y,A,1
2021,3,10,REGION XIII (CARAGA),SURIGAO DEL SUR,15-24,M,S,Y,A,1
2021,3,10,REGION XIII (CARAGA),SURIGAO DEL SUR,25-64,F,S,Y,A,1
2021,3,10,REGION XIII (CARAGA),SURIGAO DEL SUR,25-64,M,S,Y,A,1
2021,3,11,REGION V (BICOL REGION),CATANDUANES,25-64,M,S,Y,A,1
2021,3,11,REGION V (BICOL REGION),CATANDUANES,5-14,F,S,Y,A,1
2021,3,11,REGION V (BICOL REGION),CATANDUANES,5-14,M,S,Y,A,1
2021,3,11,REGION VII (CENTRAL VISAYAS),CEBU,5-14,M,C,Y,A,1
2021,3,11,REGION VIII (EASTERN VISAYAS),BILIRAN,5-14,F,S,Y,A,1
2021,3,11,REGION VIII (EASTERN VISAYAS),BILIRAN,5-14,M,S,Y,A,1
2021,3,11,REGION VIII (EASTERN VISAYAS),EASTERN SAMAR,5-14,M,S,Y,A,1
2021,3,11,REGION VIII (EASTERN VISAYAS),LEYTE,25-64,F,S,Y,A,1
2021,3,11,REGION VIII (EASTERN VISAYAS),LEYTE,25-64,M,S,Y,A,4
2021,3,11,REGION VIII (EASTERN VISAYAS),LEYTE,5-14,F,S,Y,A,1
2021,3,11,REGION VIII (EASTERN VISAYAS),LEYTE,65+,F,S,Y,A,1
2021,3,11,REGION VIII (EASTERN VISAYAS),NORTHERN SAMAR,5-14,F,S,Y,A,2
2021,3,11,REGION VIII (EASTERN VISAYAS),SAMAR,5-14,M,S,Y,A,1
2021,3,11,REGION XI (DAVAO REGION),CITY OF DAVAO,5-14,F,C,Y,A,1
2021,3,11,REGION XIII (CARAGA),SURIGAO DEL SUR,25-64,F,S,Y,A,1
2021,3,11,REGION XIII (CARAGA),SURIGAO DEL SUR,25-64,M,S,Y,A,1
2021,3,11,REGION XIII (CARAGA),SURIGAO DEL SUR,5-14,M,S,Y,A,1
2021,3,12,REGION V (BICOL REGION),CATANDUANES,25-64,F,S,Y,A,1
2021,3,12,REGION V (BICOL REGION),CATANDUANES,5-14,F,S,Y,A,1
2021,3,12,REGION V (BICOL REGION),CATANDUANES,65+,M,S,Y,A,1
2021,3,12,REGION V (BICOL REGION),MASBATE,15-24,M,S,Y,A,1
2021,3,12,REGION V (BICOL REGION),MASBATE,25-64,F,S,Y,A,2
2021,3,12,REGION V (BICOL REGION),SORSOGON,25-64,F,S,Y,A,1
2021,3,12,REGION VIII (EASTERN VISAYAS),LEYTE,25-64,M,S,Y,A,1
2021,3,12,REGION VIII (EASTERN VISAYAS),SAMAR,25-64,F,S,Y,A,1
2021,3,12,REGION X (NORTHERN MINDANAO),BUKIDNON,5-14,M,S,Y,A,3
2021,3,12,REGION X (NORTHERN MINDANAO),CITY OF CAGAYAN DE ORO,15-24,M,S,Y,A,2
2021,3,12,REGION X (NORTHERN MINDANAO),CITY OF CAGAYAN DE ORO,25-64,F,S,Y,A,2
2021,3,12,REGION X (NORTHERN MINDANAO),CITY OF CAGAYAN DE ORO,25-64,M,S,Y,A,1
2021,3,12,REGION X (NORTHERN MINDANAO),CITY OF CAGAYAN DE ORO,5-14,F,S,Y,A,1
2021,3,12,REGION X (NORTHERN MINDANAO),CITY OF CAGAYAN DE ORO,5-14,M,S,Y,A,1
2021,3,12,REGION XI (DAVAO REGION),CITY OF DAVAO,15-24,F,S,Y,A,1
2021,3,12,REGION XI (DAVAO REGION),CITY OF DAVAO,5-14,M,S,Y,A,1
2021,3,12,REGION XIII (CARAGA),SURIGAO DEL SUR,25-64,F,S,Y,A,2
2021,3,13,REGION V (BICOL REGION),MASBATE,25-64,M,S,Y,A,1
2021,3,13,REGION VIII (EASTERN VISAYAS),BILIRAN,25-64,F,S,Y,A,1
2021,3,13,REGION VIII (EASTERN VISAYAS),BILIRAN,25-64,M,S,Y,A,1
2021,3,13,REGION VIII (EASTERN VISAYAS),LEYTE,25-64,M,S,Y,A,1
2021,3,13,REGION X (NORTHERN MINDANAO),CITY OF CAGAYAN DE ORO,25-64,M,S,Y,A,1
2021,3,13,REGION X (NORTHERN MINDANAO),CITY OF CAGAYAN DE ORO,5-14,F,S,Y,A,2
2021,3,13,REGION XI (DAVAO REGION),CITY OF DAVAO,25-64,F,S,Y,A,1
2021,3,13,REGION XI (DAVAO REGION),CITY OF DAVAO,5-14,M,S,Y,A,1
2021,3,13,REGION XIII (CARAGA),AGUSAN DEL SUR,5-14,F,S,Y,A,1
2021,3,13,REGION XIII (CARAGA),SURIGAO DEL SUR,65+,M,S,Y,A,1
2021,4,11,REGION IX (ZAMBOANGA PENINSULA),CITY OF ZAMBOANGA,65+,F,S,Y,A,1
2021,4,11,REGION VIII (EASTERN VISAYAS),LEYTE,15-24,F,S,Y,A,1
2021,4,12,REGION VIII (EASTERN VISAYAS),SAMAR,65+,M,S,Y,A,1
2021,4,13,REGION V (BICOL REGION),ALBAY,15-24,M,S,Y,A,1
2021,4,13,REGION V (BICOL REGION),CATANDUANES,15-24,F,S,Y,D,1
2021,4,13,REGION VIII (EASTERN VISAYAS),LEYTE,25-64,M,S,Y,A,1
2021,4,13,REGION VIII (EASTERN VISAYAS),LEYTE,5-14,M,S,Y,A,1
2021,4,13,REGION VIII (EASTERN VISAYAS),SAMAR,15-24,M,S,Y,A,1
2021,4,14,REGION IX (ZAMBOANGA PENINSULA),CITY OF ZAMBOANGA,25-64,F,S,Y,A,1
2021,4,14,REGION V (BICOL REGION),CAMARINES SUR,25-64,F,S,Y,A,1
2021,4,14,REGION V (BICOL REGION),CATANDUANES,5-14,M,S,Y,A,1
2021,4,14,REGION V (BICOL REGION),CATANDUANES,65+,M,S,Y,A,1
2021,4,14,REGION V (BICOL REGION),MASBATE,25-64,M,S,Y,A,1
2021,4,14,REGION VIII (EASTERN VISAYAS),BILIRAN,15-24,F,S,Y,A,1
2021,4,14,REGION VIII (EASTERN VISAYAS),BILIRAN,65+,F,S,Y,A,1
2021,4,14,REGION VIII (EASTERN VISAYAS),EASTERN SAMAR,5-14,M,S,Y,A,1
2021,4,14,REGION VIII (EASTERN VISAYAS),SAMAR,5-14,F,S,Y,A,1
2021,4,14,REGION VIII (EASTERN VISAYAS),SAMAR,5-14,M,S,Y,A,1
2021,4,14,REGION XIII (CARAGA),SURIGAO DEL SUR,5-14,M,S,Y,A,1
2021,4,15,REGION V (BICOL REGION),CAMARINES SUR,25-64,M,S,Y,A,1
2021,4,15,REGION V (BICOL REGION),CATANDUANES,15-24,M,S,Y,A,1
2021,4,15,REGION V (BICOL REGION),CATANDUANES,65+,F,S,Y,A,1
2021,4,15,REGION V (BICOL REGION),MASBATE,25-64,F,S,Y,A,1
2021,4,15,REGION VIII (EASTERN VISAYAS),BILIRAN,5-14,M,S,Y,A,1
2021,4,15,REGION VIII (EASTERN VISAYAS),EASTERN SAMAR,15-24,F,S,Y,A,1
2021,4,15,REGION VIII (EASTERN VISAYAS),SAMAR,25-64,F,S,Y,A,1
2021,4,15,REGION VIII (EASTERN VISAYAS),SAMAR,25-64,M,S,Y,A,1
2021,4,15,REGION XIII (CARAGA),CITY OF BUTUAN,15-24,M,S,Y,A,1
2021,4,15,REGION XIII (CARAGA),SURIGAO DEL SUR,25-64,F,S,Y,A,1
2021,4,15,REGION XIII (CARAGA),SURIGAO DEL SUR,5-14,F,S,Y,A,1
2021,4,16,REGION V (BICOL REGION),CATANDUANES,25-64,F,S,Y,A,1
2021,4,16,REGION V (BICOL REGION),CATANDUANES,5-14,F,S,Y,A,1
2021,4,16,REGION V (BICOL REGION),CATANDUANES,5-14,M,S,Y,A,2
2021,4,16,REGION V (BICOL REGION),MASBATE,25-64,F,S,Y,A,1
2021,4,16,REGION VIII (EASTERN VISAYAS),BILIRAN,15-24,F,S,Y,A,1
2021,4,16,REGION VIII (EASTERN VISAYAS),BILIRAN,25-64,F,S,Y,A,1
2021,4,16,REGION VIII (EASTERN VISAYAS),BILIRAN,25-64,M,S,Y,A,1
2021,4,16,REGION VIII (EASTERN VISAYAS),BILIRAN,5-14,F,S,Y,A,1
2021,4,16,REGION VIII (EASTERN VISAYAS),EASTERN SAMAR,25-64,M,S,Y,A,1
2021,4,16,REGION VIII (EASTERN VISAYAS),EASTERN SAMAR,5-14,M,S,Y,A,1
2021,4,16,REGION VIII (EASTERN VISAYAS),EASTERN SAMAR,65+,F,S,Y,A,1
2021,4,16,REGION VIII (EASTERN VISAYAS),EASTERN SAMAR,65+,M,S,Y,A,1
2021,4,16,REGION VIII (EASTERN VISAYAS),LEYTE,15-24,F,S,Y,A,1
2021,4,16,REGION VIII (EASTERN VISAYAS),LEYTE,25-64,M,S,Y,A,1
2021,4,16,REGION VIII (EASTERN VISAYAS),SAMAR,15-24,F,S,Y,A,2
2021,4,16,REGION VIII (EASTERN VISAYAS),SAMAR,25-64,F,S,Y,A,1
2021,4,16,REGION VIII (EASTERN VISAYAS),SAMAR,25-64,M,S,Y,A,1
2021,4,16,REGION VIII (EASTERN VISAYAS),SAMAR,5-14,F,S,Y,A,1
2021,4,16,REGION VIII (EASTERN VISAYAS),SAMAR,5-14,M,S,Y,A,3
2021,4,16,REGION VIII (EASTERN VISAYAS),SAMAR,65+,M,S,Y,A,2
2021,4,16,REGION XIII (CARAGA),CITY OF BUTUAN,65+,F,S,Y,A,1
2021,4,16,REGION XIII (CARAGA),SURIGAO DEL SUR,15-24,F,S,Y,A,1
2021,4,16,REGION XIII (CARAGA),SURIGAO DEL SUR,25-64,F,S,Y,A,1
2021,4,16,REGION XIII (CARAGA),SURIGAO DEL SUR,25-64,M,S,Y,A,3
2021,4,16,REGION XIII (CARAGA),SURIGAO DEL SUR,5-14,F,S,Y,A,1
2021,4,16,REGION XIII (CARAGA),SURIGAO DEL SUR,65+,F,S,Y,A,1
2021,4,17,REGION V (BICOL REGION),MASBATE,15-24,F,S,Y,A,1
2021,4,17,REGION VIII (EASTERN VISAYAS),BILIRAN,25-64,F,S,Y,A,1
2021,4,17,REGION VIII (EASTERN VISAYAS),BILIRAN,25-64,M,S,Y,A,1
2021,4,17,REGION VIII (EASTERN VISAYAS),BILIRAN,5-14,M,S,Y,A,1
2021,4,17,REGION VIII (EASTERN VISAYAS),EASTERN SAMAR,15-24,M,S,Y,A,2
2021,4,17,REGION VIII (EASTERN VISAYAS),EASTERN SAMAR,5-14,M,S,Y,A,3
2021,4,17,REGION VIII (EASTERN VISAYAS),SAMAR,15-24,M,S,Y,A,1
2021,4,17,REGION VIII (EASTERN VISAYAS),SAMAR,5-14,M,S,Y,A,2
2021,4,17,REGION VIII (EASTERN VISAYAS),SOUTHERN LEYTE,65+,M,S,Y,A,1
2021,4,17,REGION XIII (CARAGA),CITY OF BUTUAN,25-64,M,S,Y,A,1
2021,4,17,REGION XIII (CARAGA),SURIGAO DEL SUR,25-64,F,S,Y,A,1
2021,4,17,REGION XIII (CARAGA),SURIGAO DEL SUR,25-64,M,S,Y,A,2
2021,4,17,REGION XIII (CARAGA),SURIGAO DEL SUR,5-14,M,S,Y,A,1
2021,5,17,REGION V (BICOL REGION),MASBATE,5-14,F,S,Y,A,1
2021,5,17,REGION VIII (EASTERN VISAYAS),LEYTE,25-64,M,S,Y,A,1
2021,5,17,REGION VIII (EASTERN VISAYAS),SAMAR,15-24,F,S,Y,A,1
2021,5,17,REGION VIII (EASTERN VISAYAS),SAMAR,15-24,M,S,Y,A,1
2021,5,17,REGION VIII (EASTERN VISAYAS),SAMAR,25-64,F,S,Y,A,1
2021,5,17,REGION VIII (EASTERN VISAYAS),SAMAR,25-64,M,S,Y,A,1
2021,5,17,REGION VIII (EASTERN VISAYAS),SAMAR,5-14,M,S,Y,A,1
2021,5,17,REGION VIII (EASTERN VISAYAS),SOUTHERN LEYTE,65+,F,S,Y,A,1
2021,5,18,REGION V (BICOL REGION),CATANDUANES,65+,F,S,Y,A,1
2021,5,18,REGION VIII (EASTERN VISAYAS),BILIRAN,25-64,M,S,Y,A,1
2021,5,18,REGION VIII (EASTERN VISAYAS),LEYTE,15-24,M,S,Y,A,1
2021,5,18,REGION VIII (EASTERN VISAYAS),LEYTE,25-64,F,S,Y,A,3
2021,5,18,REGION VIII (EASTERN VISAYAS),LEYTE,25-64,M,S,Y,A,3
2021,5,18,REGION VIII (EASTERN VISAYAS),SAMAR,15-24,F,S,Y,A,1
2021,5,18,REGION VIII (EASTERN VISAYAS),SAMAR,25-64,F,S,Y,A,1
2021,5,18,REGION VIII (EASTERN VISAYAS),SOUTHERN LEYTE,25-64,F,S,Y,A,1
2021,5,18,REGION VIII (EASTERN VISAYAS),SOUTHERN LEYTE,5-14,M,S,Y,A,1
2021,5,18,REGION XIII (CARAGA),CITY OF BUTUAN,15-24,M,S,Y,A,1
2021,5,18,REGION XIII (CARAGA),SURIGAO DEL SUR,15-24,F,S,Y,A,1
2021,5,18,REGION XIII (CARAGA),SURIGAO DEL SUR,15-24,M,S,Y,A,1
2021,5,18,REGION XIII (CARAGA),SURIGAO DEL SUR,25-64,F,S,Y,A,1
2021,5,18,REGION XIII (CARAGA),SURIGAO DEL SUR,65+,F,S,Y,A,1
2021,5,19,BANGSAMORO AUTONOMOUS REGION IN MUSLIM MINDANAO (BARMM),MAGUINDANAO DEL NORTE,5-14,M,C,Y,A,1
2021,5,19,REGION V (BICOL REGION),CAMARINES SUR,25-64,F,S,Y,A,1
2021,5,19,REGION V (BICOL REGION),CAMARINES SUR,25-64,M,S,Y,A,1
2021,5,19,REGION V (BICOL REGION),CATANDUANES,25-64,F,S,Y,A,2
2021,5,19,REGION V (BICOL REGION),CATANDUANES,25-64,M,S,Y,A,1
2021,5,19,REGION V (BICOL REGION),CATANDUANES,5-14,F,S,Y,A,1
2021,5,19,REGION V (BICOL REGION),MASBATE,5-14,M,S,Y,A,1
2021,5,19,REGION V (BICOL REGION),MASBATE,65+,M,S,Y,A,1
2021,5,19,REGION VIII (EASTERN VISAYAS),BILIRAN,15-24,F,S,Y,A,1
2021,5,19,REGION VIII (EASTERN VISAYAS),BILIRAN,25-64,F,S,Y,A,1
2021,5,19,REGION VIII (EASTERN VISAYAS),EASTERN SAMAR,15-24,F,S,Y,A,1
2021,5,19,REGION VIII (EASTERN VISAYAS),LEYTE,15-24,F,S,Y,A,1
2021,5,19,REGION VIII (EASTERN VISAYAS),LEYTE,25-64,F,S,Y,A,3
2021,5,19,REGION VIII (EASTERN VISAYAS),LEYTE,25-64,M,S,Y,A,1
2021,5,19,REGION VIII (EASTERN VISAYAS),LEYTE,65+,F,S,Y,A,1
2021,5,19,REGION VIII (EASTERN VISAYAS),LEYTE,65+,M,S,Y,A,2
2021,5,19,REGION VIII (EASTERN VISAYAS),NORTHERN SAMAR,5-14,F,S,Y,A,1
2021,5,19,REGION VIII (EASTERN VISAYAS),SAMAR,15-24,F,S,Y,A,1
2021,5,19,REGION VIII (EASTERN VISAYAS),SAMAR,25-64,F,S,Y,A,4
2021,5,19,REGION VIII (EASTERN VISAYAS),SAMAR,25-64,M,S,Y,A,3
2021,5,19,REGION VIII (EASTERN VISAYAS),SAMAR,5-14,M,S,Y,A,1
2021,5,19,REGION VIII (EASTERN VISAYAS),SOUTHERN LEYTE,15-24,M,S,Y,A,1
2021,5,19,REGION VIII (EASTERN VISAYAS),SOUTHERN LEYTE,65+,M,S,Y,D,1
2021,5,19,REGION XI (DAVAO REGION),CITY OF DAVAO,15-24,M,S,Y,A,1
2021,5,19,REGION XIII (CARAGA),SURIGAO DEL SUR,25-64,M,S,Y,A,1
2021,5,19,REGION XIII (CARAGA),SURIGAO DEL SUR,65+,F,S,Y,A,1
2021,5,20,BANGSAMORO AUTONOMOUS REGION IN MUSLIM MINDANAO (BARMM),LANAO DEL SUR,15-24,M,S,Y,A,2
2021,5,20,BANGSAMORO AUTONOMOUS REGION IN MUSLIM MINDANAO (BARMM),LANAO DEL SUR,25-64,F,S,Y,A,2
2021,5,20,BANGSAMORO AUTONOMOUS REGION IN MUSLIM MINDANAO (BARMM),LANAO DEL SUR,25-64,M,S,Y,A,3
2021,5,20,BANGSAMORO AUTONOMOUS REGION IN MUSLIM MINDANAO (BARMM),LANAO DEL SUR,5-14,F,S,Y,A,1
2021,5,20,BANGSAMORO AUTONOMOUS REGION IN MUSLIM MINDANAO (BARMM),LANAO DEL SUR,5-14,M,S,Y,A,1
2021,5,20,BANGSAMORO AUTONOMOUS REGION IN MUSLIM MINDANAO (BARMM),LANAO DEL SUR,65+,M,S,Y,A,1
2021,5,20,REGION VIII (EASTERN VISAYAS),BILIRAN,25-64,F,S,Y,A,1
2021,5,20,REGION VIII (EASTERN VISAYAS),BILIRAN,25-64,M,S,Y,A,2
2021,5,20,REGION VIII (EASTERN VISAYAS),EASTERN SAMAR,15-24,F,S,Y,A,1
2021,5,20,REGION VIII (EASTERN VISAYAS),EASTERN SAMAR,15-24,M,S,Y,A,3
2021,5,20,REGION VIII (EASTERN VISAYAS),EASTERN SAMAR,25-64,M,S,Y,A,1
2021,5,20,REGION VIII (EASTERN VISAYAS),EASTERN SAMAR,5-14,M,S,Y,A,1
2021,5,20,REGION VIII (EASTERN VISAYAS),LEYTE,25-64,F,S,Y,A,2
2021,5,20,REGION VIII (EASTERN VISAYAS),LEYTE,25-64,M,S,Y,A,1
2021,5,20,REGION VIII (EASTERN VISAYAS),SAMAR,25-64,M,S,Y,A,1
2021,5,20,REGION VIII (EASTERN VISAYAS),SAMAR,5-14,M,S,Y,A,2
2021,5,20,REGION VIII (EASTERN VISAYAS),SOUTHERN LEYTE,25-64,F,S,Y,A,1
2021,5,20,REGION VIII (EASTERN VISAYAS),SOUTHERN LEYTE,25-64,M,S,Y,A,3
2021,5,20,REGION VIII (EASTERN VISAYAS),SOUTHERN LEYTE,5-14,F,S,Y,A,1
2021,5,20,REGION XI (DAVAO REGION),CITY OF DAVAO,15-24,F,S,Y,A,1
2021,5,20,REGION XI (DAVAO REGION),CITY OF DAVAO,25-64,F,S,Y,A,2
2021,5,20,REGION XI (DAVAO REGION),CITY OF DAVAO,65+,F,S,Y,A,1
2021,5,20,REGION XI (DAVAO REGION),DAVAO DE ORO,25-64,F,S,Y,A,1
2021,5,20,REGION XI (DAVAO REGION),DAVAO DE ORO,25-64,M,S,Y,A,2
2021,5,20,REGION XI (DAVAO REGION),DAVAO DE ORO,25-64,M,S,Y,D,1
2021,5,20,REGION XIII (CARAGA),SURIGAO DEL SUR,15-24,F,S,Y,A,2
2021,5,20,REGION XIII (CARAGA),SURIGAO DEL SUR,25-64,M,S,Y,A,2
2021,5,21,REGION V (BICOL REGION),CATANDUANES,65+,F,S,Y,A,1
2021,5,21,REGION V (BICOL REGION),MASBATE,25-64,M,S,Y,A,2
2021,5,21,REGION VIII (EASTERN VISAYAS),BILIRAN,25-64,F,S,Y,A,1
2021,5,21,REGION VIII (EASTERN VISAYAS),BILIRAN,5-14,F,S,Y,A,1
2021,5,21,REGION VIII (EASTERN VISAYAS),BILIRAN,65+,M,S,Y,A,1
2021,5,21,REGION VIII (EASTERN VISAYAS),EASTERN SAMAR,15-24,M,S,Y,A,1
2021,5,21,REGION VIII (EASTERN VISAYAS),EASTERN SAMAR,65+,F,S,Y,A,1
2021,5,21,REGION VIII (EASTERN VISAYAS),LEYTE,25-64,F,S,Y,A,2
2021,5,21,REGION VIII (EASTERN VISAYAS),LEYTE,25-64,M,S,Y,A,1
2021,5,21,REGION VIII (EASTERN VISAYAS),LEYTE,5-14,F,S,Y,A,2
2021,5,21,REGION VIII (EASTERN VISAYAS),LEYTE,65+,F,S,Y,A,3
2021,5,21,REGION VIII (EASTERN VISAYAS),SAMAR,25-64,F,S,Y,A,1
2021,5,21,REGION VIII (EASTERN VISAYAS),SAMAR,25-64,M,S,Y,A,1
2021,5,21,REGION VIII (EASTERN VISAYAS),SAMAR,5-14,F,S,Y,A,2
2021,5,21,REGION VIII (EASTERN VISAYAS),SOUTHERN LEYTE,25-64,M,S,Y,A,1
2021,5,21,REGION VIII (EASTERN VISAYAS),SOUTHERN LEYTE,65+,M,S,Y,A,1
2021,5,21,REGION X (NORTHERN MINDANAO),LANAO DEL NORTE,5-14,F,S,Y,A,1
2021,5,21,REGION XIII (CARAGA),SURIGAO DEL SUR,15-24,M,S,Y,A,1
2021,5,21,REGION XIII (CARAGA),SURIGAO DEL SUR,25-64,F,S,Y,A,1
2021,5,21,REGION XIII (CARAGA),SURIGAO DEL SUR,25-64,M,S,Y,A,1
2021,5,21,REGION XIII (CARAGA),SURIGAO DEL SUR,5-14,M,S,Y,A,1
2021,5,22,REGION V (BICOL REGION),MASBATE,5-14,M,S,Y,A,1
2021,5,22,REGION VIII (EASTERN VISAYAS),SOUTHERN LEYTE,25-64,F,S,Y,A,1
2021,5,22,REGION XIII (CARAGA),SURIGAO DEL SUR,65+,F,S,Y,A,1
2021,6,21,REGION VIII (EASTERN VISAYAS),LEYTE,25-64,F,S,Y,A,1
2021,6,21,REGION VIII (EASTERN VISAYAS),SOUTHERN LEYTE,25-64,M,S,Y,A,1
2021,6,22,REGION V (BICOL REGION),CATANDUANES,25-64,M,S,Y,A,1
2021,6,22,REGION V (BICOL REGION),CATANDUANES,5-14,M,S,Y,A,1
2021,6,22,REGION V (BICOL REGION),CATANDUANES,65+,M,S,Y,A,1
2021,6,22,REGION V (BICOL REGION),MASBATE,15-24,F,S,Y,A,1
2021,6,22,REGION V (BICOL REGION),MASBATE,25-64,M,S,Y,A,2
2021,6,22,REGION V (BICOL REGION),MASBATE,5-14,F,S,Y,A,1
2021,6,22,REGION VIII (EASTERN VISAYAS),BILIRAN,15-24,F,S,Y,A,1
2021,6,22,REGION VIII (EASTERN VISAYAS),EASTERN SAMAR,15-24,F,S,Y,A,1
2021,6,22,REGION VIII (EASTERN VISAYAS),EASTERN SAMAR,25-64,F,S,Y,A,1
2021,6,22,REGION VIII (EASTERN VISAYAS),EASTERN SAMAR,5-14,M,S,Y,A,1
2021,6,22,REGION VIII (EASTERN VISAYAS),EASTERN SAMAR,65+,M,S,Y,A,2
2021,6,22,REGION VIII (EASTERN VISAYAS),LEYTE,15-24,M,S,Y,A,1
2021,6,22,REGION VIII (EASTERN VISAYAS),LEYTE,25-64,F,S,Y,A,2
2021,6,22,REGION VIII (EASTERN VISAYAS),LEYTE,25-64,M,S,Y,A,6
2021,6,22,REGION VIII (EASTERN VISAYAS),LEYTE,5-14,F,S,Y,A,1
2021,6,22,REGION VIII (EASTERN VISAYAS),LEYTE,5-14,M,S,Y,A,1
2021,6,22,REGION VIII (EASTERN VISAYAS),SAMAR,15-24,F,S,Y,A,1
2021,6,22,REGION VIII (EASTERN VISAYAS),SAMAR,25-64,F,S,Y,A,1
2021,6,22,REGION VIII (EASTERN VISAYAS),SAMAR,65+,F,S,Y,A,1
2021,6,22,REGION XIII (CARAGA),SURIGAO DEL SUR,25-64,F,S,Y,A,1
2021,6,22,REGION XIII (CARAGA),SURIGAO DEL SUR,25-64,M,S,Y,A,3
2021,6,22,REGION XIII (CARAGA),SURIGAO DEL SUR,5-14,M,S,Y,A,1
2021,6,22,REGION XIII (CARAGA),SURIGAO DEL SUR,65+,F,S,Y,A,1
2021,6,23,REGION V (BICOL REGION),CAMARINES SUR,5-14,M,S,Y,A,1
2021,6,23,REGION V (BICOL REGION),CATANDUANES,5-14,F,S,Y,A,1
2021,6,23,REGION VIII (EASTERN VISAYAS),BILIRAN,25-64,F,S,Y,A,1
2021,6,23,REGION VIII (EASTERN VISAYAS),CITY OF TACLOBAN,25-64,F,S,Y,A,1
2021,6,23,REGION VIII (EASTERN VISAYAS),EASTERN SAMAR,15-24,F,S,Y,A,1
2021,6,23,REGION VIII (EASTERN VISAYAS),EASTERN SAMAR,25-64,F,S,Y,A,1
2021,6,23,REGION VIII (EASTERN VISAYAS),EASTERN SAMAR,25-64,M,S,Y,A,1
2021,6,23,REGION VIII (EASTERN VISAYAS),EASTERN SAMAR,65+,F,S,Y,A,1
2021,6,23,REGION VIII (EASTERN VISAYAS),LEYTE,25-64,M,S,Y,A,2
2021,6,23,REGION VIII (EASTERN VISAYAS),LEYTE,5-14,F,S,Y,A,2
2021,6,23,REGION VIII (EASTERN VISAYAS),NORTHERN SAMAR,25-64,F,S,Y,A,1
2021,6,23,REGION VIII (EASTERN VISAYAS),NORTHERN SAMAR,5-14,M,S,Y,A,2
2021,6,23,REGION VIII (EASTERN VISAYAS),SAMAR,25-64,F,S,Y,A,1
2021,6,23,REGION VIII (EASTERN VISAYAS),SAMAR,5-14,M,S,Y,A,1
2021,6,23,REGION XI (DAVAO REGION),DAVAO DE ORO,25-64,F,S,Y,A,2
2021,6,23,REGION XIII (CARAGA),SURIGAO DEL SUR,25-64,F,S,Y,A,1
2021,6,23,REGION XIII (CARAGA),SURIGAO DEL SUR,25-64,M,S,Y,A,1
2021,6,24,REGION V (BICOL REGION),CAMARINES SUR,25-64,M,S,Y,A,1
2021,6,24,REGION V (BICOL REGION),CAMARINES SUR,5-14,M,S,Y,A,1
2021,6,24,REGION V (BICOL REGION),CAMARINES SUR,65+,M,S,Y,A,1
2021,6,24,REGION V (BICOL REGION),CATANDUANES,15-24,F,S,Y,A,1
2021,6,24,REGION V (BICOL REGION),CATANDUANES,25-64,M,S,Y,A,2
2021,6,24,REGION V (BICOL REGION),CATANDUANES,5-14,F,S,Y,A,1
2021,6,24,REGION V (BICOL REGION),MASBATE,5-14,M,S,Y,A,1
2021,6,24,REGION VIII (EASTERN VISAYAS),BILIRAN,15-24,M,S,Y,A,2
2021,6,24,REGION VIII (EASTERN VISAYAS),BILIRAN,5-14,F,S,Y,A,1
2021,6,24,REGION VIII (EASTERN VISAYAS),BILIRAN,5-14,M,S,Y,A,1
2021,6,24,REGION VIII (EASTERN VISAYAS),BILIRAN,65+,F,S,Y,A,1
2021,6,24,REGION VIII (EASTERN VISAYAS),EASTERN SAMAR,15-24,F,S,Y,A,1
2021,6,24,REGION VIII (EASTERN VISAYAS),EASTERN SAMAR,25-64,M,S,Y,A,1
2021,6,24,REGION VIII (EASTERN VISAYAS),EASTERN SAMAR,5-14,F,S,Y,A,2
2021,6,24,REGION VIII (EASTERN VISAYAS),EASTERN SAMAR,5-14,M,S,Y,A,2
2021,6,24,REGION VIII (EASTERN VISAYAS),EASTERN SAMAR,65+,F,S,Y,A,1
2021,6,24,REGION VIII (EASTERN VISAYAS),LEYTE,15-24,F,S,Y,A,1
2021,6,24,REGION VIII (EASTERN VISAYAS),LEYTE,25-64,M,S,Y,A,2
2021,6,24,REGION VIII (EASTERN VISAYAS),SAMAR,5-14,M,S,Y,A,2
2021,6,24,REGION XI (DAVAO REGION),DAVAO DE ORO,0-4,M,C,Y,A,1
2021,6,24,REGION XI (DAVAO REGION),DAVAO DE ORO,25-64,F,C,Y,A,2
2021,6,24,REGION XI (DAVAO REGION),DAVAO DE ORO,25-64,F,S,Y,A,1
2021,6,24,REGION XI (DAVAO REGION),DAVAO DE ORO,5-14,F,S,Y,A,1
2021,6,24,REGION XI (DAVAO REGION),DAVAO DE ORO,65+,F,S,Y,A,1
2021,6,24,REGION XIII (CARAGA),SURIGAO DEL SUR,15-24,F,S,Y,A,2
2021,6,24,REGION XIII (CARAGA),SURIGAO DEL SUR,15-24,M,S,Y,A,2
2021,6,24,REGION XIII (CARAGA),SURIGAO DEL SUR,25-64,F,S,Y,A,1
2021,6,24,REGION XIII (CARAGA),SURIGAO DEL SUR,5-14,F,S,Y,A,3
2021,6,24,REGION XIII (CARAGA),SURIGAO DEL SUR,65+,F,S,Y,A,1
2021,6,25,REGION V (BICOL REGION),CATANDUANES,25-64,F,S,Y,A,1
2021,6,25,REGION V (BICOL REGION),SORSOGON,25-64,M,S,Y,A,1
2021,6,25,REGION VIII (EASTERN VISAYAS),BILIRAN,25-64,F,S,Y,A,1
2021,6,25,REGION VIII (EASTERN VISAYAS),EASTERN SAMAR,15-24,M,S,Y,A,1
2021,6,25,REGION VIII (EASTERN VISAYAS),EASTERN SAMAR,25-64,F,S,Y,A,1
2021,6,25,REGION VIII (EASTERN VISAYAS),LEYTE,25-64,M,S,Y,A,2
2021,6,25,REGION VIII (EASTERN VISAYAS),SAMAR,25-64,F,S,Y,A,1
2021,6,25,REGION XI (DAVAO REGION),DAVAO DE ORO,5-14,F,S,Y,A,1
2021,6,25,REGION XI (DAVAO REGION),DAVAO DE ORO,5-14,M,S,Y,A,1
2021,6,25,REGION XIII (CARAGA),SURIGAO DEL SUR,15-24,F,S,Y,A,2
2021,6,25,REGION XIII (CARAGA),SURIGAO DEL SUR,25-64,F,S,Y,A,2
2021,6,25,REGION XIII (CARAGA),SURIGAO DEL SUR,25-64,M,S,Y,A,3
2021,6,25,REGION XIII (CARAGA),SURIGAO DEL SUR,5-14,M,S,Y,A,1
2021,6,25,REGION XIII (CARAGA),SURIGAO DEL SUR,65+,F,S,Y,A,1
2021,6,25,REGION XIII (CARAGA),SURIGAO DEL SUR,65+,M,S,Y,A,1
2021,6,26,REGION V (BICOL REGION),CATANDUANES,15-24,F,S,Y,A,1
2021,6,26,REGION VIII (EASTERN VISAYAS),BILIRAN,25-64,M,S,Y,A,1
2021,6,26,REGION VIII (EASTERN VISAYAS),EASTERN SAMAR,25-64,F,S,Y,A,1
2021,6,26,REGION VIII (EASTERN VISAYAS),SAMAR,25-64,F,S,Y,A,1
2021,6,26,REGION VIII (EASTERN VISAYAS),SAMAR,25-64,M,S,Y,A,1
2021,6,26,REGION XIII (CARAGA),SURIGAO DEL NORTE,25-64,M,S,Y,A,1
2021,6,26,REGION XIII (CARAGA),SURIGAO DEL SUR,15-24,F,S,Y,A,1
2021,6,26,REGION XIII (CARAGA),SURIGAO DEL SUR,15-24,M,S,Y,A,1
2021,6,26,REGION XIII (CARAGA),SURIGAO DEL SUR,25-64,M,S,Y,A,2
2021,7,26,REGION V (BICOL REGION),CAMARINES SUR,25-64,M,S,Y,A,1
2021,7,26,REGION V (BICOL REGION),CAMARINES SUR,65+,F,S,Y,A,1
2021,7,26,REGION V (BICOL REGION),MASBATE,25-64,F,S,Y,A,1
2021,7,26,REGION VII (CENTRAL VISAYAS),CITY OF CEBU,5-14,M,C,Y,A,2
2021,7,26,REGION VIII (EASTERN VISAYAS),BILIRAN,65+,F,S,Y,A,1
2021,7,26,REGION VIII (EASTERN VISAYAS),LEYTE,25-64,F,S,Y,A,1
2021,7,26,REGION VIII (EASTERN VISAYAS),LEYTE,25-64,M,S,Y,A,1
2021,7,26,REGION VIII (EASTERN VISAYAS),LEYTE,5-14,F,S,Y,A,1
2021,7,26,REGION XIII (CARAGA),SURIGAO DEL SUR,25-64,F,S,Y,A,1
2021,7,27,BANGSAMORO AUTONOMOUS REGION IN MUSLIM MINDANAO (BARMM),LANAO DEL SUR,5-14,M,S,Y,A,1
2021,7,27,REGION V (BICOL REGION),CAMARINES SUR,65+,M,S,Y,A,1
2021,7,27,REGION V (BICOL REGION),CATANDUANES,25-64,F,S,Y,A,1
2021,7,27,REGION VII (CENTRAL VISAYAS),CITY OF CEBU,0-4,F,C,Y,A,1
2021,7,27,REGION VII (CENTRAL VISAYAS),CITY OF CEBU,25-64,M,C,Y,A,1
2021,7,27,REGION VIII (EASTERN VISAYAS),BILIRAN,25-64,M,S,Y,A,1
2021,7,27,REGION VIII (EASTERN VISAYAS),BILIRAN,65+,F,S,Y,A,1
2021,7,27,REGION VIII (EASTERN VISAYAS),EASTERN SAMAR,15-24,M,S,Y,A,1
2021,7,27,REGION VIII (EASTERN VISAYAS),EASTERN SAMAR,5-14,M,S,Y,A,1
2021,7,27,REGION VIII (EASTERN VISAYAS),LEYTE,15-24,M,S,Y,A,1
2021,7,27,REGION VIII (EASTERN VISAYAS),LEYTE,25-64,F,S,Y,A,3
2021,7,27,REGION VIII (EASTERN VISAYAS),LEYTE,25-64,M,S,Y,A,3
2021,7,27,REGION VIII (EASTERN VISAYAS),LEYTE,5-14,M,S,Y,A,1
2021,7,27,REGION VIII (EASTERN VISAYAS),SAMAR,5-14,F,S,Y,A,1
2021,7,27,REGION VIII (EASTERN VISAYAS),SOUTHERN LEYTE,15-24,M,S,Y,A,1
2021,7,27,REGION VIII (EASTERN VISAYAS),SOUTHERN LEYTE,25-64,F,S,Y,A,1
2021,7,27,REGION XIII (CARAGA),SURIGAO DEL SUR,15-24,F,S,Y,A,2
2021,7,27,REGION XIII (CARAGA),SURIGAO DEL SUR,25-64,M,S,Y,A,2
2021,7,27,REGION XIII (CARAGA),SURIGAO DEL SUR,65+,F,S,Y,A,1
2021,7,28,REGION V (BICOL REGION),CAMARINES SUR,15-24,F,S,Y,A,1
2021,7,28,REGION V (BICOL REGION),CAMARINES SUR,5-14,M,S,Y,A,1
2021,7,28,REGION V (BICOL REGION),CATANDUANES,25-64,M,S,Y,A,1
2021,7,28,REGION V (BICOL REGION),CATANDUANES,5-14,M,S,Y,A,1
2021,7,28,REGION V (BICOL REGION),MASBATE,5-14,M,S,Y,A,1
2021,7,28,REGION VIII (EASTERN VISAYAS),BILIRAN,25-64,F,S,Y,A,1
2021,7,28,REGION VIII (EASTERN VISAYAS),BILIRAN,25-64,M,S,Y,A,1
2021,7,28,REGION VIII (EASTERN VISAYAS),BILIRAN,5-14,M,S,Y,A,1
2021,7,28,REGION VIII (EASTERN VISAYAS),EASTERN SAMAR,25-64,M,S,Y,A,1
2021,7,28,REGION VIII (EASTERN VISAYAS),EASTERN SAMAR,5-14,F,S,Y,A,2
2021,7,28,REGION VIII (EASTERN VISAYAS),EASTERN SAMAR,65+,M,S,Y,A,1
2021,7,28,REGION VIII (EASTERN VISAYAS),LEYTE,15-24,F,S,Y,A,1
2021,7,28,REGION VIII (EASTERN VISAYAS),LEYTE,25-64,F,S,Y,A,2
2021,7,28,REGION VIII (EASTERN VISAYAS),LEYTE,5-14,F,S,Y,A,2
2021,7,28,REGION VIII (EASTERN VISAYAS),LEYTE,5-14,M,S,Y,A,2
2021,7,28,REGION VIII (EASTERN VISAYAS),LEYTE,65+,F,S,Y,A,1
2021,7,28,REGION XI (DAVAO REGION),DAVAO DE ORO,15-24,F,S,Y,A,1
2021,7,28,REGION XI (DAVAO REGION),DAVAO DE ORO,25-64,F,S,Y,A,4
2021,7,28,REGION XI (DAVAO REGION),DAVAO DE ORO,25-64,M,S,Y,A,1
2021,7,28,REGION XI (DAVAO REGION),DAVAO DEL NORTE,0-4,F,C,Y,A,2
2021,7,28,REGION XI (DAVAO REGION),DAVAO DEL NORTE,0-4,M,C,Y,A,4
2021,7,28,REGION XI (DAVAO REGION),DAVAO DEL NORTE,15-24,F,C,Y,A,3
2021,7,28,REGION XI (DAVAO REGION),DAVAO DEL NORTE,15-24,F,S,Y,A,2
2021,7,28,REGION XI (DAVAO REGION),DAVAO DEL NORTE,25-64,F,C,Y,A,2
2021,7,28,REGION XI (DAVAO REGION),DAVAO DEL NORTE,25-64,F,S,Y,A,1
2021,7,28,REGION XI (DAVAO REGION),DAVAO DEL NORTE,25-64,M,C,Y,A,1
2021,7,28,REGION XI (DAVAO REGION),DAVAO DEL NORTE,5-14,F,C,Y,A,1
2021,7,28,REGION XIII (CARAGA),SURIGAO DEL NORTE,65+,F,S,Y,A,1
2021,7,28,REGION XIII (CARAGA),SURIGAO DEL SUR,25-64,F,S,Y,A,1
2021,7,28,REGION XIII (CARAGA),SURIGAO DEL SUR,25-64,M,S,Y,A,2
2021,7,28,REGION XIII (CARAGA),SURIGAO DEL SUR,5-14,M,S,Y,A,1
2021,7,29,NATIONAL CAPITAL REGION (NCR),CITY OF MANILA,65+,F,S,Y,A,1
2021,7,29,REGION V (BICOL REGION),CAMARINES SUR,25-64,F,S,Y,A,1
2021,7,29,REGION V (BICOL REGION),MASBATE,25-64,M,S,Y,A,1
2021,7,29,REGION VIII (EASTERN VISAYAS),LEYTE,25-64,F,S,Y,A,1
2021,7,29,REGION VIII (EASTERN VISAYAS),LEYTE,65+,F,S,Y,A,1
2021,7,29,REGION VIII (EASTERN VISAYAS),LEYTE,65+,M,S,Y,A,2
2021,7,29,REGION VIII (EASTERN VISAYAS),SAMAR,15-24,F,S,Y,A,2
2021,7,29,REGION VIII (EASTERN VISAYAS),SAMAR,25-64,F,S,Y,A,2
2021,7,29,REGION VIII (EASTERN VISAYAS),SAMAR,5-14,F,S,Y,A,1
2021,7,29,REGION VIII (EASTERN VISAYAS),SAMAR,5-14,M,S,Y,A,1
2021,7,29,REGION VIII (EASTERN VISAYAS),SOUTHERN LEYTE,15-24,F,S,Y,A,1
2021,7,29,REGION XI (DAVAO REGION),DAVAO DE ORO,25-64,M,S,Y,A,2
2021,7,29,REGION XI (DAVAO REGION),DAVAO DE ORO,5-14,F,S,Y,A,2
2021,7,29,REGION XI (DAVAO REGION),DAVAO DE ORO,5-14,M,S,Y,A,1
2021,7,29,REGION XI (DAVAO REGION),DAVAO DEL NORTE,15-24,M,S,Y,A,1
2021,7,29,REGION XI (DAVAO REGION),DAVAO DEL NORTE,25-64,M,S,Y,A,1
2021,7,29,REGION XIII (CARAGA),SURIGAO DEL SUR,15-24,M,S,Y,A,2
2021,7,29,REGION XIII (CARAGA),SURIGAO DEL SUR,25-64,F,S,Y,A,6
2021,7,29,REGION XIII (CARAGA),SURIGAO DEL SUR,25-64,M,S,Y,A,5
2021,7,29,REGION XIII (CARAGA),SURIGAO DEL SUR,5-14,M,S,Y,A,2
2021,7,29,REGION XIII (CARAGA),SURIGAO DEL SUR,65+,F,S,Y,A,1
2021,7,30,REGION V (BICOL REGION),CATANDUANES,25-64,M,S,Y,A,1
2021,7,30,REGION V (BICOL REGION),MASBATE,65+,M,S,Y,A,1
2021,7,30,REGION VIII (EASTERN VISAYAS),BILIRAN,25-64,M,S,Y,A,1
2021,7,30,REGION VIII (EASTERN VISAYAS),BILIRAN,5-14,F,S,Y,A,1
2021,7,30,REGION VIII (EASTERN VISAYAS),EASTERN SAMAR,65+,M,S,Y,A,1
2021,7,30,REGION VIII (EASTERN VISAYAS),LEYTE,15-24,F,S,Y,A,2
2021,7,30,REGION VIII (EASTERN VISAYAS),LEYTE,5-14,F,S,Y,A,1
2021,7,30,REGION VIII (EASTERN VISAYAS),LEYTE,5-14,M,S,Y,A,3
2021,7,30,REGION VIII (EASTERN VISAYAS),LEYTE,65+,F,S,Y,A,1
2021,7,30,REGION VIII (EASTERN VISAYAS),SAMAR,15-24,M,S,Y,A,1
2021,7,30,REGION VIII (EASTERN VISAYAS),SAMAR,25-64,F,S,Y,A,1
2021,7,30,REGION VIII (EASTERN VISAYAS),SAMAR,65+,F,S,Y,A,1
2021,7,30,REGION VIII (EASTERN VISAYAS),SOUTHERN LEYTE,65+,M,S,Y,A,1
2021,7,30,REGION XIII (CARAGA),SURIGAO DEL SUR,15-24,F,S,Y,A,1
2021,7,30,REGION XIII (CARAGA),SURIGAO DEL SUR,25-64,F,S,Y,A,3
2021,7,30,REGION XIII (CARAGA),SURIGAO DEL SUR,5-14,M,S,Y,A,1
2021,7,30,REGION XIII (CARAGA),SURIGAO DEL SUR,65+,M,S,Y,A,2
2021,8,30,REGION VIII (EASTERN VISAYAS),BILIRAN,65+,M,S,Y,A,1
2021,8,30,REGION VIII (EASTERN VISAYAS),SOUTHERN LEYTE,15-24,F,S,Y,A,1
2021,8,31,REGION V (BICOL REGION),CAMARINES SUR,25-64,F,S,Y,A,2
2021,8,31,REGION V (BICOL REGION),MASBATE,25-64,F,S,Y,A,1
2021,8,31,REGION V (BICOL REGION),MASBATE,65+,M,S,Y,A,1
2021,8,31,REGION VIII (EASTERN VISAYAS),BILIRAN,25-64,F,S,Y,A,1
2021,8,31,REGION VIII (EASTERN VISAYAS),LEYTE,25-64,F,S,Y,A,3
2021,8,31,REGION VIII (EASTERN VISAYAS),LEYTE,25-64,M,S,Y,A,1
2021,8,31,REGION VIII (EASTERN VISAYAS),LEYTE,65+,F,S,Y,A,2
2021,8,31,REGION VIII (EASTERN VISAYAS),LEYTE,65+,M,S,Y,A,1
2021,8,31,REGION VIII (EASTERN VISAYAS),SAMAR,25-64,M,S,Y,A,1
2021,8,31,REGION VIII (EASTERN VISAYAS),SAMAR,5-14,M,S,Y,A,1
2021,8,31,REGION VIII (EASTERN VISAYAS),SOUTHERN LEYTE,15-24,F,S,Y,A,1
2021,8,31,REGION XIII (CARAGA),SURIGAO DEL SUR,15-24,M,S,Y,A,4
2021,8,31,REGION XIII (CARAGA),SURIGAO DEL SUR,5-14,M,S,Y,A,3
2021,8,31,REGION XIII (CARAGA),SURIGAO DEL SUR,65+,M,S,Y,A,1
2021,8,32,REGION V (BICOL REGION),MASBATE,65+,F,S,Y,A,1
2021,8,32,REGION VIII (EASTERN VISAYAS),BILIRAN,5-14,F,S,Y,A,2
2021,8,32,REGION VIII (EASTERN VISAYAS),BILIRAN,5-14,M,S,Y,A,1
2021,8,32,REGION VIII (EASTERN VISAYAS),LEYTE,25-64,F,S,Y,A,2
2021,8,32,REGION VIII (EASTERN VISAYAS),LEYTE,5-14,F,S,Y,A,1
2021,8,32,REGION VIII (EASTERN VISAYAS),LEYTE,5-14,M,S,Y,A,1
2021,8,32,REGION VIII (EASTERN VISAYAS),SAMAR,15-24,M,S,Y,A,1
2021,8,32,REGION VIII (EASTERN VISAYAS),SOUTHERN LEYTE,25-64,F,S,Y,A,1
2021,8,32,REGION XIII (CARAGA),SURIGAO DEL SUR,15-24,F,S,Y,A,1
2021,8,32,REGION XIII (CARAGA),SURIGAO DEL SUR,25-64,F,S,Y,A,1
2021,8,32,REGION XIII (CARAGA),SURIGAO DEL SUR,25-64,M,S,Y,A,2
2021,8,33,BANGSAMORO AUTONOMOUS REGION IN MUSLIM MINDANAO (BARMM),LANAO DEL SUR,25-64,M,S,Y,A,2
2021,8,33,BANGSAMORO AUTONOMOUS REGION IN MUSLIM MINDANAO (BARMM),LANAO DEL SUR,5-14,M,S,Y,A,1
2021,8,33,REGION V (BICOL REGION),CATANDUANES,5-14,M,S,Y,A,1
2021,8,33,REGION V (BICOL REGION),CATANDUANES,65+,M,S,Y,A,1
2021,8,33,REGION VIII (EASTERN VISAYAS),BILIRAN,5-14,F,S,Y,A,1
2021,8,33,REGION VIII (EASTERN VISAYAS),BILIRAN,5-14,M,S,Y,A,1
2021,8,33,REGION VIII (EASTERN VISAYAS),BILIRAN,65+,M,S,Y,A,1
2021,8,33,REGION VIII (EASTERN VISAYAS),CITY OF TACLOBAN,25-64,F,S,Y,A,1
2021,8,33,REGION VIII (EASTERN VISAYAS),CITY OF TACLOBAN,25-64,M,S,Y,A,1
2021,8,33,REGION VIII (EASTERN VISAYAS),LEYTE,25-64,F,S,Y,A,1
2021,8,33,REGION VIII (EASTERN VISAYAS),LEYTE,65+,F,S,Y,A,1
2021,8,33,REGION VIII (EASTERN VISAYAS),SAMAR,25-64,F,S,Y,A,2
2021,8,33,REGION VIII (EASTERN VISAYAS),SAMAR,25-64,M,S,Y,A,2
2021,8,33,REGION VIII (EASTERN VISAYAS),SAMAR,5-14,F,S,Y,A,1
2021,8,33,REGION VIII (EASTERN VISAYAS),SOUTHERN LEYTE,25-64,F,S,Y,A,1
2021,8,33,REGION XIII (CARAGA),SURIGAO DEL SUR,25-64,F,S,Y,A,1
2021,8,34,BANGSAMORO AUTONOMOUS REGION IN MUSLIM MINDANAO (BARMM),LANAO DEL SUR,25-64,F,S,Y,A,1
2021,8,34,BANGSAMORO AUTONOMOUS REGION IN MUSLIM MINDANAO (BARMM),LANAO DEL SUR,5-14,F,S,Y,A,1
2021,8,34,REGION V (BICOL REGION),CAMARINES SUR,65+,M,S,Y,A,1
2021,8,34,REGION V (BICOL REGION),CATANDUANES,25-64,M,S,Y,A,1
2021,8,34,REGION V (BICOL REGION),MASBATE,5-14,M,S,Y,A,1
2021,8,34,REGION VIII (EASTERN VISAYAS),BILIRAN,25-64,F,S,Y,A,1
2021,8,34,REGION VIII (EASTERN VISAYAS),BILIRAN,25-64,M,S,Y,A,1
2021,8,34,REGION VIII (EASTERN VISAYAS),LEYTE,15-24,F,S,Y,A,1
2021,8,34,REGION VIII (EASTERN VISAYAS),LEYTE,5-14,M,S,Y,A,1
2021,8,34,REGION VIII (EASTERN VISAYAS),SAMAR,25-64,M,S,Y,A,1
2021,8,34,REGION VIII (EASTERN VISAYAS),SAMAR,65+,F,S,Y,A,1
2021,8,34,REGION VIII (EASTERN VISAYAS),SOUTHERN LEYTE,15-24,F,S,Y,A,1
2021,8,34,REGION VIII (EASTERN VISAYAS),SOUTHERN LEYTE,15-24,M,S,Y,A,1
2021,8,34,REGION VIII (EASTERN VISAYAS),SOUTHERN LEYTE,25-64,F,S,Y,A,1
2021,8,34,REGION VIII (EASTERN VISAYAS),SOUTHERN LEYTE,65+,F,S,Y,A,1
2021,8,34,REGION XIII (CARAGA),SURIGAO DEL SUR,5-14,F,S,Y,A,1
2021,8,35,REGION V (BICOL REGION),CAMARINES SUR,25-64,F,S,Y,A,1
2021,8,35,REGION VIII (EASTERN VISAYAS),SAMAR,25-64,F,S,Y,A,1
2021,9,35,REGION V (BICOL REGION),CATANDUANES,25-64,F,S,Y,A,1
2021,9,35,REGION V (BICOL REGION),CATANDUANES,25-64,M,S,Y,A,2
2021,9,35,REGION VIII (EASTERN VISAYAS),BILIRAN,15-24,F,S,Y,A,1
2021,9,35,REGION VIII (EASTERN VISAYAS),EASTERN SAMAR,15-24,M,S,Y,A,1
2021,9,35,REGION VIII (EASTERN VISAYAS),LEYTE,65+,F,S,Y,A,1
2021,9,35,REGION VIII (EASTERN VISAYAS),SAMAR,15-24,M,S,Y,A,1
2021,9,35,REGION VIII (EASTERN VISAYAS),SAMAR,25-64,F,S,Y,A,1
2021,9,35,REGION VIII (EASTERN VISAYAS),SAMAR,25-64,M,S,Y,A,2
2021,9,35,REGION XII (SOCCSKSARGEN),SARANGANI,15-24,F,S,Y,D,1
2021,9,35,REGION XIII (CARAGA),SURIGAO DEL SUR,5-14,M,S,Y,A,1
2021,9,36,REGION V (BICOL REGION),CAMARINES SUR,25-64,F,S,Y,A,1
2021,9,36,REGION V (BICOL REGION),MASBATE,15-24,F,S,Y,A,1
2021,9,36,REGION VIII (EASTERN VISAYAS),BILIRAN,25-64,M,S,Y,A,1
2021,9,36,REGION VIII (EASTERN VISAYAS),SAMAR,25-64,M,S,Y,A,1
2021,9,36,REGION XIII (CARAGA),SURIGAO DEL SUR,15-24,F,S,Y,A,1
2021,9,36,REGION XIII (CARAGA),SURIGAO DEL SUR,15-24,M,S,Y,A,1
2021,9,36,REGION XIII (CARAGA),SURIGAO DEL SUR,25-64,M,S,Y,A,1
2021,9,37,REGION V (BICOL REGION),MASBATE,25-64,M,S,Y,A,1
2021,9,37,REGION VIII (EASTERN VISAYAS),BILIRAN,5-14,M,S,Y,A,2
2021,9,37,REGION VIII (EASTERN VISAYAS),EASTERN SAMAR,65+,M,S,Y,A,1
2021,9,37,REGION VIII (EASTERN VISAYAS),LEYTE,25-64,F,S,Y,A,1
2021,9,37,REGION VIII (EASTERN VISAYAS),LEYTE,25-64,M,S,Y,A,2
2021,9,37,REGION VIII (EASTERN VISAYAS),SAMAR,15-24,F,S,Y,A,1
2021,9,37,REGION VIII (EASTERN VISAYAS),SAMAR,25-64,F,S,Y,A,1
2021,9,37,REGION VIII (EASTERN VISAYAS),SAMAR,5-14,F,S,Y,A,1
2021,9,37,REGION VIII (EASTERN VISAYAS),SOUTHERN LEYTE,25-64,F,S,Y,A,1
2021,9,37,REGION VIII (EASTERN VISAYAS),SOUTHERN LEYTE,65+,F,S,Y,A,1
2021,9,37,REGION XIII (CARAGA),SURIGAO DEL SUR,15-24,F,S,Y,A,2
2021,9,37,REGION XIII (CARAGA),SURIGAO DEL SUR,25-64,F,S,Y,A,2
2021,9,37,REGION XIII (CARAGA),SURIGAO DEL SUR,65+,M,S,Y,A,1
2021,9,38,REGION V (BICOL REGION),CATANDUANES,25-64,F,S,Y,A,1
2021,9,38,REGION V (BICOL REGION),CATANDUANES,65+,F,S,Y,A,1
2021,9,38,REGION VIII (EASTERN VISAYAS),BILIRAN,25-64,F,S,Y,A,1
2021,9,38,REGION VIII (EASTERN VISAYAS),BILIRAN,25-64,M,S,Y,A,1
2021,9,38,REGION VIII (EASTERN VISAYAS),BILIRAN,65+,F,S,Y,A,1
2021,9,38,REGION VIII (EASTERN VISAYAS),LEYTE,25-64,F,S,Y,A,2
2021,9,38,REGION VIII (EASTERN VISAYAS),LEYTE,25-64,M,S,Y,A,1
2021,9,38,REGION VIII (EASTERN VISAYAS),LEYTE,65+,M,S,Y,A,1
2021,9,38,REGION VIII (EASTERN VISAYAS),SAMAR,25-64,M,S,Y,A,1
2021,9,38,REGION VIII (EASTERN VISAYAS),SAMAR,5-14,M,S,Y,A,1
2021,9,38,REGION VIII (EASTERN VISAYAS),SAMAR,65+,F,S,Y,A,1
2021,9,38,REGION VIII (EASTERN VISAYAS),SOUTHERN LEYTE,15-24,F,S,Y,A,1
2021,9,38,REGION VIII (EASTERN VISAYAS),SOUTHERN LEYTE,65+,F,S,Y,A,1
2021,9,38,REGION XII (SOCCSKSARGEN),SARANGANI,15-24,F,S,Y,A,1
2021,9,38,REGION XIII (CARAGA),SURIGAO DEL SUR,25-64,F,S,Y,A,2
2021,9,38,REGION XIII (CARAGA),SURIGAO DEL SUR,25-64,M,S,Y,A,1
2021,9,38,REGION XIII (CARAGA),SURIGAO DEL SUR,65+,F,S,Y,A,1
2021,9,39,BANGSAMORO AUTONOMOUS REGION IN MUSLIM MINDANAO (BARMM),LANAO DEL SUR,5-14,M,S,Y,A,1
2021,9,39,REGION VIII (EASTERN VISAYAS),BILIRAN,25-64,F,S,Y,A,1
2021,9,39,REGION VIII (EASTERN VISAYAS),EASTERN SAMAR,25-64,M,S,Y,A,1
2021,9,39,REGION VIII (EASTERN VISAYAS),SOUTHERN LEYTE,65+,F,S,Y,A,1
2021,9,39,REGION XIII (CARAGA),SURIGAO DEL SUR,25-64,M,S,Y,A,1
2021,9,39,REGION XIII (CARAGA),SURIGAO DEL SUR,5-14,F,S,Y,A,1
2021,9,39,REGION XIII (CARAGA),SURIGAO DEL SUR,65+,F,S,Y,A,1
2021,10,35,REGION XII (SOCCSKSARGEN),SARANGANI,15-24,M,S,Y,A,2
2021,10,35,REGION XII (SOCCSKSARGEN),SARANGANI,25-64,F,S,Y,A,1
2021,10,36,REGION XII (SOCCSKSARGEN),SARANGANI,25-64,F,S,Y,A,3
2021,10,38,REGION VIII (EASTERN VISAYAS),LEYTE,15-24,M,S,Y,A,1
2021,10,38,REGION VIII (EASTERN VISAYAS),LEYTE,5-14,M,S,Y,A,1
2021,10,38,REGION XII (SOCCSKSARGEN),SARANGANI,15-24,F,S,Y,A,1
2021,10,38,REGION XII (SOCCSKSARGEN),SARANGANI,25-64,F,S,Y,A,1
2021,10,38,REGION XII (SOCCSKSARGEN),SARANGANI,25-64,M,S,Y,A,1
2021,10,38,REGION XII (SOCCSKSARGEN),SARANGANI,5-14,F,S,Y,A,1
2021,10,38,REGION XII (SOCCSKSARGEN),SARANGANI,5-14,M,S,Y,A,1
2021,10,39,REGION IV-A (CALABARZON),CAVITE,25-64,M,S,Y,A,1
2021,10,39,REGION IV-A (CALABARZON),CAVITE,5-14,F,S,Y,A,1
2021,10,39,REGION IV-A (CALABARZON),CAVITE,5-14,M,S,Y,A,1
2021,10,39,REGION V (BICOL REGION),CATANDUANES,25-64,M,S,Y,A,1
2021,10,39,REGION V (BICOL REGION),CATANDUANES,65+,M,S,Y,A,1
2021,10,39,REGION V (BICOL REGION),MASBATE,5-14,M,S,Y,A,1
2021,10,39,REGION VIII (EASTERN VISAYAS),BILIRAN,25-64,F,S,Y,A,1
2021,10,39,REGION VIII (EASTERN VISAYAS),BILIRAN,25-64,M,S,Y,A,1
2021,10,39,REGION VIII (EASTERN VISAYAS),EASTERN SAMAR,65+,M,S,Y,A,1
2021,10,39,REGION VIII (EASTERN VISAYAS),LEYTE,15-24,F,S,Y,A,1
2021,10,39,REGION XI (DAVAO REGION),DAVAO ORIENTAL,5-14,M,C,Y,A,1
2021,10,39,REGION XII (SOCCSKSARGEN),SARANGANI,25-64,F,C,Y,A,1
2021,10,39,REGION XII (SOCCSKSARGEN),SARANGANI,25-64,F,S,Y,A,1
2021,10,39,REGION XII (SOCCSKSARGEN),SARANGANI,25-64,M,S,Y,A,1
2021,10,39,REGION XII (SOCCSKSARGEN),SARANGANI,5-14,F,S,Y,A,2
2021,10,39,REGION XIII (CARAGA),SURIGAO DEL SUR,15-24,F,S,Y,A,1
2021,10,39,REGION XIII (CARAGA),SURIGAO DEL SUR,5-14,F,S,Y,A,2
2021,10,40,NATIONAL CAPITAL REGION (NCR),CITY OF LAS PIÑAS,25-64,M,C,Y,A,1
2021,10,40,REGION IV-A (CALABARZON),CAVITE,0-4,F,C,Y,A,1
2021,10,40,REGION IV-A (CALABARZON),CAVITE,15-24,M,C,Y,A,1
2021,10,40,REGION IV-A (CALABARZON),CAVITE,15-24,M,S,Y,A,1
2021,10,40,REGION IV-A (CALABARZON),CAVITE,25-64,M,S,Y,A,1
2021,10,40,REGION IV-A (CALABARZON),CAVITE,5-14,F,S,Y,A,2
2021,10,40,REGION IV-A (CALABARZON),CAVITE,5-14,M,C,Y,A,1
2021,10,40,REGION V (BICOL REGION),CATANDUANES,25-64,F,S,Y,A,2
2021,10,40,REGION V (BICOL REGION),CATANDUANES,25-64,M,S,Y,A,2
2021,10,40,REGION V (BICOL REGION),CATANDUANES,65+,M,S,Y,A,1
2021,10,40,REGION VIII (EASTERN VISAYAS),BILIRAN,25-64,F,S,Y,A,1
2021,10,40,REGION VIII (EASTERN VISAYAS),BILIRAN,5-14,F,S,Y,A,1
2021,10,40,REGION VIII (EASTERN VISAYAS),EASTERN SAMAR,25-64,F,S,Y,A,1
2021,10,40,REGION VIII (EASTERN VISAYAS),EASTERN SAMAR,5-14,F,S,Y,A,1
2021,10,40,REGION VIII (EASTERN VISAYAS),LEYTE,15-24,F,S,Y,A,2
2021,10,40,REGION VIII (EASTERN VISAYAS),LEYTE,25-64,F,S,Y,A,1
2021,10,40,REGION VIII (EASTERN VISAYAS),LEYTE,25-64,M,S,Y,A,1
2021,10,40,REGION VIII (EASTERN VISAYAS),SAMAR,65+,F,S,Y,A,1
2021,10,40,REGION VIII (EASTERN VISAYAS),SOUTHERN LEYTE,25-64,F,S,Y,A,1
2021,10,40,REGION VIII (EASTERN VISAYAS),SOUTHERN LEYTE,5-14,M,S,Y,A,1
2021,10,40,REGION XI (DAVAO REGION),DAVAO ORIENTAL,15-24,M,S,Y,A,1
2021,10,40,REGION XI (DAVAO REGION),DAVAO ORIENTAL,25-64,F,S,Y,A,1
2021,10,40,REGION XI (DAVAO REGION),DAVAO ORIENTAL,25-64,M,S,Y,A,3
2021,10,40,REGION XI (DAVAO REGION),DAVAO ORIENTAL,65+,F,S,Y,A,1
2021,10,40,REGION XII (SOCCSKSARGEN),SARANGANI,15-24,F,S,Y,A,7
2021,10,40,REGION XII (SOCCSKSARGEN),SARANGANI,15-24,M,C,Y,A,1
2021,10,40,REGION XII (SOCCSKSARGEN),SARANGANI,15-24,M,S,Y,A,3
2021,10,40,REGION XII (SOCCSKSARGEN),SARANGANI,25-64,F,S,Y,A,9
2021,10,40,REGION XII (SOCCSKSARGEN),SARANGANI,25-64,M,C,Y,A,1
2021,10,40,REGION XII (SOCCSKSARGEN),SARANGANI,25-64,M,S,Y,A,9
2021,10,40,REGION XII (SOCCSKSARGEN),SARANGANI,25-64,M,S,Y,D,1
2021,10,40,REGION XII (SOCCSKSARGEN),SARANGANI,5-14,F,S,Y,A,5
2021,10,40,REGION XII (SOCCSKSARGEN),SARANGANI,5-14,M,C,Y,A,1
2021,10,40,REGION XII (SOCCSKSARGEN),SARANGANI,5-14,M,S,Y,A,1
2021,10,40,REGION XII (SOCCSKSARGEN),SARANGANI,65+,M,S,Y,A,2
2021,10,40,REGION XIII (CARAGA),SURIGAO DEL SUR,15-24,M,S,Y,A,2
2021,10,40,REGION XIII (CARAGA),SURIGAO DEL SUR,25-64,F,S,Y,A,2
2021,10,40,REGION XIII (CARAGA),SURIGAO DEL SUR,5-14,M,S,Y,A,1
2021,10,40,REGION XIII (CARAGA),SURIGAO DEL SUR,65+,M,S,Y,A,1
2021,10,41,BANGSAMORO AUTONOMOUS REGION IN MUSLIM MINDANAO (BARMM),MAGUINDANAO DEL NORTE,5-14,M,S,Y,A,1
2021,10,41,BANGSAMORO AUTONOMOUS REGION IN MUSLIM MINDANAO (BARMM),SULU,65+,F,S,Y,A,1
2021,10,41,NATIONAL CAPITAL REGION (NCR),QUEZON CITY,25-64,M,C,Y,A,1
2021,10,41,REGION IV-A (CALABARZON),CAVITE,0-4,F,C,Y,A,2
2021,10,41,REGION IV-A (CALABARZON),CAVITE,0-4,M,C,Y,A,3
2021,10,41,REGION IV-A (CALABARZON),CAVITE,15-24,M,S,Y,A,2
2021,10,41,REGION IV-A (CALABARZON),CAVITE,25-64,F,C,Y,A,1
2021,10,41,REGION IV-A (CALABARZON),CAVITE,25-64,F,S,Y,A,2
2021,10,41,REGION IV-A (CALABARZON),CAVITE,25-64,M,S,Y,A,3
2021,10,41,REGION IV-A (CALABARZON),CAVITE,5-14,F,C,Y,A,3
2021,10,41,REGION IV-A (CALABARZON),CAVITE,5-14,F,S,Y,A,2
2021,10,41,REGION IV-A (CALABARZON),CAVITE,5-14,M,C,Y,A,2
2021,10,41,REGION IV-A (CALABARZON),CAVITE,5-14,M,S,Y,A,9
2021,10,41,REGION IV-A (CALABARZON),CAVITE,5-14,M,S,Y,D,1
2021,10,41,REGION IV-A (CALABARZON),CAVITE,65+,F,S,Y,A,1
2021,10,41,REGION IV-A (CALABARZON),CAVITE,65+,M,C,Y,D,1
2021,10,41,REGION V (BICOL REGION),CAMARINES SUR,5-14,M,S,Y,A,1
2021,10,41,REGION V (BICOL REGION),CATANDUANES,25-64,F,S,Y,A,1
2021,10,41,REGION VIII (EASTERN VISAYAS),BILIRAN,25-64,F,S,Y,A,1
2021,10,41,REGION VIII (EASTERN VISAYAS),BILIRAN,5-14,M,S,Y,A,1
2021,10,41,REGION VIII (EASTERN VISAYAS),LEYTE,25-64,M,S,Y,A,2
2021,10,41,REGION VIII (EASTERN VISAYAS),LEYTE,5-14,F,S,Y,A,1
2021,10,41,REGION VIII (EASTERN VISAYAS),LEYTE,65+,F,S,Y,A,1
2021,10,41,REGION VIII (EASTERN VISAYAS),SAMAR,15-24,F,S,Y,A,1
2021,10,41,REGION VIII (EASTERN VISAYAS),SAMAR,25-64,F,S,Y,A,1
2021,10,41,REGION VIII (EASTERN VISAYAS),SAMAR,5-14,M,S,Y,A,1
2021,10,41,REGION XI (DAVAO REGION),DAVAO ORIENTAL,15-24,M,C,Y,A,1
2021,10,41,REGION XI (DAVAO REGION),DAVAO ORIENTAL,25-64,F,C,Y,A,1
2021,10,41,REGION XI (DAVAO REGION),DAVAO ORIENTAL,25-64,F,S,Y,A,1
2021,10,41,REGION XII (SOCCSKSARGEN),SARANGANI,0-4,M,C,Y,A,3
2021,10,41,REGION XII (SOCCSKSARGEN),SARANGANI,15-24,F,S,Y,A,1
2021,10,41,REGION XII (SOCCSKSARGEN),SARANGANI,15-24,F,S,Y,D,1
2021,10,41,REGION XII (SOCCSKSARGEN),SARANGANI,25-64,F,C,Y,A,1
2021,10,41,REGION XII (SOCCSKSARGEN),SARANGANI,25-64,F,S,Y,A,2
2021,10,41,REGION XII (SOCCSKSARGEN),SARANGANI,25-64,F,S,Y,D,1
2021,10,41,REGION XII (SOCCSKSARGEN),SARANGANI,25-64,M,C,Y,A,3
2021,10,41,REGION XII (SOCCSKSARGEN),SARANGANI,25-64,M,S,Y,A,2
2021,10,41,REGION XII (SOCCSKSARGEN),SARANGANI,5-14,F,C,Y,A,2
2021,10,41,REGION XII (SOCCSKSARGEN),SARANGANI,5-14,F,S,Y,A,1
2021,10,41,REGION XII (SOCCSKSARGEN),SARANGANI,5-14,M,C,Y,A,2
2021,10,41,REGION XIII (CARAGA),SURIGAO DEL SUR,15-24,F,S,Y,A,1
2021,10,41,REGION XIII (CARAGA),SURIGAO DEL SUR,25-64,M,S,Y,A,2
2021,10,41,REGION XIII (CARAGA),SURIGAO DEL SUR,5-14,F,S,Y,A,1
2021,10,41,REGION XIII (CARAGA),SURIGAO DEL SUR,5-14,M,S,Y,A,1
2021,10,41,REGION XIII (CARAGA),SURIGAO DEL SUR,65+,M,S,Y,A,1
2021,10,42,REGION IV-A (CALABARZON),CAVITE,0-4,F,C,Y,A,3
2021,10,42,REGION IV-A (CALABARZON),CAVITE,0-4,M,C,Y,A,1
2021,10,42,REGION IV-A (CALABARZON),CAVITE,15-24,F,C,Y,A,3
2021,10,42,REGION IV-A (CALABARZON),CAVITE,15-24,F,S,Y,A,1
2021,10,42,REGION IV-A (CALABARZON),CAVITE,15-24,M,C,Y,A,2
2021,10,42,REGION IV-A (CALABARZON),CAVITE,15-24,M,S,Y,A,1
2021,10,42,REGION IV-A (CALABARZON),CAVITE,25-64,F,C,Y,A,2
2021,10,42,REGION IV-A (CALABARZON),CAVITE,25-64,F,S,Y,A,3
2021,10,42,REGION IV-A (CALABARZON),CAVITE,25-64,M,C,Y,A,1
2021,10,42,REGION IV-A (CALABARZON),CAVITE,25-64,M,S,Y,A,2
2021,10,42,REGION IV-A (CALABARZON),CAVITE,5-14,F,S,Y,A,3
2021,10,42,REGION IV-A (CALABARZON),CAVITE,5-14,M,C,Y,A,2
2021,10,42,REGION IV-A (CALABARZON),CAVITE,5-14,M,S,Y,A,4
2021,10,42,REGION IX (ZAMBOANGA PENINSULA),CITY OF ZAMBOANGA,25-64,M,S,Y,A,1
2021,10,42,REGION V (BICOL REGION),CAMARINES SUR,25-64,F,S,Y,A,1
2021,10,42,REGION V (BICOL REGION),CAMARINES SUR,5-14,M,S,Y,A,1
2021,10,42,REGION V (BICOL REGION),CATANDUANES,25-64,F,S,Y,D,1
2021,10,42,REGION V (BICOL REGION),MASBATE,25-64,F,S,Y,A,1
2021,10,42,REGION V (BICOL REGION),MASBATE,5-14,M,S,Y,A,1
2021,10,42,REGION VIII (EASTERN VISAYAS),BILIRAN,5-14,F,S,Y,A,1
2021,10,42,REGION VIII (EASTERN VISAYAS),BILIRAN,65+,M,S,Y,A,1
2021,10,42,REGION VIII (EASTERN VISAYAS),EASTERN SAMAR,5-14,M,S,Y,A,1
2021,10,42,REGION VIII (EASTERN VISAYAS),LEYTE,15-24,M,S,Y,A,1
2021,10,42,REGION VIII (EASTERN VISAYAS),LEYTE,25-64,F,S,Y,A,1
2021,10,42,REGION VIII (EASTERN VISAYAS),LEYTE,25-64,M,S,Y,A,2
2021,10,42,REGION VIII (EASTERN VISAYAS),SAMAR,15-24,F,S,Y,A,2
2021,10,42,REGION VIII (EASTERN VISAYAS),SAMAR,25-64,F,S,Y,A,2
2021,10,42,REGION VIII (EASTERN VISAYAS),SAMAR,25-64,M,S,Y,A,3
2021,10,42,REGION VIII (EASTERN VISAYAS),SAMAR,5-14,F,S,Y,A,1
2021,10,42,REGION VIII (EASTERN VISAYAS),SAMAR,65+,M,S,Y,A,1
2021,10,42,REGION VIII (EASTERN VISAYAS),SOUTHERN LEYTE,15-24,M,S,Y,A,1
2021,10,42,REGION XIII (CARAGA),SURIGAO DEL NORTE,65+,F,S,Y,A,1
2021,10,42,REGION XIII (CARAGA),SURIGAO DEL SUR,15-24,F,S,Y,A,1
2021,10,42,REGION XIII (CARAGA),SURIGAO DEL SUR,15-24,M,S,Y,A,1
2021,10,42,REGION XIII (CARAGA),SURIGAO DEL SUR,25-64,F,S,Y,A,2
2021,10,42,REGION XIII (CARAGA),SURIGAO DEL SUR,25-64,M,S,Y,A,1
2021,10,42,REGION XIII (CARAGA),SURIGAO DEL SUR,65+,M,S,Y,A,1
2021,10,43,REGION IV-A (CALABARZON),CAVITE,25-64,M,S,Y,A,1
2021,10,43,REGION IV-A (CALABARZON),CAVITE,5-14,F,S,Y,A,1
2021,10,43,REGION VIII (EASTERN VISAYAS),BILIRAN,15-24,F,S,Y,A,1
2021,10,43,REGION VIII (EASTERN VISAYAS),BILIRAN,15-24,M,S,Y,A,1
2021,10,43,REGION VIII (EASTERN VISAYAS),BILIRAN,25-64,F,S,Y,A,1
2021,10,43,REGION VIII (EASTERN VISAYAS),EASTERN SAMAR,65+,F,S,Y,A,1
2021,10,43,REGION VIII (EASTERN VISAYAS),LEYTE,25-64,F,S,Y,A,2
2021,10,43,REGION VIII (EASTERN VISAYAS),LEYTE,5-14,M,S,Y,A,1
2021,10,43,REGION VIII (EASTERN VISAYAS),SAMAR,25-64,M,S,Y,A,1
2021,10,43,REGION VIII (EASTERN VISAYAS),SOUTHERN LEYTE,15-24,F,S,Y,A,1
2021,10,43,REGION VIII (EASTERN VISAYAS),SOUTHERN LEYTE,25-64,F,S,Y,A,1
2021,10,43,REGION XI (DAVAO REGION),CITY OF DAVAO,25-64,F,S,Y,A,1
2021,10,43,REGION XIII (CARAGA),CITY OF BUTUAN,25-64,F,S,Y,A,1
2021,10,43,REGION XIII (CARAGA),SURIGAO DEL NORTE,25-64,F,S,Y,A,1
2021,10,43,REGION XIII (CARAGA),SURIGAO DEL SUR,15-24,F,S,Y,A,2
2021,10,43,REGION XIII (CARAGA),SURIGAO DEL SUR,15-24,M,S,Y,A,2
2021,10,43,REGION XIII (CARAGA),SURIGAO DEL SUR,25-64,F,S,Y,A,1
2021,10,43,REGION XIII (CARAGA),SURIGAO DEL SUR,25-64,M,S,Y,A,3
2021,11,39,REGION XI (DAVAO REGION),DAVAO ORIENTAL,15-24,F,S,Y,A,1
2021,11,39,REGION XI (DAVAO REGION),DAVAO ORIENTAL,25-64,F,S,Y,A,1
2021,11,40,REGION XI (DAVAO REGION),DAVAO ORIENTAL,25-64,F,S,Y,A,1
2021,11,41,REGION XI (DAVAO REGION),DAVAO ORIENTAL,15-24,F,S,Y,A,1
2021,11,41,REGION XI (DAVAO REGION),DAVAO ORIENTAL,25-64,F,S,Y,A,1
2021,11,41,REGION XI (DAVAO REGION),DAVAO ORIENTAL,5-14,F,S,Y,A,2
2021,11,41,REGION XI (DAVAO REGION),DAVAO ORIENTAL,5-14,M,S,Y,A,2
2021,11,42,REGION XI (DAVAO REGION),DAVAO ORIENTAL,15-24,F,S,Y,A,1
2021,11,42,REGION XI (DAVAO REGION),DAVAO ORIENTAL,25-64,F,S,Y,A,2
2021,11,42,REGION XI (DAVAO REGION),DAVAO ORIENTAL,65+,F,S,Y,A,1
2021,11,42,REGION XI (DAVAO REGION),DAVAO ORIENTAL,65+,M,S,Y,A,1
2021,11,43,REGION V (BICOL REGION),CAMARINES SUR,15-24,F,S,Y,A,1
2021,11,43,REGION VIII (EASTERN VISAYAS),EASTERN SAMAR,65+,F,S,Y,A,1
2021,11,43,REGION VIII (EASTERN VISAYAS),LEYTE,65+,F,S,Y,A,1
2021,11,43,REGION VIII (EASTERN VISAYAS),SAMAR,65+,F,S,Y,A,1
2021,11,43,REGION VIII (EASTERN VISAYAS),SOUTHERN LEYTE,25-64,M,S,Y,A,1
2021,11,43,REGION XI (DAVAO REGION),DAVAO ORIENTAL,15-24,F,S,Y,A,2
2021,11,43,REGION XI (DAVAO REGION),DAVAO ORIENTAL,25-64,F,S,Y,A,3
2021,11,43,REGION XI (DAVAO REGION),DAVAO ORIENTAL,25-64,M,S,Y,A,2
2021,11,43,REGION XI (DAVAO REGION),DAVAO ORIENTAL,5-14,F,S,Y,A,1
2021,11,43,REGION XIII (CARAGA),SURIGAO DEL SUR,25-64,M,S,Y,A,1
2021,11,44,REGION IV-A (CALABARZON),CAVITE,0-4,F,C,Y,A,1
2021,11,44,REGION V (BICOL REGION),SORSOGON,5-14,M,S,Y,A,1
2021,11,44,REGION VIII (EASTERN VISAYAS),EASTERN SAMAR,25-64,F,S,Y,A,1
2021,11,44,REGION VIII (EASTERN VISAYAS),LEYTE,25-64,F,S,Y,A,1
2021,11,44,REGION VIII (EASTERN VISAYAS),LEYTE,25-64,M,S,Y,A,1
2021,11,44,REGION VIII (EASTERN VISAYAS),LEYTE,5-14,F,S,Y,A,1
2021,11,44,REGION VIII (EASTERN VISAYAS),SAMAR,5-14,F,S,Y,A,1
2021,11,44,REGION VIII (EASTERN VISAYAS),SAMAR,5-14,M,S,Y,A,1
2021,11,44,REGION VIII (EASTERN VISAYAS),SOUTHERN LEYTE,25-64,M,S,Y,A,1
2021,11,44,REGION X (NORTHERN MINDANAO),BUKIDNON,15-24,F,S,Y,A,3
2021,11,44,REGION X (NORTHERN MINDANAO),BUKIDNON,15-24,M,S,Y,A,1
2021,11,44,REGION X (NORTHERN MINDANAO),BUKIDNON,25-64,F,S,Y,A,1
2021,11,44,REGION X (NORTHERN MINDANAO),BUKIDNON,25-64,M,S,Y,A,1
2021,11,44,REGION X (NORTHERN MINDANAO),BUKIDNON,5-14,F,S,Y,A,3
2021,11,44,REGION X (NORTHERN MINDANAO),BUKIDNON,5-14,M,S,Y,A,3
2021,11,44,REGION XI (DAVAO REGION),DAVAO DEL NORTE,25-64,M,S,Y,A,2
2021,11,44,REGION XI (DAVAO REGION),DAVAO ORIENTAL,0-4,M,C,Y,A,1
2021,11,44,REGION XI (DAVAO REGION),DAVAO ORIENTAL,15-24,F,S,Y,A,1
2021,11,44,REGION XI (DAVAO REGION),DAVAO ORIENTAL,15-24,M,S,Y,A,3
2021,11,44,REGION XI (DAVAO REGION),DAVAO ORIENTAL,25-64,F,C,Y,A,1
2021,11,44,REGION XI (DAVAO REGION),DAVAO ORIENTAL,25-64,F,S,Y,A,5
2021,11,44,REGION XI (DAVAO REGION),DAVAO ORIENTAL,25-64,M,S,Y,A,8
2021,11,44,REGION XI (DAVAO REGION),DAVAO ORIENTAL,5-14,F,C,Y,A,1
2021,11,44,REGION XI (DAVAO REGION),DAVAO ORIENTAL,5-14,F,S,Y,A,2
2021,11,44,REGION XI (DAVAO REGION),DAVAO ORIENTAL,5-14,M,C,Y,A,2
2021,11,44,REGION XI (DAVAO REGION),DAVAO ORIENTAL,5-14,M,S,Y,A,1
2021,11,44,REGION XI (DAVAO REGION),DAVAO ORIENTAL,65+,F,S,Y,A,1
2021,11,44,REGION XIII (CARAGA),SURIGAO DEL SUR,25-64,F,S,Y,A,6
2021,11,44,REGION XIII (CARAGA),SURIGAO DEL SUR,25-64,M,S,Y,A,3
2021,11,44,REGION XIII (CARAGA),SURIGAO DEL SUR,5-14,F,S,Y,A,1
2021,11,44,REGION XIII (CARAGA),SURIGAO DEL SUR,5-14,M,S,Y,A,2
2021,11,45,REGION IV-A (CALABARZON),LAGUNA,25-64,M,S,Y,A,1
2021,11,45,REGION V (BICOL REGION),CAMARINES SUR,65+,F,S,Y,A,1
2021,11,45,REGION VIII (EASTERN VISAYAS),BILIRAN,25-64,F,S,Y,A,1
2021,11,45,REGION VIII (EASTERN VISAYAS),BILIRAN,65+,F,S,Y,A,1
2021,11,45,REGION VIII (EASTERN VISAYAS),EASTERN SAMAR,25-64,M,S,Y,A,1
2021,11,45,REGION VIII (EASTERN VISAYAS),LEYTE,15-24,F,S,Y,A,1
2021,11,45,REGION VIII (EASTERN VISAYAS),LEYTE,5-14,M,S,Y,A,1
2021,11,45,REGION X (NORTHERN MINDANAO),BUKIDNON,25-64,F,S,Y,A,1
2021,11,45,REGION X (NORTHERN MINDANAO),BUKIDNON,25-64,M,S,Y,A,1
2021,11,45,REGION X (NORTHERN MINDANAO),BUKIDNON,5-14,F,S,Y,A,4
2021,11,45,REGION X (NORTHERN MINDANAO),BUKIDNON,5-14,M,S,Y,A,1
2021,11,45,REGION X (NORTHERN MINDANAO),BUKIDNON,65+,F,S,Y,A,3
2021,11,45,REGION X (NORTHERN MINDANAO),BUKIDNON,65+,M,S,Y,A,1
2021,11,45,REGION X (NORTHERN MINDANAO),BUKIDNON,Unknown,F,C,Y,A,1
2021,11,45,REGION X (NORTHERN MINDANAO),BUKIDNON,Unknown,M,C,Y,A,2
2021,11,45,REGION XI (DAVAO REGION),DAVAO DEL NORTE,25-64,M,S,Y,A,8
2021,11,45,REGION XI (DAVAO REGION),DAVAO ORIENTAL,0-4,F,C,Y,A,1
2021,11,45,REGION XI (DAVAO REGION),DAVAO ORIENTAL,25-64,F,S,Y,A,2
2021,11,45,REGION XI (DAVAO REGION),DAVAO ORIENTAL,25-64,M,S,Y,A,1
2021,11,45,REGION XI (DAVAO REGION),DAVAO ORIENTAL,5-14,M,S,Y,A,2
2021,11,45,REGION XI (DAVAO REGION),DAVAO ORIENTAL,65+,M,S,Y,A,1
2021,11,45,REGION XIII (CARAGA),SURIGAO DEL SUR,15-24,F,S,Y,A,1
2021,11,45,REGION XIII (CARAGA),SURIGAO DEL SUR,25-64,F,S,Y,A,4
2021,11,45,REGION XIII (CARAGA),SURIGAO DEL SUR,25-64,M,S,Y,A,2
2021,11,45,REGION XIII (CARAGA),SURIGAO DEL SUR,5-14,F,S,Y,A,3
2021,11,45,REGION XIII (CARAGA),SURIGAO DEL SUR,5-14,M,S,Y,A,1
2021,11,45,REGION XIII (CARAGA),SURIGAO DEL SUR,65+,F,S,Y,A,1
2021,11,46,REGION V (BICOL REGION),CAMARINES SUR,25-64,F,S,Y,A,1
2021,11,46,REGION V (BICOL REGION),CAMARINES SUR,25-64,M,S,Y,A,1
2021,11,46,REGION VIII (EASTERN VISAYAS),BILIRAN,5-14,M,S,Y,A,1
2021,11,46,REGION VIII (EASTERN VISAYAS),LEYTE,15-24,F,S,Y,A,1
2021,11,46,REGION VIII (EASTERN VISAYAS),LEYTE,15-24,M,S,Y,A,1
2021,11,46,REGION VIII (EASTERN VISAYAS),LEYTE,25-64,F,S,Y,A,1
2021,11,46,REGION VIII (EASTERN VISAYAS),LEYTE,25-64,M,S,Y,A,1
2021,11,46,REGION VIII (EASTERN VISAYAS),LEYTE,5-14,F,S,Y,A,2
2021,11,46,REGION VIII (EASTERN VISAYAS),LEYTE,5-14,M,S,Y,A,1
2021,11,46,REGION VIII (EASTERN VISAYAS),SOUTHERN LEYTE,25-64,F,S,Y,A,1
2021,11,46,REGION VIII (EASTERN VISAYAS),SOUTHERN LEYTE,25-64,M,S,Y,A,1
2021,11,46,REGION VIII (EASTERN VISAYAS),SOUTHERN LEYTE,65+,M,S,Y,A,1
2021,11,46,REGION X (NORTHERN MINDANAO),BUKIDNON,25-64,M,S,Y,A,2
2021,11,46,REGION X (NORTHERN MINDANAO),BUKIDNON,5-14,M,S,Y,A,1
2021,11,46,REGION X (NORTHERN MINDANAO),BUKIDNON,Unknown,F,C,Y,A,4
2021,11,46,REGION X (NORTHERN MINDANAO),BUKIDNON,Unknown,M,C,Y,A,6
2021,11,46,REGION XI (DAVAO REGION),DAVAO ORIENTAL,25-64,M,S,Y,A,1
2021,11,46,REGION XI (DAVAO REGION),DAVAO ORIENTAL,5-14,F,S,Y,A,1
2021,11,47,REGION III (CENTRAL LUZON),PAMPANGA,15-24,M,C,Y,A,1
2021,11,47,REGION III (CENTRAL LUZON),PAMPANGA,25-64,F,S,Y,A,1
2021,11,47,REGION III (CENTRAL LUZON),PAMPANGA,5-14,F,S,Y,A,1
2021,11,47,REGION III (CENTRAL LUZON),PAMPANGA,5-14,M,C,Y,A,2
2021,11,47,REGION III (CENTRAL LUZON),PAMPANGA,5-14,M,S,Y,A,2
2021,11,47,REGION IV-A (CALABARZON),CAVITE,15-24,F,S,Y,A,1
2021,11,47,REGION IV-A (CALABARZON),CAVITE,25-64,F,S,Y,A,1
2021,11,47,REGION IV-A (CALABARZON),CAVITE,5-14,M,S,Y,A,1
2021,11,47,REGION IV-A (CALABARZON),LAGUNA,5-14,M,S,Y,A,1
2021,11,47,REGION VIII (EASTERN VISAYAS),BILIRAN,15-24,M,S,Y,A,1
2021,11,47,REGION VIII (EASTERN VISAYAS),EASTERN SAMAR,15-24,F,S,Y,A,1
2021,11,47,REGION VIII (EASTERN VISAYAS),EASTERN SAMAR,5-14,F,S,Y,A,1
2021,11,47,REGION VIII (EASTERN VISAYAS),LEYTE,15-24,M,S,Y,A,1
2021,11,47,REGION VIII (EASTERN VISAYAS),LEYTE,25-64,F,S,Y,A,1
2021,11,47,REGION VIII (EASTERN VISAYAS),LEYTE,25-64,M,S,Y,A,1
2021,11,47,REGION VIII (EASTERN VISAYAS),LEYTE,65+,F,S,Y,A,1
2021,11,47,REGION VIII (EASTERN VISAYAS),NORTHERN SAMAR,5-14,M,S,Y,A,1
2021,11,47,REGION X (NORTHERN MINDANAO),BUKIDNON,15-24,F,S,Y,A,1
2021,11,47,REGION X (NORTHERN MINDANAO),BUKIDNON,25-64,F,S,Y,A,1
2021,11,47,REGION X (NORTHERN MINDANAO),BUKIDNON,25-64,M,S,Y,A,1
2021,11,47,REGION X (NORTHERN MINDANAO),BUKIDNON,65+,F,S,Y,A,1
2021,11,47,REGION X (NORTHERN MINDANAO),BUKIDNON,Unknown,F,C,Y,A,1
2021,11,47,REGION XI (DAVAO REGION),DAVAO DEL NORTE,25-64,M,C,Y,A,4
2021,11,48,REGION V (BICOL REGION),CATANDUANES,5-14,F,S,Y,A,1
2021,11,48,REGION V (BICOL REGION),SORSOGON,5-14,M,S,Y,A,1
2021,11,48,REGION VIII (EASTERN VISAYAS),BILIRAN,25-64,F,S,Y,A,1
2021,11,48,REGION VIII (EASTERN VISAYAS),EASTERN SAMAR,5-14,F,S,Y,A,1
2021,11,48,REGION VIII (EASTERN VISAYAS),LEYTE,15-24,F,S,Y,A,1
2021,11,48,REGION VIII (EASTERN VISAYAS),LEYTE,25-64,M,S,Y,A,1
2021,11,48,REGION VIII (EASTERN VISAYAS),LEYTE,5-14,F,S,Y,A,1
2021,12,48,REGION V (BICOL REGION),CAMARINES SUR,25-64,F,S,Y,A,1
2021,12,48,REGION V (BICOL REGION),CATANDUANES,25-64,M,S,Y,A,2
2021,12,48,REGION V (BICOL REGION),CATANDUANES,5-14,F,S,Y,A,1
2021,12,48,REGION V (BICOL REGION),CATANDUANES,65+,M,S,Y,A,1
2021,12,48,REGION VIII (EASTERN VISAYAS),EASTERN SAMAR,15-24,M,S,Y,A,1
2021,12,48,REGION VIII (EASTERN VISAYAS),EASTERN SAMAR,5-14,M,S,Y,A,1
2021,12,48,REGION VIII (EASTERN VISAYAS),LEYTE,15-24,F,S,Y,A,1
2021,12,48,REGION VIII (EASTERN VISAYAS),LEYTE,15-24,M,S,Y,A,2
2021,12,48,REGION VIII (EASTERN VISAYAS),LEYTE,5-14,M,S,Y,A,2
2021,12,48,REGION VIII (EASTERN VISAYAS),LEYTE,65+,F,S,Y,A,1
2021,12,48,REGION VIII (EASTERN VISAYAS),SAMAR,25-64,M,S,Y,A,1
2021,12,48,REGION VIII (EASTERN VISAYAS),SAMAR,5-14,M,S,Y,A,2
2021,12,49,NATIONAL CAPITAL REGION (NCR),QUEZON CITY,65+,M,C,Y,A,1
2021,12,49,REGION V (BICOL REGION),CATANDUANES,15-24,F,S,Y,A,1
2021,12,49,REGION V (BICOL REGION),CATANDUANES,15-24,M,S,Y,A,1
2021,12,49,REGION V (BICOL REGION),CATANDUANES,25-64,M,S,Y,A,1
2021,12,49,REGION VIII (EASTERN VISAYAS),BILIRAN,25-64,F,S,Y,A,1
2021,12,49,REGION VIII (EASTERN VISAYAS),EASTERN SAMAR,15-24,F,S,Y,A,1
2021,12,49,REGION VIII (EASTERN VISAYAS),EASTERN SAMAR,5-14,M,S,Y,A,1
2021,12,49,REGION VIII (EASTERN VISAYAS),EASTERN SAMAR,65+,M,S,Y,A,1
2021,12,49,REGION VIII (EASTERN VISAYAS),LEYTE,15-24,F,S,Y,A,1
2021,12,49,REGION VIII (EASTERN VISAYAS),LEYTE,15-24,M,S,Y,A,2
2021,12,49,REGION VIII (EASTERN VISAYAS),LEYTE,25-64,F,S,Y,A,5
2021,12,49,REGION VIII (EASTERN VISAYAS),LEYTE,5-14,M,S,Y,A,1
2021,12,49,REGION VIII (EASTERN VISAYAS),LEYTE,65+,F,S,Y,A,2
2021,12,49,REGION VIII (EASTERN VISAYAS),SAMAR,25-64,M,S,Y,A,1
2021,12,49,REGION VIII (EASTERN VISAYAS),SAMAR,5-14,F,S,Y,A,1
2021,12,50,REGION V (BICOL REGION),CAMARINES SUR,5-14,M,S,Y,A,1
2021,12,50,REGION V (BICOL REGION),CATANDUANES,15-24,F,S,Y,A,1
2021,12,50,REGION V (BICOL REGION),CATANDUANES,25-64,F,S,Y,A,1
2021,12,50,REGION V (BICOL REGION),CATANDUANES,5-14,F,S,Y,A,1
2021,12,50,REGION V (BICOL REGION),CATANDUANES,5-14,M,S,Y,A,1
2021,12,50,REGION VIII (EASTERN VISAYAS),CITY OF TACLOBAN,5-14,M,S,Y,A,1
2021,12,50,REGION VIII (EASTERN VISAYAS),EASTERN SAMAR,25-64,M,S,Y,A,1
2021,12,50,REGION VIII (EASTERN VISAYAS),LEYTE,15-24,F,S,Y,A,1
2021,12,50,REGION VIII (EASTERN VISAYAS),LEYTE,25-64,F,S,Y,A,1
2021,12,50,REGION VIII (EASTERN VISAYAS),LEYTE,25-64,M,S,Y,A,1
2021,12,50,REGION VIII (EASTERN VISAYAS),SAMAR,15-24,F,S,Y,A,1
2021,12,50,REGION VIII (EASTERN VISAYAS),SAMAR,65+,M,S,Y,A,1
2021,12,50,REGION VIII (EASTERN VISAYAS),SOUTHERN LEYTE,25-64,F,S,Y,A,2
2021,12,50,REGION XIII (CARAGA),SURIGAO DEL NORTE,15-24,F,S,Y,A,2
2021,12,50,REGION XIII (CARAGA),SURIGAO DEL NORTE,25-64,F,C,Y,A,1
2021,12,50,REGION XIII (CARAGA),SURIGAO DEL NORTE,25-64,F,S,Y,A,6
2021,12,50,REGION XIII (CARAGA),SURIGAO DEL NORTE,25-64,M,S,Y,A,3
2021,12,50,REGION XIII (CARAGA),SURIGAO DEL NORTE,5-14,F,S,Y,A,10
2021,12,50,REGION XIII (CARAGA),SURIGAO DEL NORTE,5-14,M,S,Y,A,3
2021,12,51,REGION V (BICOL REGION),CATANDUANES,25-64,M,S,Y,A,1
2021,12,51,REGION V (BICOL REGION),MASBATE,5-14,M,S,Y,A,1
2021,12,51,REGION V (BICOL REGION),SORSOGON,5-14,F,S,Y,A,1
2021,12,51,REGION V (BICOL REGION),SORSOGON,5-14,M,S,Y,A,1
2021,12,51,REGION VIII (EASTERN VISAYAS),BILIRAN,5-14,F,S,Y,A,1
2021,12,51,REGION VIII (EASTERN VISAYAS),BILIRAN,5-14,M,S,Y,A,1
2021,12,51,REGION VIII (EASTERN VISAYAS),CITY OF TACLOBAN,25-64,F,S,Y,A,1
2021,12,51,REGION VIII (EASTERN VISAYAS),EASTERN SAMAR,15-24,F,S,Y,A,2
2021,12,51,REGION VIII (EASTERN VISAYAS),EASTERN SAMAR,25-64,F,S,Y,A,2
2021,12,51,REGION VIII (EASTERN VISAYAS),EASTERN SAMAR,25-64,M,S,Y,A,1
2021,12,51,REGION VIII (EASTERN VISAYAS),LEYTE,25-64,F,S,Y,A,1
2021,12,51,REGION VIII (EASTERN VISAYAS),LEYTE,25-64,M,S,Y,A,2
2021,12,51,REGION VIII (EASTERN VISAYAS),LEYTE,5-14,F,S,Y,A,1
2021,12,51,REGION VIII (EASTERN VISAYAS),LEYTE,5-14,M,S,Y,A,1
2021,12,51,REGION VIII (EASTERN VISAYAS),LEYTE,65+,M,S,Y,A,1
2021,12,51,REGION VIII (EASTERN VISAYAS),SOUTHERN LEYTE,25-64,M,S,Y,A,1
2021,12,51,REGION VIII (EASTERN VISAYAS),SOUTHERN LEYTE,5-14,F,S,Y,A,1
2021,12,51,REGION VIII (EASTERN VISAYAS),SOUTHERN LEYTE,65+,F,S,Y,A,1
2021,12,51,REGION XIII (CARAGA),SURIGAO DEL NORTE,0-4,F,C,Y,A,1
2021,12,51,REGION XIII (CARAGA),SURIGAO DEL NORTE,0-4,M,C,Y,A,3
2021,12,51,REGION XIII (CARAGA),SURIGAO DEL NORTE,15-24,F,S,Y,A,9
2021,12,51,REGION XIII (CARAGA),SURIGAO DEL NORTE,15-24,M,S,Y,A,9
2021,12,51,REGION XIII (CARAGA),SURIGAO DEL NORTE,25-64,F,C,Y,A,1
2021,12,51,REGION XIII (CARAGA),SURIGAO DEL NORTE,25-64,F,S,Y,A,22
2021,12,51,REGION XIII (CARAGA),SURIGAO DEL NORTE,25-64,M,C,Y,A,1
2021,12,51,REGION XIII (CARAGA),SURIGAO DEL NORTE,25-64,M,S,Y,A,10
2021,12,51,REGION XIII (CARAGA),SURIGAO DEL NORTE,5-14,F,S,Y,A,16
2021,12,51,REGION XIII (CARAGA),SURIGAO DEL NORTE,5-14,M,C,Y,A,1
2021,12,51,REGION XIII (CARAGA),SURIGAO DEL NORTE,5-14,M,S,Y,A,18
2021,12,51,REGION XIII (CARAGA),SURIGAO DEL NORTE,65+,F,S,Y,A,2
2021,12,51,REGION XIII (CARAGA),SURIGAO DEL NORTE,Unknown,F,C,Y,A,3
2021,12,52,REGION V (BICOL REGION),CAMARINES SUR,25-64,M,S,Y,A,1
2021,12,52,REGION V (BICOL REGION),CAMARINES SUR,5-14,M,S,Y,A,1
2021,12,52,REGION V (BICOL REGION),CATANDUANES,25-64,F,S,Y,A,1
2021,12,52,REGION V (BICOL REGION),SORSOGON,25-64,F,S,Y,A,1
2021,12,52,REGION VIII (EASTERN VISAYAS),EASTERN SAMAR,65+,F,S,Y,A,1
2021,12,52,REGION VIII (EASTERN VISAYAS),NORTHERN SAMAR,25-64,F,S,Y,A,1
2021,12,52,REGION VIII (EASTERN VISAYAS),SOUTHERN LEYTE,15-24,F,S,Y,A,1
2021,12,52,REGION VIII (EASTERN VISAYAS),SOUTHERN LEYTE,15-24,M,S,Y,A,1
2021,12,52,REGION XIII (CARAGA),CITY OF BUTUAN,15-24,M,S,Y,A,1
2021,12,52,REGION XIII (CARAGA),SURIGAO DEL NORTE,15-24,F,C,Y,A,1
2021,12,52,REGION XIII (CARAGA),SURIGAO DEL NORTE,15-24,F,S,Y,A,6
2021,12,52,REGION XIII (CARAGA),SURIGAO DEL NORTE,15-24,M,S,Y,A,3
2021,12,52,REGION XIII (CARAGA),SURIGAO DEL NORTE,25-64,F,C,Y,A,2
2021,12,52,REGION XIII (CARAGA),SURIGAO DEL NORTE,25-64,F,S,Y,A,12
2021,12,52,REGION XIII (CARAGA),SURIGAO DEL NORTE,25-64,M,S,Y,A,9
2021,12,52,REGION XIII (CARAGA),SURIGAO DEL NORTE,5-14,F,S,Y,A,8
2021,12,52,REGION XIII (CARAGA),SURIGAO DEL NORTE,5-14,M,C,Y,A,1
2021,12,52,REGION XIII (CARAGA),SURIGAO DEL NORTE,5-14,M,S,Y,A,7
2021,12,52,REGION XIII (CARAGA),SURIGAO DEL NORTE,65+,F,S,Y,A,1
2021,12,52,REGION XIII (CARAGA),SURIGAO DEL NORTE,65+,M,S,Y,A,1
2021,12,52,REGION XIII (CARAGA),SURIGAO DEL NORTE,Unknown,F,C,Y,A,1
2021,12,52,REGION XIII (CARAGA),SURIGAO DEL NORTE,Unknown,M,C,Y,A,1
2022,1,1,REGION V (BICOL REGION),CAMARINES SUR,15-24,M,S,Y,A,1
2022,1,1,REGION V (BICOL REGION),CAMARINES SUR,25-64,F,S,Y,A,2
2022,1,1,REGION V (BICOL REGION),CAMARINES SUR,5-14,M,S,Y,A,1
2022,1,1,REGION V (BICOL REGION),CATANDUANES,25-64,F,S,Y,A,1
2022,1,1,REGION VII (CENTRAL VISAYAS),CEBU,15-24,M,C,Y,A,1
2022,1,1,REGION VII (CENTRAL VISAYAS),CITY OF CEBU,15-24,M,C,Y,A,2
2022,1,1,REGION VIII (EASTERN VISAYAS),BILIRAN,15-24,F,S,Y,A,1
2022,1,1,REGION VIII (EASTERN VISAYAS),BILIRAN,15-24,M,S,Y,A,2
2022,1,1,REGION VIII (EASTERN VISAYAS),BILIRAN,25-64,F,S,Y,A,1
2022,1,1,REGION VIII (EASTERN VISAYAS),BILIRAN,25-64,M,S,Y,A,1
2022,1,1,REGION VIII (EASTERN VISAYAS),BILIRAN,5-14,F,S,Y,A,1
2022,1,1,REGION VIII (EASTERN VISAYAS),CITY OF TACLOBAN,5-14,M,S,Y,A,1
2022,1,1,REGION VIII (EASTERN VISAYAS),EASTERN SAMAR,15-24,F,S,Y,A,2
2022,1,1,REGION VIII (EASTERN VISAYAS),EASTERN SAMAR,25-64,F,S,Y,A,5
2022,1,1,REGION VIII (EASTERN VISAYAS),EASTERN SAMAR,25-64,M,S,Y,A,1
2022,1,1,REGION VIII (EASTERN VISAYAS),EASTERN SAMAR,5-14,M,S,Y,A,2
2022,1,1,REGION VIII (EASTERN VISAYAS),EASTERN SAMAR,65+,F,S,Y,A,2
2022,1,1,REGION VIII (EASTERN VISAYAS),EASTERN SAMAR,65+,M,S,Y,A,1
2022,1,1,REGION VIII (EASTERN VISAYAS),LEYTE,15-24,M,S,Y,A,2
2022,1,1,REGION VIII (EASTERN VISAYAS),LEYTE,25-64,F,S,Y,A,1
2022,1,1,REGION VIII (EASTERN VISAYAS),LEYTE,25-64,M,S,Y,A,1
2022,1,1,REGION VIII (EASTERN VISAYAS),LEYTE,5-14,M,S,Y,A,1
2022,1,1,REGION VIII (EASTERN VISAYAS),NORTHERN SAMAR,25-64,F,S,Y,A,1
2022,1,1,REGION VIII (EASTERN VISAYAS),SAMAR,15-24,F,S,Y,A,3
2022,1,1,REGION VIII (EASTERN VISAYAS),SAMAR,25-64,F,S,Y,A,3
2022,1,1,REGION VIII (EASTERN VISAYAS),SAMAR,25-64,M,S,Y,A,1
2022,1,1,REGION VIII (EASTERN VISAYAS),SAMAR,5-14,F,S,Y,A,1
2022,1,1,REGION VIII (EASTERN VISAYAS),SAMAR,5-14,M,S,Y,A,3
2022,1,1,REGION VIII (EASTERN VISAYAS),SOUTHERN LEYTE,25-64,F,S,Y,A,1
2022,1,1,REGION VIII (EASTERN VISAYAS),SOUTHERN LEYTE,5-14,F,S,Y,A,1
2022,1,1,REGION VIII (EASTERN VISAYAS),SOUTHERN LEYTE,5-14,M,S,Y,A,2
2022,1,1,REGION XI (DAVAO REGION),DAVAO ORIENTAL,15-24,F,S,Y,A,1
2022,1,1,REGION XI (DAVAO REGION),DAVAO ORIENTAL,25-64,M,S,Y,A,1
2022,1,1,REGION XI (DAVAO REGION),DAVAO ORIENTAL,65+,F,S,Y,A,1
2022,1,1,REGION XIII (CARAGA),SURIGAO DEL SUR,15-24,F,S,Y,A,2
2022,1,1,REGION XIII (CARAGA),SURIGAO DEL SUR,15-24,M,S,Y,A,1
2022,1,1,REGION XIII (CARAGA),SURIGAO DEL SUR,25-64,M,S,Y,A,2
2022,1,2,REGION V (BICOL REGION),CATANDUANES,5-14,F,S,Y,A,1
2022,1,2,REGION V (BICOL REGION),SORSOGON,5-14,M,S,Y,A,1
2022,1,2,REGION VII (CENTRAL VISAYAS),CEBU,0-4,M,C,Y,A,2
2022,1,2,REGION VII (CENTRAL VISAYAS),CEBU,25-64,F,C,Y,A,1
2022,1,2,REGION VIII (EASTERN VISAYAS),BILIRAN,15-24,F,S,Y,A,2
2022,1,2,REGION VIII (EASTERN VISAYAS),BILIRAN,25-64,F,S,Y,A,1
2022,1,2,REGION VIII (EASTERN VISAYAS),BILIRAN,25-64,M,S,Y,A,1
2022,1,2,REGION VIII (EASTERN VISAYAS),BILIRAN,65+,M,S,Y,A,2
2022,1,2,REGION VIII (EASTERN VISAYAS),EASTERN SAMAR,15-24,F,S,Y,A,1
2022,1,2,REGION VIII (EASTERN VISAYAS),EASTERN SAMAR,25-64,F,S,Y,A,1
2022,1,2,REGION VIII (EASTERN VISAYAS),EASTERN SAMAR,25-64,M,S,Y,A,1
2022,1,2,REGION VIII (EASTERN VISAYAS),EASTERN SAMAR,5-14,M,S,Y,A,1
2022,1,2,REGION VIII (EASTERN VISAYAS),LEYTE,15-24,F,S,Y,A,2
2022,1,2,REGION VIII (EASTERN VISAYAS),LEYTE,25-64,F,S,Y,A,2
2022,1,2,REGION VIII (EASTERN VISAYAS),LEYTE,25-64,M,S,Y,A,1
2022,1,2,REGION VIII (EASTERN VISAYAS),LEYTE,5-14,F,S,Y,A,1
2022,1,2,REGION VIII (EASTERN VISAYAS),SAMAR,25-64,F,S,Y,A,1
2022,1,2,REGION VIII (EASTERN VISAYAS),SAMAR,25-64,M,S,Y,A,2
2022,1,2,REGION VIII (EASTERN VISAYAS),SAMAR,5-14,F,S,Y,A,1
2022,1,2,REGION VIII (EASTERN VISAYAS),SAMAR,5-14,M,S,Y,A,1
2022,1,2,REGION VIII (EASTERN VISAYAS),SOUTHERN LEYTE,15-24,F,S,Y,A,2
2022,1,2,REGION VIII (EASTERN VISAYAS),SOUTHERN LEYTE,25-64,F,S,Y,A,2
2022,1,2,REGION VIII (EASTERN VISAYAS),SOUTHERN LEYTE,5-14,F,S,Y,A,1
2022,1,2,REGION VIII (EASTERN VISAYAS),SOUTHERN LEYTE,5-14,M,S,Y,A,2
2022,1,2,REGION VIII (EASTERN VISAYAS),SOUTHERN LEYTE,65+,F,S,Y,A,2
2022,1,2,REGION XIII (CARAGA),DINAGAT ISLANDS,Unknown,F,C,Y,A,1
2022,1,2,REGION XIII (CARAGA),DINAGAT ISLANDS,Unknown,F,C,Y,D,1
2022,1,2,REGION XIII (CARAGA),SURIGAO DEL SUR,25-64,M,S,Y,A,1
2022,1,2,REGION XIII (CARAGA),SURIGAO DEL SUR,5-14,M,S,Y,A,1
2022,1,3,REGION V (BICOL REGION),CAMARINES SUR,15-24,F,S,Y,A,1
2022,1,3,REGION V (BICOL REGION),CAMARINES SUR,5-14,M,S,Y,A,1
2022,1,3,REGION V (BICOL REGION),CATANDUANES,25-64,F,S,Y,A,1
2022,1,3,REGION VIII (EASTERN VISAYAS),BILIRAN,15-24,M,S,Y,A,1
2022,1,3,REGION VIII (EASTERN VISAYAS),BILIRAN,25-64,M,S,Y,A,1
2022,1,3,REGION VIII (EASTERN VISAYAS),BILIRAN,5-14,M,S,Y,A,2
2022,1,3,REGION VIII (EASTERN VISAYAS),EASTERN SAMAR,15-24,F,S,Y,A,1
2022,1,3,REGION VIII (EASTERN VISAYAS),EASTERN SAMAR,15-24,M,S,Y,A,1
2022,1,3,REGION VIII (EASTERN VISAYAS),EASTERN SAMAR,25-64,F,S,Y,A,1
2022,1,3,REGION VIII (EASTERN VISAYAS),EASTERN SAMAR,5-14,F,S,Y,A,1
2022,1,3,REGION VIII (EASTERN VISAYAS),EASTERN SAMAR,65+,M,S,Y,A,1
2022,1,3,REGION VIII (EASTERN VISAYAS),LEYTE,15-24,F,S,Y,A,1
2022,1,3,REGION VIII (EASTERN VISAYAS),LEYTE,25-64,F,S,Y,A,2
2022,1,3,REGION VIII (EASTERN VISAYAS),LEYTE,5-14,M,S,Y,A,2
2022,1,3,REGION VIII (EASTERN VISAYAS),LEYTE,65+,F,S,Y,A,1
2022,1,3,REGION VIII (EASTERN VISAYAS),SOUTHERN LEYTE,25-64,F,S,Y,A,2
2022,1,3,REGION VIII (EASTERN VISAYAS),SOUTHERN LEYTE,25-64,M,S,Y,A,1
2022,1,3,REGION VIII (EASTERN VISAYAS),SOUTHERN LEYTE,5-14,M,S,Y,A,1
2022,1,3,REGION XI (DAVAO REGION),DAVAO ORIENTAL,15-24,M,S,Y,A,1
2022,1,3,REGION XI (DAVAO REGION),DAVAO ORIENTAL,5-14,F,S,Y,A,1
2022,1,3,REGION XIII (CARAGA),SURIGAO DEL SUR,5-14,F,S,Y,A,1
2022,1,3,REGION XIII (CARAGA),SURIGAO DEL SUR,5-14,M,S,Y,A,1
2022,1,3,REGION XIII (CARAGA),SURIGAO DEL SUR,65+,F,S,Y,A,1
2022,1,4,REGION V (BICOL REGION),CATANDUANES,15-24,F,S,Y,A,1
2022,1,4,REGION V (BICOL REGION),CATANDUANES,25-64,F,S,Y,A,1
2022,1,4,REGION V (BICOL REGION),SORSOGON,25-64,M,S,Y,A,1
2022,1,4,REGION VIII (EASTERN VISAYAS),BILIRAN,25-64,F,S,Y,A,1
2022,1,4,REGION VIII (EASTERN VISAYAS),BILIRAN,65+,M,S,Y,A,1
2022,1,4,REGION VIII (EASTERN VISAYAS),CITY OF TACLOBAN,25-64,F,S,Y,A,1
2022,1,4,REGION VIII (EASTERN VISAYAS),EASTERN SAMAR,15-24,F,S,Y,A,1
2022,1,4,REGION VIII (EASTERN VISAYAS),EASTERN SAMAR,25-64,M,S,Y,A,1
2022,1,4,REGION VIII (EASTERN VISAYAS),EASTERN SAMAR,5-14,M,S,Y,A,1
2022,1,4,REGION VIII (EASTERN VISAYAS),EASTERN SAMAR,65+,F,S,Y,A,1
2022,1,4,REGION VIII (EASTERN VISAYAS),EASTERN SAMAR,65+,M,S,Y,A,1
2022,1,4,REGION VIII (EASTERN VISAYAS),LEYTE,15-24,F,S,Y,A,1
2022,1,4,REGION VIII (EASTERN VISAYAS),LEYTE,5-14,F,S,Y,A,1
2022,1,4,REGION VIII (EASTERN VISAYAS),LEYTE,5-14,M,S,Y,A,3
2022,1,4,REGION VIII (EASTERN VISAYAS),LEYTE,65+,F,S,Y,A,1
2022,1,4,REGION VIII (EASTERN VISAYAS),LEYTE,65+,M,S,Y,A,1
2022,1,4,REGION VIII (EASTERN VISAYAS),SAMAR,25-64,F,S,Y,A,1
2022,1,4,REGION VIII (EASTERN VISAYAS),SOUTHERN LEYTE,15-24,F,S,Y,A,1
2022,1,4,REGION VIII (EASTERN VISAYAS),SOUTHERN LEYTE,15-24,M,S,Y,A,1
2022,1,4,REGION VIII (EASTERN VISAYAS),SOUTHERN LEYTE,25-64,F,S,Y,A,2
2022,1,4,REGION VIII (EASTERN VISAYAS),SOUTHERN LEYTE,25-64,M,S,Y,A,1
2022,1,4,REGION VIII (EASTERN VISAYAS),SOUTHERN LEYTE,5-14,F,S,Y,A,1
2022,1,4,REGION VIII (EASTERN VISAYAS),SOUTHERN LEYTE,65+,F,S,Y,A,1
2022,1,4,REGION XI (DAVAO REGION),DAVAO ORIENTAL,15-24,F,C,Y,A,1
2022,1,4,REGION XI (DAVAO REGION),DAVAO ORIENTAL,15-24,F,S,Y,A,23
2022,1,4,REGION XI (DAVAO REGION),DAVAO ORIENTAL,15-24,M,S,Y,A,25
2022,1,4,REGION XI (DAVAO REGION),DAVAO ORIENTAL,25-64,F,S,Y,A,33
2022,1,4,REGION XI (DAVAO REGION),DAVAO ORIENTAL,25-64,M,S,Y,A,40
2022,1,4,REGION XI (DAVAO REGION),DAVAO ORIENTAL,25-64,M,S,Y,D,2
2022,1,4,REGION XI (DAVAO REGION),DAVAO ORIENTAL,5-14,F,S,Y,A,29
2022,1,4,REGION XI (DAVAO REGION),DAVAO ORIENTAL,5-14,M,S,Y,A,34
2022,1,4,REGION XI (DAVAO REGION),DAVAO ORIENTAL,65+,F,S,Y,A,7
2022,1,4,REGION XI (DAVAO REGION),DAVAO ORIENTAL,65+,M,S,Y,A,3
2022,1,4,REGION XI (DAVAO REGION),DAVAO ORIENTAL,65+,M,S,Y,D,1
2022,1,4,REGION XIII (CARAGA),CITY OF BUTUAN,25-64,M,S,Y,A,1
2022,1,4,REGION XIII (CARAGA),SURIGAO DEL NORTE,25-64,M,S,Y,A,1
2022,1,4,REGION XIII (CARAGA),SURIGAO DEL SUR,25-64,F,S,Y,A,1
2022,1,5,REGION VIII (EASTERN VISAYAS),BILIRAN,25-64,M,S,Y,A,1
2022,1,5,REGION VIII (EASTERN VISAYAS),EASTERN SAMAR,15-24,F,S,Y,A,1
2022,1,5,REGION VIII (EASTERN VISAYAS),EASTERN SAMAR,25-64,M,S,Y,A,1
2022,1,5,REGION VIII (EASTERN VISAYAS),EASTERN SAMAR,65+,F,S,Y,A,1
2022,1,5,REGION VIII (EASTERN VISAYAS),LEYTE,65+,F,S,Y,A,1
2022,1,5,REGION X (NORTHERN MINDANAO),MISAMIS ORIENTAL,15-24,M,S,Y,A,1
2022,1,5,REGION XI (DAVAO REGION),DAVAO ORIENTAL,15-24,F,S,Y,A,18
2022,1,5,REGION XI (DAVAO REGION),DAVAO ORIENTAL,15-24,M,S,Y,A,12
2022,1,5,REGION XI (DAVAO REGION),DAVAO ORIENTAL,15-24,M,S,Y,D,1
2022,1,5,REGION XI (DAVAO REGION),DAVAO ORIENTAL,25-64,F,S,Y,A,39
2022,1,5,REGION XI (DAVAO REGION),DAVAO ORIENTAL,25-64,M,S,Y,A,40
2022,1,5,REGION XI (DAVAO REGION),DAVAO ORIENTAL,5-14,F,S,Y,A,22
2022,1,5,REGION XI (DAVAO REGION),DAVAO ORIENTAL,5-14,M,C,Y,A,1
2022,1,5,REGION XI (DAVAO REGION),DAVAO ORIENTAL,5-14,M,S,Y,A,17
2022,1,5,REGION XI (DAVAO REGION),DAVAO ORIENTAL,65+,F,S,Y,A,3
2022,1,5,REGION XI (DAVAO REGION),DAVAO ORIENTAL,65+,M,S,Y,A,4
2022,2,5,REGION IX (ZAMBOANGA PENINSULA),ZAMBOANGA DEL SUR,25-64,M,S,Y,A,1
2022,2,5,REGION V (BICOL REGION),CAMARINES SUR,5-14,F,S,Y,A,1
2022,2,5,REGION V (BICOL REGION),CAMARINES SUR,65+,F,S,Y,A,1
2022,2,5,REGION V (BICOL REGION),CAMARINES SUR,65+,M,S,Y,A,1
2022,2,5,REGION V (BICOL REGION),CATANDUANES,25-64,M,S,Y,A,1
2022,2,5,REGION VIII (EASTERN VISAYAS),BILIRAN,5-14,M,S,Y,A,1
2022,2,5,REGION VIII (EASTERN VISAYAS),EASTERN SAMAR,25-64,F,S,Y,A,1
2022,2,5,REGION VIII (EASTERN VISAYAS),LEYTE,15-24,F,S,Y,A,1
2022,2,5,REGION VIII (EASTERN VISAYAS),LEYTE,5-14,M,S,Y,A,1
2022,2,5,REGION VIII (EASTERN VISAYAS),LEYTE,65+,M,S,Y,A,1
2022,2,5,REGION VIII (EASTERN VISAYAS),NORTHERN SAMAR,25-64,F,S,Y,A,1
2022,2,5,REGION VIII (EASTERN VISAYAS),NORTHERN SAMAR,25-64,M,S,Y,A,1
2022,2,5,REGION VIII (EASTERN VISAYAS),NORTHERN SAMAR,65+,F,S,Y,A,1
2022,2,5,REGION VIII (EASTERN VISAYAS),SAMAR,15-24,M,S,Y,A,1
2022,2,5,REGION VIII (EASTERN VISAYAS),SAMAR,25-64,F,S,Y,A,1
2022,2,5,REGION VIII (EASTERN VISAYAS),SAMAR,25-64,M,S,Y,A,1
2022,2,5,REGION VIII (EASTERN VISAYAS),SAMAR,5-14,M,S,Y,A,1
2022,2,5,REGION VIII (EASTERN VISAYAS),SOUTHERN LEYTE,15-24,M,S,Y,A,1
2022,2,5,REGION VIII (EASTERN VISAYAS),SOUTHERN LEYTE,25-64,F,S,Y,A,1
2022,2,5,REGION VIII (EASTERN VISAYAS),SOUTHERN LEYTE,25-64,M,S,Y,A,1
2022,2,5,REGION VIII (EASTERN VISAYAS),SOUTHERN LEYTE,5-14,M,S,Y,A,2
2022,2,5,REGION XI (DAVAO REGION),DAVAO ORIENTAL,0-4,M,C,Y,A,1
2022,2,5,REGION XI (DAVAO REGION),DAVAO ORIENTAL,15-24,F,S,Y,A,10
2022,2,5,REGION XI (DAVAO REGION),DAVAO ORIENTAL,15-24,M,C,Y,A,1
2022,2,5,REGION XI (DAVAO REGION),DAVAO ORIENTAL,15-24,M,S,Y,A,15
2022,2,5,REGION XI (DAVAO REGION),DAVAO ORIENTAL,25-64,F,S,Y,A,19
2022,2,5,REGION XI (DAVAO REGION),DAVAO ORIENTAL,25-64,M,C,Y,A,3
2022,2,5,REGION XI (DAVAO REGION),DAVAO ORIENTAL,25-64,M,S,Y,A,26
2022,2,5,REGION XI (DAVAO REGION),DAVAO ORIENTAL,25-64,M,S,Y,D,1
2022,2,5,REGION XI (DAVAO REGION),DAVAO ORIENTAL,5-14,F,S,Y,A,9
2022,2,5,REGION XI (DAVAO REGION),DAVAO ORIENTAL,5-14,M,C,Y,A,1
2022,2,5,REGION XI (DAVAO REGION),DAVAO ORIENTAL,5-14,M,S,Y,A,16
2022,2,5,REGION XI (DAVAO REGION),DAVAO ORIENTAL,65+,F,S,Y,A,1
2022,2,5,REGION XI (DAVAO REGION),DAVAO ORIENTAL,65+,M,S,Y,A,1
2022,2,6,REGION III (CENTRAL LUZON),TARLAC,25-64,F,S,Y,A,1
2022,2,6,REGION III (CENTRAL LUZON),TARLAC,5-14,M,S,Y,A,2
2022,2,6,REGION V (BICOL REGION),CAMARINES SUR,25-64,M,S,Y,A,1
2022,2,6,REGION V (BICOL REGION),CATANDUANES,65+,M,S,Y,A,1
2022,2,6,REGION V (BICOL REGION),SORSOGON,5-14,M,S,Y,A,1
2022,2,6,REGION VIII (EASTERN VISAYAS),BILIRAN,5-14,M,S,Y,A,1
2022,2,6,REGION VIII (EASTERN VISAYAS),CITY OF TACLOBAN,15-24,M,S,Y,A,1
2022,2,6,REGION VIII (EASTERN VISAYAS),CITY OF TACLOBAN,25-64,F,S,Y,A,1
2022,2,6,REGION VIII (EASTERN VISAYAS),CITY OF TACLOBAN,5-14,M,S,Y,A,1
2022,2,6,REGION VIII (EASTERN VISAYAS),EASTERN SAMAR,25-64,F,S,Y,A,1
2022,2,6,REGION VIII (EASTERN VISAYAS),EASTERN SAMAR,25-64,M,S,Y,A,1
2022,2,6,REGION VIII (EASTERN VISAYAS),EASTERN SAMAR,5-14,F,S,Y,A,1
2022,2,6,REGION VIII (EASTERN VISAYAS),LEYTE,25-64,F,S,Y,A,2
2022,2,6,REGION VIII (EASTERN VISAYAS),LEYTE,25-64,M,S,Y,A,1
2022,2,6,REGION VIII (EASTERN VISAYAS),SAMAR,25-64,F,S,Y,A,2
2022,2,6,REGION VIII (EASTERN VISAYAS),SAMAR,5-14,M,S,Y,A,1
2022,2,6,REGION VIII (EASTERN VISAYAS),SAMAR,65+,F,C,Y,A,1
2022,2,6,REGION VIII (EASTERN VISAYAS),SAMAR,65+,F,S,Y,A,1
2022,2,6,REGION VIII (EASTERN VISAYAS),SOUTHERN LEYTE,25-64,F,S,Y,A,3
2022,2,6,REGION VIII (EASTERN VISAYAS),SOUTHERN LEYTE,5-14,F,S,Y,A,1
2022,2,6,REGION VIII (EASTERN VISAYAS),SOUTHERN LEYTE,5-14,M,S,Y,A,1
2022,2,6,REGION VIII (EASTERN VISAYAS),SOUTHERN LEYTE,65+,M,S,Y,A,1
2022,2,6,REGION X (NORTHERN MINDANAO),MISAMIS ORIENTAL,15-24,F,S,Y,A,1
2022,2,6,REGION X (NORTHERN MINDANAO),MISAMIS ORIENTAL,25-64,M,S,Y,A,1
2022,2,6,REGION XI (DAVAO REGION),DAVAO ORIENTAL,15-24,F,S,Y,A,8
2022,2,6,REGION XI (DAVAO REGION),DAVAO ORIENTAL,15-24,M,S,Y,A,4
2022,2,6,REGION XI (DAVAO REGION),DAVAO ORIENTAL,25-64,F,S,Y,A,16
2022,2,6,REGION XI (DAVAO REGION),DAVAO ORIENTAL,25-64,M,S,Y,A,22
2022,2,6,REGION XI (DAVAO REGION),DAVAO ORIENTAL,25-64,M,S,Y,D,1
2022,2,6,REGION XI (DAVAO REGION),DAVAO ORIENTAL,5-14,F,S,Y,A,7
2022,2,6,REGION XI (DAVAO REGION),DAVAO ORIENTAL,5-14,M,S,Y,A,8
2022,2,6,REGION XI (DAVAO REGION),DAVAO ORIENTAL,65+,F,S,Y,A,3
2022,2,6,REGION XI (DAVAO REGION),DAVAO ORIENTAL,65+,M,S,Y,A,2
2022,2,7,REGION III (CENTRAL LUZON),TARLAC,25-64,F,S,Y,A,3
2022,2,7,REGION III (CENTRAL LUZON),TARLAC,25-64,M,S,Y,A,1
2022,2,7,REGION VIII (EASTERN VISAYAS),BILIRAN,25-64,F,S,Y,A,1
2022,2,7,REGION VIII (EASTERN VISAYAS),BILIRAN,25-64,M,S,Y,A,2
2022,2,7,REGION VIII (EASTERN VISAYAS),BILIRAN,5-14,M,S,Y,A,1
2022,2,7,REGION VIII (EASTERN VISAYAS),BILIRAN,65+,F,S,Y,A,1
2022,2,7,REGION VIII (EASTERN VISAYAS),CITY OF TACLOBAN,5-14,M,S,Y,A,1
2022,2,7,REGION VIII (EASTERN VISAYAS),EASTERN SAMAR,15-24,M,S,Y,A,3
2022,2,7,REGION VIII (EASTERN VISAYAS),EASTERN SAMAR,25-64,F,S,Y,A,5
2022,2,7,REGION VIII (EASTERN VISAYAS),EASTERN SAMAR,25-64,M,S,Y,A,1
2022,2,7,REGION VIII (EASTERN VISAYAS),EASTERN SAMAR,5-14,F,S,Y,A,2
2022,2,7,REGION VIII (EASTERN VISAYAS),EASTERN SAMAR,5-14,M,S,Y,A,2
2022,2,7,REGION VIII (EASTERN VISAYAS),EASTERN SAMAR,65+,F,S,Y,A,1
2022,2,7,REGION VIII (EASTERN VISAYAS),LEYTE,25-64,F,S,Y,A,1
2022,2,7,REGION VIII (EASTERN VISAYAS),LEYTE,25-64,M,S,Y,A,1
2022,2,7,REGION VIII (EASTERN VISAYAS),LEYTE,5-14,F,S,Y,A,2
2022,2,7,REGION VIII (EASTERN VISAYAS),LEYTE,5-14,M,S,Y,A,1
2022,2,7,REGION VIII (EASTERN VISAYAS),SAMAR,0-4,F,C,Y,A,1
2022,2,7,REGION VIII (EASTERN VISAYAS),SAMAR,15-24,F,S,Y,A,2
2022,2,7,REGION VIII (EASTERN VISAYAS),SAMAR,25-64,M,S,Y,A,2
2022,2,7,REGION VIII (EASTERN VISAYAS),SAMAR,5-14,M,C,Y,A,1
2022,2,7,REGION VIII (EASTERN VISAYAS),SAMAR,5-14,M,S,Y,A,1
2022,2,7,REGION VIII (EASTERN VISAYAS),SOUTHERN LEYTE,25-64,M,S,Y,A,1
2022,2,7,REGION VIII (EASTERN VISAYAS),SOUTHERN LEYTE,5-14,M,S,Y,A,2
2022,2,7,REGION X (NORTHERN MINDANAO),MISAMIS ORIENTAL,25-64,F,S,Y,A,1
2022,2,7,REGION XI (DAVAO REGION),DAVAO ORIENTAL,15-24,F,S,Y,A,1
2022,2,7,REGION XI (DAVAO REGION),DAVAO ORIENTAL,15-24,M,S,Y,A,2
2022,2,7,REGION XI (DAVAO REGION),DAVAO ORIENTAL,25-64,F,S,Y,A,12
2022,2,7,REGION XI (DAVAO REGION),DAVAO ORIENTAL,25-64,M,S,Y,A,11
2022,2,7,REGION XI (DAVAO REGION),DAVAO ORIENTAL,25-64,M,S,Y,D,1
2022,2,7,REGION XI (DAVAO REGION),DAVAO ORIENTAL,5-14,F,S,Y,A,3
2022,2,7,REGION XI (DAVAO REGION),DAVAO ORIENTAL,5-14,M,S,Y,A,3
2022,2,7,REGION XI (DAVAO REGION),DAVAO ORIENTAL,65+,F,S,Y,A,3
2022,2,7,REGION XI (DAVAO REGION),DAVAO ORIENTAL,65+,M,S,Y,A,1
2022,2,8,REGION III (CENTRAL LUZON),PAMPANGA,5-14,M,C,Y,A,1
2022,2,8,REGION V (BICOL REGION),CAMARINES SUR,25-64,F,S,Y,A,1
2022,2,8,REGION V (BICOL REGION),CATANDUANES,65+,F,S,Y,A,1
2022,2,8,REGION VIII (EASTERN VISAYAS),BILIRAN,25-64,F,S,Y,A,2
2022,2,8,REGION VIII (EASTERN VISAYAS),BILIRAN,25-64,M,S,Y,A,1
2022,2,8,REGION VIII (EASTERN VISAYAS),BILIRAN,5-14,M,S,Y,A,1
2022,2,8,REGION VIII (EASTERN VISAYAS),BILIRAN,65+,F,S,Y,A,1
2022,2,8,REGION VIII (EASTERN VISAYAS),BILIRAN,65+,M,S,Y,A,4
2022,2,8,REGION VIII (EASTERN VISAYAS),EASTERN SAMAR,25-64,M,S,Y,A,1
2022,2,8,REGION VIII (EASTERN VISAYAS),EASTERN SAMAR,5-14,F,S,Y,A,2
2022,2,8,REGION VIII (EASTERN VISAYAS),EASTERN SAMAR,65+,F,S,Y,A,2
2022,2,8,REGION VIII (EASTERN VISAYAS),EASTERN SAMAR,65+,M,S,Y,A,1
2022,2,8,REGION VIII (EASTERN VISAYAS),LEYTE,25-64,F,S,Y,A,1
2022,2,8,REGION VIII (EASTERN VISAYAS),LEYTE,25-64,M,S,Y,A,3
2022,2,8,REGION VIII (EASTERN VISAYAS),LEYTE,5-14,F,S,Y,A,1
2022,2,8,REGION VIII (EASTERN VISAYAS),NORTHERN SAMAR,5-14,F,S,Y,A,1
2022,2,8,REGION VIII (EASTERN VISAYAS),SAMAR,15-24,F,S,Y,A,2
2022,2,8,REGION VIII (EASTERN VISAYAS),SAMAR,25-64,F,S,Y,A,2
2022,2,8,REGION VIII (EASTERN VISAYAS),SAMAR,25-64,M,S,Y,A,1
2022,2,8,REGION VIII (EASTERN VISAYAS),SAMAR,5-14,F,S,Y,A,1
2022,2,8,REGION VIII (EASTERN VISAYAS),SAMAR,5-14,M,S,Y,A,1
2022,2,8,REGION VIII (EASTERN VISAYAS),SOUTHERN LEYTE,15-24,F,S,Y,A,1
2022,2,8,REGION VIII (EASTERN VISAYAS),SOUTHERN LEYTE,25-64,F,S,Y,A,2
2022,2,8,REGION VIII (EASTERN VISAYAS),SOUTHERN LEYTE,5-14,F,S,Y,A,2
2022,2,8,REGION VIII (EASTERN VISAYAS),SOUTHERN LEYTE,5-14,M,S,Y,A,1
2022,2,8,REGION XI (DAVAO REGION),DAVAO ORIENTAL,25-64,F,S,Y,A,1
2022,2,8,REGION XI (DAVAO REGION),DAVAO ORIENTAL,25-64,M,S,Y,A,3
2022,2,8,REGION XII (SOCCSKSARGEN),SOUTH COTABATO,15-24,F,S,Y,A,1
2022,2,8,REGION XII (SOCCSKSARGEN),SOUTH COTABATO,15-24,M,S,Y,A,1
2022,2,8,REGION XII (SOCCSKSARGEN),SOUTH COTABATO,25-64,F,S,Y,A,2
2022,2,8,REGION XII (SOCCSKSARGEN),SOUTH COTABATO,25-64,M,S,Y,A,2
2022,2,8,REGION XII (SOCCSKSARGEN),SOUTH COTABATO,5-14,F,S,Y,A,1
2022,2,8,REGION XIII (CARAGA),CITY OF BUTUAN,25-64,M,S,Y,A,1
2022,2,9,REGION VIII (EASTERN VISAYAS),BILIRAN,5-14,M,S,Y,A,1
2022,2,9,REGION VIII (EASTERN VISAYAS),EASTERN SAMAR,15-24,F,S,Y,A,1
2022,2,9,REGION VIII (EASTERN VISAYAS),EASTERN SAMAR,25-64,F,S,Y,A,1
2022,2,9,REGION VIII (EASTERN VISAYAS),LEYTE,5-14,M,S,Y,A,1
2022,2,9,REGION VIII (EASTERN VISAYAS),SAMAR,25-64,M,S,Y,A,1
2022,2,9,REGION VIII (EASTERN VISAYAS),SOUTHERN LEYTE,25-64,F,S,Y,A,2
2022,2,9,REGION VIII (EASTERN VISAYAS),SOUTHERN LEYTE,5-14,F,S,Y,A,1
2022,2,9,REGION XI (DAVAO REGION),DAVAO ORIENTAL,25-64,M,S,Y,A,1
2022,2,9,REGION XII (SOCCSKSARGEN),SOUTH COTABATO,15-24,M,S,Y,A,2
2022,2,9,REGION XII (SOCCSKSARGEN),SOUTH COTABATO,25-64,M,S,Y,A,2
2022,2,9,REGION XII (SOCCSKSARGEN),SOUTH COTABATO,5-14,M,S,Y,A,1
2022,2,9,REGION XII (SOCCSKSARGEN),SOUTH COTABATO,65+,F,S,Y,A,1
2022,2,9,REGION XII (SOCCSKSARGEN),SOUTH COTABATO,65+,M,S,Y,A,1
2022,3,9,REGION III (CENTRAL LUZON),TARLAC,5-14,M,S,Y,A,1
2022,3,9,REGION IX (ZAMBOANGA PENINSULA),ZAMBOANGA DEL SUR,15-24,F,S,Y,A,1
2022,3,9,REGION V (BICOL REGION),CAMARINES SUR,65+,F,S,Y,A,3
2022,3,9,REGION VIII (EASTERN VISAYAS),BILIRAN,25-64,F,S,Y,A,1
2022,3,9,REGION VIII (EASTERN VISAYAS),BILIRAN,25-64,M,S,Y,A,1
2022,3,9,REGION VIII (EASTERN VISAYAS),BILIRAN,5-14,M,S,Y,A,2
2022,3,9,REGION VIII (EASTERN VISAYAS),EASTERN SAMAR,25-64,F,S,Y,A,2
2022,3,9,REGION VIII (EASTERN VISAYAS),EASTERN SAMAR,25-64,M,S,Y,A,1
2022,3,9,REGION VIII (EASTERN VISAYAS),EASTERN SAMAR,5-14,F,S,Y,A,1
2022,3,9,REGION VIII (EASTERN VISAYAS),EASTERN SAMAR,5-14,M,S,Y,A,1
2022,3,9,REGION VIII (EASTERN VISAYAS),LEYTE,15-24,F,S,Y,A,1
2022,3,9,REGION VIII (EASTERN VISAYAS),LEYTE,15-24,M,S,Y,A,1
2022,3,9,REGION VIII (EASTERN VISAYAS),LEYTE,25-64,F,S,Y,A,1
2022,3,9,REGION VIII (EASTERN VISAYAS),LEYTE,5-14,F,S,Y,A,1
2022,3,9,REGION VIII (EASTERN VISAYAS),LEYTE,5-14,M,S,Y,A,2
2022,3,9,REGION VIII (EASTERN VISAYAS),LEYTE,65+,F,S,Y,A,1
2022,3,9,REGION VIII (EASTERN VISAYAS),LEYTE,65+,M,S,Y,A,1
2022,3,9,REGION VIII (EASTERN VISAYAS),SAMAR,15-24,F,S,Y,A,1
2022,3,9,REGION VIII (EASTERN VISAYAS),SAMAR,25-64,M,C,Y,A,1
2022,3,9,REGION VIII (EASTERN VISAYAS),SAMAR,25-64,M,S,Y,A,2
2022,3,9,REGION VIII (EASTERN VISAYAS),SAMAR,5-14,F,S,Y,A,2
2022,3,9,REGION VIII (EASTERN VISAYAS),SAMAR,5-14,M,S,Y,A,2
2022,3,9,REGION VIII (EASTERN VISAYAS),SOUTHERN LEYTE,25-64,F,S,Y,A,2
2022,3,9,REGION VIII (EASTERN VISAYAS),SOUTHERN LEYTE,25-64,M,S,Y,A,1
2022,3,9,REGION XI (DAVAO REGION),DAVAO ORIENTAL,25-64,F,S,Y,A,2
2022,3,9,REGION XI (DAVAO REGION),DAVAO ORIENTAL,25-64,M,S,Y,A,2
2022,3,9,REGION XII (SOCCSKSARGEN),SOUTH COTABATO,0-4,F,C,Y,A,1
2022,3,9,REGION XII (SOCCSKSARGEN),SOUTH COTABATO,15-24,F,S,Y,A,2
2022,3,9,REGION XII (SOCCSKSARGEN),SOUTH COTABATO,15-24,M,S,Y,A,1
2022,3,9,REGION XII (SOCCSKSARGEN),SOUTH COTABATO,25-64,F,S,Y,A,8
2022,3,9,REGION XII (SOCCSKSARGEN),SOUTH COTABATO,25-64,M,C,Y,A,1
2022,3,9,REGION XII (SOCCSKSARGEN),SOUTH COTABATO,25-64,M,S,Y,A,6
2022,3,9,REGION XII (SOCCSKSARGEN),SOUTH COTABATO,5-14,F,S,Y,A,4
2022,3,9,REGION XII (SOCCSKSARGEN),SOUTH COTABATO,5-14,M,S,Y,A,5
2022,3,10,REGION IX (ZAMBOANGA PENINSULA),CITY OF ZAMBOANGA,65+,F,S,Y,D,1
2022,3,10,REGION V (BICOL REGION),CAMARINES SUR,15-24,M,S,Y,A,2
2022,3,10,REGION V (BICOL REGION),CATANDUANES,25-64,F,S,Y,A,1
2022,3,10,REGION V (BICOL REGION),CATANDUANES,25-64,M,S,Y,A,1
2022,3,10,REGION VIII (EASTERN VISAYAS),BILIRAN,25-64,F,S,Y,A,2
2022,3,10,REGION VIII (EASTERN VISAYAS),BILIRAN,25-64,M,S,Y,A,1
2022,3,10,REGION VIII (EASTERN VISAYAS),BILIRAN,5-14,F,S,Y,A,2
2022,3,10,REGION VIII (EASTERN VISAYAS),BILIRAN,65+,F,S,Y,A,1
2022,3,10,REGION VIII (EASTERN VISAYAS),CITY OF TACLOBAN,65+,F,S,Y,A,1
2022,3,10,REGION VIII (EASTERN VISAYAS),EASTERN SAMAR,15-24,F,S,Y,A,3
2022,3,10,REGION VIII (EASTERN VISAYAS),EASTERN SAMAR,15-24,M,S,Y,A,3
2022,3,10,REGION VIII (EASTERN VISAYAS),EASTERN SAMAR,25-64,F,S,Y,A,9
2022,3,10,REGION VIII (EASTERN VISAYAS),EASTERN SAMAR,25-64,M,S,Y,A,5
2022,3,10,REGION VIII (EASTERN VISAYAS),EASTERN SAMAR,5-14,F,S,Y,A,4
2022,3,10,REGION VIII (EASTERN VISAYAS),EASTERN SAMAR,5-14,M,S,Y,A,3
2022,3,10,REGION VIII (EASTERN VISAYAS),EASTERN SAMAR,65+,M,S,Y,A,1
2022,3,10,REGION VIII (EASTERN VISAYAS),LEYTE,15-24,F,S,Y,A,2
2022,3,10,REGION VIII (EASTERN VISAYAS),LEYTE,15-24,M,S,Y,A,1
2022,3,10,REGION VIII (EASTERN VISAYAS),LEYTE,25-64,F,S,Y,A,2
2022,3,10,REGION VIII (EASTERN VISAYAS),LEYTE,5-14,F,S,Y,A,1
2022,3,10,REGION VIII (EASTERN VISAYAS),LEYTE,5-14,M,S,Y,A,1
2022,3,10,REGION VIII (EASTERN VISAYAS),NORTHERN SAMAR,5-14,M,S,Y,A,1
2022,3,10,REGION VIII (EASTERN VISAYAS),SAMAR,15-24,M,S,Y,A,3
2022,3,10,REGION VIII (EASTERN VISAYAS),SAMAR,25-64,F,S,Y,A,7
2022,3,10,REGION VIII (EASTERN VISAYAS),SAMAR,25-64,M,C,Y,A,1
2022,3,10,REGION VIII (EASTERN VISAYAS),SAMAR,25-64,M,S,Y,A,4
2022,3,10,REGION VIII (EASTERN VISAYAS),SAMAR,25-64,M,S,Y,D,1
2022,3,10,REGION VIII (EASTERN VISAYAS),SAMAR,5-14,F,S,Y,A,1
2022,3,10,REGION VIII (EASTERN VISAYAS),SAMAR,5-14,M,S,Y,A,3
2022,3,10,REGION VIII (EASTERN VISAYAS),SAMAR,65+,F,S,Y,A,2
2022,3,10,REGION VIII (EASTERN VISAYAS),SAMAR,65+,M,S,Y,A,1
2022,3,10,REGION VIII (EASTERN VISAYAS),SOUTHERN LEYTE,15-24,M,S,Y,A,1
2022,3,10,REGION VIII (EASTERN VISAYAS),SOUTHERN LEYTE,25-64,M,S,Y,A,1
2022,3,10,REGION VIII (EASTERN VISAYAS),SOUTHERN LEYTE,5-14,F,S,Y,A,1
2022,3,10,REGION VIII (EASTERN VISAYAS),SOUTHERN LEYTE,5-14,M,S,Y,A,2
2022,3,10,REGION XI (DAVAO REGION),DAVAO ORIENTAL,15-24,F,S,Y,A,1
2022,3,10,REGION XI (DAVAO REGION),DAVAO ORIENTAL,25-64,F,S,Y,A,1
2022,3,10,REGION XI (DAVAO REGION),DAVAO ORIENTAL,25-64,M,S,Y,A,2
2022,3,10,REGION XI (DAVAO REGION),DAVAO ORIENTAL,5-14,F,S,Y,A,1
2022,3,10,REGION XI (DAVAO REGION),DAVAO ORIENTAL,65+,M,S,Y,A,1
2022,3,10,REGION XII (SOCCSKSARGEN),SOUTH COTABATO,0-4,F,C,Y,A,1
2022,3,10,REGION XII (SOCCSKSARGEN),SOUTH COTABATO,5-14,F,C,Y,A,1
2022,3,10,REGION XIII (CARAGA),CITY OF BUTUAN,15-24,M,S,Y,A,1
2022,3,10,REGION XIII (CARAGA),SURIGAO DEL SUR,25-64,F,S,Y,A,3
2022,3,10,REGION XIII (CARAGA),SURIGAO DEL SUR,25-64,M,S,Y,A,3
2022,3,10,REGION XIII (CARAGA),SURIGAO DEL SUR,5-14,M,S,Y,A,2
2022,3,11,REGION IX (ZAMBOANGA PENINSULA),ZAMBOANGA DEL NORTE,15-24,F,S,Y,A,1
2022,3,11,REGION IX (ZAMBOANGA PENINSULA),ZAMBOANGA DEL NORTE,25-64,M,S,Y,D,1
2022,3,11,REGION V (BICOL REGION),CAMARINES SUR,25-64,M,S,Y,A,1
2022,3,11,REGION V (BICOL REGION),CAMARINES SUR,5-14,M,S,Y,A,2
2022,3,11,REGION VIII (EASTERN VISAYAS),BILIRAN,15-24,F,S,Y,A,1
2022,3,11,REGION VIII (EASTERN VISAYAS),BILIRAN,25-64,F,S,Y,A,1
2022,3,11,REGION VIII (EASTERN VISAYAS),BILIRAN,25-64,M,S,Y,A,2
2022,3,11,REGION VIII (EASTERN VISAYAS),BILIRAN,5-14,F,S,Y,A,1
2022,3,11,REGION VIII (EASTERN VISAYAS),BILIRAN,65+,F,S,Y,A,1
2022,3,11,REGION VIII (EASTERN VISAYAS),EASTERN SAMAR,15-24,F,S,Y,A,4
2022,3,11,REGION VIII (EASTERN VISAYAS),EASTERN SAMAR,15-24,M,S,Y,A,1
2022,3,11,REGION VIII (EASTERN VISAYAS),EASTERN SAMAR,25-64,F,S,Y,A,8
2022,3,11,REGION VIII (EASTERN VISAYAS),EASTERN SAMAR,25-64,M,S,Y,A,9
2022,3,11,REGION VIII (EASTERN VISAYAS),EASTERN SAMAR,5-14,F,S,Y,A,8
2022,3,11,REGION VIII (EASTERN VISAYAS),EASTERN SAMAR,5-14,M,S,Y,A,4
2022,3,11,REGION VIII (EASTERN VISAYAS),EASTERN SAMAR,65+,F,S,Y,A,1
2022,3,11,REGION VIII (EASTERN VISAYAS),LEYTE,15-24,M,S,Y,A,1
2022,3,11,REGION VIII (EASTERN VISAYAS),LEYTE,25-64,M,S,Y,A,1
2022,3,11,REGION VIII (EASTERN VISAYAS),LEYTE,5-14,F,S,Y,A,1
2022,3,11,REGION VIII (EASTERN VISAYAS),LEYTE,5-14,M,S,Y,A,1
2022,3,11,REGION VIII (EASTERN VISAYAS),LEYTE,65+,F,S,Y,A,2
2022,3,11,REGION VIII (EASTERN VISAYAS),LEYTE,65+,M,S,Y,A,1
2022,3,11,REGION VIII (EASTERN VISAYAS),SAMAR,15-24,F,C,Y,A,1
2022,3,11,REGION VIII (EASTERN VISAYAS),SAMAR,15-24,F,S,Y,A,2
2022,3,11,REGION VIII (EASTERN VISAYAS),SAMAR,15-24,M,S,Y,A,6
2022,3,11,REGION VIII (EASTERN VISAYAS),SAMAR,25-64,F,C,Y,A,1
2022,3,11,REGION VIII (EASTERN VISAYAS),SAMAR,25-64,F,S,Y,A,7
2022,3,11,REGION VIII (EASTERN VISAYAS),SAMAR,25-64,M,S,Y,A,4
2022,3,11,REGION VIII (EASTERN VISAYAS),SAMAR,5-14,F,C,Y,A,1
2022,3,11,REGION VIII (EASTERN VISAYAS),SAMAR,5-14,F,S,Y,A,4
2022,3,11,REGION VIII (EASTERN VISAYAS),SAMAR,5-14,M,S,Y,A,5
2022,3,11,REGION VIII (EASTERN VISAYAS),SAMAR,65+,F,S,Y,A,2
2022,3,11,REGION VIII (EASTERN VISAYAS),SOUTHERN LEYTE,15-24,M,S,Y,A,2
2022,3,11,REGION VIII (EASTERN VISAYAS),SOUTHERN LEYTE,25-64,F,S,Y,A,4
2022,3,11,REGION VIII (EASTERN VISAYAS),SOUTHERN LEYTE,5-14,F,S,Y,A,1
2022,3,11,REGION VIII (EASTERN VISAYAS),SOUTHERN LEYTE,5-14,M,S,Y,A,1
2022,3,11,REGION X (NORTHERN MINDANAO),BUKIDNON,25-64,F,S,Y,A,1
2022,3,11,REGION X (NORTHERN MINDANAO),BUKIDNON,65+,F,S,Y,A,1
2022,3,11,REGION XI (DAVAO REGION),DAVAO ORIENTAL,25-64,M,S,Y,A,1
2022,3,11,REGION XII (SOCCSKSARGEN),SOUTH COTABATO,5-14,F,C,Y,A,1
2022,3,11,REGION XII (SOCCSKSARGEN),SOUTH COTABATO,5-14,M,C,Y,A,1
2022,3,11,REGION XIII (CARAGA),CITY OF BUTUAN,25-64,M,S,Y,A,1
2022,3,11,REGION XIII (CARAGA),SURIGAO DEL SUR,25-64,F,C,Y,A,1
2022,3,11,REGION XIII (CARAGA),SURIGAO DEL SUR,5-14,F,S,Y,A,1
2022,3,12,REGION IX (ZAMBOANGA PENINSULA),CITY OF ZAMBOANGA,25-64,M,S,Y,A,1
2022,3,12,REGION IX (ZAMBOANGA PENINSULA),ZAMBOANGA SIBUGAY,25-64,F,S,Y,A,1
2022,3,12,REGION V (BICOL REGION),CAMARINES SUR,15-24,F,S,Y,A,2
2022,3,12,REGION V (BICOL REGION),CAMARINES SUR,25-64,F,S,Y,A,1
2022,3,12,REGION V (BICOL REGION),CAMARINES SUR,25-64,M,S,Y,A,1
2022,3,12,REGION V (BICOL REGION),CAMARINES SUR,5-14,M,S,Y,A,1
2022,3,12,REGION V (BICOL REGION),CAMARINES SUR,65+,F,S,Y,A,1
2022,3,12,REGION VIII (EASTERN VISAYAS),BILIRAN,15-24,F,S,Y,A,1
2022,3,12,REGION VIII (EASTERN VISAYAS),BILIRAN,15-24,M,S,Y,A,1
2022,3,12,REGION VIII (EASTERN VISAYAS),BILIRAN,25-64,F,S,Y,A,1
2022,3,12,REGION VIII (EASTERN VISAYAS),BILIRAN,25-64,M,S,Y,A,1
2022,3,12,REGION VIII (EASTERN VISAYAS),BILIRAN,65+,F,S,Y,A,1
2022,3,12,REGION VIII (EASTERN VISAYAS),EASTERN SAMAR,15-24,F,S,Y,A,2
2022,3,12,REGION VIII (EASTERN VISAYAS),EASTERN SAMAR,15-24,M,S,Y,A,1
2022,3,12,REGION VIII (EASTERN VISAYAS),EASTERN SAMAR,25-64,M,S,Y,A,2
2022,3,12,REGION VIII (EASTERN VISAYAS),EASTERN SAMAR,5-14,F,S,Y,A,1
2022,3,12,REGION VIII (EASTERN VISAYAS),EASTERN SAMAR,65+,M,S,Y,A,1
2022,3,12,REGION VIII (EASTERN VISAYAS),LEYTE,15-24,M,S,Y,A,1
2022,3,12,REGION VIII (EASTERN VISAYAS),LEYTE,25-64,F,S,Y,A,3
2022,3,12,REGION VIII (EASTERN VISAYAS),LEYTE,25-64,M,S,Y,A,2
2022,3,12,REGION VIII (EASTERN VISAYAS),LEYTE,5-14,F,S,Y,A,2
2022,3,12,REGION VIII (EASTERN VISAYAS),LEYTE,5-14,M,S,Y,A,1
2022,3,12,REGION VIII (EASTERN VISAYAS),SAMAR,0-4,M,C,Y,A,1
2022,3,12,REGION VIII (EASTERN VISAYAS),SAMAR,15-24,F,C,Y,A,2
2022,3,12,REGION VIII (EASTERN VISAYAS),SAMAR,15-24,F,C,Y,D,1
2022,3,12,REGION VIII (EASTERN VISAYAS),SAMAR,15-24,F,S,Y,A,6
2022,3,12,REGION VIII (EASTERN VISAYAS),SAMAR,15-24,M,C,Y,A,1
2022,3,12,REGION VIII (EASTERN VISAYAS),SAMAR,15-24,M,S,Y,A,7
2022,3,12,REGION VIII (EASTERN VISAYAS),SAMAR,25-64,F,S,Y,A,8
2022,3,12,REGION VIII (EASTERN VISAYAS),SAMAR,25-64,M,S,Y,A,14
2022,3,12,REGION VIII (EASTERN VISAYAS),SAMAR,5-14,F,C,Y,A,3
2022,3,12,REGION VIII (EASTERN VISAYAS),SAMAR,5-14,F,S,Y,A,9
2022,3,12,REGION VIII (EASTERN VISAYAS),SAMAR,5-14,F,S,Y,D,1
2022,3,12,REGION VIII (EASTERN VISAYAS),SAMAR,5-14,M,C,Y,A,3
2022,3,12,REGION VIII (EASTERN VISAYAS),SAMAR,5-14,M,S,Y,A,14
2022,3,12,REGION VIII (EASTERN VISAYAS),SAMAR,65+,F,S,Y,A,2
2022,3,12,REGION VIII (EASTERN VISAYAS),SAMAR,65+,M,S,Y,A,1
2022,3,12,REGION VIII (EASTERN VISAYAS),SOUTHERN LEYTE,15-24,M,S,Y,A,1
2022,3,12,REGION VIII (EASTERN VISAYAS),SOUTHERN LEYTE,25-64,F,S,Y,A,3
2022,3,12,REGION VIII (EASTERN VISAYAS),SOUTHERN LEYTE,25-64,M,S,Y,A,2
2022,3,12,REGION XI (DAVAO REGION),DAVAO ORIENTAL,15-24,F,S,Y,A,1
2022,3,12,REGION XI (DAVAO REGION),DAVAO ORIENTAL,25-64,F,S,Y,A,3
2022,3,12,REGION XI (DAVAO REGION),DAVAO ORIENTAL,25-64,M,S,Y,A,5
2022,3,12,REGION XI (DAVAO REGION),DAVAO ORIENTAL,5-14,M,S,Y,A,1
2022,3,12,REGION XII (SOCCSKSARGEN),SOUTH COTABATO,25-64,F,S,Y,A,1
2022,3,12,REGION XIII (CARAGA),CITY OF BUTUAN,15-24,F,S,Y,A,1
2022,3,12,REGION XIII (CARAGA),SURIGAO DEL NORTE,65+,M,S,Y,A,1
2022,3,12,REGION XIII (CARAGA),SURIGAO DEL SUR,5-14,M,S,Y,A,1
2022,3,13,REGION V (BICOL REGION),CAMARINES SUR,65+,F,S,Y,A,1
2022,3,13,REGION V (BICOL REGION),CAMARINES SUR,65+,M,S,Y,A,1
2022,3,13,REGION V (BICOL REGION),CATANDUANES,15-24,F,S,Y,A,1
2022,3,13,REGION V (BICOL REGION),CATANDUANES,25-64,F,S,Y,A,1
2022,3,13,REGION V (BICOL REGION),CATANDUANES,65+,F,S,Y,A,1
2022,3,13,REGION V (BICOL REGION),MASBATE,65+,F,S,Y,A,1
2022,3,13,REGION VIII (EASTERN VISAYAS),BILIRAN,25-64,F,S,Y,A,3
2022,3,13,REGION VIII (EASTERN VISAYAS),BILIRAN,25-64,M,S,Y,A,1
2022,3,13,REGION VIII (EASTERN VISAYAS),BILIRAN,5-14,F,S,Y,A,2
2022,3,13,REGION VIII (EASTERN VISAYAS),EASTERN SAMAR,15-24,F,S,Y,A,1
2022,3,13,REGION VIII (EASTERN VISAYAS),EASTERN SAMAR,25-64,F,S,Y,A,2
2022,3,13,REGION VIII (EASTERN VISAYAS),EASTERN SAMAR,25-64,M,S,Y,A,1
2022,3,13,REGION VIII (EASTERN VISAYAS),EASTERN SAMAR,5-14,F,S,Y,A,1
2022,3,13,REGION VIII (EASTERN VISAYAS),EASTERN SAMAR,5-14,M,S,Y,A,1
2022,3,13,REGION VIII (EASTERN VISAYAS),LEYTE,25-64,F,S,Y,A,3
2022,3,13,REGION VIII (EASTERN VISAYAS),LEYTE,25-64,M,S,Y,A,1
2022,3,13,REGION VIII (EASTERN VISAYAS),LEYTE,5-14,F,S,Y,A,2
2022,3,13,REGION VIII (EASTERN VISAYAS),LEYTE,65+,F,S,Y,A,1
2022,3,13,REGION VIII (EASTERN VISAYAS),SAMAR,15-24,F,S,Y,A,12
2022,3,13,REGION VIII (EASTERN VISAYAS),SAMAR,15-24,M,S,Y,A,13
2022,3,13,REGION VIII (EASTERN VISAYAS),SAMAR,25-64,F,S,Y,A,16
2022,3,13,REGION VIII (EASTERN VISAYAS),SAMAR,25-64,M,S,Y,A,12
2022,3,13,REGION VIII (EASTERN VISAYAS),SAMAR,5-14,F,C,Y,A,2
2022,3,13,REGION VIII (EASTERN VISAYAS),SAMAR,5-14,F,S,Y,A,5
2022,3,13,REGION VIII (EASTERN VISAYAS),SAMAR,5-14,M,C,Y,A,1
2022,3,13,REGION VIII (EASTERN VISAYAS),SAMAR,5-14,M,S,Y,A,13
2022,3,13,REGION VIII (EASTERN VISAYAS),SAMAR,65+,F,S,Y,A,3
2022,3,13,REGION VIII (EASTERN VISAYAS),SAMAR,65+,M,S,Y,A,2
2022,3,13,REGION VIII (EASTERN VISAYAS),SOUTHERN LEYTE,25-64,F,S,Y,A,3
2022,3,13,REGION VIII (EASTERN VISAYAS),SOUTHERN LEYTE,5-14,F,S,Y,A,1
2022,3,13,REGION VIII (EASTERN VISAYAS),SOUTHERN LEYTE,5-14,M,S,Y,A,1
2022,3,13,REGION VIII (EASTERN VISAYAS),SOUTHERN LEYTE,65+,M,S,Y,A,1
2022,3,13,REGION XI (DAVAO REGION),DAVAO ORIENTAL,15-24,F,S,Y,A,2
2022,3,13,REGION XI (DAVAO REGION),DAVAO ORIENTAL,15-24,M,S,Y,A,1
2022,3,13,REGION XI (DAVAO REGION),DAVAO ORIENTAL,25-64,M,S,Y,A,1
2022,3,13,REGION XI (DAVAO REGION),DAVAO ORIENTAL,5-14,F,S,Y,A,1
2022,3,13,REGION XII (SOCCSKSARGEN),SOUTH COTABATO,15-24,F,S,Y,A,1
2022,3,13,REGION XIII (CARAGA),SURIGAO DEL SUR,15-24,F,S,Y,A,1
2022,3,13,REGION XIII (CARAGA),SURIGAO DEL SUR,15-24,M,S,Y,A,1
2022,3,13,REGION XIII (CARAGA),SURIGAO DEL SUR,25-64,F,S,Y,A,1
2022,4,13,REGION V (BICOL REGION),CAMARINES SUR,5-14,F,S,Y,A,1
2022,4,13,REGION V (BICOL REGION),CATANDUANES,15-24,F,S,Y,A,1
2022,4,13,REGION V (BICOL REGION),CATANDUANES,25-64,M,S,Y,A,1
2022,4,13,REGION VI (WESTERN VISAYAS),CITY OF ILOILO,25-64,F,C,Y,A,1
2022,4,13,REGION VIII (EASTERN VISAYAS),EASTERN SAMAR,15-24,F,S,Y,A,1
2022,4,13,REGION VIII (EASTERN VISAYAS),LEYTE,5-14,M,S,Y,A,1
2022,4,13,REGION VIII (EASTERN VISAYAS),SAMAR,15-24,F,S,Y,A,2
2022,4,13,REGION VIII (EASTERN VISAYAS),SAMAR,25-64,F,S,Y,A,5
2022,4,13,REGION VIII (EASTERN VISAYAS),SAMAR,25-64,M,S,Y,A,8
2022,4,13,REGION VIII (EASTERN VISAYAS),SAMAR,5-14,F,S,Y,A,3
2022,4,13,REGION VIII (EASTERN VISAYAS),SAMAR,5-14,M,S,Y,A,4
2022,4,13,REGION VIII (EASTERN VISAYAS),SOUTHERN LEYTE,25-64,F,S,Y,A,1
2022,4,13,REGION VIII (EASTERN VISAYAS),SOUTHERN LEYTE,5-14,M,S,Y,A,1
2022,4,13,REGION XI (DAVAO REGION),DAVAO ORIENTAL,5-14,F,S,Y,A,1
2022,4,14,REGION V (BICOL REGION),CAMARINES SUR,25-64,M,S,Y,A,1
2022,4,14,REGION V (BICOL REGION),CAMARINES SUR,5-14,F,S,Y,A,1
2022,4,14,REGION V (BICOL REGION),CAMARINES SUR,5-14,M,S,Y,A,1
2022,4,14,REGION V (BICOL REGION),CATANDUANES,25-64,F,S,Y,A,2
2022,4,14,REGION V (BICOL REGION),CATANDUANES,25-64,M,S,Y,A,1
2022,4,14,REGION V (BICOL REGION),CATANDUANES,5-14,M,S,Y,A,2
2022,4,14,REGION VIII (EASTERN VISAYAS),BILIRAN,15-24,M,S,Y,A,1
2022,4,14,REGION VIII (EASTERN VISAYAS),BILIRAN,25-64,F,S,Y,A,1
2022,4,14,REGION VIII (EASTERN VISAYAS),BILIRAN,25-64,M,S,Y,A,2
2022,4,14,REGION VIII (EASTERN VISAYAS),BILIRAN,65+,F,S,Y,A,1
2022,4,14,REGION VIII (EASTERN VISAYAS),CITY OF TACLOBAN,25-64,M,S,Y,A,1
2022,4,14,REGION VIII (EASTERN VISAYAS),EASTERN SAMAR,15-24,F,S,Y,A,5
2022,4,14,REGION VIII (EASTERN VISAYAS),EASTERN SAMAR,15-24,M,S,Y,A,6
2022,4,14,REGION VIII (EASTERN VISAYAS),EASTERN SAMAR,25-64,F,S,Y,A,9
2022,4,14,REGION VIII (EASTERN VISAYAS),EASTERN SAMAR,25-64,M,S,Y,A,2
2022,4,14,REGION VIII (EASTERN VISAYAS),EASTERN SAMAR,5-14,F,S,Y,A,8
2022,4,14,REGION VIII (EASTERN VISAYAS),EASTERN SAMAR,5-14,M,S,Y,A,3
2022,4,14,REGION VIII (EASTERN VISAYAS),EASTERN SAMAR,65+,F,S,Y,A,1
2022,4,14,REGION VIII (EASTERN VISAYAS),EASTERN SAMAR,65+,M,S,Y,A,1
2022,4,14,REGION VIII (EASTERN VISAYAS),LEYTE,15-24,F,S,Y,A,1
2022,4,14,REGION VIII (EASTERN VISAYAS),LEYTE,25-64,F,S,Y,A,1
2022,4,14,REGION VIII (EASTERN VISAYAS),LEYTE,5-14,M,S,Y,A,2
2022,4,14,REGION VIII (EASTERN VISAYAS),LEYTE,65+,M,S,Y,A,1
2022,4,14,REGION VIII (EASTERN VISAYAS),NORTHERN SAMAR,25-64,F,S,Y,A,1
2022,4,14,REGION VIII (EASTERN VISAYAS),SAMAR,0-4,M,C,Y,A,1
2022,4,14,REGION VIII (EASTERN VISAYAS),SAMAR,15-24,F,S,Y,A,1
2022,4,14,REGION VIII (EASTERN VISAYAS),SAMAR,15-24,M,S,Y,A,5
2022,4,14,REGION VIII (EASTERN VISAYAS),SAMAR,25-64,F,S,Y,A,19
2022,4,14,REGION VIII (EASTERN VISAYAS),SAMAR,25-64,M,S,Y,A,5
2022,4,14,REGION VIII (EASTERN VISAYAS),SAMAR,5-14,F,S,Y,A,5
2022,4,14,REGION VIII (EASTERN VISAYAS),SAMAR,5-14,M,S,Y,A,9
2022,4,14,REGION VIII (EASTERN VISAYAS),SAMAR,65+,F,S,Y,A,4
2022,4,14,REGION VIII (EASTERN VISAYAS),SAMAR,65+,M,S,Y,A,1
2022,4,14,REGION VIII (EASTERN VISAYAS),SOUTHERN LEYTE,15-24,F,S,Y,A,2
2022,4,14,REGION VIII (EASTERN VISAYAS),SOUTHERN LEYTE,25-64,F,S,Y,A,2
2022,4,14,REGION VIII (EASTERN VISAYAS),SOUTHERN LEYTE,25-64,M,S,Y,A,1
2022,4,14,REGION VIII (EASTERN VISAYAS),SOUTHERN LEYTE,65+,F,S,Y,A,1
2022,4,14,REGION XI (DAVAO REGION),DAVAO DE ORO,25-64,M,S,Y,D,1
2022,4,14,REGION XII (SOCCSKSARGEN),SOUTH COTABATO,15-24,F,S,Y,A,1
2022,4,14,REGION XII (SOCCSKSARGEN),SOUTH COTABATO,15-24,M,S,Y,A,1
2022,4,14,REGION XII (SOCCSKSARGEN),SOUTH COTABATO,25-64,F,S,Y,A,3
2022,4,14,REGION XII (SOCCSKSARGEN),SOUTH COTABATO,25-64,M,S,Y,A,2
2022,4,14,REGION XIII (CARAGA),AGUSAN DEL SUR,65+,F,S,Y,A,1
2022,4,14,REGION XIII (CARAGA),SURIGAO DEL SUR,25-64,F,S,Y,A,3
2022,4,14,REGION XIII (CARAGA),SURIGAO DEL SUR,65+,F,S,Y,A,1
2022,4,15,REGION IX (ZAMBOANGA PENINSULA),CITY OF ZAMBOANGA,5-14,M,S,Y,A,1
2022,4,15,REGION V (BICOL REGION),CAMARINES SUR,15-24,F,S,Y,A,1
2022,4,15,REGION V (BICOL REGION),CAMARINES SUR,25-64,F,S,Y,A,2
2022,4,15,REGION V (BICOL REGION),CAMARINES SUR,5-14,M,S,Y,A,1
2022,4,15,REGION V (BICOL REGION),CAMARINES SUR,65+,F,S,Y,A,1
2022,4,15,REGION V (BICOL REGION),CATANDUANES,25-64,M,S,Y,A,1
2022,4,15,REGION VIII (EASTERN VISAYAS),BILIRAN,25-64,F,S,Y,A,1
2022,4,15,REGION VIII (EASTERN VISAYAS),BILIRAN,5-14,M,S,Y,A,1
2022,4,15,REGION VIII (EASTERN VISAYAS),BILIRAN,65+,M,S,Y,A,1
2022,4,15,REGION VIII (EASTERN VISAYAS),EASTERN SAMAR,25-64,F,S,Y,A,2
2022,4,15,REGION VIII (EASTERN VISAYAS),EASTERN SAMAR,25-64,M,S,Y,A,2
2022,4,15,REGION VIII (EASTERN VISAYAS),EASTERN SAMAR,5-14,M,S,Y,A,2
2022,4,15,REGION VIII (EASTERN VISAYAS),EASTERN SAMAR,65+,F,S,Y,A,2
2022,4,15,REGION VIII (EASTERN VISAYAS),LEYTE,15-24,F,S,Y,A,1
2022,4,15,REGION VIII (EASTERN VISAYAS),LEYTE,5-14,F,S,Y,A,1
2022,4,15,REGION VIII (EASTERN VISAYAS),LEYTE,5-14,M,S,Y,A,2
2022,4,15,REGION VIII (EASTERN VISAYAS),SAMAR,15-24,F,S,Y,A,3
2022,4,15,REGION VIII (EASTERN VISAYAS),SAMAR,15-24,M,S,Y,A,4
2022,4,15,REGION VIII (EASTERN VISAYAS),SAMAR,25-64,F,S,Y,A,8
2022,4,15,REGION VIII (EASTERN VISAYAS),SAMAR,25-64,M,S,Y,A,9
2022,4,15,REGION VIII (EASTERN VISAYAS),SAMAR,5-14,F,S,Y,A,6
2022,4,15,REGION VIII (EASTERN VISAYAS),SAMAR,5-14,M,S,Y,A,6
2022,4,15,REGION VIII (EASTERN VISAYAS),SAMAR,65+,F,S,Y,A,5
2022,4,15,REGION VIII (EASTERN VISAYAS),SAMAR,65+,M,S,Y,A,1
2022,4,15,REGION VIII (EASTERN VISAYAS),SOUTHERN LEYTE,15-24,M,S,Y,A,1
2022,4,15,REGION VIII (EASTERN VISAYAS),SOUTHERN LEYTE,25-64,F,S,Y,A,3
2022,4,15,REGION VIII (EASTERN VISAYAS),SOUTHERN LEYTE,25-64,M,S,Y,A,4
2022,4,15,REGION VIII (EASTERN VISAYAS),SOUTHERN LEYTE,5-14,M,S,Y,A,1
2022,4,15,REGION VIII (EASTERN VISAYAS),SOUTHERN LEYTE,65+,F,S,Y,A,1
2022,4,15,REGION VIII (EASTERN VISAYAS),SOUTHERN LEYTE,65+,M,S,Y,A,2
2022,4,15,REGION XI (DAVAO REGION),DAVAO DE ORO,5-14,M,S,Y,A,1
2022,4,15,REGION XI (DAVAO REGION),DAVAO DE ORO,65+,M,S,Y,D,1
2022,4,15,REGION XII (SOCCSKSARGEN),SOUTH COTABATO,15-24,F,S,Y,A,1
2022,4,15,REGION XII (SOCCSKSARGEN),SOUTH COTABATO,15-24,M,S,Y,A,1
2022,4,15,REGION XII (SOCCSKSARGEN),SOUTH COTABATO,25-64,F,S,Y,A,2
2022,4,15,REGION XII (SOCCSKSARGEN),SOUTH COTABATO,25-64,M,S,Y,A,1
2022,4,15,REGION XIII (CARAGA),SURIGAO DEL SUR,15-24,F,S,Y,A,2
2022,4,15,REGION XIII (CARAGA),SURIGAO DEL SUR,15-24,M,S,Y,A,1
2022,4,15,REGION XIII (CARAGA),SURIGAO DEL SUR,25-64,F,S,Y,A,1
2022,4,15,REGION XIII (CARAGA),SURIGAO DEL SUR,25-64,M,S,Y,A,1
2022,4,15,REGION XIII (CARAGA),SURIGAO DEL SUR,5-14,F,S,Y,A,1
2022,4,15,REGION XIII (CARAGA),SURIGAO DEL SUR,65+,F,S,Y,A,1
2022,4,16,REGION IX (ZAMBOANGA PENINSULA),CITY OF ZAMBOANGA,65+,M,S,Y,A,1
2022,4,16,REGION IX (ZAMBOANGA PENINSULA),ZAMBOANGA DEL NORTE,15-24,M,S,Y,A,1
2022,4,16,REGION V (BICOL REGION),CAMARINES SUR,65+,F,S,Y,A,1
2022,4,16,REGION V (BICOL REGION),CATANDUANES,25-64,F,S,Y,A,1
2022,4,16,REGION V (BICOL REGION),CATANDUANES,65+,F,S,Y,A,1
2022,4,16,REGION VIII (EASTERN VISAYAS),BILIRAN,25-64,F,S,Y,A,1
2022,4,16,REGION VIII (EASTERN VISAYAS),EASTERN SAMAR,15-24,F,S,Y,A,1
2022,4,16,REGION VIII (EASTERN VISAYAS),EASTERN SAMAR,15-24,M,S,Y,A,2
2022,4,16,REGION VIII (EASTERN VISAYAS),EASTERN SAMAR,25-64,F,S,Y,A,3
2022,4,16,REGION VIII (EASTERN VISAYAS),EASTERN SAMAR,5-14,F,S,Y,A,2
2022,4,16,REGION VIII (EASTERN VISAYAS),EASTERN SAMAR,5-14,M,S,Y,A,1
2022,4,16,REGION VIII (EASTERN VISAYAS),EASTERN SAMAR,65+,M,S,Y,A,1
2022,4,16,REGION VIII (EASTERN VISAYAS),LEYTE,25-64,F,S,Y,A,5
2022,4,16,REGION VIII (EASTERN VISAYAS),LEYTE,25-64,M,S,Y,A,7
2022,4,16,REGION VIII (EASTERN VISAYAS),LEYTE,5-14,F,S,Y,A,1
2022,4,16,REGION VIII (EASTERN VISAYAS),SAMAR,15-24,F,S,Y,A,5
2022,4,16,REGION VIII (EASTERN VISAYAS),SAMAR,15-24,M,S,Y,A,8
2022,4,16,REGION VIII (EASTERN VISAYAS),SAMAR,25-64,F,S,Y,A,21
2022,4,16,REGION VIII (EASTERN VISAYAS),SAMAR,25-64,M,S,Y,A,7
2022,4,16,REGION VIII (EASTERN VISAYAS),SAMAR,5-14,F,S,Y,A,6
2022,4,16,REGION VIII (EASTERN VISAYAS),SAMAR,5-14,M,S,Y,A,7
2022,4,16,REGION VIII (EASTERN VISAYAS),SAMAR,65+,F,S,Y,A,4
2022,4,16,REGION VIII (EASTERN VISAYAS),SAMAR,65+,M,S,Y,A,4
2022,4,16,REGION VIII (EASTERN VISAYAS),SOUTHERN LEYTE,15-24,M,S,Y,A,1
2022,4,16,REGION VIII (EASTERN VISAYAS),SOUTHERN LEYTE,25-64,F,S,Y,A,1
2022,4,16,REGION VIII (EASTERN VISAYAS),SOUTHERN LEYTE,25-64,M,S,Y,A,2
2022,4,16,REGION VIII (EASTERN VISAYAS),SOUTHERN LEYTE,5-14,F,S,Y,A,1
2022,4,16,REGION XII (SOCCSKSARGEN),SOUTH COTABATO,15-24,F,S,Y,A,2
2022,4,16,REGION XII (SOCCSKSARGEN),SOUTH COTABATO,15-24,M,S,Y,A,2
2022,4,16,REGION XII (SOCCSKSARGEN),SOUTH COTABATO,25-64,F,C,Y,A,1
2022,4,16,REGION XII (SOCCSKSARGEN),SOUTH COTABATO,25-64,M,S,Y,A,2
2022,4,16,REGION XII (SOCCSKSARGEN),SOUTH COTABATO,5-14,M,C,Y,A,1
2022,4,16,REGION XII (SOCCSKSARGEN),SOUTH COTABATO,5-14,M,S,Y,A,1
2022,4,16,REGION XII (SOCCSKSARGEN),SOUTH COTABATO,5-14,M,S,Y,D,1
2022,4,16,REGION XII (SOCCSKSARGEN),SOUTH COTABATO,65+,F,S,Y,A,1
2022,4,16,REGION XIII (CARAGA),SURIGAO DEL SUR,25-64,F,S,Y,A,1
2022,4,16,REGION XIII (CARAGA),SURIGAO DEL SUR,25-64,M,S,Y,A,1
2022,4,16,REGION XIII (CARAGA),SURIGAO DEL SUR,5-14,M,S,Y,A,2
2022,4,16,REGION XIII (CARAGA),SURIGAO DEL SUR,65+,F,S,Y,A,1
2022,4,17,NEGROS ISLAND REGION (NIR),CITY OF BACOLOD,65+,F,S,Y,A,1
2022,4,17,REGION IX (ZAMBOANGA PENINSULA),CITY OF ZAMBOANGA,5-14,M,S,Y,A,1
2022,4,17,REGION IX (ZAMBOANGA PENINSULA),ZAMBOANGA DEL NORTE,15-24,M,S,Y,A,1
2022,4,17,REGION IX (ZAMBOANGA PENINSULA),ZAMBOANGA DEL NORTE,5-14,F,S,Y,A,2
2022,4,17,REGION V (BICOL REGION),CATANDUANES,15-24,M,S,Y,D,1
2022,4,17,REGION V (BICOL REGION),CATANDUANES,5-14,F,S,Y,A,1
2022,4,17,REGION VIII (EASTERN VISAYAS),BILIRAN,15-24,F,S,Y,A,1
2022,4,17,REGION VIII (EASTERN VISAYAS),BILIRAN,25-64,F,S,Y,A,1
2022,4,17,REGION VIII (EASTERN VISAYAS),BILIRAN,5-14,F,S,Y,A,1
2022,4,17,REGION VIII (EASTERN VISAYAS),BILIRAN,5-14,M,S,Y,A,2
2022,4,17,REGION VIII (EASTERN VISAYAS),CITY OF TACLOBAN,25-64,F,S,Y,A,1
2022,4,17,REGION VIII (EASTERN VISAYAS),CITY OF TACLOBAN,25-64,M,S,Y,A,1
2022,4,17,REGION VIII (EASTERN VISAYAS),EASTERN SAMAR,15-24,F,S,Y,A,1
2022,4,17,REGION VIII (EASTERN VISAYAS),EASTERN SAMAR,15-24,M,S,Y,A,1
2022,4,17,REGION VIII (EASTERN VISAYAS),EASTERN SAMAR,25-64,F,S,Y,A,4
2022,4,17,REGION VIII (EASTERN VISAYAS),EASTERN SAMAR,5-14,F,S,Y,A,1
2022,4,17,REGION VIII (EASTERN VISAYAS),EASTERN SAMAR,5-14,M,S,Y,A,1
2022,4,17,REGION VIII (EASTERN VISAYAS),LEYTE,15-24,F,S,Y,A,1
2022,4,17,REGION VIII (EASTERN VISAYAS),LEYTE,25-64,F,S,Y,A,1
2022,4,17,REGION VIII (EASTERN VISAYAS),LEYTE,25-64,M,S,Y,A,3
2022,4,17,REGION VIII (EASTERN VISAYAS),LEYTE,5-14,F,S,Y,A,1
2022,4,17,REGION VIII (EASTERN VISAYAS),LEYTE,5-14,M,S,Y,A,1
2022,4,17,REGION VIII (EASTERN VISAYAS),LEYTE,65+,M,S,Y,A,1
2022,4,17,REGION VIII (EASTERN VISAYAS),SAMAR,15-24,F,S,Y,A,6
2022,4,17,REGION VIII (EASTERN VISAYAS),SAMAR,15-24,M,S,Y,A,6
2022,4,17,REGION VIII (EASTERN VISAYAS),SAMAR,25-64,F,S,Y,A,15
2022,4,17,REGION VIII (EASTERN VISAYAS),SAMAR,25-64,M,S,Y,A,8
2022,4,17,REGION VIII (EASTERN VISAYAS),SAMAR,5-14,F,S,Y,A,10
2022,4,17,REGION VIII (EASTERN VISAYAS),SAMAR,5-14,M,S,Y,A,6
2022,4,17,REGION VIII (EASTERN VISAYAS),SAMAR,65+,F,S,Y,A,2
2022,4,17,REGION VIII (EASTERN VISAYAS),SAMAR,65+,M,S,Y,A,4
2022,4,17,REGION VIII (EASTERN VISAYAS),SOUTHERN LEYTE,15-24,M,S,Y,A,2
2022,4,17,REGION VIII (EASTERN VISAYAS),SOUTHERN LEYTE,25-64,F,S,Y,A,3
2022,4,17,REGION VIII (EASTERN VISAYAS),SOUTHERN LEYTE,5-14,M,S,Y,A,1
2022,4,17,REGION XI (DAVAO REGION),DAVAO DE ORO,65+,F,S,Y,D,1
2022,4,17,REGION XII (SOCCSKSARGEN),SOUTH COTABATO,15-24,F,C,Y,A,1
2022,4,17,REGION XII (SOCCSKSARGEN),SOUTH COTABATO,25-64,F,C,Y,A,1
2022,4,17,REGION XII (SOCCSKSARGEN),SOUTH COTABATO,25-64,M,S,Y,A,1
2022,4,17,REGION XIII (CARAGA),CITY OF BUTUAN,25-64,M,S,Y,A,1
2022,5,18,REGION IX (ZAMBOANGA PENINSULA),ZAMBOANGA DEL NORTE,15-24,F,S,Y,A,2
2022,5,18,REGION V (BICOL REGION),CAMARINES SUR,65+,M,S,Y,A,1
2022,5,18,REGION V (BICOL REGION),CATANDUANES,65+,F,S,Y,A,2
2022,5,18,REGION VIII (EASTERN VISAYAS),BILIRAN,25-64,F,S,Y,A,1
2022,5,18,REGION VIII (EASTERN VISAYAS),BILIRAN,25-64,M,S,Y,A,1
2022,5,18,REGION VIII (EASTERN VISAYAS),CITY OF TACLOBAN,15-24,M,S,Y,A,1
2022,5,18,REGION VIII (EASTERN VISAYAS),CITY OF TACLOBAN,65+,F,S,Y,A,1
2022,5,18,REGION VIII (EASTERN VISAYAS),EASTERN SAMAR,15-24,F,S,Y,A,3
2022,5,18,REGION VIII (EASTERN VISAYAS),EASTERN SAMAR,25-64,F,S,Y,A,2
2022,5,18,REGION VIII (EASTERN VISAYAS),EASTERN SAMAR,5-14,F,S,Y,A,1
2022,5,18,REGION VIII (EASTERN VISAYAS),EASTERN SAMAR,5-14,M,S,Y,A,1
2022,5,18,REGION VIII (EASTERN VISAYAS),EASTERN SAMAR,65+,F,S,Y,A,1
2022,5,18,REGION VIII (EASTERN VISAYAS),LEYTE,15-24,F,S,Y,A,1
2022,5,18,REGION VIII (EASTERN VISAYAS),LEYTE,15-24,M,S,Y,A,1
2022,5,18,REGION VIII (EASTERN VISAYAS),LEYTE,25-64,F,S,Y,A,2
2022,5,18,REGION VIII (EASTERN VISAYAS),LEYTE,65+,F,S,Y,A,1
2022,5,18,REGION VIII (EASTERN VISAYAS),LEYTE,65+,M,S,Y,A,2
2022,5,18,REGION VIII (EASTERN VISAYAS),SAMAR,15-24,F,S,Y,A,6
2022,5,18,REGION VIII (EASTERN VISAYAS),SAMAR,15-24,M,S,Y,A,3
2022,5,18,REGION VIII (EASTERN VISAYAS),SAMAR,25-64,F,S,Y,A,9
2022,5,18,REGION VIII (EASTERN VISAYAS),SAMAR,25-64,M,S,Y,A,8
2022,5,18,REGION VIII (EASTERN VISAYAS),SAMAR,25-64,M,S,Y,D,1
2022,5,18,REGION VIII (EASTERN VISAYAS),SAMAR,5-14,F,S,Y,A,4
2022,5,18,REGION VIII (EASTERN VISAYAS),SAMAR,5-14,M,S,Y,A,7
2022,5,18,REGION VIII (EASTERN VISAYAS),SOUTHERN LEYTE,15-24,F,S,Y,A,1
2022,5,18,REGION XIII (CARAGA),SURIGAO DEL NORTE,15-24,F,S,Y,A,1
2022,5,18,REGION XIII (CARAGA),SURIGAO DEL NORTE,25-64,M,S,Y,A,1
2022,5,19,NEGROS ISLAND REGION (NIR),NEGROS OCCIDENTAL,25-64,M,S,Y,A,1
2022,5,19,REGION V (BICOL REGION),CAMARINES SUR,5-14,M,S,Y,A,1
2022,5,19,REGION V (BICOL REGION),CATANDUANES,25-64,M,S,Y,A,2
2022,5,19,REGION VIII (EASTERN VISAYAS),BILIRAN,15-24,F,S,Y,A,1
2022,5,19,REGION VIII (EASTERN VISAYAS),BILIRAN,25-64,M,S,Y,A,4
2022,5,19,REGION VIII (EASTERN VISAYAS),BILIRAN,65+,M,S,Y,A,2
2022,5,19,REGION VIII (EASTERN VISAYAS),CITY OF TACLOBAN,25-64,F,C,Y,A,1
2022,5,19,REGION VIII (EASTERN VISAYAS),CITY OF TACLOBAN,25-64,F,S,Y,A,1
2022,5,19,REGION VIII (EASTERN VISAYAS),CITY OF TACLOBAN,65+,M,S,Y,A,1
2022,5,19,REGION VIII (EASTERN VISAYAS),EASTERN SAMAR,15-24,F,S,Y,A,5
2022,5,19,REGION VIII (EASTERN VISAYAS),EASTERN SAMAR,15-24,M,S,Y,A,1
2022,5,19,REGION VIII (EASTERN VISAYAS),EASTERN SAMAR,25-64,F,S,Y,A,3
2022,5,19,REGION VIII (EASTERN VISAYAS),EASTERN SAMAR,25-64,M,S,Y,A,2
2022,5,19,REGION VIII (EASTERN VISAYAS),EASTERN SAMAR,5-14,F,S,Y,A,1
2022,5,19,REGION VIII (EASTERN VISAYAS),EASTERN SAMAR,5-14,M,S,Y,A,4
2022,5,19,REGION VIII (EASTERN VISAYAS),EASTERN SAMAR,65+,F,S,Y,A,2
2022,5,19,REGION VIII (EASTERN VISAYAS),LEYTE,15-24,M,S,Y,A,1
2022,5,19,REGION VIII (EASTERN VISAYAS),LEYTE,25-64,F,S,Y,A,4
2022,5,19,REGION VIII (EASTERN VISAYAS),LEYTE,25-64,M,S,Y,A,2
2022,5,19,REGION VIII (EASTERN VISAYAS),LEYTE,5-14,F,S,Y,A,3
2022,5,19,REGION VIII (EASTERN VISAYAS),LEYTE,5-14,M,S,Y,A,3
2022,5,19,REGION VIII (EASTERN VISAYAS),LEYTE,65+,F,S,Y,A,1
2022,5,19,REGION VIII (EASTERN VISAYAS),SAMAR,15-24,F,S,Y,A,4
2022,5,19,REGION VIII (EASTERN VISAYAS),SAMAR,15-24,M,S,Y,A,8
2022,5,19,REGION VIII (EASTERN VISAYAS),SAMAR,25-64,F,S,Y,A,8
2022,5,19,REGION VIII (EASTERN VISAYAS),SAMAR,25-64,M,S,Y,A,10
2022,5,19,REGION VIII (EASTERN VISAYAS),SAMAR,5-14,F,S,Y,A,11
2022,5,19,REGION VIII (EASTERN VISAYAS),SAMAR,5-14,M,S,Y,A,12
2022,5,19,REGION VIII (EASTERN VISAYAS),SAMAR,65+,F,S,Y,A,1
2022,5,19,REGION VIII (EASTERN VISAYAS),SOUTHERN LEYTE,15-24,F,S,Y,A,1
2022,5,19,REGION VIII (EASTERN VISAYAS),SOUTHERN LEYTE,5-14,M,S,Y,A,1
2022,5,19,REGION XII (SOCCSKSARGEN),SOUTH COTABATO,25-64,F,S,Y,A,1
2022,5,19,REGION XIII (CARAGA),CITY OF BUTUAN,5-14,F,S,Y,A,1
2022,5,19,REGION XIII (CARAGA),SURIGAO DEL NORTE,5-14,F,S,Y,A,1
2022,5,20,REGION IX (ZAMBOANGA PENINSULA),ZAMBOANGA DEL NORTE,25-64,F,S,Y,A,1
2022,5,20,REGION V (BICOL REGION),CAMARINES SUR,5-14,M,S,Y,A,1
2022,5,20,REGION V (BICOL REGION),CATANDUANES,25-64,M,S,Y,A,2
2022,5,20,REGION VIII (EASTERN VISAYAS),BILIRAN,25-64,F,S,Y,A,3
2022,5,20,REGION VIII (EASTERN VISAYAS),BILIRAN,5-14,F,S,Y,A,1
2022,5,20,REGION VIII (EASTERN VISAYAS),BILIRAN,5-14,M,S,Y,A,3
2022,5,20,REGION VIII (EASTERN VISAYAS),BILIRAN,65+,M,S,Y,A,1
2022,5,20,REGION VIII (EASTERN VISAYAS),EASTERN SAMAR,15-24,F,S,Y,A,1
2022,5,20,REGION VIII (EASTERN VISAYAS),EASTERN SAMAR,25-64,F,S,Y,A,8
2022,5,20,REGION VIII (EASTERN VISAYAS),EASTERN SAMAR,5-14,F,S,Y,A,4
2022,5,20,REGION VIII (EASTERN VISAYAS),EASTERN SAMAR,5-14,M,S,Y,A,4
2022,5,20,REGION VIII (EASTERN VISAYAS),EASTERN SAMAR,65+,F,S,Y,A,3
2022,5,20,REGION VIII (EASTERN VISAYAS),LEYTE,15-24,F,S,Y,A,1
2022,5,20,REGION VIII (EASTERN VISAYAS),LEYTE,15-24,M,S,Y,A,1
2022,5,20,REGION VIII (EASTERN VISAYAS),LEYTE,25-64,F,S,Y,A,7
2022,5,20,REGION VIII (EASTERN VISAYAS),LEYTE,25-64,M,S,Y,A,3
2022,5,20,REGION VIII (EASTERN VISAYAS),LEYTE,5-14,F,S,Y,A,1
2022,5,20,REGION VIII (EASTERN VISAYAS),LEYTE,5-14,M,S,Y,A,1
2022,5,20,REGION VIII (EASTERN VISAYAS),LEYTE,65+,F,S,Y,A,2
2022,5,20,REGION VIII (EASTERN VISAYAS),LEYTE,65+,M,S,Y,A,1
2022,5,20,REGION VIII (EASTERN VISAYAS),SAMAR,15-24,F,S,Y,A,7
2022,5,20,REGION VIII (EASTERN VISAYAS),SAMAR,15-24,M,S,Y,A,3
2022,5,20,REGION VIII (EASTERN VISAYAS),SAMAR,25-64,F,S,Y,A,12
2022,5,20,REGION VIII (EASTERN VISAYAS),SAMAR,25-64,M,S,Y,A,6
2022,5,20,REGION VIII (EASTERN VISAYAS),SAMAR,5-14,F,S,Y,A,2
2022,5,20,REGION VIII (EASTERN VISAYAS),SAMAR,5-14,M,S,Y,A,10
2022,5,20,REGION VIII (EASTERN VISAYAS),SAMAR,65+,F,S,Y,A,4
2022,5,20,REGION VIII (EASTERN VISAYAS),SAMAR,65+,M,S,Y,A,3
2022,5,20,REGION VIII (EASTERN VISAYAS),SOUTHERN LEYTE,15-24,F,S,Y,A,2
2022,5,20,REGION VIII (EASTERN VISAYAS),SOUTHERN LEYTE,25-64,F,S,Y,A,1
2022,5,20,REGION VIII (EASTERN VISAYAS),SOUTHERN LEYTE,25-64,M,S,Y,A,3
2022,5,20,REGION VIII (EASTERN VISAYAS),SOUTHERN LEYTE,5-14,F,S,Y,A,2
2022,5,20,REGION VIII (EASTERN VISAYAS),SOUTHERN LEYTE,65+,F,S,Y,A,2
2022,5,20,REGION XII (SOCCSKSARGEN),SOUTH COTABATO,15-24,M,S,Y,A,1
2022,5,20,REGION XII (SOCCSKSARGEN),SOUTH COTABATO,5-14,M,S,Y,A,1
2022,5,20,REGION XIII (CARAGA),AGUSAN DEL SUR,25-64,M,S,Y,A,1
2022,5,21,REGION V (BICOL REGION),CATANDUANES,65+,M,S,Y,D,1
2022,5,21,REGION VIII (EASTERN VISAYAS),BILIRAN,25-64,F,S,Y,A,1
2022,5,21,REGION VIII (EASTERN VISAYAS),BILIRAN,25-64,M,S,Y,A,1
2022,5,21,REGION VIII (EASTERN VISAYAS),BILIRAN,5-14,M,S,Y,A,1
2022,5,21,REGION VIII (EASTERN VISAYAS),BILIRAN,65+,F,S,Y,A,1
2022,5,21,REGION VIII (EASTERN VISAYAS),CITY OF TACLOBAN,15-24,F,S,Y,A,1
2022,5,21,REGION VIII (EASTERN VISAYAS),EASTERN SAMAR,15-24,F,S,Y,A,3
2022,5,21,REGION VIII (EASTERN VISAYAS),EASTERN SAMAR,15-24,M,S,Y,A,1
2022,5,21,REGION VIII (EASTERN VISAYAS),EASTERN SAMAR,25-64,F,S,Y,A,5
2022,5,21,REGION VIII (EASTERN VISAYAS),EASTERN SAMAR,25-64,M,S,Y,A,2
2022,5,21,REGION VIII (EASTERN VISAYAS),EASTERN SAMAR,5-14,F,S,Y,A,1
2022,5,21,REGION VIII (EASTERN VISAYAS),EASTERN SAMAR,5-14,M,S,Y,A,2
2022,5,21,REGION VIII (EASTERN VISAYAS),EASTERN SAMAR,65+,F,S,Y,A,1
2022,5,21,REGION VIII (EASTERN VISAYAS),LEYTE,15-24,M,S,Y,A,1
2022,5,21,REGION VIII (EASTERN VISAYAS),LEYTE,25-64,F,S,Y,A,2
2022,5,21,REGION VIII (EASTERN VISAYAS),LEYTE,25-64,M,S,Y,A,3
2022,5,21,REGION VIII (EASTERN VISAYAS),LEYTE,5-14,F,S,Y,A,2
2022,5,21,REGION VIII (EASTERN VISAYAS),LEYTE,5-14,M,S,Y,A,1
2022,5,21,REGION VIII (EASTERN VISAYAS),LEYTE,65+,F,S,Y,A,2
2022,5,21,REGION VIII (EASTERN VISAYAS),SAMAR,15-24,F,C,Y,A,1
2022,5,21,REGION VIII (EASTERN VISAYAS),SAMAR,15-24,F,S,Y,A,10
2022,5,21,REGION VIII (EASTERN VISAYAS),SAMAR,15-24,M,S,Y,A,2
2022,5,21,REGION VIII (EASTERN VISAYAS),SAMAR,25-64,F,S,Y,A,6
2022,5,21,REGION VIII (EASTERN VISAYAS),SAMAR,25-64,M,S,Y,A,7
2022,5,21,REGION VIII (EASTERN VISAYAS),SAMAR,5-14,F,S,Y,A,7
2022,5,21,REGION VIII (EASTERN VISAYAS),SAMAR,5-14,M,S,Y,A,8
2022,5,21,REGION VIII (EASTERN VISAYAS),SAMAR,65+,F,S,Y,A,2
2022,5,21,REGION VIII (EASTERN VISAYAS),SAMAR,65+,M,S,Y,A,3
2022,5,21,REGION VIII (EASTERN VISAYAS),SOUTHERN LEYTE,15-24,M,S,Y,A,1
2022,5,21,REGION VIII (EASTERN VISAYAS),SOUTHERN LEYTE,25-64,F,S,Y,A,3
2022,5,21,REGION VIII (EASTERN VISAYAS),SOUTHERN LEYTE,25-64,M,S,Y,A,1
2022,5,21,REGION XII (SOCCSKSARGEN),SOUTH COTABATO,25-64,M,S,Y,A,2
2022,5,21,REGION XII (SOCCSKSARGEN),SOUTH COTABATO,5-14,F,S,Y,A,3
2022,5,22,REGION V (BICOL REGION),CAMARINES SUR,65+,F,S,Y,A,1
2022,5,22,REGION VIII (EASTERN VISAYAS),BILIRAN,15-24,F,S,Y,A,1
2022,5,22,REGION VIII (EASTERN VISAYAS),BILIRAN,25-64,F,S,Y,A,1
2022,5,22,REGION VIII (EASTERN VISAYAS),BILIRAN,5-14,F,S,Y,A,1
2022,5,22,REGION VIII (EASTERN VISAYAS),BILIRAN,5-14,M,S,Y,A,1
2022,5,22,REGION VIII (EASTERN VISAYAS),EASTERN SAMAR,25-64,F,S,Y,A,3
2022,5,22,REGION VIII (EASTERN VISAYAS),EASTERN SAMAR,25-64,M,S,Y,A,2
2022,5,22,REGION VIII (EASTERN VISAYAS),EASTERN SAMAR,5-14,F,S,Y,A,1
2022,5,22,REGION VIII (EASTERN VISAYAS),LEYTE,25-64,F,S,Y,A,2
2022,5,22,REGION VIII (EASTERN VISAYAS),LEYTE,5-14,F,S,Y,A,1
2022,5,22,REGION VIII (EASTERN VISAYAS),LEYTE,5-14,M,S,Y,A,1
2022,5,22,REGION VIII (EASTERN VISAYAS),SAMAR,15-24,F,S,Y,A,5
2022,5,22,REGION VIII (EASTERN VISAYAS),SAMAR,15-24,M,S,Y,A,1
2022,5,22,REGION VIII (EASTERN VISAYAS),SAMAR,25-64,F,S,Y,A,2
2022,5,22,REGION VIII (EASTERN VISAYAS),SAMAR,25-64,M,C,Y,A,1
2022,5,22,REGION VIII (EASTERN VISAYAS),SAMAR,25-64,M,S,Y,A,6
2022,5,22,REGION VIII (EASTERN VISAYAS),SAMAR,5-14,F,C,Y,A,1
2022,5,22,REGION VIII (EASTERN VISAYAS),SAMAR,5-14,F,S,Y,A,3
2022,5,22,REGION VIII (EASTERN VISAYAS),SAMAR,5-14,M,C,Y,A,1
2022,5,22,REGION VIII (EASTERN VISAYAS),SAMAR,5-14,M,S,Y,A,4
2022,5,22,REGION VIII (EASTERN VISAYAS),SAMAR,65+,F,S,Y,A,1
2022,5,22,REGION VIII (EASTERN VISAYAS),SAMAR,65+,M,S,Y,A,2
2022,6,22,REGION IX (ZAMBOANGA PENINSULA),ZAMBOANGA DEL NORTE,25-64,F,S,Y,A,1
2022,6,22,REGION V (BICOL REGION),CAMARINES SUR,5-14,M,S,Y,A,1
2022,6,22,REGION V (BICOL REGION),CATANDUANES,5-14,F,S,Y,A,1
2022,6,22,REGION V (BICOL REGION),CATANDUANES,5-14,M,S,Y,A,1
2022,6,22,REGION V (BICOL REGION),CATANDUANES,65+,F,S,Y,A,1
2022,6,22,REGION VIII (EASTERN VISAYAS),BILIRAN,25-64,F,S,Y,A,1
2022,6,22,REGION VIII (EASTERN VISAYAS),BILIRAN,25-64,M,S,Y,A,3
2022,6,22,REGION VIII (EASTERN VISAYAS),BILIRAN,5-14,F,S,Y,A,1
2022,6,22,REGION VIII (EASTERN VISAYAS),BILIRAN,5-14,M,S,Y,A,1
2022,6,22,REGION VIII (EASTERN VISAYAS),CITY OF TACLOBAN,25-64,M,S,Y,A,1
2022,6,22,REGION VIII (EASTERN VISAYAS),EASTERN SAMAR,15-24,F,S,Y,A,1
2022,6,22,REGION VIII (EASTERN VISAYAS),EASTERN SAMAR,15-24,M,S,Y,A,2
2022,6,22,REGION VIII (EASTERN VISAYAS),EASTERN SAMAR,25-64,F,S,Y,A,2
2022,6,22,REGION VIII (EASTERN VISAYAS),EASTERN SAMAR,25-64,M,S,Y,A,3
2022,6,22,REGION VIII (EASTERN VISAYAS),EASTERN SAMAR,5-14,F,S,Y,A,1
2022,6,22,REGION VIII (EASTERN VISAYAS),EASTERN SAMAR,65+,F,S,Y,A,2
2022,6,22,REGION VIII (EASTERN VISAYAS),LEYTE,25-64,F,C,Y,A,1
2022,6,22,REGION VIII (EASTERN VISAYAS),LEYTE,25-64,M,S,Y,A,2
2022,6,22,REGION VIII (EASTERN VISAYAS),LEYTE,5-14,F,S,Y,A,1
2022,6,22,REGION VIII (EASTERN VISAYAS),LEYTE,5-14,M,S,Y,A,1
2022,6,22,REGION VIII (EASTERN VISAYAS),SAMAR,15-24,F,S,Y,A,2
2022,6,22,REGION VIII (EASTERN VISAYAS),SAMAR,15-24,M,S,Y,A,1
2022,6,22,REGION VIII (EASTERN VISAYAS),SAMAR,25-64,F,S,Y,A,13
2022,6,22,REGION VIII (EASTERN VISAYAS),SAMAR,25-64,M,S,Y,A,4
2022,6,22,REGION VIII (EASTERN VISAYAS),SAMAR,5-14,F,S,Y,A,5
2022,6,22,REGION VIII (EASTERN VISAYAS),SAMAR,5-14,M,S,Y,A,5
2022,6,22,REGION VIII (EASTERN VISAYAS),SAMAR,65+,F,S,Y,A,3
2022,6,22,REGION VIII (EASTERN VISAYAS),SOUTHERN LEYTE,25-64,M,S,Y,A,1
2022,6,22,REGION VIII (EASTERN VISAYAS),SOUTHERN LEYTE,5-14,F,S,Y,A,1
2022,6,22,REGION XIII (CARAGA),SURIGAO DEL SUR,25-64,F,S,Y,A,1
2022,6,23,REGION IX (ZAMBOANGA PENINSULA),ZAMBOANGA DEL NORTE,25-64,F,S,Y,A,1
2022,6,23,REGION V (BICOL REGION),CAMARINES SUR,15-24,F,S,Y,A,1
2022,6,23,REGION V (BICOL REGION),CATANDUANES,15-24,F,S,Y,A,1
2022,6,23,REGION V (BICOL REGION),CATANDUANES,25-64,F,S,Y,A,1
2022,6,23,REGION V (BICOL REGION),CATANDUANES,25-64,M,S,Y,A,1
2022,6,23,REGION VIII (EASTERN VISAYAS),BILIRAN,15-24,F,S,Y,A,2
2022,6,23,REGION VIII (EASTERN VISAYAS),BILIRAN,5-14,M,S,Y,A,2
2022,6,23,REGION VIII (EASTERN VISAYAS),BILIRAN,65+,F,S,Y,A,2
2022,6,23,REGION VIII (EASTERN VISAYAS),EASTERN SAMAR,15-24,F,S,Y,A,3
2022,6,23,REGION VIII (EASTERN VISAYAS),EASTERN SAMAR,15-24,M,S,Y,A,1
2022,6,23,REGION VIII (EASTERN VISAYAS),EASTERN SAMAR,25-64,F,S,Y,A,2
2022,6,23,REGION VIII (EASTERN VISAYAS),EASTERN SAMAR,25-64,M,S,Y,A,5
2022,6,23,REGION VIII (EASTERN VISAYAS),EASTERN SAMAR,5-14,F,S,Y,A,6
2022,6,23,REGION VIII (EASTERN VISAYAS),EASTERN SAMAR,65+,F,S,Y,A,1
2022,6,23,REGION VIII (EASTERN VISAYAS),EASTERN SAMAR,65+,M,S,Y,A,1
2022,6,23,REGION VIII (EASTERN VISAYAS),LEYTE,25-64,F,S,Y,A,2
2022,6,23,REGION VIII (EASTERN VISAYAS),LEYTE,25-64,M,S,Y,A,4
2022,6,23,REGION VIII (EASTERN VISAYAS),LEYTE,5-14,M,S,Y,A,1
2022,6,23,REGION VIII (EASTERN VISAYAS),LEYTE,65+,F,S,Y,A,1
2022,6,23,REGION VIII (EASTERN VISAYAS),NORTHERN SAMAR,25-64,M,S,Y,A,1
2022,6,23,REGION VIII (EASTERN VISAYAS),SAMAR,15-24,F,S,Y,A,10
2022,6,23,REGION VIII (EASTERN VISAYAS),SAMAR,15-24,M,S,Y,A,5
2022,6,23,REGION VIII (EASTERN VISAYAS),SAMAR,25-64,F,S,Y,A,14
2022,6,23,REGION VIII (EASTERN VISAYAS),SAMAR,25-64,F,S,Y,D,1
2022,6,23,REGION VIII (EASTERN VISAYAS),SAMAR,25-64,M,S,Y,A,7
2022,6,23,REGION VIII (EASTERN VISAYAS),SAMAR,5-14,F,S,Y,A,4
2022,6,23,REGION VIII (EASTERN VISAYAS),SAMAR,5-14,M,S,Y,A,17
2022,6,23,REGION VIII (EASTERN VISAYAS),SAMAR,65+,F,S,Y,A,4
2022,6,23,REGION VIII (EASTERN VISAYAS),SAMAR,65+,M,S,Y,A,1
2022,6,23,REGION VIII (EASTERN VISAYAS),SOUTHERN LEYTE,15-24,F,S,Y,A,3
2022,6,23,REGION VIII (EASTERN VISAYAS),SOUTHERN LEYTE,15-24,M,S,Y,A,1
2022,6,23,REGION VIII (EASTERN VISAYAS),SOUTHERN LEYTE,25-64,F,S,Y,A,3
2022,6,23,REGION VIII (EASTERN VISAYAS),SOUTHERN LEYTE,25-64,M,S,Y,A,2
2022,6,23,REGION VIII (EASTERN VISAYAS),SOUTHERN LEYTE,5-14,F,S,Y,A,1
2022,6,23,REGION VIII (EASTERN VISAYAS),SOUTHERN LEYTE,5-14,M,S,Y,A,1
2022,6,24,REGION IX (ZAMBOANGA PENINSULA),CITY OF ZAMBOANGA,25-64,M,S,Y,A,1
2022,6,24,REGION IX (ZAMBOANGA PENINSULA),CITY OF ZAMBOANGA,5-14,F,S,Y,A,1
2022,6,24,REGION V (BICOL REGION),CAMARINES SUR,15-24,F,S,Y,A,1
2022,6,24,REGION V (BICOL REGION),CATANDUANES,15-24,M,S,Y,A,1
2022,6,24,REGION V (BICOL REGION),CATANDUANES,25-64,M,S,Y,A,1
2022,6,24,REGION VIII (EASTERN VISAYAS),BILIRAN,25-64,F,S,Y,A,3
2022,6,24,REGION VIII (EASTERN VISAYAS),BILIRAN,25-64,M,S,Y,A,1
2022,6,24,REGION VIII (EASTERN VISAYAS),BILIRAN,5-14,F,S,Y,A,1
2022,6,24,REGION VIII (EASTERN VISAYAS),CITY OF TACLOBAN,5-14,F,S,Y,A,1
2022,6,24,REGION VIII (EASTERN VISAYAS),EASTERN SAMAR,15-24,F,S,Y,A,1
2022,6,24,REGION VIII (EASTERN VISAYAS),EASTERN SAMAR,25-64,F,S,Y,A,4
2022,6,24,REGION VIII (EASTERN VISAYAS),EASTERN SAMAR,25-64,M,S,Y,A,5
2022,6,24,REGION VIII (EASTERN VISAYAS),EASTERN SAMAR,5-14,F,S,Y,A,2
2022,6,24,REGION VIII (EASTERN VISAYAS),EASTERN SAMAR,5-14,M,S,Y,A,5
2022,6,24,REGION VIII (EASTERN VISAYAS),EASTERN SAMAR,65+,F,S,Y,A,1
2022,6,24,REGION VIII (EASTERN VISAYAS),EASTERN SAMAR,65+,M,S,Y,A,1
2022,6,24,REGION VIII (EASTERN VISAYAS),LEYTE,15-24,F,S,Y,A,2
2022,6,24,REGION VIII (EASTERN VISAYAS),LEYTE,15-24,M,S,Y,A,1
2022,6,24,REGION VIII (EASTERN VISAYAS),LEYTE,25-64,F,S,Y,A,2
2022,6,24,REGION VIII (EASTERN VISAYAS),LEYTE,25-64,M,S,Y,A,2
2022,6,24,REGION VIII (EASTERN VISAYAS),LEYTE,5-14,F,S,Y,A,2
2022,6,24,REGION VIII (EASTERN VISAYAS),LEYTE,5-14,M,S,Y,A,3
2022,6,24,REGION VIII (EASTERN VISAYAS),LEYTE,65+,F,S,Y,A,1
2022,6,24,REGION VIII (EASTERN VISAYAS),LEYTE,65+,M,S,Y,A,2
2022,6,24,REGION VIII (EASTERN VISAYAS),NORTHERN SAMAR,25-64,M,S,Y,A,1
2022,6,24,REGION VIII (EASTERN VISAYAS),SAMAR,15-24,F,S,Y,A,10
2022,6,24,REGION VIII (EASTERN VISAYAS),SAMAR,15-24,M,S,Y,A,4
2022,6,24,REGION VIII (EASTERN VISAYAS),SAMAR,25-64,F,S,Y,A,15
2022,6,24,REGION VIII (EASTERN VISAYAS),SAMAR,25-64,M,S,Y,A,15
2022,6,24,REGION VIII (EASTERN VISAYAS),SAMAR,5-14,F,S,Y,A,9
2022,6,24,REGION VIII (EASTERN VISAYAS),SAMAR,5-14,M,S,Y,A,14
2022,6,24,REGION VIII (EASTERN VISAYAS),SAMAR,65+,F,S,Y,A,4
2022,6,24,REGION VIII (EASTERN VISAYAS),SAMAR,65+,M,S,Y,A,3
2022,6,24,REGION VIII (EASTERN VISAYAS),SAMAR,65+,M,S,Y,D,1
2022,6,24,REGION VIII (EASTERN VISAYAS),SOUTHERN LEYTE,25-64,F,S,Y,A,1
2022,6,24,REGION VIII (EASTERN VISAYAS),SOUTHERN LEYTE,25-64,M,S,Y,A,1
2022,6,24,REGION VIII (EASTERN VISAYAS),SOUTHERN LEYTE,5-14,F,S,Y,A,1
2022,6,24,REGION VIII (EASTERN VISAYAS),SOUTHERN LEYTE,5-14,M,S,Y,A,3
2022,6,25,REGION V (BICOL REGION),CATANDUANES,5-14,M,S,Y,A,1
2022,6,25,REGION V (BICOL REGION),MASBATE,25-64,F,S,Y,A,1
2022,6,25,REGION VIII (EASTERN VISAYAS),BILIRAN,15-24,M,S,Y,A,2
2022,6,25,REGION VIII (EASTERN VISAYAS),BILIRAN,25-64,F,S,Y,A,3
2022,6,25,REGION VIII (EASTERN VISAYAS),BILIRAN,65+,F,S,Y,A,1
2022,6,25,REGION VIII (EASTERN VISAYAS),CITY OF TACLOBAN,25-64,F,S,Y,A,1
2022,6,25,REGION VIII (EASTERN VISAYAS),CITY OF TACLOBAN,5-14,M,S,Y,A,2
2022,6,25,REGION VIII (EASTERN VISAYAS),EASTERN SAMAR,15-24,F,S,Y,A,2
2022,6,25,REGION VIII (EASTERN VISAYAS),EASTERN SAMAR,25-64,F,S,Y,A,4
2022,6,25,REGION VIII (EASTERN VISAYAS),EASTERN SAMAR,25-64,M,S,Y,A,2
2022,6,25,REGION VIII (EASTERN VISAYAS),EASTERN SAMAR,5-14,F,S,Y,A,1
2022,6,25,REGION VIII (EASTERN VISAYAS),EASTERN SAMAR,5-14,M,S,Y,A,3
2022,6,25,REGION VIII (EASTERN VISAYAS),EASTERN SAMAR,65+,F,S,Y,A,1
2022,6,25,REGION VIII (EASTERN VISAYAS),EASTERN SAMAR,65+,M,S,Y,A,1
2022,6,25,REGION VIII (EASTERN VISAYAS),LEYTE,15-24,F,S,Y,A,3
2022,6,25,REGION VIII (EASTERN VISAYAS),LEYTE,15-24,M,S,Y,A,1
2022,6,25,REGION VIII (EASTERN VISAYAS),LEYTE,25-64,F,S,Y,A,4
2022,6,25,REGION VIII (EASTERN VISAYAS),LEYTE,25-64,M,S,Y,A,2
2022,6,25,REGION VIII (EASTERN VISAYAS),LEYTE,5-14,F,S,Y,A,2
2022,6,25,REGION VIII (EASTERN VISAYAS),LEYTE,5-14,M,S,Y,A,2
2022,6,25,REGION VIII (EASTERN VISAYAS),LEYTE,65+,F,S,Y,A,1
2022,6,25,REGION VIII (EASTERN VISAYAS),LEYTE,65+,M,S,Y,A,1
2022,6,25,REGION VIII (EASTERN VISAYAS),NORTHERN SAMAR,5-14,F,S,Y,A,1
2022,6,25,REGION VIII (EASTERN VISAYAS),SAMAR,15-24,F,S,Y,A,11
2022,6,25,REGION VIII (EASTERN VISAYAS),SAMAR,15-24,M,S,Y,A,10
2022,6,25,REGION VIII (EASTERN VISAYAS),SAMAR,25-64,F,S,Y,A,12
2022,6,25,REGION VIII (EASTERN VISAYAS),SAMAR,25-64,M,S,Y,A,11
2022,6,25,REGION VIII (EASTERN VISAYAS),SAMAR,5-14,F,S,Y,A,8
2022,6,25,REGION VIII (EASTERN VISAYAS),SAMAR,5-14,M,S,Y,A,15
2022,6,25,REGION VIII (EASTERN VISAYAS),SAMAR,65+,F,S,Y,A,1
2022,6,25,REGION VIII (EASTERN VISAYAS),SAMAR,65+,M,S,Y,A,2
2022,6,25,REGION VIII (EASTERN VISAYAS),SOUTHERN LEYTE,25-64,F,S,Y,A,2
2022,6,25,REGION VIII (EASTERN VISAYAS),SOUTHERN LEYTE,65+,F,S,Y,A,1
2022,6,25,REGION VIII (EASTERN VISAYAS),SOUTHERN LEYTE,65+,M,S,Y,A,1
2022,6,26,REGION V (BICOL REGION),CAMARINES SUR,5-14,M,S,Y,A,1
2022,6,26,REGION V (BICOL REGION),CATANDUANES,15-24,F,S,Y,A,2
2022,6,26,REGION V (BICOL REGION),CATANDUANES,25-64,F,S,Y,A,1
2022,6,26,REGION VII (CENTRAL VISAYAS),CEBU,5-14,F,S,Y,A,1
2022,6,26,REGION VIII (EASTERN VISAYAS),BILIRAN,15-24,F,S,Y,A,1
2022,6,26,REGION VIII (EASTERN VISAYAS),BILIRAN,25-64,F,S,Y,A,4
2022,6,26,REGION VIII (EASTERN VISAYAS),EASTERN SAMAR,15-24,M,S,Y,A,1
2022,6,26,REGION VIII (EASTERN VISAYAS),EASTERN SAMAR,25-64,F,S,Y,A,4
2022,6,26,REGION VIII (EASTERN VISAYAS),EASTERN SAMAR,5-14,F,S,Y,A,1
2022,6,26,REGION VIII (EASTERN VISAYAS),EASTERN SAMAR,65+,F,S,Y,A,1
2022,6,26,REGION VIII (EASTERN VISAYAS),LEYTE,25-64,F,S,Y,A,2
2022,6,26,REGION VIII (EASTERN VISAYAS),LEYTE,25-64,M,S,Y,A,2
2022,6,26,REGION VIII (EASTERN VISAYAS),LEYTE,5-14,F,S,Y,A,1
2022,6,26,REGION VIII (EASTERN VISAYAS),LEYTE,5-14,M,S,Y,A,1
2022,6,26,REGION VIII (EASTERN VISAYAS),LEYTE,65+,F,S,Y,A,1
2022,6,26,REGION VIII (EASTERN VISAYAS),LEYTE,65+,M,S,Y,A,1
2022,6,26,REGION VIII (EASTERN VISAYAS),NORTHERN SAMAR,5-14,M,S,Y,A,1
2022,6,26,REGION VIII (EASTERN VISAYAS),SAMAR,15-24,F,S,Y,A,8
2022,6,26,REGION VIII (EASTERN VISAYAS),SAMAR,15-24,M,S,Y,A,3
2022,6,26,REGION VIII (EASTERN VISAYAS),SAMAR,25-64,F,S,Y,A,13
2022,6,26,REGION VIII (EASTERN VISAYAS),SAMAR,25-64,M,S,Y,A,11
2022,6,26,REGION VIII (EASTERN VISAYAS),SAMAR,5-14,F,S,Y,A,7
2022,6,26,REGION VIII (EASTERN VISAYAS),SAMAR,5-14,M,S,Y,A,9
2022,6,26,REGION VIII (EASTERN VISAYAS),SAMAR,65+,F,S,Y,A,6
2022,6,26,REGION VIII (EASTERN VISAYAS),SAMAR,65+,M,S,Y,A,3
2022,6,26,REGION VIII (EASTERN VISAYAS),SOUTHERN LEYTE,15-24,F,S,Y,A,1
2022,6,26,REGION VIII (EASTERN VISAYAS),SOUTHERN LEYTE,15-24,M,S,Y,A,1
2022,6,26,REGION VIII (EASTERN VISAYAS),SOUTHERN LEYTE,25-64,F,S,Y,A,1
2022,6,26,REGION VIII (EASTERN VISAYAS),SOUTHERN LEYTE,5-14,F,S,Y,A,2
2022,6,26,REGION XIII (CARAGA),SURIGAO DEL NORTE,5-14,M,S,Y,A,1
2022,7,26,REGION V (BICOL REGION),CATANDUANES,15-24,M,S,Y,A,1
2022,7,26,REGION V (BICOL REGION),CATANDUANES,25-64,F,S,Y,A,1
2022,7,26,REGION V (BICOL REGION),CATANDUANES,65+,F,S,Y,A,1
2022,7,26,REGION VIII (EASTERN VISAYAS),BILIRAN,15-24,M,S,Y,A,1
2022,7,26,REGION VIII (EASTERN VISAYAS),BILIRAN,5-14,M,S,Y,A,1
2022,7,26,REGION VIII (EASTERN VISAYAS),CITY OF TACLOBAN,5-14,F,S,Y,A,1
2022,7,26,REGION VIII (EASTERN VISAYAS),EASTERN SAMAR,15-24,F,S,Y,A,1
2022,7,26,REGION VIII (EASTERN VISAYAS),EASTERN SAMAR,25-64,F,S,Y,A,1
2022,7,26,REGION VIII (EASTERN VISAYAS),EASTERN SAMAR,25-64,M,S,Y,A,1
2022,7,26,REGION VIII (EASTERN VISAYAS),EASTERN SAMAR,5-14,F,S,Y,A,2
2022,7,26,REGION VIII (EASTERN VISAYAS),EASTERN SAMAR,5-14,M,S,Y,A,2
2022,7,26,REGION VIII (EASTERN VISAYAS),EASTERN SAMAR,65+,M,S,Y,A,1
2022,7,26,REGION VIII (EASTERN VISAYAS),LEYTE,15-24,F,S,Y,A,1
2022,7,26,REGION VIII (EASTERN VISAYAS),LEYTE,25-64,F,S,Y,A,1
2022,7,26,REGION VIII (EASTERN VISAYAS),LEYTE,25-64,M,S,Y,A,2
2022,7,26,REGION VIII (EASTERN VISAYAS),LEYTE,65+,F,S,Y,A,1
2022,7,26,REGION VIII (EASTERN VISAYAS),SAMAR,15-24,F,S,Y,A,6
2022,7,26,REGION VIII (EASTERN VISAYAS),SAMAR,15-24,M,S,Y,A,1
2022,7,26,REGION VIII (EASTERN VISAYAS),SAMAR,25-64,F,S,Y,A,6
2022,7,26,REGION VIII (EASTERN VISAYAS),SAMAR,25-64,M,S,Y,A,3
2022,7,26,REGION VIII (EASTERN VISAYAS),SAMAR,5-14,F,S,Y,A,4
2022,7,26,REGION VIII (EASTERN VISAYAS),SAMAR,5-14,M,S,Y,A,4
2022,7,26,REGION VIII (EASTERN VISAYAS),SAMAR,65+,F,S,Y,A,2
2022,7,26,REGION VIII (EASTERN VISAYAS),SAMAR,65+,M,S,Y,A,1
2022,7,26,REGION VIII (EASTERN VISAYAS),SOUTHERN LEYTE,65+,F,S,Y,A,1
2022,7,26,REGION VIII (EASTERN VISAYAS),SOUTHERN LEYTE,65+,M,S,Y,A,1
2022,7,27,NATIONAL CAPITAL REGION (NCR),CITY OF MANILA,5-14,F,S,Y,D,1
2022,7,27,REGION IX (ZAMBOANGA PENINSULA),CITY OF ZAMBOANGA,15-24,M,S,Y,A,1
2022,7,27,REGION V (BICOL REGION),CAMARINES SUR,5-14,F,S,Y,A,1
2022,7,27,REGION V (BICOL REGION),CAMARINES SUR,65+,F,S,Y,A,1
2022,7,27,REGION V (BICOL REGION),CAMARINES SUR,65+,M,S,Y,A,1
2022,7,27,REGION V (BICOL REGION),CATANDUANES,5-14,F,S,Y,A,1
2022,7,27,REGION V (BICOL REGION),CATANDUANES,5-14,M,S,Y,A,1
2022,7,27,REGION VIII (EASTERN VISAYAS),BILIRAN,15-24,M,S,Y,A,1
2022,7,27,REGION VIII (EASTERN VISAYAS),BILIRAN,25-64,F,S,Y,A,4
2022,7,27,REGION VIII (EASTERN VISAYAS),BILIRAN,25-64,M,S,Y,A,3
2022,7,27,REGION VIII (EASTERN VISAYAS),BILIRAN,5-14,F,S,Y,A,2
2022,7,27,REGION VIII (EASTERN VISAYAS),BILIRAN,65+,F,S,Y,A,1
2022,7,27,REGION VIII (EASTERN VISAYAS),EASTERN SAMAR,15-24,F,S,Y,A,2
2022,7,27,REGION VIII (EASTERN VISAYAS),EASTERN SAMAR,15-24,M,S,Y,A,1
2022,7,27,REGION VIII (EASTERN VISAYAS),EASTERN SAMAR,25-64,F,S,Y,A,6
2022,7,27,REGION VIII (EASTERN VISAYAS),EASTERN SAMAR,25-64,M,S,Y,A,2
2022,7,27,REGION VIII (EASTERN VISAYAS),EASTERN SAMAR,5-14,F,S,Y,A,2
2022,7,27,REGION VIII (EASTERN VISAYAS),EASTERN SAMAR,5-14,M,S,Y,A,2
2022,7,27,REGION VIII (EASTERN VISAYAS),EASTERN SAMAR,65+,F,S,Y,A,1
2022,7,27,REGION VIII (EASTERN VISAYAS),LEYTE,15-24,F,S,Y,A,2
2022,7,27,REGION VIII (EASTERN VISAYAS),LEYTE,15-24,M,S,Y,A,2
2022,7,27,REGION VIII (EASTERN VISAYAS),LEYTE,25-64,F,S,Y,A,2
2022,7,27,REGION VIII (EASTERN VISAYAS),LEYTE,25-64,M,S,Y,A,6
2022,7,27,REGION VIII (EASTERN VISAYAS),LEYTE,5-14,F,S,Y,A,2
2022,7,27,REGION VIII (EASTERN VISAYAS),LEYTE,5-14,M,S,Y,A,1
2022,7,27,REGION VIII (EASTERN VISAYAS),LEYTE,65+,F,S,Y,A,2
2022,7,27,REGION VIII (EASTERN VISAYAS),LEYTE,65+,M,S,Y,A,1
2022,7,27,REGION VIII (EASTERN VISAYAS),NORTHERN SAMAR,25-64,F,S,Y,A,2
2022,7,27,REGION VIII (EASTERN VISAYAS),NORTHERN SAMAR,5-14,M,S,Y,A,1
2022,7,27,REGION VIII (EASTERN VISAYAS),SAMAR,15-24,F,S,Y,A,20
2022,7,27,REGION VIII (EASTERN VISAYAS),SAMAR,15-24,M,S,Y,A,12
2022,7,27,REGION VIII (EASTERN VISAYAS),SAMAR,25-64,F,S,Y,A,21
2022,7,27,REGION VIII (EASTERN VISAYAS),SAMAR,25-64,M,S,Y,A,12
2022,7,27,REGION VIII (EASTERN VISAYAS),SAMAR,5-14,F,S,Y,A,17
2022,7,27,REGION VIII (EASTERN VISAYAS),SAMAR,5-14,M,S,Y,A,17
2022,7,27,REGION VIII (EASTERN VISAYAS),SAMAR,65+,F,S,Y,A,5
2022,7,27,REGION VIII (EASTERN VISAYAS),SAMAR,65+,M,S,Y,A,3
2022,7,27,REGION VIII (EASTERN VISAYAS),SOUTHERN LEYTE,15-24,F,S,Y,A,2
2022,7,27,REGION VIII (EASTERN VISAYAS),SOUTHERN LEYTE,25-64,M,S,Y,A,2
2022,7,27,REGION VIII (EASTERN VISAYAS),SOUTHERN LEYTE,5-14,M,S,Y,A,1
2022,7,27,REGION XIII (CARAGA),CITY OF BUTUAN,5-14,F,S,Y,A,1
2022,7,27,REGION XIII (CARAGA),CITY OF BUTUAN,5-14,M,S,Y,A,1
2022,7,28,REGION IX (ZAMBOANGA PENINSULA),CITY OF ZAMBOANGA,5-14,F,S,Y,A,2
2022,7,28,REGION V (BICOL REGION),CAMARINES SUR,25-64,F,S,Y,A,1
2022,7,28,REGION V (BICOL REGION),CATANDUANES,5-14,F,S,Y,A,1
2022,7,28,REGION VIII (EASTERN VISAYAS),BILIRAN,15-24,F,S,Y,A,4
2022,7,28,REGION VIII (EASTERN VISAYAS),BILIRAN,15-24,M,S,Y,A,2
2022,7,28,REGION VIII (EASTERN VISAYAS),BILIRAN,25-64,F,S,Y,A,7
2022,7,28,REGION VIII (EASTERN VISAYAS),BILIRAN,25-64,M,S,Y,A,6
2022,7,28,REGION VIII (EASTERN VISAYAS),BILIRAN,5-14,M,S,Y,A,1
2022,7,28,REGION VIII (EASTERN VISAYAS),BILIRAN,65+,F,S,Y,A,1
2022,7,28,REGION VIII (EASTERN VISAYAS),EASTERN SAMAR,15-24,F,S,Y,A,1
2022,7,28,REGION VIII (EASTERN VISAYAS),EASTERN SAMAR,15-24,M,S,Y,A,1
2022,7,28,REGION VIII (EASTERN VISAYAS),EASTERN SAMAR,25-64,F,S,Y,A,3
2022,7,28,REGION VIII (EASTERN VISAYAS),EASTERN SAMAR,25-64,M,S,Y,A,2
2022,7,28,REGION VIII (EASTERN VISAYAS),EASTERN SAMAR,5-14,F,S,Y,A,1
2022,7,28,REGION VIII (EASTERN VISAYAS),EASTERN SAMAR,5-14,M,S,Y,A,3
2022,7,28,REGION VIII (EASTERN VISAYAS),EASTERN SAMAR,65+,F,S,Y,A,1
2022,7,28,REGION VIII (EASTERN VISAYAS),EASTERN SAMAR,65+,M,S,Y,A,1
2022,7,28,REGION VIII (EASTERN VISAYAS),LEYTE,15-24,F,S,Y,A,6
2022,7,28,REGION VIII (EASTERN VISAYAS),LEYTE,15-24,M,S,Y,A,1
2022,7,28,REGION VIII (EASTERN VISAYAS),LEYTE,25-64,F,S,Y,A,2
2022,7,28,REGION VIII (EASTERN VISAYAS),LEYTE,25-64,M,S,Y,A,4
2022,7,28,REGION VIII (EASTERN VISAYAS),LEYTE,5-14,M,S,Y,A,2
2022,7,28,REGION VIII (EASTERN VISAYAS),LEYTE,65+,F,S,Y,A,2
2022,7,28,REGION VIII (EASTERN VISAYAS),LEYTE,65+,M,S,Y,A,1
2022,7,28,REGION VIII (EASTERN VISAYAS),NORTHERN SAMAR,5-14,M,S,Y,A,1
2022,7,28,REGION VIII (EASTERN VISAYAS),SAMAR,15-24,F,S,Y,A,4
2022,7,28,REGION VIII (EASTERN VISAYAS),SAMAR,15-24,M,S,Y,A,2
2022,7,28,REGION VIII (EASTERN VISAYAS),SAMAR,25-64,F,C,Y,A,1
2022,7,28,REGION VIII (EASTERN VISAYAS),SAMAR,25-64,F,S,Y,A,14
2022,7,28,REGION VIII (EASTERN VISAYAS),SAMAR,25-64,M,C,Y,A,1
2022,7,28,REGION VIII (EASTERN VISAYAS),SAMAR,25-64,M,S,Y,A,7
2022,7,28,REGION VIII (EASTERN VISAYAS),SAMAR,25-64,M,S,Y,D,1
2022,7,28,REGION VIII (EASTERN VISAYAS),SAMAR,5-14,F,S,Y,A,5
2022,7,28,REGION VIII (EASTERN VISAYAS),SAMAR,5-14,M,S,Y,A,11
2022,7,28,REGION VIII (EASTERN VISAYAS),SAMAR,65+,F,S,Y,A,4
2022,7,28,REGION VIII (EASTERN VISAYAS),SAMAR,65+,M,S,Y,A,2
2022,7,28,REGION VIII (EASTERN VISAYAS),SOUTHERN LEYTE,15-24,M,S,Y,A,1
2022,7,28,REGION VIII (EASTERN VISAYAS),SOUTHERN LEYTE,25-64,F,S,Y,A,1
2022,7,28,REGION VIII (EASTERN VISAYAS),SOUTHERN LEYTE,25-64,M,S,Y,A,1
2022,7,28,REGION XI (DAVAO REGION),CITY OF DAVAO,15-24,F,C,Y,A,1
2022,7,28,REGION XI (DAVAO REGION),CITY OF DAVAO,15-24,F,S,Y,A,31
2022,7,28,REGION XI (DAVAO REGION),CITY OF DAVAO,15-24,M,S,Y,A,12
2022,7,28,REGION XI (DAVAO REGION),CITY OF DAVAO,15-24,M,S,Y,D,1
2022,7,28,REGION XI (DAVAO REGION),CITY OF DAVAO,25-64,F,S,Y,A,33
2022,7,28,REGION XI (DAVAO REGION),CITY OF DAVAO,25-64,M,C,Y,A,1
2022,7,28,REGION XI (DAVAO REGION),CITY OF DAVAO,25-64,M,S,Y,A,19
2022,7,28,REGION XI (DAVAO REGION),CITY OF DAVAO,25-64,M,S,Y,D,3
2022,7,28,REGION XI (DAVAO REGION),CITY OF DAVAO,5-14,F,S,Y,A,11
2022,7,28,REGION XI (DAVAO REGION),CITY OF DAVAO,5-14,M,S,Y,A,10
2022,7,28,REGION XI (DAVAO REGION),CITY OF DAVAO,5-14,M,S,Y,D,1
2022,7,28,REGION XI (DAVAO REGION),CITY OF DAVAO,65+,F,S,Y,A,1
2022,7,28,REGION XIII (CARAGA),CITY OF BUTUAN,5-14,M,S,Y,A,1
2022,7,28,REGION XIII (CARAGA),SURIGAO DEL SUR,25-64,M,S,Y,A,1
2022,7,28,REGION XIII (CARAGA),SURIGAO DEL SUR,5-14,M,S,Y,A,1
2022,7,29,MIMAROPA REGION,PALAWAN,15-24,M,S,Y,A,1
2022,7,29,MIMAROPA REGION,PALAWAN,25-64,F,S,Y,D,1
2022,7,29,NATIONAL CAPITAL REGION (NCR),CITY OF MUNTINLUPA,25-64,F,S,Y,A,1
2022,7,29,REGION III (CENTRAL LUZON),CITY OF OLONGAPO,25-64,F,S,Y,A,1
2022,7,29,REGION III (CENTRAL LUZON),CITY OF OLONGAPO,25-64,M,C,Y,A,1
2022,7,29,REGION III (CENTRAL LUZON),ZAMBALES,15-24,F,S,Y,A,1
2022,7,29,REGION IX (ZAMBOANGA PENINSULA),CITY OF ZAMBOANGA,25-64,F,S,Y,A,1
2022,7,29,REGION V (BICOL REGION),CAMARINES SUR,15-24,F,S,Y,A,1
2022,7,29,REGION V (BICOL REGION),CAMARINES SUR,25-64,F,S,Y,A,1
2022,7,29,REGION V (BICOL REGION),CAMARINES SUR,65+,F,S,Y,A,1
2022,7,29,REGION V (BICOL REGION),CATANDUANES,5-14,F,S,Y,A,1
2022,7,29,REGION VIII (EASTERN VISAYAS),BILIRAN,15-24,M,S,Y,A,6
2022,7,29,REGION VIII (EASTERN VISAYAS),BILIRAN,25-64,F,S,Y,A,6
2022,7,29,REGION VIII (EASTERN VISAYAS),BILIRAN,25-64,M,S,Y,A,4
2022,7,29,REGION VIII (EASTERN VISAYAS),BILIRAN,5-14,F,S,Y,A,1
2022,7,29,REGION VIII (EASTERN VISAYAS),BILIRAN,5-14,M,S,Y,A,3
2022,7,29,REGION VIII (EASTERN VISAYAS),BILIRAN,65+,F,S,Y,A,1
2022,7,29,REGION VIII (EASTERN VISAYAS),CITY OF TACLOBAN,15-24,F,S,Y,A,1
2022,7,29,REGION VIII (EASTERN VISAYAS),CITY OF TACLOBAN,25-64,F,S,Y,A,1
2022,7,29,REGION VIII (EASTERN VISAYAS),CITY OF TACLOBAN,65+,F,S,Y,A,2
2022,7,29,REGION VIII (EASTERN VISAYAS),EASTERN SAMAR,15-24,F,S,Y,A,2
2022,7,29,REGION VIII (EASTERN VISAYAS),EASTERN SAMAR,25-64,F,S,Y,A,4
2022,7,29,REGION VIII (EASTERN VISAYAS),EASTERN SAMAR,25-64,M,S,Y,A,2
2022,7,29,REGION VIII (EASTERN VISAYAS),EASTERN SAMAR,5-14,M,S,Y,A,1
2022,7,29,REGION VIII (EASTERN VISAYAS),EASTERN SAMAR,65+,M,S,Y,A,2
2022,7,29,REGION VIII (EASTERN VISAYAS),LEYTE,25-64,F,S,Y,A,6
2022,7,29,REGION VIII (EASTERN VISAYAS),LEYTE,25-64,M,S,Y,A,3
2022,7,29,REGION VIII (EASTERN VISAYAS),LEYTE,5-14,M,S,Y,A,3
2022,7,29,REGION VIII (EASTERN VISAYAS),NORTHERN SAMAR,5-14,F,S,Y,A,1
2022,7,29,REGION VIII (EASTERN VISAYAS),SAMAR,0-4,F,C,Y,A,1
2022,7,29,REGION VIII (EASTERN VISAYAS),SAMAR,15-24,F,S,Y,A,6
2022,7,29,REGION VIII (EASTERN VISAYAS),SAMAR,15-24,M,S,Y,A,2
2022,7,29,REGION VIII (EASTERN VISAYAS),SAMAR,25-64,F,S,Y,A,14
2022,7,29,REGION VIII (EASTERN VISAYAS),SAMAR,25-64,M,S,Y,A,10
2022,7,29,REGION VIII (EASTERN VISAYAS),SAMAR,5-14,F,S,Y,A,5
2022,7,29,REGION VIII (EASTERN VISAYAS),SAMAR,5-14,M,C,Y,A,1
2022,7,29,REGION VIII (EASTERN VISAYAS),SAMAR,5-14,M,S,Y,A,14
2022,7,29,REGION VIII (EASTERN VISAYAS),SAMAR,65+,F,S,Y,A,5
2022,7,29,REGION VIII (EASTERN VISAYAS),SAMAR,65+,M,S,Y,A,3
2022,7,29,REGION VIII (EASTERN VISAYAS),SOUTHERN LEYTE,25-64,F,S,Y,A,2
2022,7,29,REGION VIII (EASTERN VISAYAS),SOUTHERN LEYTE,5-14,F,S,Y,A,1
2022,7,29,REGION VIII (EASTERN VISAYAS),SOUTHERN LEYTE,5-14,M,S,Y,A,3
2022,7,29,REGION VIII (EASTERN VISAYAS),SOUTHERN LEYTE,65+,F,S,Y,A,1
2022,7,29,REGION XI (DAVAO REGION),CITY OF DAVAO,15-24,F,S,Y,A,6
2022,7,29,REGION XI (DAVAO REGION),CITY OF DAVAO,15-24,M,S,Y,A,5
2022,7,29,REGION XI (DAVAO REGION),CITY OF DAVAO,25-64,F,C,Y,A,1
2022,7,29,REGION XI (DAVAO REGION),CITY OF DAVAO,25-64,F,S,Y,A,14
2022,7,29,REGION XI (DAVAO REGION),CITY OF DAVAO,25-64,M,C,Y,A,1
2022,7,29,REGION XI (DAVAO REGION),CITY OF DAVAO,25-64,M,S,Y,A,10
2022,7,29,REGION XI (DAVAO REGION),CITY OF DAVAO,5-14,F,S,Y,A,3
2022,7,29,REGION XI (DAVAO REGION),CITY OF DAVAO,5-14,M,S,Y,A,5
2022,7,29,REGION XI (DAVAO REGION),CITY OF DAVAO,65+,F,S,Y,A,1
2022,7,29,REGION XI (DAVAO REGION),CITY OF DAVAO,65+,F,S,Y,D,1
2022,7,29,REGION XI (DAVAO REGION),CITY OF DAVAO,65+,M,S,Y,A,1
2022,7,29,REGION XI (DAVAO REGION),DAVAO ORIENTAL,25-64,M,C,Y,A,1
2022,7,29,REGION XIII (CARAGA),CITY OF BUTUAN,5-14,M,S,Y,A,2
2022,7,30,NATIONAL CAPITAL REGION (NCR),CITY OF MARIKINA,5-14,F,S,Y,A,1
2022,7,30,REGION III (CENTRAL LUZON),CITY OF OLONGAPO,25-64,F,S,Y,A,1
2022,7,30,REGION III (CENTRAL LUZON),CITY OF OLONGAPO,25-64,M,S,Y,A,1
2022,7,30,REGION III (CENTRAL LUZON),CITY OF OLONGAPO,25-64,M,S,Y,D,1
2022,7,30,REGION III (CENTRAL LUZON),CITY OF OLONGAPO,65+,F,S,Y,A,2
2022,7,30,REGION III (CENTRAL LUZON),PAMPANGA,15-24,F,C,Y,A,1
2022,7,30,REGION III (CENTRAL LUZON),ZAMBALES,15-24,F,S,Y,A,3
2022,7,30,REGION III (CENTRAL LUZON),ZAMBALES,15-24,M,S,Y,A,1
2022,7,30,REGION III (CENTRAL LUZON),ZAMBALES,25-64,F,S,Y,A,2
2022,7,30,REGION III (CENTRAL LUZON),ZAMBALES,25-64,M,S,Y,A,3
2022,7,30,REGION IV-A (CALABARZON),RIZAL,15-24,M,C,Y,A,1
2022,7,30,REGION V (BICOL REGION),CAMARINES SUR,15-24,M,S,Y,A,2
2022,7,30,REGION V (BICOL REGION),CATANDUANES,5-14,M,S,Y,A,1
2022,7,30,REGION V (BICOL REGION),CATANDUANES,65+,F,S,Y,A,1
2022,7,30,REGION VII (CENTRAL VISAYAS),CITY OF CEBU,25-64,M,C,Y,A,1
2022,7,30,REGION VIII (EASTERN VISAYAS),BILIRAN,15-24,F,S,Y,A,3
2022,7,30,REGION VIII (EASTERN VISAYAS),BILIRAN,15-24,M,S,Y,A,5
2022,7,30,REGION VIII (EASTERN VISAYAS),BILIRAN,25-64,F,S,Y,A,7
2022,7,30,REGION VIII (EASTERN VISAYAS),BILIRAN,25-64,M,S,Y,A,3
2022,7,30,REGION VIII (EASTERN VISAYAS),BILIRAN,5-14,M,S,Y,A,4
2022,7,30,REGION VIII (EASTERN VISAYAS),BILIRAN,65+,F,S,Y,A,3
2022,7,30,REGION VIII (EASTERN VISAYAS),CITY OF TACLOBAN,25-64,M,S,Y,A,1
2022,7,30,REGION VIII (EASTERN VISAYAS),CITY OF TACLOBAN,5-14,F,S,Y,A,2
2022,7,30,REGION VIII (EASTERN VISAYAS),CITY OF TACLOBAN,5-14,M,S,Y,A,1
2022,7,30,REGION VIII (EASTERN VISAYAS),EASTERN SAMAR,15-24,F,S,Y,A,2
2022,7,30,REGION VIII (EASTERN VISAYAS),EASTERN SAMAR,15-24,M,S,Y,A,3
2022,7,30,REGION VIII (EASTERN VISAYAS),EASTERN SAMAR,25-64,F,S,Y,A,5
2022,7,30,REGION VIII (EASTERN VISAYAS),EASTERN SAMAR,25-64,M,S,Y,A,3
2022,7,30,REGION VIII (EASTERN VISAYAS),EASTERN SAMAR,5-14,F,S,Y,A,1
2022,7,30,REGION VIII (EASTERN VISAYAS),EASTERN SAMAR,5-14,M,S,Y,A,5
2022,7,30,REGION VIII (EASTERN VISAYAS),EASTERN SAMAR,65+,F,S,Y,A,2
2022,7,30,REGION VIII (EASTERN VISAYAS),EASTERN SAMAR,65+,M,S,Y,A,2
2022,7,30,REGION VIII (EASTERN VISAYAS),LEYTE,15-24,F,S,Y,A,1
2022,7,30,REGION VIII (EASTERN VISAYAS),LEYTE,15-24,M,S,Y,A,1
2022,7,30,REGION VIII (EASTERN VISAYAS),LEYTE,25-64,F,S,Y,A,11
2022,7,30,REGION VIII (EASTERN VISAYAS),LEYTE,25-64,M,S,Y,A,2
2022,7,30,REGION VIII (EASTERN VISAYAS),LEYTE,5-14,F,S,Y,A,1
2022,7,30,REGION VIII (EASTERN VISAYAS),LEYTE,5-14,M,S,Y,A,5
2022,7,30,REGION VIII (EASTERN VISAYAS),LEYTE,65+,F,S,Y,A,3
2022,7,30,REGION VIII (EASTERN VISAYAS),LEYTE,65+,M,S,Y,A,2
2022,7,30,REGION VIII (EASTERN VISAYAS),NORTHERN SAMAR,25-64,F,S,Y,A,1
2022,7,30,REGION VIII (EASTERN VISAYAS),NORTHERN SAMAR,65+,F,S,Y,A,1
2022,7,30,REGION VIII (EASTERN VISAYAS),NORTHERN SAMAR,65+,M,S,Y,A,1
2022,7,30,REGION VIII (EASTERN VISAYAS),SAMAR,0-4,M,C,Y,A,1
2022,7,30,REGION VIII (EASTERN VISAYAS),SAMAR,15-24,F,S,Y,A,8
2022,7,30,REGION VIII (EASTERN VISAYAS),SAMAR,15-24,F,S,Y,D,1
2022,7,30,REGION VIII (EASTERN VISAYAS),SAMAR,15-24,M,S,Y,A,11
2022,7,30,REGION VIII (EASTERN VISAYAS),SAMAR,25-64,F,S,Y,A,15
2022,7,30,REGION VIII (EASTERN VISAYAS),SAMAR,25-64,F,S,Y,D,1
2022,7,30,REGION VIII (EASTERN VISAYAS),SAMAR,25-64,M,S,Y,A,26
2022,7,30,REGION VIII (EASTERN VISAYAS),SAMAR,5-14,F,S,Y,A,6
2022,7,30,REGION VIII (EASTERN VISAYAS),SAMAR,5-14,M,S,Y,A,17
2022,7,30,REGION VIII (EASTERN VISAYAS),SAMAR,65+,F,S,Y,A,5
2022,7,30,REGION VIII (EASTERN VISAYAS),SAMAR,65+,M,S,Y,A,3
2022,7,30,REGION VIII (EASTERN VISAYAS),SOUTHERN LEYTE,15-24,M,S,Y,A,1
2022,7,30,REGION VIII (EASTERN VISAYAS),SOUTHERN LEYTE,25-64,F,S,Y,A,4
2022,7,30,REGION VIII (EASTERN VISAYAS),SOUTHERN LEYTE,25-64,M,S,Y,A,2
2022,7,30,REGION VIII (EASTERN VISAYAS),SOUTHERN LEYTE,65+,M,S,Y,A,1
2022,7,30,REGION XI (DAVAO REGION),CITY OF DAVAO,15-24,F,S,Y,A,2
2022,7,30,REGION XI (DAVAO REGION),CITY OF DAVAO,15-24,M,S,Y,A,1
2022,7,30,REGION XI (DAVAO REGION),CITY OF DAVAO,25-64,F,S,Y,A,2
2022,7,30,REGION XI (DAVAO REGION),CITY OF DAVAO,25-64,M,S,Y,A,5
2022,7,30,REGION XI (DAVAO REGION),CITY OF DAVAO,5-14,F,S,Y,A,1
2022,7,30,REGION XI (DAVAO REGION),CITY OF DAVAO,5-14,M,S,Y,A,1
2022,7,30,REGION XIII (CARAGA),CITY OF BUTUAN,25-64,F,S,Y,A,1
2022,7,30,REGION XIII (CARAGA),CITY OF BUTUAN,65+,F,S,Y,A,1
2022,7,30,REGION XIII (CARAGA),CITY OF BUTUAN,65+,M,S,Y,A,1
2022,7,31,REGION III (CENTRAL LUZON),ZAMBALES,15-24,M,S,Y,A,1
2022,7,31,REGION VIII (EASTERN VISAYAS),BILIRAN,15-24,F,S,Y,A,3
2022,7,31,REGION VIII (EASTERN VISAYAS),BILIRAN,25-64,F,S,Y,A,1
2022,7,31,REGION VIII (EASTERN VISAYAS),LEYTE,25-64,F,S,Y,A,1
2022,7,31,REGION VIII (EASTERN VISAYAS),LEYTE,5-14,F,S,Y,A,2
2022,7,31,REGION VIII (EASTERN VISAYAS),SAMAR,25-64,F,S,Y,A,3
2022,7,31,REGION VIII (EASTERN VISAYAS),SAMAR,25-64,M,S,Y,A,4
2022,7,31,REGION VIII (EASTERN VISAYAS),SAMAR,5-14,F,S,Y,A,2
2022,7,31,REGION VIII (EASTERN VISAYAS),SAMAR,5-14,M,S,Y,A,1
2022,7,31,REGION VIII (EASTERN VISAYAS),SAMAR,65+,F,S,Y,A,2
2022,7,31,REGION XIII (CARAGA),CITY OF BUTUAN,5-14,M,S,Y,A,1
2022,8,31,MIMAROPA REGION,PALAWAN,25-64,M,S,Y,A,1
2022,8,31,NATIONAL CAPITAL REGION (NCR),CITY OF MANILA,25-64,M,S,Y,A,3
2022,8,31,NATIONAL CAPITAL REGION (NCR),CITY OF MUNTINLUPA,25-64,M,C,Y,A,2
2022,8,31,NATIONAL CAPITAL REGION (NCR),CITY OF MUNTINLUPA,65+,F,S,Y,A,1
2022,8,31,NATIONAL CAPITAL REGION (NCR),CITY OF NAVOTAS,65+,F,S,Y,A,1
2022,8,31,REGION III (CENTRAL LUZON),CITY OF OLONGAPO,15-24,F,S,Y,A,2
2022,8,31,REGION III (CENTRAL LUZON),CITY OF OLONGAPO,15-24,M,S,Y,A,2
2022,8,31,REGION III (CENTRAL LUZON),CITY OF OLONGAPO,25-64,F,S,Y,A,2
2022,8,31,REGION III (CENTRAL LUZON),CITY OF OLONGAPO,25-64,M,C,Y,A,1
2022,8,31,REGION III (CENTRAL LUZON),CITY OF OLONGAPO,25-64,M,S,Y,A,2
2022,8,31,REGION III (CENTRAL LUZON),PAMPANGA,15-24,M,S,Y,A,2
2022,8,31,REGION III (CENTRAL LUZON),PAMPANGA,5-14,F,C,Y,A,1
2022,8,31,REGION III (CENTRAL LUZON),PAMPANGA,5-14,M,C,Y,D,1
2022,8,31,REGION III (CENTRAL LUZON),ZAMBALES,15-24,M,S,Y,A,2
2022,8,31,REGION III (CENTRAL LUZON),ZAMBALES,25-64,F,S,Y,A,4
2022,8,31,REGION III (CENTRAL LUZON),ZAMBALES,25-64,M,S,Y,A,6
2022,8,31,REGION III (CENTRAL LUZON),ZAMBALES,5-14,F,S,Y,A,2
2022,8,31,REGION III (CENTRAL LUZON),ZAMBALES,5-14,M,S,Y,A,2
2022,8,31,REGION III (CENTRAL LUZON),ZAMBALES,65+,M,S,Y,A,1
2022,8,31,REGION V (BICOL REGION),CATANDUANES,25-64,M,S,Y,A,2
2022,8,31,REGION VI (WESTERN VISAYAS),CITY OF ILOILO,25-64,F,C,Y,A,1
2022,8,31,REGION VI (WESTERN VISAYAS),CITY OF ILOILO,25-64,M,C,Y,A,1
2022,8,31,REGION VIII (EASTERN VISAYAS),BILIRAN,15-24,F,S,Y,A,3
2022,8,31,REGION VIII (EASTERN VISAYAS),BILIRAN,15-24,M,S,Y,A,1
2022,8,31,REGION VIII (EASTERN VISAYAS),BILIRAN,25-64,F,S,Y,A,1
2022,8,31,REGION VIII (EASTERN VISAYAS),BILIRAN,5-14,F,S,Y,A,2
2022,8,31,REGION VIII (EASTERN VISAYAS),BILIRAN,5-14,M,S,Y,A,4
2022,8,31,REGION VIII (EASTERN VISAYAS),CITY OF TACLOBAN,25-64,F,S,Y,A,2
2022,8,31,REGION VIII (EASTERN VISAYAS),CITY OF TACLOBAN,5-14,M,S,Y,A,1
2022,8,31,REGION VIII (EASTERN VISAYAS),EASTERN SAMAR,15-24,M,S,Y,A,1
2022,8,31,REGION VIII (EASTERN VISAYAS),EASTERN SAMAR,25-64,F,S,Y,A,2
2022,8,31,REGION VIII (EASTERN VISAYAS),EASTERN SAMAR,5-14,F,S,Y,A,2
2022,8,31,REGION VIII (EASTERN VISAYAS),EASTERN SAMAR,5-14,M,S,Y,A,2
2022,8,31,REGION VIII (EASTERN VISAYAS),LEYTE,15-24,F,S,Y,A,1
2022,8,31,REGION VIII (EASTERN VISAYAS),LEYTE,25-64,F,S,Y,A,5
2022,8,31,REGION VIII (EASTERN VISAYAS),LEYTE,25-64,M,S,Y,A,3
2022,8,31,REGION VIII (EASTERN VISAYAS),LEYTE,5-14,M,S,Y,A,4
2022,8,31,REGION VIII (EASTERN VISAYAS),LEYTE,65+,F,S,Y,A,2
2022,8,31,REGION VIII (EASTERN VISAYAS),LEYTE,65+,M,S,Y,A,1
2022,8,31,REGION VIII (EASTERN VISAYAS),NORTHERN SAMAR,15-24,M,S,Y,A,1
2022,8,31,REGION VIII (EASTERN VISAYAS),NORTHERN SAMAR,25-64,F,S,Y,A,1
2022,8,31,REGION VIII (EASTERN VISAYAS),NORTHERN SAMAR,5-14,F,S,Y,A,1
2022,8,31,REGION VIII (EASTERN VISAYAS),SAMAR,15-24,F,S,Y,A,9
2022,8,31,REGION VIII (EASTERN VISAYAS),SAMAR,15-24,M,S,Y,A,5
2022,8,31,REGION VIII (EASTERN VISAYAS),SAMAR,25-64,F,S,Y,A,13
2022,8,31,REGION VIII (EASTERN VISAYAS),SAMAR,25-64,M,S,Y,A,8
2022,8,31,REGION VIII (EASTERN VISAYAS),SAMAR,25-64,M,S,Y,D,1
2022,8,31,REGION VIII (EASTERN VISAYAS),SAMAR,5-14,F,S,Y,A,14
2022,8,31,REGION VIII (EASTERN VISAYAS),SAMAR,5-14,M,S,Y,A,16
2022,8,31,REGION VIII (EASTERN VISAYAS),SAMAR,65+,F,S,Y,A,2
2022,8,31,REGION VIII (EASTERN VISAYAS),SAMAR,65+,M,S,Y,A,2
2022,8,31,REGION VIII (EASTERN VISAYAS),SAMAR,65+,M,S,Y,D,1
2022,8,31,REGION VIII (EASTERN VISAYAS),SOUTHERN LEYTE,15-24,F,S,Y,A,2
2022,8,31,REGION VIII (EASTERN VISAYAS),SOUTHERN LEYTE,15-24,M,S,Y,A,1
2022,8,31,REGION VIII (EASTERN VISAYAS),SOUTHERN LEYTE,25-64,F,S,Y,A,1
2022,8,31,REGION VIII (EASTERN VISAYAS),SOUTHERN LEYTE,5-14,M,S,Y,A,2
2022,8,31,REGION VIII (EASTERN VISAYAS),SOUTHERN LEYTE,65+,F,S,Y,A,1
2022,8,32,NATIONAL CAPITAL REGION (NCR),CITY OF MANILA,15-24,M,S,Y,A,2
2022,8,32,NATIONAL CAPITAL REGION (NCR),CITY OF MANILA,25-64,M,S,Y,A,6
2022,8,32,NATIONAL CAPITAL REGION (NCR),CITY OF MANILA,Unknown,M,C,Y,A,1
2022,8,32,NATIONAL CAPITAL REGION (NCR),CITY OF MUNTINLUPA,25-64,F,S,Y,A,2
2022,8,32,NATIONAL CAPITAL REGION (NCR),CITY OF MUNTINLUPA,25-64,M,C,Y,A,1
2022,8,32,REGION III (CENTRAL LUZON),CITY OF OLONGAPO,15-24,F,S,Y,A,2
2022,8,32,REGION III (CENTRAL LUZON),CITY OF OLONGAPO,15-24,M,C,Y,A,1
2022,8,32,REGION III (CENTRAL LUZON),CITY OF OLONGAPO,15-24,M,S,Y,A,1
2022,8,32,REGION III (CENTRAL LUZON),CITY OF OLONGAPO,25-64,F,C,Y,A,2
2022,8,32,REGION III (CENTRAL LUZON),CITY OF OLONGAPO,25-64,F,S,Y,A,1
2022,8,32,REGION III (CENTRAL LUZON),CITY OF OLONGAPO,25-64,M,C,Y,A,3
2022,8,32,REGION III (CENTRAL LUZON),CITY OF OLONGAPO,25-64,M,S,Y,A,2
2022,8,32,REGION III (CENTRAL LUZON),CITY OF OLONGAPO,25-64,M,S,Y,D,1
2022,8,32,REGION III (CENTRAL LUZON),CITY OF OLONGAPO,65+,F,C,Y,A,1
2022,8,32,REGION III (CENTRAL LUZON),PAMPANGA,15-24,M,C,Y,A,1
2022,8,32,REGION III (CENTRAL LUZON),PAMPANGA,5-14,F,S,Y,A,1
2022,8,32,REGION III (CENTRAL LUZON),ZAMBALES,15-24,F,S,Y,A,2
2022,8,32,REGION III (CENTRAL LUZON),ZAMBALES,15-24,M,C,Y,A,2
2022,8,32,REGION III (CENTRAL LUZON),ZAMBALES,15-24,M,S,Y,A,2
2022,8,32,REGION III (CENTRAL LUZON),ZAMBALES,25-64,F,S,Y,A,2
2022,8,32,REGION III (CENTRAL LUZON),ZAMBALES,25-64,M,C,Y,A,5
2022,8,32,REGION III (CENTRAL LUZON),ZAMBALES,25-64,M,S,Y,A,2
2022,8,32,REGION III (CENTRAL LUZON),ZAMBALES,5-14,F,S,Y,A,2
2022,8,32,REGION III (CENTRAL LUZON),ZAMBALES,5-14,M,S,Y,A,3
2022,8,32,REGION III (CENTRAL LUZON),ZAMBALES,65+,F,S,Y,A,1
2022,8,32,REGION III (CENTRAL LUZON),ZAMBALES,65+,M,S,Y,A,1
2022,8,32,REGION IX (ZAMBOANGA PENINSULA),CITY OF ZAMBOANGA,25-64,M,S,Y,A,1
2022,8,32,REGION V (BICOL REGION),CATANDUANES,25-64,M,S,Y,A,1
2022,8,32,REGION V (BICOL REGION),SORSOGON,5-14,F,S,Y,A,1
2022,8,32,REGION VI (WESTERN VISAYAS),CITY OF ILOILO,0-4,M,C,Y,A,2
2022,8,32,REGION VI (WESTERN VISAYAS),CITY OF ILOILO,15-24,F,C,Y,A,1
2022,8,32,REGION VII (CENTRAL VISAYAS),CEBU,25-64,F,S,Y,A,1
2022,8,32,REGION VIII (EASTERN VISAYAS),BILIRAN,15-24,F,S,Y,A,2
2022,8,32,REGION VIII (EASTERN VISAYAS),BILIRAN,15-24,M,S,Y,A,1
2022,8,32,REGION VIII (EASTERN VISAYAS),BILIRAN,25-64,F,S,Y,A,2
2022,8,32,REGION VIII (EASTERN VISAYAS),BILIRAN,5-14,F,S,Y,A,1
2022,8,32,REGION VIII (EASTERN VISAYAS),BILIRAN,5-14,M,S,Y,A,2
2022,8,32,REGION VIII (EASTERN VISAYAS),CITY OF TACLOBAN,15-24,F,S,Y,A,1
2022,8,32,REGION VIII (EASTERN VISAYAS),CITY OF TACLOBAN,25-64,F,S,Y,A,1
2022,8,32,REGION VIII (EASTERN VISAYAS),EASTERN SAMAR,15-24,F,S,Y,A,2
2022,8,32,REGION VIII (EASTERN VISAYAS),EASTERN SAMAR,15-24,M,S,Y,A,3
2022,8,32,REGION VIII (EASTERN VISAYAS),EASTERN SAMAR,25-64,F,S,Y,A,5
2022,8,32,REGION VIII (EASTERN VISAYAS),EASTERN SAMAR,5-14,F,S,Y,A,1
2022,8,32,REGION VIII (EASTERN VISAYAS),EASTERN SAMAR,5-14,M,S,Y,A,3
2022,8,32,REGION VIII (EASTERN VISAYAS),EASTERN SAMAR,65+,F,S,Y,A,2
2022,8,32,REGION VIII (EASTERN VISAYAS),LEYTE,15-24,F,S,Y,A,1
2022,8,32,REGION VIII (EASTERN VISAYAS),LEYTE,15-24,M,S,Y,A,3
2022,8,32,REGION VIII (EASTERN VISAYAS),LEYTE,25-64,F,S,Y,A,6
2022,8,32,REGION VIII (EASTERN VISAYAS),LEYTE,25-64,M,S,Y,A,1
2022,8,32,REGION VIII (EASTERN VISAYAS),LEYTE,5-14,F,S,Y,A,4
2022,8,32,REGION VIII (EASTERN VISAYAS),LEYTE,5-14,F,S,Y,D,1
2022,8,32,REGION VIII (EASTERN VISAYAS),LEYTE,5-14,M,S,Y,A,4
2022,8,32,REGION VIII (EASTERN VISAYAS),LEYTE,65+,F,S,Y,A,1
2022,8,32,REGION VIII (EASTERN VISAYAS),NORTHERN SAMAR,15-24,M,S,Y,A,1
2022,8,32,REGION VIII (EASTERN VISAYAS),NORTHERN SAMAR,25-64,F,S,Y,A,2
2022,8,32,REGION VIII (EASTERN VISAYAS),NORTHERN SAMAR,5-14,M,S,Y,A,1
2022,8,32,REGION VIII (EASTERN VISAYAS),NORTHERN SAMAR,65+,F,S,Y,A,1
2022,8,32,REGION VIII (EASTERN VISAYAS),SAMAR,15-24,F,S,Y,A,6
2022,8,32,REGION VIII (EASTERN VISAYAS),SAMAR,15-24,M,S,Y,A,5
2022,8,32,REGION VIII (EASTERN VISAYAS),SAMAR,25-64,F,S,Y,A,6
2022,8,32,REGION VIII (EASTERN VISAYAS),SAMAR,25-64,M,C,Y,A,1
2022,8,32,REGION VIII (EASTERN VISAYAS),SAMAR,25-64,M,S,Y,A,12
2022,8,32,REGION VIII (EASTERN VISAYAS),SAMAR,5-14,F,S,Y,A,7
2022,8,32,REGION VIII (EASTERN VISAYAS),SAMAR,5-14,M,S,Y,A,12
2022,8,32,REGION VIII (EASTERN VISAYAS),SAMAR,65+,F,S,Y,A,7
2022,8,32,REGION VIII (EASTERN VISAYAS),SAMAR,65+,F,S,Y,D,1
2022,8,32,REGION VIII (EASTERN VISAYAS),SAMAR,65+,M,S,Y,A,1
2022,8,32,REGION VIII (EASTERN VISAYAS),SOUTHERN LEYTE,15-24,F,S,Y,A,1
2022,8,32,REGION VIII (EASTERN VISAYAS),SOUTHERN LEYTE,25-64,F,S,Y,A,3
2022,8,32,REGION VIII (EASTERN VISAYAS),SOUTHERN LEYTE,25-64,M,S,Y,A,2
2022,8,32,REGION VIII (EASTERN VISAYAS),SOUTHERN LEYTE,5-14,M,S,Y,A,2
2022,8,33,NATIONAL CAPITAL REGION (NCR),CITY OF MUNTINLUPA,5-14,M,S,Y,A,1
2022,8,33,REGION III (CENTRAL LUZON),BULACAN,0-4,F,C,Y,A,1
2022,8,33,REGION III (CENTRAL LUZON),ZAMBALES,15-24,F,S,Y,A,2
2022,8,33,REGION III (CENTRAL LUZON),ZAMBALES,15-24,M,S,Y,A,2
2022,8,33,REGION III (CENTRAL LUZON),ZAMBALES,25-64,F,S,Y,A,4
2022,8,33,REGION III (CENTRAL LUZON),ZAMBALES,25-64,M,S,Y,A,4
2022,8,33,REGION III (CENTRAL LUZON),ZAMBALES,5-14,F,S,Y,A,2
2022,8,33,REGION III (CENTRAL LUZON),ZAMBALES,5-14,M,S,Y,A,1
2022,8,33,REGION IX (ZAMBOANGA PENINSULA),CITY OF ZAMBOANGA,25-64,M,S,Y,A,1
2022,8,33,REGION VI (WESTERN VISAYAS),CITY OF ILOILO,15-24,F,C,Y,A,1
2022,8,33,REGION VI (WESTERN VISAYAS),CITY OF ILOILO,5-14,F,C,Y,A,1
2022,8,33,REGION VI (WESTERN VISAYAS),CITY OF ILOILO,Unknown,F,C,Y,A,1
2022,8,33,REGION VI (WESTERN VISAYAS),ILOILO,0-4,M,C,Y,A,1
2022,8,33,REGION VIII (EASTERN VISAYAS),BILIRAN,15-24,F,S,Y,A,2
2022,8,33,REGION VIII (EASTERN VISAYAS),BILIRAN,15-24,M,S,Y,A,3
2022,8,33,REGION VIII (EASTERN VISAYAS),BILIRAN,25-64,F,S,Y,A,2
2022,8,33,REGION VIII (EASTERN VISAYAS),BILIRAN,5-14,F,S,Y,A,1
2022,8,33,REGION VIII (EASTERN VISAYAS),BILIRAN,5-14,M,S,Y,A,3
2022,8,33,REGION VIII (EASTERN VISAYAS),BILIRAN,65+,F,S,Y,A,1
2022,8,33,REGION VIII (EASTERN VISAYAS),BILIRAN,65+,M,S,Y,A,1
2022,8,33,REGION VIII (EASTERN VISAYAS),CITY OF TACLOBAN,15-24,F,S,Y,A,1
2022,8,33,REGION VIII (EASTERN VISAYAS),EASTERN SAMAR,15-24,F,S,Y,A,1
2022,8,33,REGION VIII (EASTERN VISAYAS),EASTERN SAMAR,15-24,M,S,Y,A,2
2022,8,33,REGION VIII (EASTERN VISAYAS),EASTERN SAMAR,25-64,F,S,Y,A,8
2022,8,33,REGION VIII (EASTERN VISAYAS),EASTERN SAMAR,25-64,M,S,Y,A,4
2022,8,33,REGION VIII (EASTERN VISAYAS),EASTERN SAMAR,5-14,F,S,Y,A,3
2022,8,33,REGION VIII (EASTERN VISAYAS),EASTERN SAMAR,5-14,M,S,Y,A,3
2022,8,33,REGION VIII (EASTERN VISAYAS),EASTERN SAMAR,65+,F,S,Y,A,2
2022,8,33,REGION VIII (EASTERN VISAYAS),LEYTE,15-24,M,S,Y,A,3
2022,8,33,REGION VIII (EASTERN VISAYAS),LEYTE,25-64,F,S,Y,A,3
2022,8,33,REGION VIII (EASTERN VISAYAS),LEYTE,25-64,M,S,Y,A,2
2022,8,33,REGION VIII (EASTERN VISAYAS),LEYTE,5-14,F,S,Y,A,2
2022,8,33,REGION VIII (EASTERN VISAYAS),LEYTE,5-14,M,S,Y,A,6
2022,8,33,REGION VIII (EASTERN VISAYAS),LEYTE,65+,F,S,Y,A,1
2022,8,33,REGION VIII (EASTERN VISAYAS),NORTHERN SAMAR,5-14,F,S,Y,A,1
2022,8,33,REGION VIII (EASTERN VISAYAS),NORTHERN SAMAR,5-14,M,S,Y,A,1
2022,8,33,REGION VIII (EASTERN VISAYAS),NORTHERN SAMAR,65+,F,S,Y,A,1
2022,8,33,REGION VIII (EASTERN VISAYAS),NORTHERN SAMAR,65+,M,S,Y,A,1
2022,8,33,REGION VIII (EASTERN VISAYAS),SAMAR,15-24,F,S,Y,A,7
2022,8,33,REGION VIII (EASTERN VISAYAS),SAMAR,15-24,M,C,Y,A,3
2022,8,33,REGION VIII (EASTERN VISAYAS),SAMAR,15-24,M,S,Y,A,6
2022,8,33,REGION VIII (EASTERN VISAYAS),SAMAR,25-64,F,C,Y,A,1
2022,8,33,REGION VIII (EASTERN VISAYAS),SAMAR,25-64,F,S,Y,A,10
2022,8,33,REGION VIII (EASTERN VISAYAS),SAMAR,25-64,M,C,Y,A,1
2022,8,33,REGION VIII (EASTERN VISAYAS),SAMAR,25-64,M,S,Y,A,9
2022,8,33,REGION VIII (EASTERN VISAYAS),SAMAR,5-14,F,C,Y,A,3
2022,8,33,REGION VIII (EASTERN VISAYAS),SAMAR,5-14,F,S,Y,A,8
2022,8,33,REGION VIII (EASTERN VISAYAS),SAMAR,5-14,M,S,Y,A,14
2022,8,33,REGION VIII (EASTERN VISAYAS),SAMAR,65+,F,S,Y,A,1
2022,8,33,REGION VIII (EASTERN VISAYAS),SAMAR,65+,M,S,Y,A,3
2022,8,33,REGION VIII (EASTERN VISAYAS),SAMAR,65+,M,S,Y,D,1
2022,8,33,REGION VIII (EASTERN VISAYAS),SOUTHERN LEYTE,25-64,F,S,Y,A,4
2022,8,33,REGION VIII (EASTERN VISAYAS),SOUTHERN LEYTE,25-64,M,S,Y,A,1
2022,8,33,REGION VIII (EASTERN VISAYAS),SOUTHERN LEYTE,5-14,F,S,Y,A,1
2022,8,33,REGION VIII (EASTERN VISAYAS),SOUTHERN LEYTE,65+,F,S,Y,A,2
2022,8,33,REGION VIII (EASTERN VISAYAS),SOUTHERN LEYTE,65+,M,S,Y,A,1
2022,8,34,NATIONAL CAPITAL REGION (NCR),CITY OF MANILA,15-24,M,C,Y,A,1
2022,8,34,NATIONAL CAPITAL REGION (NCR),CITY OF MANILA,25-64,M,C,Y,A,1
2022,8,34,REGION III (CENTRAL LUZON),CITY OF OLONGAPO,15-24,M,C,Y,A,1
2022,8,34,REGION III (CENTRAL LUZON),CITY OF OLONGAPO,25-64,F,S,Y,A,1
2022,8,34,REGION III (CENTRAL LUZON),PAMPANGA,15-24,M,S,Y,D,1
2022,8,34,REGION III (CENTRAL LUZON),PAMPANGA,25-64,F,S,Y,A,1
2022,8,34,REGION III (CENTRAL LUZON),PAMPANGA,5-14,F,S,Y,A,3
2022,8,34,REGION III (CENTRAL LUZON),PAMPANGA,5-14,M,C,Y,A,1
2022,8,34,REGION III (CENTRAL LUZON),TARLAC,15-24,F,C,Y,A,2
2022,8,34,REGION III (CENTRAL LUZON),ZAMBALES,25-64,M,S,Y,A,5
2022,8,34,REGION III (CENTRAL LUZON),ZAMBALES,5-14,M,S,Y,A,1
2022,8,34,REGION IX (ZAMBOANGA PENINSULA),CITY OF ZAMBOANGA,25-64,F,S,Y,A,2
2022,8,34,REGION V (BICOL REGION),CATANDUANES,65+,M,S,Y,A,1
2022,8,34,REGION VI (WESTERN VISAYAS),CITY OF ILOILO,15-24,M,C,Y,A,2
2022,8,34,REGION VI (WESTERN VISAYAS),CITY OF ILOILO,25-64,F,C,Y,A,1
2022,8,34,REGION VI (WESTERN VISAYAS),CITY OF ILOILO,25-64,M,C,Y,A,1
2022,8,34,REGION VI (WESTERN VISAYAS),ILOILO,15-24,F,C,Y,A,2
2022,8,34,REGION VIII (EASTERN VISAYAS),BILIRAN,5-14,M,S,Y,A,2
2022,8,34,REGION VIII (EASTERN VISAYAS),BILIRAN,65+,M,S,Y,A,2
2022,8,34,REGION VIII (EASTERN VISAYAS),CITY OF TACLOBAN,15-24,M,S,Y,A,1
2022,8,34,REGION VIII (EASTERN VISAYAS),CITY OF TACLOBAN,25-64,F,S,Y,A,1
2022,8,34,REGION VIII (EASTERN VISAYAS),CITY OF TACLOBAN,5-14,F,S,Y,A,1
2022,8,34,REGION VIII (EASTERN VISAYAS),CITY OF TACLOBAN,5-14,M,S,Y,A,2
2022,8,34,REGION VIII (EASTERN VISAYAS),EASTERN SAMAR,15-24,F,S,Y,A,1
2022,8,34,REGION VIII (EASTERN VISAYAS),EASTERN SAMAR,25-64,M,S,Y,A,2
2022,8,34,REGION VIII (EASTERN VISAYAS),EASTERN SAMAR,5-14,F,S,Y,A,3
2022,8,34,REGION VIII (EASTERN VISAYAS),EASTERN SAMAR,5-14,M,S,Y,A,1
2022,8,34,REGION VIII (EASTERN VISAYAS),EASTERN SAMAR,65+,F,S,Y,A,2
2022,8,34,REGION VIII (EASTERN VISAYAS),EASTERN SAMAR,65+,M,S,Y,A,1
2022,8,34,REGION VIII (EASTERN VISAYAS),LEYTE,15-24,F,S,Y,A,1
2022,8,34,REGION VIII (EASTERN VISAYAS),LEYTE,25-64,F,S,Y,A,1
2022,8,34,REGION VIII (EASTERN VISAYAS),LEYTE,5-14,F,S,Y,A,1
2022,8,34,REGION VIII (EASTERN VISAYAS),LEYTE,5-14,M,S,Y,A,1
2022,8,34,REGION VIII (EASTERN VISAYAS),LEYTE,65+,F,S,Y,A,1
2022,8,34,REGION VIII (EASTERN VISAYAS),NORTHERN SAMAR,5-14,F,S,Y,A,2
2022,8,34,REGION VIII (EASTERN VISAYAS),NORTHERN SAMAR,5-14,M,S,Y,A,2
2022,8,34,REGION VIII (EASTERN VISAYAS),SAMAR,0-4,M,C,Y,A,1
2022,8,34,REGION VIII (EASTERN VISAYAS),SAMAR,15-24,F,S,Y,A,7
2022,8,34,REGION VIII (EASTERN VISAYAS),SAMAR,15-24,M,S,Y,A,4
2022,8,34,REGION VIII (EASTERN VISAYAS),SAMAR,25-64,F,C,Y,A,2
2022,8,34,REGION VIII (EASTERN VISAYAS),SAMAR,25-64,F,S,Y,A,16
2022,8,34,REGION VIII (EASTERN VISAYAS),SAMAR,25-64,M,C,Y,A,1
2022,8,34,REGION VIII (EASTERN VISAYAS),SAMAR,25-64,M,C,Y,D,2
2022,8,34,REGION VIII (EASTERN VISAYAS),SAMAR,25-64,M,S,Y,A,14
2022,8,34,REGION VIII (EASTERN VISAYAS),SAMAR,5-14,F,C,Y,A,2
2022,8,34,REGION VIII (EASTERN VISAYAS),SAMAR,5-14,F,S,Y,A,7
2022,8,34,REGION VIII (EASTERN VISAYAS),SAMAR,5-14,M,C,Y,A,1
2022,8,34,REGION VIII (EASTERN VISAYAS),SAMAR,5-14,M,S,Y,A,10
2022,8,34,REGION VIII (EASTERN VISAYAS),SAMAR,5-14,M,S,Y,D,1
2022,8,34,REGION VIII (EASTERN VISAYAS),SAMAR,65+,F,C,Y,A,1
2022,8,34,REGION VIII (EASTERN VISAYAS),SAMAR,65+,F,S,Y,A,7
2022,8,34,REGION VIII (EASTERN VISAYAS),SAMAR,65+,M,S,Y,A,3
2022,8,34,REGION VIII (EASTERN VISAYAS),SOUTHERN LEYTE,15-24,F,S,Y,A,1
2022,8,34,REGION VIII (EASTERN VISAYAS),SOUTHERN LEYTE,25-64,F,S,Y,A,1
2022,8,34,REGION VIII (EASTERN VISAYAS),SOUTHERN LEYTE,25-64,M,S,Y,A,1
2022,8,34,REGION VIII (EASTERN VISAYAS),SOUTHERN LEYTE,65+,M,S,Y,A,1
2022,8,35,NEGROS ISLAND REGION (NIR),CITY OF BACOLOD,0-4,M,S,Y,A,1
2022,8,35,REGION III (CENTRAL LUZON),PAMPANGA,15-24,F,S,Y,A,1
2022,8,35,REGION III (CENTRAL LUZON),TARLAC,0-4,M,C,Y,A,1
2022,8,35,REGION III (CENTRAL LUZON),TARLAC,15-24,M,C,Y,A,1
2022,8,35,REGION III (CENTRAL LUZON),TARLAC,25-64,F,C,Y,A,1
2022,8,35,REGION III (CENTRAL LUZON),TARLAC,25-64,M,C,Y,A,1
2022,8,35,REGION III (CENTRAL LUZON),TARLAC,5-14,F,C,Y,A,1
2022,8,35,REGION III (CENTRAL LUZON),TARLAC,65+,M,C,Y,A,1
2022,8,35,REGION III (CENTRAL LUZON),ZAMBALES,25-64,M,S,Y,A,1
2022,8,35,REGION IV-A (CALABARZON),QUEZON,15-24,M,S,Y,A,1
2022,8,35,REGION IV-A (CALABARZON),QUEZON,25-64,M,S,Y,A,1
2022,8,35,REGION IX (ZAMBOANGA PENINSULA),CITY OF ZAMBOANGA,25-64,F,C,Y,A,1
2022,8,35,REGION IX (ZAMBOANGA PENINSULA),CITY OF ZAMBOANGA,5-14,F,S,Y,A,1
2022,8,35,REGION V (BICOL REGION),CATANDUANES,15-24,M,S,Y,A,1
2022,8,35,REGION V (BICOL REGION),CATANDUANES,5-14,F,S,Y,A,1
2022,8,35,REGION V (BICOL REGION),CATANDUANES,65+,F,S,Y,A,1
2022,8,35,REGION VI (WESTERN VISAYAS),CITY OF ILOILO,0-4,M,C,Y,A,1
2022,8,35,REGION VI (WESTERN VISAYAS),ILOILO,25-64,M,C,Y,A,1
2022,8,35,REGION VIII (EASTERN VISAYAS),BILIRAN,15-24,F,S,Y,A,1
2022,8,35,REGION VIII (EASTERN VISAYAS),BILIRAN,25-64,M,S,Y,A,1
2022,8,35,REGION VIII (EASTERN VISAYAS),CITY OF TACLOBAN,15-24,F,S,Y,A,1
2022,8,35,REGION VIII (EASTERN VISAYAS),CITY OF TACLOBAN,25-64,F,S,Y,A,2
2022,8,35,REGION VIII (EASTERN VISAYAS),CITY OF TACLOBAN,25-64,M,S,Y,A,1
2022,8,35,REGION VIII (EASTERN VISAYAS),EASTERN SAMAR,15-24,F,S,Y,A,1
2022,8,35,REGION VIII (EASTERN VISAYAS),EASTERN SAMAR,25-64,M,S,Y,A,2
2022,8,35,REGION VIII (EASTERN VISAYAS),LEYTE,25-64,F,S,Y,A,3
2022,8,35,REGION VIII (EASTERN VISAYAS),LEYTE,25-64,M,S,Y,A,1
2022,8,35,REGION VIII (EASTERN VISAYAS),LEYTE,5-14,F,S,Y,A,1
2022,8,35,REGION VIII (EASTERN VISAYAS),NORTHERN SAMAR,15-24,F,S,Y,A,1
2022,8,35,REGION VIII (EASTERN VISAYAS),SAMAR,15-24,F,S,Y,A,2
2022,8,35,REGION VIII (EASTERN VISAYAS),SAMAR,15-24,M,S,Y,A,4
2022,8,35,REGION VIII (EASTERN VISAYAS),SAMAR,25-64,F,S,Y,A,8
2022,8,35,REGION VIII (EASTERN VISAYAS),SAMAR,25-64,M,S,Y,A,4
2022,8,35,REGION VIII (EASTERN VISAYAS),SAMAR,5-14,F,S,Y,A,4
2022,8,35,REGION VIII (EASTERN VISAYAS),SAMAR,5-14,M,S,Y,A,9
2022,8,35,REGION VIII (EASTERN VISAYAS),SAMAR,65+,F,S,Y,A,1
2022,8,35,REGION VIII (EASTERN VISAYAS),SAMAR,65+,M,S,Y,A,2
2022,8,35,REGION VIII (EASTERN VISAYAS),SOUTHERN LEYTE,15-24,F,S,Y,A,1
2022,8,35,REGION VIII (EASTERN VISAYAS),SOUTHERN LEYTE,25-64,F,S,Y,A,1
2022,8,35,REGION VIII (EASTERN VISAYAS),SOUTHERN LEYTE,5-14,M,S,Y,A,1
2022,8,35,REGION XIII (CARAGA),AGUSAN DEL SUR,15-24,M,S,Y,A,1
2022,8,35,REGION XIII (CARAGA),CITY OF BUTUAN,5-14,F,S,Y,A,1
2022,8,35,REGION XIII (CARAGA),CITY OF BUTUAN,5-14,M,S,Y,A,1
2022,8,35,REGION XIII (CARAGA),SURIGAO DEL SUR,5-14,F,S,Y,A,1
2022,9,35,NATIONAL CAPITAL REGION (NCR),CITY OF MUNTINLUPA,15-24,F,S,Y,A,1
2022,9,35,NEGROS ISLAND REGION (NIR),CITY OF BACOLOD,15-24,M,S,Y,A,1
2022,9,35,NEGROS ISLAND REGION (NIR),CITY OF BACOLOD,65+,F,S,Y,A,1
2022,9,35,REGION V (BICOL REGION),CAMARINES SUR,25-64,F,S,Y,A,1
2022,9,35,REGION V (BICOL REGION),CATANDUANES,5-14,M,S,Y,A,1
2022,9,35,REGION V (BICOL REGION),MASBATE,25-64,F,S,Y,A,1
2022,9,35,REGION V (BICOL REGION),MASBATE,5-14,M,S,Y,A,1
2022,9,35,REGION V (BICOL REGION),SORSOGON,5-14,M,S,Y,A,1
2022,9,35,REGION VI (WESTERN VISAYAS),CITY OF ILOILO,0-4,M,C,Y,A,1
2022,9,35,REGION VI (WESTERN VISAYAS),CITY OF ILOILO,5-14,M,C,Y,A,1
2022,9,35,REGION VIII (EASTERN VISAYAS),CITY OF TACLOBAN,15-24,M,S,Y,A,1
2022,9,35,REGION VIII (EASTERN VISAYAS),CITY OF TACLOBAN,25-64,F,S,Y,A,1
2022,9,35,REGION VIII (EASTERN VISAYAS),EASTERN SAMAR,25-64,F,S,Y,A,2
2022,9,35,REGION VIII (EASTERN VISAYAS),EASTERN SAMAR,25-64,M,S,Y,A,2
2022,9,35,REGION VIII (EASTERN VISAYAS),EASTERN SAMAR,65+,M,S,Y,A,1
2022,9,35,REGION VIII (EASTERN VISAYAS),LEYTE,15-24,F,S,Y,A,1
2022,9,35,REGION VIII (EASTERN VISAYAS),LEYTE,25-64,F,S,Y,A,3
2022,9,35,REGION VIII (EASTERN VISAYAS),LEYTE,5-14,F,S,Y,A,3
2022,9,35,REGION VIII (EASTERN VISAYAS),NORTHERN SAMAR,15-24,M,S,Y,A,1
2022,9,35,REGION VIII (EASTERN VISAYAS),NORTHERN SAMAR,5-14,M,S,Y,A,1
2022,9,35,REGION VIII (EASTERN VISAYAS),SAMAR,15-24,F,S,Y,A,7
2022,9,35,REGION VIII (EASTERN VISAYAS),SAMAR,15-24,M,S,Y,A,4
2022,9,35,REGION VIII (EASTERN VISAYAS),SAMAR,25-64,F,S,Y,A,3
2022,9,35,REGION VIII (EASTERN VISAYAS),SAMAR,25-64,M,S,Y,A,9
2022,9,35,REGION VIII (EASTERN VISAYAS),SAMAR,5-14,F,S,Y,A,3
2022,9,35,REGION VIII (EASTERN VISAYAS),SAMAR,5-14,M,S,Y,A,5
2022,9,35,REGION VIII (EASTERN VISAYAS),SAMAR,65+,F,S,Y,A,1
2022,9,35,REGION XIII (CARAGA),SURIGAO DEL SUR,25-64,M,S,Y,A,2
2022,9,36,MIMAROPA REGION,ORIENTAL MINDORO,15-24,F,S,Y,A,1
2022,9,36,NATIONAL CAPITAL REGION (NCR),CITY OF CALOOCAN,5-14,F,C,Y,A,1
2022,9,36,NEGROS ISLAND REGION (NIR),CITY OF BACOLOD,0-4,M,S,Y,A,1
2022,9,36,NEGROS ISLAND REGION (NIR),CITY OF BACOLOD,25-64,F,C,Y,A,1
2022,9,36,NEGROS ISLAND REGION (NIR),CITY OF BACOLOD,25-64,F,S,Y,A,1
2022,9,36,NEGROS ISLAND REGION (NIR),CITY OF BACOLOD,25-64,M,S,Y,A,2
2022,9,36,NEGROS ISLAND REGION (NIR),CITY OF BACOLOD,5-14,M,S,Y,A,1
2022,9,36,NEGROS ISLAND REGION (NIR),CITY OF BACOLOD,65+,F,S,Y,A,1
2022,9,36,NEGROS ISLAND REGION (NIR),NEGROS OCCIDENTAL,15-24,M,S,Y,A,1
2022,9,36,NEGROS ISLAND REGION (NIR),NEGROS OCCIDENTAL,25-64,M,S,Y,A,1
2022,9,36,REGION III (CENTRAL LUZON),CITY OF OLONGAPO,25-64,F,S,Y,A,2
2022,9,36,REGION III (CENTRAL LUZON),CITY OF OLONGAPO,25-64,M,S,Y,A,1
2022,9,36,REGION III (CENTRAL LUZON),PAMPANGA,25-64,M,S,Y,A,1
2022,9,36,REGION III (CENTRAL LUZON),PAMPANGA,5-14,F,S,Y,A,1
2022,9,36,REGION III (CENTRAL LUZON),ZAMBALES,5-14,M,C,Y,A,1
2022,9,36,REGION V (BICOL REGION),CATANDUANES,25-64,F,S,Y,A,1
2022,9,36,REGION V (BICOL REGION),CATANDUANES,25-64,M,S,Y,D,1
2022,9,36,REGION V (BICOL REGION),MASBATE,25-64,M,S,Y,A,1
2022,9,36,REGION V (BICOL REGION),SORSOGON,25-64,F,S,Y,A,1
2022,9,36,REGION VI (WESTERN VISAYAS),CITY OF ILOILO,0-4,F,C,Y,A,1
2022,9,36,REGION VI (WESTERN VISAYAS),CITY OF ILOILO,25-64,M,C,Y,A,1
2022,9,36,REGION VI (WESTERN VISAYAS),CITY OF ILOILO,5-14,F,C,Y,A,2
2022,9,36,REGION VI (WESTERN VISAYAS),CITY OF ILOILO,5-14,M,C,Y,A,2
2022,9,36,REGION VI (WESTERN VISAYAS),CITY OF ILOILO,65+,F,C,Y,A,1
2022,9,36,REGION VI (WESTERN VISAYAS),GUIMARAS,25-64,M,S,Y,A,1
2022,9,36,REGION VIII (EASTERN VISAYAS),CITY OF TACLOBAN,25-64,F,S,Y,A,1
2022,9,36,REGION VIII (EASTERN VISAYAS),CITY OF TACLOBAN,5-14,M,S,Y,A,1
2022,9,36,REGION VIII (EASTERN VISAYAS),EASTERN SAMAR,15-24,F,S,Y,A,2
2022,9,36,REGION VIII (EASTERN VISAYAS),EASTERN SAMAR,25-64,F,S,Y,A,5
2022,9,36,REGION VIII (EASTERN VISAYAS),EASTERN SAMAR,25-64,M,S,Y,A,3
2022,9,36,REGION VIII (EASTERN VISAYAS),EASTERN SAMAR,5-14,F,S,Y,A,5
2022,9,36,REGION VIII (EASTERN VISAYAS),EASTERN SAMAR,5-14,M,S,Y,A,6
2022,9,36,REGION VIII (EASTERN VISAYAS),LEYTE,15-24,F,S,Y,A,1
2022,9,36,REGION VIII (EASTERN VISAYAS),LEYTE,25-64,F,S,Y,A,3
2022,9,36,REGION VIII (EASTERN VISAYAS),LEYTE,25-64,M,S,Y,A,6
2022,9,36,REGION VIII (EASTERN VISAYAS),LEYTE,5-14,F,S,Y,A,3
2022,9,36,REGION VIII (EASTERN VISAYAS),LEYTE,5-14,M,S,Y,A,4
2022,9,36,REGION VIII (EASTERN VISAYAS),NORTHERN SAMAR,25-64,M,S,Y,A,1
2022,9,36,REGION VIII (EASTERN VISAYAS),NORTHERN SAMAR,5-14,F,S,Y,A,1
2022,9,36,REGION VIII (EASTERN VISAYAS),SAMAR,15-24,F,S,Y,A,7
2022,9,36,REGION VIII (EASTERN VISAYAS),SAMAR,15-24,M,S,Y,A,6
2022,9,36,REGION VIII (EASTERN VISAYAS),SAMAR,25-64,F,S,Y,A,8
2022,9,36,REGION VIII (EASTERN VISAYAS),SAMAR,25-64,M,S,Y,A,12
2022,9,36,REGION VIII (EASTERN VISAYAS),SAMAR,5-14,F,S,Y,A,11
2022,9,36,REGION VIII (EASTERN VISAYAS),SAMAR,5-14,M,S,Y,A,11
2022,9,36,REGION VIII (EASTERN VISAYAS),SAMAR,65+,F,S,Y,A,1
2022,9,36,REGION VIII (EASTERN VISAYAS),SAMAR,65+,M,S,Y,A,3
2022,9,36,REGION VIII (EASTERN VISAYAS),SOUTHERN LEYTE,25-64,F,S,Y,A,1
2022,9,36,REGION VIII (EASTERN VISAYAS),SOUTHERN LEYTE,25-64,M,S,Y,A,1
2022,9,36,REGION VIII (EASTERN VISAYAS),SOUTHERN LEYTE,5-14,F,S,Y,A,1
2022,9,36,REGION XIII (CARAGA),SURIGAO DEL NORTE,25-64,M,S,Y,A,1
2022,9,37,MIMAROPA REGION,PALAWAN,5-14,F,C,Y,A,1
2022,9,37,MIMAROPA REGION,PALAWAN,5-14,M,C,Y,A,1
2022,9,37,NATIONAL CAPITAL REGION (NCR),QUEZON CITY,25-64,M,S,Y,A,1
2022,9,37,NEGROS ISLAND REGION (NIR),CITY OF BACOLOD,15-24,F,S,Y,A,1
2022,9,37,NEGROS ISLAND REGION (NIR),CITY OF BACOLOD,15-24,M,S,Y,A,1
2022,9,37,NEGROS ISLAND REGION (NIR),CITY OF BACOLOD,25-64,F,S,Y,A,1
2022,9,37,NEGROS ISLAND REGION (NIR),CITY OF BACOLOD,25-64,M,S,Y,A,3
2022,9,37,NEGROS ISLAND REGION (NIR),CITY OF BACOLOD,5-14,F,S,Y,A,1
2022,9,37,NEGROS ISLAND REGION (NIR),NEGROS OCCIDENTAL,0-4,M,S,Y,A,1
2022,9,37,NEGROS ISLAND REGION (NIR),NEGROS OCCIDENTAL,25-64,M,S,Y,A,1
2022,9,37,NEGROS ISLAND REGION (NIR),NEGROS OCCIDENTAL,65+,F,C,Y,D,1
2022,9,37,REGION III (CENTRAL LUZON),BULACAN,15-24,F,C,Y,A,1
2022,9,37,REGION III (CENTRAL LUZON),NUEVA ECIJA,15-24,M,S,Y,A,1
2022,9,37,REGION III (CENTRAL LUZON),PAMPANGA,5-14,F,S,Y,A,2
2022,9,37,REGION III (CENTRAL LUZON),PAMPANGA,5-14,M,S,Y,A,2
2022,9,37,REGION III (CENTRAL LUZON),PAMPANGA,65+,F,S,Y,A,2
2022,9,37,REGION III (CENTRAL LUZON),ZAMBALES,25-64,M,S,Y,A,1
2022,9,37,REGION IV-A (CALABARZON),CAVITE,5-14,F,C,Y,A,1
2022,9,37,REGION IV-A (CALABARZON),CAVITE,5-14,M,C,Y,A,1
2022,9,37,REGION IV-A (CALABARZON),LAGUNA,15-24,M,S,Y,A,1
2022,9,37,REGION IV-A (CALABARZON),LAGUNA,25-64,M,S,Y,D,2
2022,9,37,REGION IV-A (CALABARZON),RIZAL,5-14,M,S,Y,A,1
2022,9,37,REGION V (BICOL REGION),CAMARINES SUR,25-64,F,S,Y,A,1
2022,9,37,REGION V (BICOL REGION),CATANDUANES,25-64,F,S,Y,A,1
2022,9,37,REGION V (BICOL REGION),CATANDUANES,25-64,M,S,Y,A,2
2022,9,37,REGION V (BICOL REGION),CATANDUANES,5-14,M,S,Y,A,2
2022,9,37,REGION V (BICOL REGION),CATANDUANES,65+,M,S,Y,A,1
2022,9,37,REGION V (BICOL REGION),MASBATE,15-24,F,S,Y,A,3
2022,9,37,REGION V (BICOL REGION),MASBATE,25-64,F,S,Y,A,1
2022,9,37,REGION V (BICOL REGION),MASBATE,25-64,M,S,Y,D,1
2022,9,37,REGION V (BICOL REGION),MASBATE,5-14,M,S,Y,A,2
2022,9,37,REGION V (BICOL REGION),MASBATE,65+,M,S,Y,A,1
2022,9,37,REGION VI (WESTERN VISAYAS),ANTIQUE,15-24,M,C,Y,A,1
2022,9,37,REGION VI (WESTERN VISAYAS),ANTIQUE,25-64,F,C,Y,A,1
2022,9,37,REGION VI (WESTERN VISAYAS),ANTIQUE,25-64,F,S,Y,A,1
2022,9,37,REGION VI (WESTERN VISAYAS),ANTIQUE,5-14,M,S,Y,A,1
2022,9,37,REGION VI (WESTERN VISAYAS),CITY OF ILOILO,0-4,F,C,Y,A,2
2022,9,37,REGION VI (WESTERN VISAYAS),CITY OF ILOILO,0-4,M,C,Y,A,1
2022,9,37,REGION VI (WESTERN VISAYAS),CITY OF ILOILO,15-24,M,C,Y,A,1
2022,9,37,REGION VI (WESTERN VISAYAS),CITY OF ILOILO,5-14,F,C,Y,A,1
2022,9,37,REGION VI (WESTERN VISAYAS),CITY OF ILOILO,5-14,M,C,Y,A,2
2022,9,37,REGION VI (WESTERN VISAYAS),CITY OF ILOILO,Unknown,M,C,Y,A,1
2022,9,37,REGION VI (WESTERN VISAYAS),ILOILO,15-24,F,C,Y,A,1
2022,9,37,REGION VI (WESTERN VISAYAS),ILOILO,15-24,M,C,Y,A,1
2022,9,37,REGION VIII (EASTERN VISAYAS),CITY OF TACLOBAN,25-64,M,S,Y,A,2
2022,9,37,REGION VIII (EASTERN VISAYAS),CITY OF TACLOBAN,5-14,M,S,Y,A,1
2022,9,37,REGION VIII (EASTERN VISAYAS),EASTERN SAMAR,15-24,F,S,Y,A,2
2022,9,37,REGION VIII (EASTERN VISAYAS),EASTERN SAMAR,15-24,M,S,Y,A,1
2022,9,37,REGION VIII (EASTERN VISAYAS),EASTERN SAMAR,25-64,F,S,Y,A,8
2022,9,37,REGION VIII (EASTERN VISAYAS),EASTERN SAMAR,25-64,M,S,Y,A,2
2022,9,37,REGION VIII (EASTERN VISAYAS),EASTERN SAMAR,5-14,F,S,Y,A,2
2022,9,37,REGION VIII (EASTERN VISAYAS),EASTERN SAMAR,5-14,M,S,Y,A,3
2022,9,37,REGION VIII (EASTERN VISAYAS),EASTERN SAMAR,65+,F,S,Y,A,2
2022,9,37,REGION VIII (EASTERN VISAYAS),LEYTE,15-24,F,S,Y,A,2
2022,9,37,REGION VIII (EASTERN VISAYAS),LEYTE,25-64,F,S,Y,A,3
2022,9,37,REGION VIII (EASTERN VISAYAS),LEYTE,25-64,M,S,Y,A,4
2022,9,37,REGION VIII (EASTERN VISAYAS),LEYTE,5-14,F,S,Y,A,2
2022,9,37,REGION VIII (EASTERN VISAYAS),LEYTE,5-14,M,S,Y,A,3
2022,9,37,REGION VIII (EASTERN VISAYAS),LEYTE,65+,F,S,Y,A,7
2022,9,37,REGION VIII (EASTERN VISAYAS),LEYTE,65+,M,S,Y,A,1
2022,9,37,REGION VIII (EASTERN VISAYAS),NORTHERN SAMAR,25-64,F,S,Y,A,1
2022,9,37,REGION VIII (EASTERN VISAYAS),NORTHERN SAMAR,5-14,F,S,Y,A,2
2022,9,37,REGION VIII (EASTERN VISAYAS),NORTHERN SAMAR,5-14,M,S,Y,A,2
2022,9,37,REGION VIII (EASTERN VISAYAS),SAMAR,15-24,F,S,Y,A,7
2022,9,37,REGION VIII (EASTERN VISAYAS),SAMAR,15-24,M,S,Y,A,7
2022,9,37,REGION VIII (EASTERN VISAYAS),SAMAR,15-24,M,S,Y,D,1
2022,9,37,REGION VIII (EASTERN VISAYAS),SAMAR,25-64,F,S,Y,A,5
2022,9,37,REGION VIII (EASTERN VISAYAS),SAMAR,25-64,M,S,Y,A,6
2022,9,37,REGION VIII (EASTERN VISAYAS),SAMAR,5-14,F,S,Y,A,2
2022,9,37,REGION VIII (EASTERN VISAYAS),SAMAR,5-14,M,S,Y,A,12
2022,9,37,REGION VIII (EASTERN VISAYAS),SAMAR,65+,F,S,Y,A,1
2022,9,37,REGION VIII (EASTERN VISAYAS),SAMAR,65+,F,S,Y,D,1
2022,9,37,REGION VIII (EASTERN VISAYAS),SAMAR,65+,M,S,Y,A,2
2022,9,37,REGION VIII (EASTERN VISAYAS),SOUTHERN LEYTE,25-64,F,S,Y,A,2
2022,9,37,REGION VIII (EASTERN VISAYAS),SOUTHERN LEYTE,25-64,M,S,Y,A,1
2022,9,37,REGION XIII (CARAGA),CITY OF BUTUAN,5-14,F,S,Y,A,1
2022,9,37,REGION XIII (CARAGA),SURIGAO DEL SUR,5-14,F,S,Y,A,1
2022,9,38,CORDILLERA ADMINISTRATIVE REGION (CAR),CITY OF BAGUIO,65+,F,C,Y,A,1
2022,9,38,NATIONAL CAPITAL REGION (NCR),CITY OF MANILA,15-24,M,S,Y,A,1
2022,9,38,NEGROS ISLAND REGION (NIR),CITY OF BACOLOD,15-24,M,S,Y,A,1
2022,9,38,NEGROS ISLAND REGION (NIR),CITY OF BACOLOD,25-64,F,C,Y,A,1
2022,9,38,NEGROS ISLAND REGION (NIR),CITY OF BACOLOD,25-64,F,S,Y,A,2
2022,9,38,NEGROS ISLAND REGION (NIR),CITY OF BACOLOD,25-64,M,S,Y,A,1
2022,9,38,NEGROS ISLAND REGION (NIR),CITY OF BACOLOD,5-14,F,C,Y,A,1
2022,9,38,NEGROS ISLAND REGION (NIR),NEGROS OCCIDENTAL,15-24,M,C,Y,A,1
2022,9,38,NEGROS ISLAND REGION (NIR),NEGROS OCCIDENTAL,15-24,M,S,Y,A,1
2022,9,38,NEGROS ISLAND REGION (NIR),NEGROS OCCIDENTAL,25-64,F,C,Y,A,3
2022,9,38,NEGROS ISLAND REGION (NIR),NEGROS OCCIDENTAL,5-14,M,S,Y,A,1
2022,9,38,REGION III (CENTRAL LUZON),CITY OF OLONGAPO,5-14,F,S,Y,A,1
2022,9,38,REGION III (CENTRAL LUZON),PAMPANGA,15-24,F,S,Y,A,1
2022,9,38,REGION III (CENTRAL LUZON),PAMPANGA,25-64,M,C,Y,A,1
2022,9,38,REGION IV-A (CALABARZON),CAVITE,65+,M,S,Y,A,1
2022,9,38,REGION V (BICOL REGION),CATANDUANES,5-14,M,S,Y,A,1
2022,9,38,REGION V (BICOL REGION),MASBATE,15-24,F,S,Y,A,3
2022,9,38,REGION V (BICOL REGION),MASBATE,25-64,M,S,Y,A,1
2022,9,38,REGION VI (WESTERN VISAYAS),ANTIQUE,15-24,F,S,Y,A,1
2022,9,38,REGION VI (WESTERN VISAYAS),ANTIQUE,25-64,F,C,Y,A,1
2022,9,38,REGION VI (WESTERN VISAYAS),ANTIQUE,25-64,M,S,Y,A,1
2022,9,38,REGION VI (WESTERN VISAYAS),ANTIQUE,5-14,F,C,Y,A,1
2022,9,38,REGION VIII (EASTERN VISAYAS),CITY OF TACLOBAN,25-64,F,S,Y,A,1
2022,9,38,REGION VIII (EASTERN VISAYAS),EASTERN SAMAR,15-24,M,S,Y,A,1
2022,9,38,REGION VIII (EASTERN VISAYAS),EASTERN SAMAR,25-64,F,S,Y,A,1
2022,9,38,REGION VIII (EASTERN VISAYAS),EASTERN SAMAR,25-64,M,S,Y,A,1
2022,9,38,REGION VIII (EASTERN VISAYAS),EASTERN SAMAR,5-14,F,S,Y,A,2
2022,9,38,REGION VIII (EASTERN VISAYAS),EASTERN SAMAR,5-14,M,S,Y,A,1
2022,9,38,REGION VIII (EASTERN VISAYAS),EASTERN SAMAR,65+,F,S,Y,A,1
2022,9,38,REGION VIII (EASTERN VISAYAS),EASTERN SAMAR,65+,M,S,Y,A,1
2022,9,38,REGION VIII (EASTERN VISAYAS),LEYTE,15-24,F,S,Y,A,2
2022,9,38,REGION VIII (EASTERN VISAYAS),LEYTE,15-24,M,S,Y,A,2
2022,9,38,REGION VIII (EASTERN VISAYAS),LEYTE,25-64,F,S,Y,A,1
2022,9,38,REGION VIII (EASTERN VISAYAS),LEYTE,25-64,M,S,Y,A,6
2022,9,38,REGION VIII (EASTERN VISAYAS),LEYTE,5-14,M,S,Y,A,4
2022,9,38,REGION VIII (EASTERN VISAYAS),LEYTE,65+,F,S,Y,A,3
2022,9,38,REGION VIII (EASTERN VISAYAS),NORTHERN SAMAR,15-24,F,S,Y,A,1
2022,9,38,REGION VIII (EASTERN VISAYAS),NORTHERN SAMAR,25-64,M,S,Y,A,1
2022,9,38,REGION VIII (EASTERN VISAYAS),NORTHERN SAMAR,5-14,F,S,Y,A,1
2022,9,38,REGION VIII (EASTERN VISAYAS),SAMAR,15-24,F,S,Y,A,4
2022,9,38,REGION VIII (EASTERN VISAYAS),SAMAR,25-64,F,S,Y,A,6
2022,9,38,REGION VIII (EASTERN VISAYAS),SAMAR,25-64,M,S,Y,A,1
2022,9,38,REGION VIII (EASTERN VISAYAS),SAMAR,5-14,M,S,Y,A,3
2022,9,38,REGION VIII (EASTERN VISAYAS),SOUTHERN LEYTE,15-24,M,S,Y,A,1
2022,9,38,REGION VIII (EASTERN VISAYAS),SOUTHERN LEYTE,25-64,F,S,Y,A,2
2022,9,38,REGION VIII (EASTERN VISAYAS),SOUTHERN LEYTE,65+,F,S,Y,A,1
2022,9,38,REGION XIII (CARAGA),SURIGAO DEL NORTE,25-64,M,S,Y,A,1
2022,9,39,NATIONAL CAPITAL REGION (NCR),CITY OF MANILA,5-14,M,S,Y,A,1
2022,9,39,NEGROS ISLAND REGION (NIR),CITY OF BACOLOD,15-24,M,C,Y,A,1
2022,9,39,NEGROS ISLAND REGION (NIR),CITY OF BACOLOD,15-24,M,S,Y,A,1
2022,9,39,NEGROS ISLAND REGION (NIR),CITY OF BACOLOD,25-64,F,S,Y,A,3
2022,9,39,NEGROS ISLAND REGION (NIR),CITY OF BACOLOD,25-64,M,S,Y,A,5
2022,9,39,NEGROS ISLAND REGION (NIR),CITY OF BACOLOD,65+,M,S,Y,A,1
2022,9,39,NEGROS ISLAND REGION (NIR),NEGROS OCCIDENTAL,15-24,F,C,Y,A,1
2022,9,39,NEGROS ISLAND REGION (NIR),NEGROS OCCIDENTAL,25-64,M,C,Y,A,1
2022,9,39,REGION III (CENTRAL LUZON),AURORA,15-24,M,S,Y,A,1
2022,9,39,REGION III (CENTRAL LUZON),AURORA,25-64,F,S,Y,A,1
2022,9,39,REGION III (CENTRAL LUZON),AURORA,25-64,M,S,Y,A,1
2022,9,39,REGION III (CENTRAL LUZON),AURORA,5-14,M,S,Y,A,3
2022,9,39,REGION III (CENTRAL LUZON),BATAAN,25-64,F,S,Y,A,1
2022,9,39,REGION III (CENTRAL LUZON),CITY OF OLONGAPO,65+,F,S,Y,A,1
2022,9,39,REGION IV-A (CALABARZON),CAVITE,25-64,F,S,Y,A,1
2022,9,39,REGION IV-A (CALABARZON),RIZAL,Unknown,F,C,Y,A,1
2022,9,39,REGION V (BICOL REGION),CATANDUANES,25-64,F,S,Y,A,1
2022,9,39,REGION V (BICOL REGION),CATANDUANES,65+,F,S,Y,A,1
2022,9,39,REGION V (BICOL REGION),MASBATE,15-24,F,S,Y,A,1
2022,9,39,REGION V (BICOL REGION),MASBATE,25-64,M,S,Y,D,1
2022,9,39,REGION VI (WESTERN VISAYAS),ANTIQUE,15-24,M,C,Y,A,1
2022,9,39,REGION VI (WESTERN VISAYAS),ANTIQUE,65+,M,S,Y,A,1
2022,9,39,REGION VI (WESTERN VISAYAS),CITY OF ILOILO,0-4,F,C,Y,A,3
2022,9,39,REGION VIII (EASTERN VISAYAS),CITY OF TACLOBAN,65+,F,S,Y,A,1
2022,9,39,REGION VIII (EASTERN VISAYAS),EASTERN SAMAR,15-24,F,S,Y,A,1
2022,9,39,REGION VIII (EASTERN VISAYAS),EASTERN SAMAR,25-64,F,S,Y,A,2
2022,9,39,REGION VIII (EASTERN VISAYAS),EASTERN SAMAR,25-64,F,S,Y,D,1
2022,9,39,REGION VIII (EASTERN VISAYAS),EASTERN SAMAR,25-64,M,S,Y,A,3
2022,9,39,REGION VIII (EASTERN VISAYAS),EASTERN SAMAR,5-14,F,S,Y,A,2
2022,9,39,REGION VIII (EASTERN VISAYAS),EASTERN SAMAR,5-14,M,S,Y,A,2
2022,9,39,REGION VIII (EASTERN VISAYAS),EASTERN SAMAR,65+,F,S,Y,A,2
2022,9,39,REGION VIII (EASTERN VISAYAS),EASTERN SAMAR,65+,F,S,Y,D,1
2022,9,39,REGION VIII (EASTERN VISAYAS),EASTERN SAMAR,65+,M,S,Y,A,1
2022,9,39,REGION VIII (EASTERN VISAYAS),LEYTE,15-24,F,S,Y,A,1
2022,9,39,REGION VIII (EASTERN VISAYAS),LEYTE,15-24,M,S,Y,A,2
2022,9,39,REGION VIII (EASTERN VISAYAS),LEYTE,25-64,F,S,Y,A,5
2022,9,39,REGION VIII (EASTERN VISAYAS),LEYTE,25-64,M,S,Y,A,1
2022,9,39,REGION VIII (EASTERN VISAYAS),LEYTE,5-14,F,S,Y,A,2
2022,9,39,REGION VIII (EASTERN VISAYAS),LEYTE,5-14,M,S,Y,A,2
2022,9,39,REGION VIII (EASTERN VISAYAS),LEYTE,65+,F,S,Y,A,1
2022,9,39,REGION VIII (EASTERN VISAYAS),NORTHERN SAMAR,15-24,F,S,Y,A,1
2022,9,39,REGION VIII (EASTERN VISAYAS),NORTHERN SAMAR,25-64,M,S,Y,A,1
2022,9,39,REGION VIII (EASTERN VISAYAS),NORTHERN SAMAR,5-14,F,S,Y,A,1
2022,9,39,REGION VIII (EASTERN VISAYAS),NORTHERN SAMAR,5-14,M,S,Y,A,4
2022,9,39,REGION VIII (EASTERN VISAYAS),NORTHERN SAMAR,65+,M,S,Y,A,2
2022,9,39,REGION VIII (EASTERN VISAYAS),SAMAR,15-24,F,S,Y,A,1
2022,9,39,REGION VIII (EASTERN VISAYAS),SAMAR,15-24,M,S,Y,A,1
2022,9,39,REGION VIII (EASTERN VISAYAS),SAMAR,25-64,F,S,Y,A,4
2022,9,39,REGION VIII (EASTERN VISAYAS),SAMAR,25-64,M,S,Y,A,6
2022,9,39,REGION VIII (EASTERN VISAYAS),SAMAR,5-14,F,S,Y,A,5
2022,9,39,REGION VIII (EASTERN VISAYAS),SAMAR,5-14,M,S,Y,A,9
2022,9,39,REGION VIII (EASTERN VISAYAS),SAMAR,65+,M,S,Y,A,1
2022,9,39,REGION VIII (EASTERN VISAYAS),SOUTHERN LEYTE,25-64,F,S,Y,A,1
2022,9,39,REGION XIII (CARAGA),CITY OF BUTUAN,5-14,F,S,Y,A,1
2022,10,39,NEGROS ISLAND REGION (NIR),CITY OF BACOLOD,15-24,M,S,Y,A,2
2022,10,39,NEGROS ISLAND REGION (NIR),CITY OF BACOLOD,25-64,M,S,Y,A,1
2022,10,39,NEGROS ISLAND REGION (NIR),NEGROS OCCIDENTAL,25-64,F,S,Y,A,1
2022,10,39,REGION III (CENTRAL LUZON),AURORA,15-24,F,S,Y,A,1
2022,10,39,REGION IX (ZAMBOANGA PENINSULA),CITY OF ZAMBOANGA,65+,F,S,Y,A,1
2022,10,39,REGION IX (ZAMBOANGA PENINSULA),ZAMBOANGA DEL SUR,5-14,M,S,Y,A,1
2022,10,39,REGION V (BICOL REGION),MASBATE,25-64,M,S,Y,A,1
2022,10,39,REGION VIII (EASTERN VISAYAS),EASTERN SAMAR,15-24,M,S,Y,A,1
2022,10,39,REGION VIII (EASTERN VISAYAS),LEYTE,5-14,F,S,Y,A,1
2022,10,39,REGION VIII (EASTERN VISAYAS),NORTHERN SAMAR,15-24,F,S,Y,A,1
2022,10,39,REGION VIII (EASTERN VISAYAS),NORTHERN SAMAR,5-14,M,S,Y,A,2
2022,10,39,REGION VIII (EASTERN VISAYAS),SAMAR,15-24,F,S,Y,A,1
2022,10,39,REGION VIII (EASTERN VISAYAS),SAMAR,15-24,M,S,Y,A,1
2022,10,39,REGION VIII (EASTERN VISAYAS),SAMAR,25-64,F,S,Y,A,3
2022,10,39,REGION VIII (EASTERN VISAYAS),SAMAR,25-64,M,S,Y,A,1
2022,10,39,REGION VIII (EASTERN VISAYAS),SAMAR,5-14,M,S,Y,A,1
2022,10,39,REGION VIII (EASTERN VISAYAS),SAMAR,65+,M,S,Y,A,1
2022,10,39,REGION VIII (EASTERN VISAYAS),SOUTHERN LEYTE,15-24,F,S,Y,A,1
2022,10,39,REGION XI (DAVAO REGION),CITY OF DAVAO,25-64,M,S,Y,A,1
2022,10,39,REGION XI (DAVAO REGION),CITY OF DAVAO,5-14,M,S,Y,A,1
2022,10,39,REGION XI (DAVAO REGION),DAVAO DEL NORTE,5-14,F,S,Y,A,1
2022,10,40,CORDILLERA ADMINISTRATIVE REGION (CAR),MOUNTAIN PROVINCE,25-64,M,C,Y,A,1
2022,10,40,MIMAROPA REGION,ORIENTAL MINDORO,15-24,F,S,Y,A,1
2022,10,40,MIMAROPA REGION,ORIENTAL MINDORO,5-14,M,C,Y,A,1
2022,10,40,NEGROS ISLAND REGION (NIR),CITY OF BACOLOD,15-24,M,C,Y,A,2
2022,10,40,NEGROS ISLAND REGION (NIR),CITY OF BACOLOD,15-24,M,S,Y,A,1
2022,10,40,NEGROS ISLAND REGION (NIR),CITY OF BACOLOD,25-64,F,C,Y,A,2
2022,10,40,NEGROS ISLAND REGION (NIR),CITY OF BACOLOD,25-64,F,S,Y,A,5
2022,10,40,NEGROS ISLAND REGION (NIR),CITY OF BACOLOD,25-64,M,C,Y,A,1
2022,10,40,NEGROS ISLAND REGION (NIR),CITY OF BACOLOD,25-64,M,S,Y,A,2
2022,10,40,NEGROS ISLAND REGION (NIR),CITY OF BACOLOD,25-64,M,S,Y,D,1
2022,10,40,NEGROS ISLAND REGION (NIR),CITY OF BACOLOD,5-14,M,S,Y,A,1
2022,10,40,NEGROS ISLAND REGION (NIR),CITY OF BACOLOD,65+,F,S,Y,A,1
2022,10,40,NEGROS ISLAND REGION (NIR),NEGROS OCCIDENTAL,0-4,M,C,Y,A,1
2022,10,40,NEGROS ISLAND REGION (NIR),NEGROS OCCIDENTAL,15-24,M,S,Y,A,1
2022,10,40,NEGROS ISLAND REGION (NIR),NEGROS OCCIDENTAL,25-64,F,S,Y,A,1
2022,10,40,NEGROS ISLAND REGION (NIR),NEGROS OCCIDENTAL,25-64,M,C,Y,A,2
2022,10,40,NEGROS ISLAND REGION (NIR),NEGROS OCCIDENTAL,25-64,M,S,Y,A,6
2022,10,40,NEGROS ISLAND REGION (NIR),NEGROS OCCIDENTAL,25-64,M,S,Y,D,1
2022,10,40,NEGROS ISLAND REGION (NIR),NEGROS OCCIDENTAL,65+,M,S,Y,A,1
2022,10,40,REGION III (CENTRAL LUZON),CITY OF OLONGAPO,25-64,M,S,Y,A,1
2022,10,40,REGION IV-A (CALABARZON),QUEZON,Unknown,F,C,Y,A,1
2022,10,40,REGION IX (ZAMBOANGA PENINSULA),ZAMBOANGA SIBUGAY,15-24,M,S,Y,A,1
2022,10,40,REGION IX (ZAMBOANGA PENINSULA),ZAMBOANGA SIBUGAY,5-14,M,S,Y,A,1
2022,10,40,REGION V (BICOL REGION),MASBATE,25-64,F,S,Y,A,1
2022,10,40,REGION V (BICOL REGION),MASBATE,5-14,M,S,Y,A,1
2022,10,40,REGION VI (WESTERN VISAYAS),ANTIQUE,25-64,M,S,Y,A,1
2022,10,40,REGION VIII (EASTERN VISAYAS),EASTERN SAMAR,15-24,F,S,Y,A,2
2022,10,40,REGION VIII (EASTERN VISAYAS),EASTERN SAMAR,25-64,F,S,Y,A,3
2022,10,40,REGION VIII (EASTERN VISAYAS),EASTERN SAMAR,25-64,M,S,Y,A,3
2022,10,40,REGION VIII (EASTERN VISAYAS),EASTERN SAMAR,5-14,F,S,Y,A,1
2022,10,40,REGION VIII (EASTERN VISAYAS),EASTERN SAMAR,5-14,M,S,Y,A,2
2022,10,40,REGION VIII (EASTERN VISAYAS),EASTERN SAMAR,65+,F,S,Y,A,1
2022,10,40,REGION VIII (EASTERN VISAYAS),EASTERN SAMAR,65+,M,S,Y,A,1
2022,10,40,REGION VIII (EASTERN VISAYAS),LEYTE,15-24,M,S,Y,A,1
2022,10,40,REGION VIII (EASTERN VISAYAS),LEYTE,25-64,F,S,Y,A,5
2022,10,40,REGION VIII (EASTERN VISAYAS),LEYTE,25-64,M,S,Y,A,2
2022,10,40,REGION VIII (EASTERN VISAYAS),LEYTE,65+,F,S,Y,A,1
2022,10,40,REGION VIII (EASTERN VISAYAS),LEYTE,65+,M,S,Y,A,1
2022,10,40,REGION VIII (EASTERN VISAYAS),NORTHERN SAMAR,25-64,F,S,Y,A,2
2022,10,40,REGION VIII (EASTERN VISAYAS),NORTHERN SAMAR,5-14,F,S,Y,A,2
2022,10,40,REGION VIII (EASTERN VISAYAS),SAMAR,15-24,F,S,Y,A,6
2022,10,40,REGION VIII (EASTERN VISAYAS),SAMAR,15-24,M,S,Y,A,8
2022,10,40,REGION VIII (EASTERN VISAYAS),SAMAR,25-64,F,S,Y,A,10
2022,10,40,REGION VIII (EASTERN VISAYAS),SAMAR,25-64,M,S,Y,A,10
2022,10,40,REGION VIII (EASTERN VISAYAS),SAMAR,5-14,F,S,Y,A,6
2022,10,40,REGION VIII (EASTERN VISAYAS),SAMAR,5-14,M,S,Y,A,4
2022,10,40,REGION VIII (EASTERN VISAYAS),SAMAR,65+,F,S,Y,A,2
2022,10,40,REGION VIII (EASTERN VISAYAS),SAMAR,65+,M,S,Y,A,1
2022,10,40,REGION VIII (EASTERN VISAYAS),SOUTHERN LEYTE,15-24,M,S,Y,A,1
2022,10,40,REGION VIII (EASTERN VISAYAS),SOUTHERN LEYTE,25-64,F,S,Y,A,1
2022,10,40,REGION VIII (EASTERN VISAYAS),SOUTHERN LEYTE,65+,F,S,Y,A,1
2022,10,40,REGION X (NORTHERN MINDANAO),MISAMIS ORIENTAL,65+,F,S,Y,A,1
2022,10,40,REGION XI (DAVAO REGION),CITY OF DAVAO,5-14,M,C,Y,A,1
2022,10,40,REGION XI (DAVAO REGION),CITY OF DAVAO,5-14,M,S,Y,A,2
2022,10,40,REGION XI (DAVAO REGION),DAVAO DEL NORTE,15-24,M,C,Y,A,1
2022,10,40,REGION XI (DAVAO REGION),DAVAO DEL NORTE,15-24,M,S,Y,A,2
2022,10,40,REGION XI (DAVAO REGION),DAVAO DEL NORTE,5-14,M,S,Y,A,1
2022,10,40,REGION XII (SOCCSKSARGEN),CITY OF GENERAL SANTOS,25-64,M,S,Y,A,1
2022,10,40,REGION XIII (CARAGA),AGUSAN DEL SUR,25-64,M,S,Y,A,1
2022,10,41,CORDILLERA ADMINISTRATIVE REGION (CAR),APAYAO,15-24,M,S,Y,A,1
2022,10,41,CORDILLERA ADMINISTRATIVE REGION (CAR),APAYAO,25-64,M,S,Y,A,1
2022,10,41,NATIONAL CAPITAL REGION (NCR),CITY OF MANILA,5-14,F,C,Y,A,1
2022,10,41,NEGROS ISLAND REGION (NIR),CITY OF BACOLOD,0-4,M,C,Y,A,1
2022,10,41,NEGROS ISLAND REGION (NIR),CITY OF BACOLOD,25-64,F,S,Y,A,3
2022,10,41,NEGROS ISLAND REGION (NIR),CITY OF BACOLOD,25-64,M,S,Y,A,4
2022,10,41,NEGROS ISLAND REGION (NIR),CITY OF BACOLOD,5-14,F,C,Y,A,1
2022,10,41,NEGROS ISLAND REGION (NIR),CITY OF BACOLOD,5-14,M,C,Y,A,1
2022,10,41,NEGROS ISLAND REGION (NIR),CITY OF BACOLOD,65+,M,S,Y,A,1
2022,10,41,NEGROS ISLAND REGION (NIR),NEGROS OCCIDENTAL,15-24,F,S,Y,D,1
2022,10,41,NEGROS ISLAND REGION (NIR),NEGROS OCCIDENTAL,25-64,M,C,Y,A,1
2022,10,41,NEGROS ISLAND REGION (NIR),NEGROS OCCIDENTAL,25-64,M,C,Y,D,1
2022,10,41,NEGROS ISLAND REGION (NIR),NEGROS OCCIDENTAL,25-64,M,S,Y,A,1
2022,10,41,NEGROS ISLAND REGION (NIR),NEGROS OCCIDENTAL,65+,F,S,Y,A,1
2022,10,41,NEGROS ISLAND REGION (NIR),NEGROS ORIENTAL,15-24,M,S,Y,A,1
2022,10,41,REGION III (CENTRAL LUZON),AURORA,0-4,F,C,Y,A,1
2022,10,41,REGION III (CENTRAL LUZON),AURORA,15-24,F,C,Y,A,1
2022,10,41,REGION III (CENTRAL LUZON),AURORA,15-24,F,S,Y,A,11
2022,10,41,REGION III (CENTRAL LUZON),AURORA,15-24,M,S,Y,A,6
2022,10,41,REGION III (CENTRAL LUZON),AURORA,25-64,F,C,Y,A,1
2022,10,41,REGION III (CENTRAL LUZON),AURORA,25-64,F,S,Y,A,12
2022,10,41,REGION III (CENTRAL LUZON),AURORA,25-64,M,S,Y,A,21
2022,10,41,REGION III (CENTRAL LUZON),AURORA,25-64,M,S,Y,D,2
2022,10,41,REGION III (CENTRAL LUZON),AURORA,5-14,F,S,Y,A,5
2022,10,41,REGION III (CENTRAL LUZON),AURORA,5-14,M,C,Y,A,1
2022,10,41,REGION III (CENTRAL LUZON),AURORA,5-14,M,S,Y,A,7
2022,10,41,REGION III (CENTRAL LUZON),AURORA,65+,F,S,Y,A,2
2022,10,41,REGION III (CENTRAL LUZON),AURORA,65+,M,S,Y,A,4
2022,10,41,REGION III (CENTRAL LUZON),BATAAN,5-14,F,C,Y,A,1
2022,10,41,REGION III (CENTRAL LUZON),PAMPANGA,25-64,F,S,Y,A,2
2022,10,41,REGION III (CENTRAL LUZON),PAMPANGA,25-64,M,S,Y,A,1
2022,10,41,REGION III (CENTRAL LUZON),PAMPANGA,5-14,F,S,Y,A,2
2022,10,41,REGION IV-A (CALABARZON),CITY OF LUCENA,Unknown,M,C,Y,A,1
2022,10,41,REGION IX (ZAMBOANGA PENINSULA),CITY OF ZAMBOANGA,25-64,M,S,Y,A,1
2022,10,41,REGION V (BICOL REGION),CATANDUANES,25-64,F,S,Y,A,1
2022,10,41,REGION V (BICOL REGION),CATANDUANES,25-64,M,S,Y,A,2
2022,10,41,REGION VI (WESTERN VISAYAS),CAPIZ,5-14,M,S,Y,A,1
2022,10,41,REGION VI (WESTERN VISAYAS),CITY OF ILOILO,0-4,M,C,Y,A,1
2022,10,41,REGION VI (WESTERN VISAYAS),CITY OF ILOILO,15-24,M,C,Y,A,1
2022,10,41,REGION VI (WESTERN VISAYAS),CITY OF ILOILO,25-64,F,C,Y,A,1
2022,10,41,REGION VIII (EASTERN VISAYAS),CITY OF TACLOBAN,0-4,F,S,Y,A,1
2022,10,41,REGION VIII (EASTERN VISAYAS),CITY OF TACLOBAN,15-24,M,S,Y,A,2
2022,10,41,REGION VIII (EASTERN VISAYAS),CITY OF TACLOBAN,25-64,M,S,Y,A,3
2022,10,41,REGION VIII (EASTERN VISAYAS),CITY OF TACLOBAN,5-14,F,S,Y,A,2
2022,10,41,REGION VIII (EASTERN VISAYAS),CITY OF TACLOBAN,5-14,M,S,Y,A,1
2022,10,41,REGION VIII (EASTERN VISAYAS),EASTERN SAMAR,15-24,F,S,Y,A,3
2022,10,41,REGION VIII (EASTERN VISAYAS),EASTERN SAMAR,15-24,M,S,Y,A,3
2022,10,41,REGION VIII (EASTERN VISAYAS),EASTERN SAMAR,25-64,F,S,Y,A,5
2022,10,41,REGION VIII (EASTERN VISAYAS),EASTERN SAMAR,25-64,M,S,Y,A,2
2022,10,41,REGION VIII (EASTERN VISAYAS),EASTERN SAMAR,5-14,F,S,Y,A,2
2022,10,41,REGION VIII (EASTERN VISAYAS),EASTERN SAMAR,5-14,M,S,Y,A,2
2022,10,41,REGION VIII (EASTERN VISAYAS),EASTERN SAMAR,65+,M,S,Y,A,2
2022,10,41,REGION VIII (EASTERN VISAYAS),LEYTE,15-24,F,S,Y,A,2
2022,10,41,REGION VIII (EASTERN VISAYAS),LEYTE,15-24,M,S,Y,A,1
2022,10,41,REGION VIII (EASTERN VISAYAS),LEYTE,25-64,F,S,Y,A,3
2022,10,41,REGION VIII (EASTERN VISAYAS),LEYTE,25-64,M,S,Y,A,3
2022,10,41,REGION VIII (EASTERN VISAYAS),LEYTE,5-14,F,S,Y,A,5
2022,10,41,REGION VIII (EASTERN VISAYAS),LEYTE,5-14,M,S,Y,A,2
2022,10,41,REGION VIII (EASTERN VISAYAS),LEYTE,65+,F,S,Y,A,3
2022,10,41,REGION VIII (EASTERN VISAYAS),NORTHERN SAMAR,5-14,M,S,Y,A,1
2022,10,41,REGION VIII (EASTERN VISAYAS),SAMAR,15-24,F,S,Y,A,6
2022,10,41,REGION VIII (EASTERN VISAYAS),SAMAR,15-24,M,S,Y,A,5
2022,10,41,REGION VIII (EASTERN VISAYAS),SAMAR,25-64,F,S,Y,A,7
2022,10,41,REGION VIII (EASTERN VISAYAS),SAMAR,25-64,M,S,Y,A,5
2022,10,41,REGION VIII (EASTERN VISAYAS),SAMAR,5-14,F,S,Y,A,9
2022,10,41,REGION VIII (EASTERN VISAYAS),SAMAR,5-14,M,S,Y,A,11
2022,10,41,REGION VIII (EASTERN VISAYAS),SAMAR,65+,F,S,Y,A,5
2022,10,41,REGION VIII (EASTERN VISAYAS),SOUTHERN LEYTE,15-24,M,S,Y,A,1
2022,10,41,REGION VIII (EASTERN VISAYAS),SOUTHERN LEYTE,25-64,M,S,Y,A,2
2022,10,41,REGION VIII (EASTERN VISAYAS),SOUTHERN LEYTE,65+,F,S,Y,A,1
2022,10,41,REGION XI (DAVAO REGION),DAVAO DEL NORTE,15-24,F,S,Y,A,1
2022,10,41,REGION XI (DAVAO REGION),DAVAO DEL NORTE,5-14,F,S,Y,A,1
2022,10,41,REGION XI (DAVAO REGION),DAVAO DEL NORTE,5-14,M,S,Y,A,2
2022,10,41,REGION XII (SOCCSKSARGEN),CITY OF GENERAL SANTOS,25-64,F,C,Y,A,1
2022,10,41,REGION XII (SOCCSKSARGEN),CITY OF GENERAL SANTOS,5-14,F,C,Y,A,1
2022,10,41,REGION XII (SOCCSKSARGEN),CITY OF GENERAL SANTOS,5-14,F,C,Y,D,1
2022,10,41,REGION XII (SOCCSKSARGEN),CITY OF GENERAL SANTOS,5-14,M,C,Y,A,1
2022,10,41,REGION XII (SOCCSKSARGEN),SOUTH COTABATO,15-24,M,S,Y,A,1
2022,10,41,REGION XIII (CARAGA),CITY OF BUTUAN,25-64,M,S,Y,A,1
2022,10,41,REGION XIII (CARAGA),CITY OF BUTUAN,5-14,M,S,Y,A,1
2022,10,41,REGION XIII (CARAGA),SURIGAO DEL NORTE,5-14,M,S,Y,A,1
2022,10,42,NATIONAL CAPITAL REGION (NCR),CITY OF LAS PIÑAS,65+,M,S,Y,A,1
2022,10,42,NEGROS ISLAND REGION (NIR),CITY OF BACOLOD,0-4,F,C,Y,A,1
2022,10,42,NEGROS ISLAND REGION (NIR),CITY OF BACOLOD,15-24,F,S,Y,A,2
2022,10,42,NEGROS ISLAND REGION (NIR),CITY OF BACOLOD,25-64,F,C,Y,A,2
2022,10,42,NEGROS ISLAND REGION (NIR),CITY OF BACOLOD,25-64,F,S,Y,A,1
2022,10,42,NEGROS ISLAND REGION (NIR),CITY OF BACOLOD,25-64,M,S,Y,A,1
2022,10,42,NEGROS ISLAND REGION (NIR),NEGROS OCCIDENTAL,0-4,F,C,Y,A,1
2022,10,42,NEGROS ISLAND REGION (NIR),NEGROS OCCIDENTAL,25-64,F,C,Y,A,1
2022,10,42,NEGROS ISLAND REGION (NIR),NEGROS OCCIDENTAL,25-64,M,C,Y,A,1
2022,10,42,NEGROS ISLAND REGION (NIR),NEGROS OCCIDENTAL,5-14,F,C,Y,A,1
2022,10,42,NEGROS ISLAND REGION (NIR),NEGROS OCCIDENTAL,65+,M,C,Y,A,1
2022,10,42,REGION I (ILOCOS REGION),PANGASINAN,25-64,M,S,Y,A,1
2022,10,42,REGION III (CENTRAL LUZON),AURORA,0-4,M,C,Y,A,3
2022,10,42,REGION III (CENTRAL LUZON),AURORA,15-24,F,S,Y,A,8
2022,10,42,REGION III (CENTRAL LUZON),AURORA,15-24,M,C,Y,A,1
2022,10,42,REGION III (CENTRAL LUZON),AURORA,15-24,M,S,Y,A,11
2022,10,42,REGION III (CENTRAL LUZON),AURORA,25-64,F,C,Y,A,2
2022,10,42,REGION III (CENTRAL LUZON),AURORA,25-64,F,S,Y,A,21
2022,10,42,REGION III (CENTRAL LUZON),AURORA,25-64,M,C,Y,A,1
2022,10,42,REGION III (CENTRAL LUZON),AURORA,25-64,M,S,Y,A,15
2022,10,42,REGION III (CENTRAL LUZON),AURORA,5-14,F,C,Y,A,3
2022,10,42,REGION III (CENTRAL LUZON),AURORA,5-14,F,S,Y,A,8
2022,10,42,REGION III (CENTRAL LUZON),AURORA,5-14,M,S,Y,A,13
2022,10,42,REGION III (CENTRAL LUZON),AURORA,65+,F,C,Y,A,3
2022,10,42,REGION III (CENTRAL LUZON),AURORA,65+,F,S,Y,A,1
2022,10,42,REGION III (CENTRAL LUZON),AURORA,65+,M,S,Y,A,1
2022,10,42,REGION III (CENTRAL LUZON),CITY OF OLONGAPO,15-24,M,S,Y,A,1
2022,10,42,REGION III (CENTRAL LUZON),CITY OF OLONGAPO,25-64,F,S,Y,A,2
2022,10,42,REGION III (CENTRAL LUZON),CITY OF OLONGAPO,25-64,M,C,Y,A,1
2022,10,42,REGION III (CENTRAL LUZON),ZAMBALES,15-24,F,C,Y,A,1
2022,10,42,REGION III (CENTRAL LUZON),ZAMBALES,65+,M,S,Y,A,1
2022,10,42,REGION IV-A (CALABARZON),CITY OF LUCENA,Unknown,F,C,Y,A,5
2022,10,42,REGION IV-A (CALABARZON),CITY OF LUCENA,Unknown,M,C,Y,A,2
2022,10,42,REGION IX (ZAMBOANGA PENINSULA),CITY OF ZAMBOANGA,25-64,M,S,Y,A,1
2022,10,42,REGION V (BICOL REGION),CAMARINES SUR,25-64,M,S,Y,A,1
2022,10,42,REGION V (BICOL REGION),MASBATE,15-24,F,S,Y,A,2
2022,10,42,REGION V (BICOL REGION),MASBATE,25-64,F,S,Y,A,1
2022,10,42,REGION V (BICOL REGION),MASBATE,25-64,M,S,Y,A,3
2022,10,42,REGION VI (WESTERN VISAYAS),ANTIQUE,15-24,M,C,Y,A,1
2022,10,42,REGION VI (WESTERN VISAYAS),CITY OF ILOILO,0-4,M,C,Y,A,1
2022,10,42,REGION VI (WESTERN VISAYAS),CITY OF ILOILO,15-24,M,C,Y,A,1
2022,10,42,REGION VI (WESTERN VISAYAS),CITY OF ILOILO,25-64,F,C,Y,A,1
2022,10,42,REGION VI (WESTERN VISAYAS),CITY OF ILOILO,25-64,M,C,Y,A,1
2022,10,42,REGION VI (WESTERN VISAYAS),CITY OF ILOILO,65+,F,C,Y,A,1
2022,10,42,REGION VI (WESTERN VISAYAS),CITY OF ILOILO,Unknown,F,C,Y,A,1
2022,10,42,REGION VIII (EASTERN VISAYAS),CITY OF TACLOBAN,0-4,F,S,Y,A,4
2022,10,42,REGION VIII (EASTERN VISAYAS),CITY OF TACLOBAN,0-4,M,C,Y,D,1
2022,10,42,REGION VIII (EASTERN VISAYAS),CITY OF TACLOBAN,0-4,M,S,Y,A,3
2022,10,42,REGION VIII (EASTERN VISAYAS),CITY OF TACLOBAN,0-4,M,S,Y,D,1
2022,10,42,REGION VIII (EASTERN VISAYAS),CITY OF TACLOBAN,15-24,F,C,Y,A,1
2022,10,42,REGION VIII (EASTERN VISAYAS),CITY OF TACLOBAN,15-24,F,S,Y,A,5
2022,10,42,REGION VIII (EASTERN VISAYAS),CITY OF TACLOBAN,15-24,M,S,Y,A,9
2022,10,42,REGION VIII (EASTERN VISAYAS),CITY OF TACLOBAN,25-64,F,C,Y,A,3
2022,10,42,REGION VIII (EASTERN VISAYAS),CITY OF TACLOBAN,25-64,F,S,Y,A,4
2022,10,42,REGION VIII (EASTERN VISAYAS),CITY OF TACLOBAN,25-64,M,C,Y,A,1
2022,10,42,REGION VIII (EASTERN VISAYAS),CITY OF TACLOBAN,25-64,M,S,Y,A,2
2022,10,42,REGION VIII (EASTERN VISAYAS),CITY OF TACLOBAN,5-14,F,S,Y,A,6
2022,10,42,REGION VIII (EASTERN VISAYAS),CITY OF TACLOBAN,5-14,M,S,Y,A,4
2022,10,42,REGION VIII (EASTERN VISAYAS),CITY OF TACLOBAN,65+,F,S,Y,A,1
2022,10,42,REGION VIII (EASTERN VISAYAS),CITY OF TACLOBAN,Unknown,F,S,Y,A,13
2022,10,42,REGION VIII (EASTERN VISAYAS),CITY OF TACLOBAN,Unknown,M,S,Y,A,9
2022,10,42,REGION VIII (EASTERN VISAYAS),CITY OF TACLOBAN,Unknown,M,S,Y,D,1
2022,10,42,REGION VIII (EASTERN VISAYAS),EASTERN SAMAR,25-64,F,S,Y,A,1
2022,10,42,REGION VIII (EASTERN VISAYAS),EASTERN SAMAR,25-64,M,S,Y,A,1
2022,10,42,REGION VIII (EASTERN VISAYAS),EASTERN SAMAR,5-14,F,S,Y,A,2
2022,10,42,REGION VIII (EASTERN VISAYAS),EASTERN SAMAR,5-14,M,S,Y,A,4
2022,10,42,REGION VIII (EASTERN VISAYAS),EASTERN SAMAR,65+,F,S,Y,A,3
2022,10,42,REGION VIII (EASTERN VISAYAS),EASTERN SAMAR,65+,M,S,Y,A,1
2022,10,42,REGION VIII (EASTERN VISAYAS),LEYTE,15-24,F,S,Y,A,1
2022,10,42,REGION VIII (EASTERN VISAYAS),LEYTE,25-64,F,S,Y,A,1
2022,10,42,REGION VIII (EASTERN VISAYAS),LEYTE,25-64,M,S,Y,A,3
2022,10,42,REGION VIII (EASTERN VISAYAS),LEYTE,25-64,M,S,Y,D,1
2022,10,42,REGION VIII (EASTERN VISAYAS),LEYTE,5-14,F,S,Y,A,2
2022,10,42,REGION VIII (EASTERN VISAYAS),LEYTE,5-14,M,S,Y,A,4
2022,10,42,REGION VIII (EASTERN VISAYAS),LEYTE,65+,F,S,Y,A,2
2022,10,42,REGION VIII (EASTERN VISAYAS),LEYTE,65+,M,S,Y,A,1
2022,10,42,REGION VIII (EASTERN VISAYAS),NORTHERN SAMAR,25-64,M,S,Y,A,2
2022,10,42,REGION VIII (EASTERN VISAYAS),NORTHERN SAMAR,5-14,M,S,Y,A,1
2022,10,42,REGION VIII (EASTERN VISAYAS),SAMAR,15-24,F,S,Y,A,5
2022,10,42,REGION VIII (EASTERN VISAYAS),SAMAR,15-24,M,S,Y,A,1
2022,10,42,REGION VIII (EASTERN VISAYAS),SAMAR,25-64,F,S,Y,A,6
2022,10,42,REGION VIII (EASTERN VISAYAS),SAMAR,25-64,M,S,Y,A,3
2022,10,42,REGION VIII (EASTERN VISAYAS),SAMAR,25-64,M,S,Y,D,1
2022,10,42,REGION VIII (EASTERN VISAYAS),SAMAR,5-14,F,S,Y,A,4
2022,10,42,REGION VIII (EASTERN VISAYAS),SAMAR,5-14,M,S,Y,A,6
2022,10,42,REGION VIII (EASTERN VISAYAS),SAMAR,65+,F,S,Y,A,2
2022,10,42,REGION VIII (EASTERN VISAYAS),SAMAR,65+,M,S,Y,A,1
2022,10,42,REGION VIII (EASTERN VISAYAS),SOUTHERN LEYTE,25-64,F,S,Y,A,1
2022,10,42,REGION VIII (EASTERN VISAYAS),SOUTHERN LEYTE,25-64,M,S,Y,A,1
2022,10,42,REGION VIII (EASTERN VISAYAS),SOUTHERN LEYTE,5-14,M,S,Y,A,1
2022,10,42,REGION VIII (EASTERN VISAYAS),SOUTHERN LEYTE,65+,F,S,Y,A,1
2022,10,42,REGION X (NORTHERN MINDANAO),CITY OF CAGAYAN DE ORO,5-14,M,S,Y,A,1
2022,10,42,REGION XI (DAVAO REGION),DAVAO DEL NORTE,5-14,F,S,Y,A,2
2022,10,42,REGION XI (DAVAO REGION),DAVAO DEL NORTE,5-14,M,S,Y,A,2
2022,10,42,REGION XII (SOCCSKSARGEN),SOUTH COTABATO,15-24,F,C,Y,A,1
2022,10,42,REGION XII (SOCCSKSARGEN),SOUTH COTABATO,15-24,F,S,Y,A,9
2022,10,42,REGION XII (SOCCSKSARGEN),SOUTH COTABATO,15-24,M,S,Y,A,17
2022,10,42,REGION XII (SOCCSKSARGEN),SOUTH COTABATO,15-24,M,S,Y,D,1
2022,10,42,REGION XII (SOCCSKSARGEN),SOUTH COTABATO,25-64,F,S,Y,A,13
2022,10,42,REGION XII (SOCCSKSARGEN),SOUTH COTABATO,25-64,F,S,Y,D,1
2022,10,42,REGION XII (SOCCSKSARGEN),SOUTH COTABATO,25-64,M,S,Y,A,15
2022,10,42,REGION XII (SOCCSKSARGEN),SOUTH COTABATO,5-14,F,C,Y,A,4
2022,10,42,REGION XII (SOCCSKSARGEN),SOUTH COTABATO,5-14,F,S,Y,A,11
2022,10,42,REGION XII (SOCCSKSARGEN),SOUTH COTABATO,5-14,M,C,Y,A,2
2022,10,42,REGION XII (SOCCSKSARGEN),SOUTH COTABATO,5-14,M,S,Y,A,20
2022,10,42,REGION XII (SOCCSKSARGEN),SOUTH COTABATO,65+,M,S,Y,A,2
2022,10,42,REGION XII (SOCCSKSARGEN),SOUTH COTABATO,65+,M,S,Y,D,1
2022,10,42,REGION XIII (CARAGA),SURIGAO DEL NORTE,65+,F,S,Y,A,1
2022,10,43,NATIONAL CAPITAL REGION (NCR),CITY OF MANILA,5-14,F,S,Y,A,1
2022,10,43,NEGROS ISLAND REGION (NIR),CITY OF BACOLOD,0-4,F,C,Y,A,1
2022,10,43,NEGROS ISLAND REGION (NIR),CITY OF BACOLOD,15-24,F,S,Y,A,3
2022,10,43,NEGROS ISLAND REGION (NIR),CITY OF BACOLOD,15-24,M,S,Y,A,2
2022,10,43,NEGROS ISLAND REGION (NIR),CITY OF BACOLOD,25-64,F,S,Y,A,3
2022,10,43,NEGROS ISLAND REGION (NIR),CITY OF BACOLOD,25-64,F,S,Y,D,1
2022,10,43,NEGROS ISLAND REGION (NIR),CITY OF BACOLOD,25-64,M,S,Y,A,2
2022,10,43,NEGROS ISLAND REGION (NIR),CITY OF BACOLOD,65+,F,S,Y,A,2
2022,10,43,NEGROS ISLAND REGION (NIR),NEGROS OCCIDENTAL,0-4,M,C,Y,A,1
2022,10,43,NEGROS ISLAND REGION (NIR),NEGROS OCCIDENTAL,15-24,F,C,Y,A,1
2022,10,43,NEGROS ISLAND REGION (NIR),NEGROS OCCIDENTAL,15-24,M,C,Y,A,2
2022,10,43,NEGROS ISLAND REGION (NIR),NEGROS OCCIDENTAL,15-24,M,S,Y,A,1
2022,10,43,NEGROS ISLAND REGION (NIR),NEGROS OCCIDENTAL,25-64,F,S,Y,A,1
2022,10,43,NEGROS ISLAND REGION (NIR),NEGROS OCCIDENTAL,25-64,M,S,Y,A,1
2022,10,43,NEGROS ISLAND REGION (NIR),NEGROS OCCIDENTAL,65+,F,S,Y,A,1
2022,10,43,NEGROS ISLAND REGION (NIR),NEGROS OCCIDENTAL,65+,M,S,Y,A,1
2022,10,43,REGION III (CENTRAL LUZON),AURORA,15-24,F,S,Y,A,4
2022,10,43,REGION III (CENTRAL LUZON),AURORA,15-24,M,S,Y,A,4
2022,10,43,REGION III (CENTRAL LUZON),AURORA,25-64,F,S,Y,A,14
2022,10,43,REGION III (CENTRAL LUZON),AURORA,25-64,M,S,Y,A,15
2022,10,43,REGION III (CENTRAL LUZON),AURORA,25-64,M,S,Y,D,1
2022,10,43,REGION III (CENTRAL LUZON),AURORA,5-14,F,C,Y,A,1
2022,10,43,REGION III (CENTRAL LUZON),AURORA,5-14,F,S,Y,A,7
2022,10,43,REGION III (CENTRAL LUZON),AURORA,5-14,M,S,Y,A,4
2022,10,43,REGION III (CENTRAL LUZON),AURORA,65+,F,S,Y,A,1
2022,10,43,REGION III (CENTRAL LUZON),AURORA,65+,M,S,Y,A,1
2022,10,43,REGION IV-A (CALABARZON),CITY OF LUCENA,Unknown,F,C,Y,A,1
2022,10,43,REGION IX (ZAMBOANGA PENINSULA),CITY OF ZAMBOANGA,15-24,F,S,Y,A,1
2022,10,43,REGION IX (ZAMBOANGA PENINSULA),CITY OF ZAMBOANGA,25-64,M,S,Y,A,1
2022,10,43,REGION IX (ZAMBOANGA PENINSULA),CITY OF ZAMBOANGA,5-14,M,S,Y,A,1
2022,10,43,REGION IX (ZAMBOANGA PENINSULA),ZAMBOANGA DEL SUR,25-64,M,S,Y,A,1
2022,10,43,REGION V (BICOL REGION),CAMARINES SUR,65+,F,S,Y,A,1
2022,10,43,REGION V (BICOL REGION),MASBATE,5-14,F,S,Y,A,2
2022,10,43,REGION V (BICOL REGION),MASBATE,5-14,M,S,Y,A,1
2022,10,43,REGION VI (WESTERN VISAYAS),ANTIQUE,65+,F,C,Y,A,1
2022,10,43,REGION VI (WESTERN VISAYAS),CITY OF ILOILO,0-4,M,C,Y,A,1
2022,10,43,REGION VI (WESTERN VISAYAS),CITY OF ILOILO,5-14,M,C,Y,A,1
2022,10,43,REGION VI (WESTERN VISAYAS),CITY OF ILOILO,65+,M,C,Y,A,1
2022,10,43,REGION VIII (EASTERN VISAYAS),BILIRAN,15-24,M,S,Y,A,1
2022,10,43,REGION VIII (EASTERN VISAYAS),BILIRAN,5-14,F,S,Y,A,1
2022,10,43,REGION VIII (EASTERN VISAYAS),CITY OF TACLOBAN,0-4,F,C,Y,A,2
2022,10,43,REGION VIII (EASTERN VISAYAS),CITY OF TACLOBAN,0-4,F,S,Y,A,19
2022,10,43,REGION VIII (EASTERN VISAYAS),CITY OF TACLOBAN,0-4,F,S,Y,D,1
2022,10,43,REGION VIII (EASTERN VISAYAS),CITY OF TACLOBAN,0-4,M,C,Y,A,1
2022,10,43,REGION VIII (EASTERN VISAYAS),CITY OF TACLOBAN,0-4,M,S,Y,A,28
2022,10,43,REGION VIII (EASTERN VISAYAS),CITY OF TACLOBAN,15-24,F,C,Y,A,2
2022,10,43,REGION VIII (EASTERN VISAYAS),CITY OF TACLOBAN,15-24,F,S,Y,A,28
2022,10,43,REGION VIII (EASTERN VISAYAS),CITY OF TACLOBAN,15-24,M,C,Y,A,4
2022,10,43,REGION VIII (EASTERN VISAYAS),CITY OF TACLOBAN,15-24,M,S,Y,A,23
2022,10,43,REGION VIII (EASTERN VISAYAS),CITY OF TACLOBAN,25-64,F,C,Y,A,7
2022,10,43,REGION VIII (EASTERN VISAYAS),CITY OF TACLOBAN,25-64,F,S,Y,A,38
2022,10,43,REGION VIII (EASTERN VISAYAS),CITY OF TACLOBAN,25-64,M,C,Y,A,2
2022,10,43,REGION VIII (EASTERN VISAYAS),CITY OF TACLOBAN,25-64,M,S,Y,A,23
2022,10,43,REGION VIII (EASTERN VISAYAS),CITY OF TACLOBAN,5-14,F,C,Y,A,8
2022,10,43,REGION VIII (EASTERN VISAYAS),CITY OF TACLOBAN,5-14,F,S,Y,A,31
2022,10,43,REGION VIII (EASTERN VISAYAS),CITY OF TACLOBAN,5-14,M,C,Y,A,5
2022,10,43,REGION VIII (EASTERN VISAYAS),CITY OF TACLOBAN,5-14,M,S,Y,A,34
2022,10,43,REGION VIII (EASTERN VISAYAS),CITY OF TACLOBAN,5-14,M,S,Y,D,1
2022,10,43,REGION VIII (EASTERN VISAYAS),CITY OF TACLOBAN,65+,F,C,Y,A,1
2022,10,43,REGION VIII (EASTERN VISAYAS),CITY OF TACLOBAN,65+,F,S,Y,A,5
2022,10,43,REGION VIII (EASTERN VISAYAS),CITY OF TACLOBAN,65+,F,S,Y,D,1
2022,10,43,REGION VIII (EASTERN VISAYAS),CITY OF TACLOBAN,Unknown,F,S,Y,A,72
2022,10,43,REGION VIII (EASTERN VISAYAS),CITY OF TACLOBAN,Unknown,M,S,Y,A,59
2022,10,43,REGION VIII (EASTERN VISAYAS),CITY OF TACLOBAN,Unknown,M,S,Y,D,1
2022,10,43,REGION VIII (EASTERN VISAYAS),EASTERN SAMAR,15-24,F,S,Y,A,1
2022,10,43,REGION VIII (EASTERN VISAYAS),EASTERN SAMAR,25-64,F,S,Y,A,3
2022,10,43,REGION VIII (EASTERN VISAYAS),EASTERN SAMAR,25-64,M,S,Y,A,2
2022,10,43,REGION VIII (EASTERN VISAYAS),EASTERN SAMAR,5-14,F,S,Y,A,3
2022,10,43,REGION VIII (EASTERN VISAYAS),LEYTE,15-24,F,S,Y,A,4
2022,10,43,REGION VIII (EASTERN VISAYAS),LEYTE,15-24,M,S,Y,A,2
2022,10,43,REGION VIII (EASTERN VISAYAS),LEYTE,25-64,F,C,Y,A,1
2022,10,43,REGION VIII (EASTERN VISAYAS),LEYTE,25-64,F,S,Y,A,3
2022,10,43,REGION VIII (EASTERN VISAYAS),LEYTE,25-64,M,S,Y,A,9
2022,10,43,REGION VIII (EASTERN VISAYAS),LEYTE,5-14,F,C,Y,A,1
2022,10,43,REGION VIII (EASTERN VISAYAS),LEYTE,5-14,F,S,Y,A,1
2022,10,43,REGION VIII (EASTERN VISAYAS),LEYTE,5-14,M,S,Y,A,1
2022,10,43,REGION VIII (EASTERN VISAYAS),LEYTE,65+,F,S,Y,A,1
2022,10,43,REGION VIII (EASTERN VISAYAS),NORTHERN SAMAR,15-24,F,S,Y,A,2
2022,10,43,REGION VIII (EASTERN VISAYAS),NORTHERN SAMAR,25-64,F,S,Y,A,1
2022,10,43,REGION VIII (EASTERN VISAYAS),NORTHERN SAMAR,5-14,M,S,Y,A,1
2022,10,43,REGION VIII (EASTERN VISAYAS),SAMAR,0-4,M,C,Y,A,1
2022,10,43,REGION VIII (EASTERN VISAYAS),SAMAR,15-24,F,S,Y,A,3
2022,10,43,REGION VIII (EASTERN VISAYAS),SAMAR,15-24,M,S,Y,A,6
2022,10,43,REGION VIII (EASTERN VISAYAS),SAMAR,25-64,F,S,Y,A,11
2022,10,43,REGION VIII (EASTERN VISAYAS),SAMAR,25-64,M,S,Y,A,9
2022,10,43,REGION VIII (EASTERN VISAYAS),SAMAR,5-14,F,S,Y,A,5
2022,10,43,REGION VIII (EASTERN VISAYAS),SAMAR,5-14,M,S,Y,A,7
2022,10,43,REGION VIII (EASTERN VISAYAS),SAMAR,65+,M,S,Y,A,3
2022,10,43,REGION VIII (EASTERN VISAYAS),SOUTHERN LEYTE,25-64,F,S,Y,A,2
2022,10,43,REGION VIII (EASTERN VISAYAS),SOUTHERN LEYTE,5-14,M,S,Y,A,1
2022,10,43,REGION XI (DAVAO REGION),DAVAO DEL NORTE,5-14,M,S,Y,A,1
2022,10,43,REGION XIII (CARAGA),CITY OF BUTUAN,5-14,F,S,Y,A,1
2022,10,43,REGION XIII (CARAGA),CITY OF BUTUAN,65+,M,S,Y,A,1
2022,10,44,NEGROS ISLAND REGION (NIR),CITY OF BACOLOD,15-24,F,S,Y,A,1
2022,10,44,NEGROS ISLAND REGION (NIR),CITY OF BACOLOD,25-64,F,C,Y,A,2
2022,10,44,NEGROS ISLAND REGION (NIR),CITY OF BACOLOD,25-64,F,S,Y,A,1
2022,10,44,NEGROS ISLAND REGION (NIR),CITY OF BACOLOD,25-64,M,S,Y,A,4
2022,10,44,NEGROS ISLAND REGION (NIR),NEGROS OCCIDENTAL,0-4,M,C,Y,A,2
2022,10,44,NEGROS ISLAND REGION (NIR),NEGROS OCCIDENTAL,15-24,M,C,Y,A,1
2022,10,44,NEGROS ISLAND REGION (NIR),NEGROS OCCIDENTAL,25-64,F,C,Y,A,1
2022,10,44,NEGROS ISLAND REGION (NIR),NEGROS OCCIDENTAL,25-64,M,C,Y,A,1
2022,10,44,NEGROS ISLAND REGION (NIR),NEGROS OCCIDENTAL,25-64,M,S,Y,A,1
2022,10,44,NEGROS ISLAND REGION (NIR),NEGROS OCCIDENTAL,5-14,F,C,Y,A,1
2022,10,44,NEGROS ISLAND REGION (NIR),NEGROS OCCIDENTAL,65+,F,C,Y,A,1
2022,10,44,REGION III (CENTRAL LUZON),AURORA,15-24,F,S,Y,A,2
2022,10,44,REGION III (CENTRAL LUZON),AURORA,15-24,M,S,Y,A,2
2022,10,44,REGION III (CENTRAL LUZON),AURORA,25-64,F,S,Y,A,1
2022,10,44,REGION III (CENTRAL LUZON),AURORA,25-64,M,S,Y,A,5
2022,10,44,REGION III (CENTRAL LUZON),AURORA,65+,F,S,Y,A,2
2022,10,44,REGION III (CENTRAL LUZON),CITY OF ANGELES,25-64,M,S,Y,A,1
2022,10,44,REGION III (CENTRAL LUZON),PAMPANGA,5-14,F,S,Y,A,1
2022,10,44,REGION V (BICOL REGION),CATANDUANES,25-64,M,S,Y,A,1
2022,10,44,REGION VI (WESTERN VISAYAS),CITY OF ILOILO,0-4,F,C,Y,A,1
2022,10,44,REGION VI (WESTERN VISAYAS),CITY OF ILOILO,5-14,M,C,Y,A,1
2022,10,44,REGION VIII (EASTERN VISAYAS),CITY OF TACLOBAN,0-4,F,S,Y,A,6
2022,10,44,REGION VIII (EASTERN VISAYAS),CITY OF TACLOBAN,0-4,M,C,Y,A,1
2022,10,44,REGION VIII (EASTERN VISAYAS),CITY OF TACLOBAN,0-4,M,S,Y,A,1
2022,10,44,REGION VIII (EASTERN VISAYAS),CITY OF TACLOBAN,15-24,F,S,Y,A,2
2022,10,44,REGION VIII (EASTERN VISAYAS),CITY OF TACLOBAN,15-24,M,S,Y,A,3
2022,10,44,REGION VIII (EASTERN VISAYAS),CITY OF TACLOBAN,25-64,F,S,Y,A,2
2022,10,44,REGION VIII (EASTERN VISAYAS),CITY OF TACLOBAN,25-64,M,C,Y,A,1
2022,10,44,REGION VIII (EASTERN VISAYAS),CITY OF TACLOBAN,25-64,M,S,Y,A,2
2022,10,44,REGION VIII (EASTERN VISAYAS),CITY OF TACLOBAN,5-14,F,S,Y,A,3
2022,10,44,REGION VIII (EASTERN VISAYAS),CITY OF TACLOBAN,5-14,M,S,Y,A,4
2022,10,44,REGION VIII (EASTERN VISAYAS),CITY OF TACLOBAN,65+,F,S,Y,A,1
2022,10,44,REGION VIII (EASTERN VISAYAS),CITY OF TACLOBAN,65+,M,S,Y,A,2
2022,10,44,REGION VIII (EASTERN VISAYAS),CITY OF TACLOBAN,Unknown,F,S,Y,A,4
2022,10,44,REGION VIII (EASTERN VISAYAS),CITY OF TACLOBAN,Unknown,M,S,Y,A,3
2022,10,44,REGION VIII (EASTERN VISAYAS),EASTERN SAMAR,25-64,F,S,Y,A,2
2022,10,44,REGION VIII (EASTERN VISAYAS),EASTERN SAMAR,5-14,F,S,Y,A,1
2022,10,44,REGION VIII (EASTERN VISAYAS),LEYTE,15-24,F,S,Y,A,1
2022,10,44,REGION VIII (EASTERN VISAYAS),LEYTE,25-64,F,S,Y,A,1
2022,10,44,REGION VIII (EASTERN VISAYAS),LEYTE,25-64,M,S,Y,A,1
2022,10,44,REGION VIII (EASTERN VISAYAS),LEYTE,25-64,M,S,Y,D,1
2022,10,44,REGION VIII (EASTERN VISAYAS),LEYTE,5-14,F,S,Y,A,1
2022,10,44,REGION VIII (EASTERN VISAYAS),LEYTE,5-14,M,S,Y,A,1
2022,10,44,REGION VIII (EASTERN VISAYAS),LEYTE,65+,M,S,Y,A,2
2022,10,44,REGION VIII (EASTERN VISAYAS),NORTHERN SAMAR,15-24,M,S,Y,A,1
2022,10,44,REGION VIII (EASTERN VISAYAS),NORTHERN SAMAR,25-64,F,S,Y,A,2
2022,10,44,REGION VIII (EASTERN VISAYAS),NORTHERN SAMAR,25-64,M,S,Y,A,2
2022,10,44,REGION VIII (EASTERN VISAYAS),NORTHERN SAMAR,5-14,M,S,Y,A,1
2022,10,44,REGION VIII (EASTERN VISAYAS),NORTHERN SAMAR,65+,F,S,Y,A,2
2022,10,44,REGION VIII (EASTERN VISAYAS),SAMAR,15-24,F,S,Y,A,2
2022,10,44,REGION VIII (EASTERN VISAYAS),SAMAR,15-24,M,S,Y,A,1
2022,10,44,REGION VIII (EASTERN VISAYAS),SAMAR,25-64,F,S,Y,A,4
2022,10,44,REGION VIII (EASTERN VISAYAS),SAMAR,25-64,M,S,Y,A,3
2022,10,44,REGION VIII (EASTERN VISAYAS),SAMAR,5-14,F,S,Y,A,3
2022,10,44,REGION VIII (EASTERN VISAYAS),SAMAR,5-14,M,S,Y,A,1
2022,10,44,REGION VIII (EASTERN VISAYAS),SAMAR,65+,F,S,Y,A,1
2022,10,44,REGION VIII (EASTERN VISAYAS),SOUTHERN LEYTE,25-64,F,S,Y,A,1
2022,10,44,REGION VIII (EASTERN VISAYAS),SOUTHERN LEYTE,25-64,M,S,Y,A,1
2022,11,44,CORDILLERA ADMINISTRATIVE REGION (CAR),CITY OF BAGUIO,25-64,F,S,Y,A,1
2022,11,44,NATIONAL CAPITAL REGION (NCR),CITY OF PARAÑAQUE,15-24,F,C,Y,A,1
2022,11,44,NEGROS ISLAND REGION (NIR),CITY OF BACOLOD,15-24,F,C,Y,A,1
2022,11,44,NEGROS ISLAND REGION (NIR),CITY OF BACOLOD,15-24,M,C,Y,A,1
2022,11,44,NEGROS ISLAND REGION (NIR),CITY OF BACOLOD,25-64,F,C,Y,A,2
2022,11,44,NEGROS ISLAND REGION (NIR),CITY OF BACOLOD,25-64,F,S,Y,A,1
2022,11,44,NEGROS ISLAND REGION (NIR),CITY OF BACOLOD,25-64,M,C,Y,A,1
2022,11,44,NEGROS ISLAND REGION (NIR),CITY OF BACOLOD,25-64,M,S,Y,A,3
2022,11,44,NEGROS ISLAND REGION (NIR),NEGROS OCCIDENTAL,0-4,F,C,Y,A,1
2022,11,44,NEGROS ISLAND REGION (NIR),NEGROS OCCIDENTAL,0-4,M,C,Y,A,1
2022,11,44,NEGROS ISLAND REGION (NIR),NEGROS OCCIDENTAL,15-24,M,C,Y,A,1
2022,11,44,NEGROS ISLAND REGION (NIR),NEGROS OCCIDENTAL,25-64,F,C,Y,A,2
2022,11,44,NEGROS ISLAND REGION (NIR),NEGROS OCCIDENTAL,25-64,F,S,Y,A,1
2022,11,44,NEGROS ISLAND REGION (NIR),NEGROS OCCIDENTAL,5-14,M,C,Y,A,2
2022,11,44,NEGROS ISLAND REGION (NIR),NEGROS OCCIDENTAL,5-14,M,S,Y,A,1
2022,11,44,REGION III (CENTRAL LUZON),AURORA,15-24,F,S,Y,A,3
2022,11,44,REGION III (CENTRAL LUZON),AURORA,15-24,M,S,Y,A,5
2022,11,44,REGION III (CENTRAL LUZON),AURORA,25-64,F,S,Y,A,5
2022,11,44,REGION III (CENTRAL LUZON),AURORA,25-64,M,S,Y,A,12
2022,11,44,REGION III (CENTRAL LUZON),AURORA,25-64,M,S,Y,D,1
2022,11,44,REGION III (CENTRAL LUZON),AURORA,5-14,F,S,Y,A,1
2022,11,44,REGION III (CENTRAL LUZON),AURORA,5-14,F,S,Y,D,1
2022,11,44,REGION III (CENTRAL LUZON),AURORA,5-14,M,S,Y,A,5
2022,11,44,REGION III (CENTRAL LUZON),ZAMBALES,5-14,F,S,Y,A,1
2022,11,44,REGION IV-A (CALABARZON),LAGUNA,15-24,M,S,Y,A,5
2022,11,44,REGION IV-A (CALABARZON),LAGUNA,25-64,F,S,Y,A,1
2022,11,44,REGION IV-A (CALABARZON),LAGUNA,25-64,M,S,Y,A,18
2022,11,44,REGION IV-A (CALABARZON),LAGUNA,25-64,M,S,Y,D,1
2022,11,44,REGION IX (ZAMBOANGA PENINSULA),ZAMBOANGA DEL SUR,15-24,F,S,Y,A,1
2022,11,44,REGION IX (ZAMBOANGA PENINSULA),ZAMBOANGA DEL SUR,25-64,M,S,Y,A,1
2022,11,44,REGION V (BICOL REGION),CAMARINES SUR,5-14,F,S,Y,A,1
2022,11,44,REGION V (BICOL REGION),CATANDUANES,15-24,M,S,Y,A,1
2022,11,44,REGION V (BICOL REGION),CATANDUANES,25-64,F,S,Y,A,1
2022,11,44,REGION V (BICOL REGION),CATANDUANES,5-14,F,S,Y,A,4
2022,11,44,REGION V (BICOL REGION),CATANDUANES,5-14,M,S,Y,A,1
2022,11,44,REGION V (BICOL REGION),MASBATE,15-24,F,S,Y,A,2
2022,11,44,REGION V (BICOL REGION),MASBATE,5-14,M,S,Y,A,1
2022,11,44,REGION VI (WESTERN VISAYAS),ANTIQUE,15-24,F,C,Y,A,1
2022,11,44,REGION VI (WESTERN VISAYAS),ANTIQUE,25-64,F,S,Y,A,1
2022,11,44,REGION VI (WESTERN VISAYAS),ANTIQUE,25-64,M,C,Y,A,1
2022,11,44,REGION VIII (EASTERN VISAYAS),CITY OF TACLOBAN,0-4,F,S,Y,A,4
2022,11,44,REGION VIII (EASTERN VISAYAS),CITY OF TACLOBAN,0-4,M,S,Y,A,9
2022,11,44,REGION VIII (EASTERN VISAYAS),CITY OF TACLOBAN,15-24,F,C,Y,A,1
2022,11,44,REGION VIII (EASTERN VISAYAS),CITY OF TACLOBAN,15-24,F,S,Y,A,4
2022,11,44,REGION VIII (EASTERN VISAYAS),CITY OF TACLOBAN,15-24,M,C,Y,A,2
2022,11,44,REGION VIII (EASTERN VISAYAS),CITY OF TACLOBAN,15-24,M,S,Y,A,3
2022,11,44,REGION VIII (EASTERN VISAYAS),CITY OF TACLOBAN,25-64,F,C,Y,A,1
2022,11,44,REGION VIII (EASTERN VISAYAS),CITY OF TACLOBAN,25-64,F,S,Y,A,6
2022,11,44,REGION VIII (EASTERN VISAYAS),CITY OF TACLOBAN,25-64,M,S,Y,A,3
2022,11,44,REGION VIII (EASTERN VISAYAS),CITY OF TACLOBAN,5-14,F,S,Y,A,1
2022,11,44,REGION VIII (EASTERN VISAYAS),CITY OF TACLOBAN,5-14,M,S,Y,A,6
2022,11,44,REGION VIII (EASTERN VISAYAS),CITY OF TACLOBAN,Unknown,F,C,Y,A,1
2022,11,44,REGION VIII (EASTERN VISAYAS),CITY OF TACLOBAN,Unknown,F,S,Y,A,5
2022,11,44,REGION VIII (EASTERN VISAYAS),CITY OF TACLOBAN,Unknown,M,C,Y,A,1
2022,11,44,REGION VIII (EASTERN VISAYAS),CITY OF TACLOBAN,Unknown,M,S,Y,A,3
2022,11,44,REGION VIII (EASTERN VISAYAS),EASTERN SAMAR,15-24,F,S,Y,A,8
2022,11,44,REGION VIII (EASTERN VISAYAS),EASTERN SAMAR,15-24,M,S,Y,A,6
2022,11,44,REGION VIII (EASTERN VISAYAS),EASTERN SAMAR,25-64,F,S,Y,A,2
2022,11,44,REGION VIII (EASTERN VISAYAS),EASTERN SAMAR,25-64,M,S,Y,A,2
2022,11,44,REGION VIII (EASTERN VISAYAS),EASTERN SAMAR,5-14,F,S,Y,A,1
2022,11,44,REGION VIII (EASTERN VISAYAS),EASTERN SAMAR,5-14,M,S,Y,A,5
2022,11,44,REGION VIII (EASTERN VISAYAS),EASTERN SAMAR,65+,M,S,Y,A,1
2022,11,44,REGION VIII (EASTERN VISAYAS),LEYTE,15-24,F,S,Y,A,2
2022,11,44,REGION VIII (EASTERN VISAYAS),LEYTE,25-64,F,S,Y,A,3
2022,11,44,REGION VIII (EASTERN VISAYAS),LEYTE,25-64,M,C,Y,A,1
2022,11,44,REGION VIII (EASTERN VISAYAS),LEYTE,25-64,M,S,Y,A,7
2022,11,44,REGION VIII (EASTERN VISAYAS),LEYTE,5-14,F,S,Y,A,3
2022,11,44,REGION VIII (EASTERN VISAYAS),LEYTE,5-14,M,S,Y,A,9
2022,11,44,REGION VIII (EASTERN VISAYAS),LEYTE,65+,F,S,Y,A,3
2022,11,44,REGION VIII (EASTERN VISAYAS),LEYTE,65+,M,S,Y,A,1
2022,11,44,REGION VIII (EASTERN VISAYAS),NORTHERN SAMAR,15-24,M,S,Y,A,1
2022,11,44,REGION VIII (EASTERN VISAYAS),NORTHERN SAMAR,25-64,F,S,Y,A,1
2022,11,44,REGION VIII (EASTERN VISAYAS),NORTHERN SAMAR,25-64,M,S,Y,A,2
2022,11,44,REGION VIII (EASTERN VISAYAS),SAMAR,15-24,F,S,Y,A,4
2022,11,44,REGION VIII (EASTERN VISAYAS),SAMAR,15-24,M,S,Y,A,4
2022,11,44,REGION VIII (EASTERN VISAYAS),SAMAR,25-64,F,S,Y,A,5
2022,11,44,REGION VIII (EASTERN VISAYAS),SAMAR,25-64,M,S,Y,A,6
2022,11,44,REGION VIII (EASTERN VISAYAS),SAMAR,5-14,F,S,Y,A,3
2022,11,44,REGION VIII (EASTERN VISAYAS),SAMAR,5-14,M,S,Y,A,6
2022,11,44,REGION VIII (EASTERN VISAYAS),SAMAR,65+,F,S,Y,A,1
2022,11,44,REGION VIII (EASTERN VISAYAS),SOUTHERN LEYTE,15-24,M,S,Y,A,2
2022,11,44,REGION X (NORTHERN MINDANAO),CITY OF CAGAYAN DE ORO,5-14,M,S,Y,A,2
2022,11,44,REGION XIII (CARAGA),CITY OF BUTUAN,15-24,M,S,Y,A,1
2022,11,45,CORDILLERA ADMINISTRATIVE REGION (CAR),CITY OF BAGUIO,25-64,F,S,Y,A,1
2022,11,45,NATIONAL CAPITAL REGION (NCR),QUEZON CITY,25-64,F,S,Y,A,1
2022,11,45,NEGROS ISLAND REGION (NIR),CITY OF BACOLOD,0-4,F,S,Y,A,1
2022,11,45,NEGROS ISLAND REGION (NIR),CITY OF BACOLOD,0-4,M,C,Y,A,1
2022,11,45,NEGROS ISLAND REGION (NIR),CITY OF BACOLOD,15-24,F,S,Y,A,1
2022,11,45,NEGROS ISLAND REGION (NIR),CITY OF BACOLOD,15-24,M,S,Y,A,1
2022,11,45,NEGROS ISLAND REGION (NIR),CITY OF BACOLOD,25-64,F,S,Y,A,7
2022,11,45,NEGROS ISLAND REGION (NIR),CITY OF BACOLOD,25-64,M,S,Y,A,3
2022,11,45,NEGROS ISLAND REGION (NIR),CITY OF BACOLOD,5-14,M,C,Y,A,1
2022,11,45,NEGROS ISLAND REGION (NIR),CITY OF BACOLOD,5-14,M,S,Y,A,1
2022,11,45,NEGROS ISLAND REGION (NIR),NEGROS OCCIDENTAL,25-64,F,C,Y,A,1
2022,11,45,NEGROS ISLAND REGION (NIR),NEGROS OCCIDENTAL,25-64,F,S,Y,A,1
2022,11,45,NEGROS ISLAND REGION (NIR),NEGROS OCCIDENTAL,25-64,M,C,Y,A,1
2022,11,45,NEGROS ISLAND REGION (NIR),NEGROS OCCIDENTAL,25-64,M,S,Y,A,2
2022,11,45,NEGROS ISLAND REGION (NIR),NEGROS OCCIDENTAL,5-14,F,C,Y,A,4
2022,11,45,NEGROS ISLAND REGION (NIR),NEGROS OCCIDENTAL,5-14,M,C,Y,A,2
2022,11,45,NEGROS ISLAND REGION (NIR),NEGROS OCCIDENTAL,5-14,M,C,Y,D,1
2022,11,45,NEGROS ISLAND REGION (NIR),NEGROS OCCIDENTAL,5-14,M,S,Y,A,1
2022,11,45,REGION II (CAGAYAN VALLEY),CAGAYAN,15-24,M,S,Y,A,1
2022,11,45,REGION III (CENTRAL LUZON),AURORA,15-24,F,S,Y,A,3
2022,11,45,REGION III (CENTRAL LUZON),AURORA,15-24,M,S,Y,A,4
2022,11,45,REGION III (CENTRAL LUZON),AURORA,25-64,F,S,Y,A,6
2022,11,45,REGION III (CENTRAL LUZON),AURORA,25-64,M,S,Y,A,10
2022,11,45,REGION III (CENTRAL LUZON),AURORA,5-14,F,S,Y,A,1
2022,11,45,REGION III (CENTRAL LUZON),AURORA,5-14,M,S,Y,A,2
2022,11,45,REGION III (CENTRAL LUZON),AURORA,65+,F,S,Y,A,2
2022,11,45,REGION III (CENTRAL LUZON),BATAAN,25-64,M,S,Y,A,1
2022,11,45,REGION III (CENTRAL LUZON),PAMPANGA,25-64,M,S,Y,A,1
2022,11,45,REGION III (CENTRAL LUZON),PAMPANGA,5-14,F,C,Y,A,1
2022,11,45,REGION IV-A (CALABARZON),CAVITE,Unknown,M,C,Y,A,1
2022,11,45,REGION IV-A (CALABARZON),LAGUNA,15-24,M,S,Y,A,10
2022,11,45,REGION IV-A (CALABARZON),LAGUNA,25-64,F,S,Y,A,1
2022,11,45,REGION IV-A (CALABARZON),LAGUNA,25-64,M,C,Y,A,3
2022,11,45,REGION IV-A (CALABARZON),LAGUNA,25-64,M,S,Y,A,61
2022,11,45,REGION IV-A (CALABARZON),LAGUNA,5-14,M,S,Y,A,1
2022,11,45,REGION IX (ZAMBOANGA PENINSULA),CITY OF ZAMBOANGA,5-14,F,S,Y,A,1
2022,11,45,REGION IX (ZAMBOANGA PENINSULA),CITY OF ZAMBOANGA,5-14,M,S,Y,A,1
2022,11,45,REGION IX (ZAMBOANGA PENINSULA),ZAMBOANGA DEL NORTE,25-64,F,S,Y,A,1
2022,11,45,REGION V (BICOL REGION),CATANDUANES,25-64,F,S,Y,A,1
2022,11,45,REGION V (BICOL REGION),MASBATE,15-24,F,S,Y,A,1
2022,11,45,REGION V (BICOL REGION),MASBATE,25-64,F,S,Y,A,1
2022,11,45,REGION V (BICOL REGION),MASBATE,25-64,M,S,Y,A,1
2022,11,45,REGION VI (WESTERN VISAYAS),ANTIQUE,25-64,F,S,Y,A,1
2022,11,45,REGION VI (WESTERN VISAYAS),ANTIQUE,25-64,M,C,Y,A,1
2022,11,45,REGION VI (WESTERN VISAYAS),ANTIQUE,25-64,M,S,Y,A,1
2022,11,45,REGION VI (WESTERN VISAYAS),ANTIQUE,5-14,M,S,Y,A,1
2022,11,45,REGION VI (WESTERN VISAYAS),CITY OF ILOILO,0-4,M,C,Y,A,1
2022,11,45,REGION VI (WESTERN VISAYAS),CITY OF ILOILO,5-14,F,C,Y,A,1
2022,11,45,REGION VI (WESTERN VISAYAS),ILOILO,25-64,M,C,Y,A,2
2022,11,45,REGION VIII (EASTERN VISAYAS),CITY OF TACLOBAN,0-4,F,S,Y,A,11
2022,11,45,REGION VIII (EASTERN VISAYAS),CITY OF TACLOBAN,0-4,M,C,Y,A,1
2022,11,45,REGION VIII (EASTERN VISAYAS),CITY OF TACLOBAN,0-4,M,S,Y,A,14
2022,11,45,REGION VIII (EASTERN VISAYAS),CITY OF TACLOBAN,0-4,M,S,Y,D,1
2022,11,45,REGION VIII (EASTERN VISAYAS),CITY OF TACLOBAN,15-24,F,S,Y,A,4
2022,11,45,REGION VIII (EASTERN VISAYAS),CITY OF TACLOBAN,15-24,M,C,Y,A,1
2022,11,45,REGION VIII (EASTERN VISAYAS),CITY OF TACLOBAN,15-24,M,S,Y,A,3
2022,11,45,REGION VIII (EASTERN VISAYAS),CITY OF TACLOBAN,25-64,F,C,Y,A,1
2022,11,45,REGION VIII (EASTERN VISAYAS),CITY OF TACLOBAN,25-64,F,S,Y,A,8
2022,11,45,REGION VIII (EASTERN VISAYAS),CITY OF TACLOBAN,25-64,M,C,Y,A,1
2022,11,45,REGION VIII (EASTERN VISAYAS),CITY OF TACLOBAN,25-64,M,S,Y,A,4
2022,11,45,REGION VIII (EASTERN VISAYAS),CITY OF TACLOBAN,5-14,F,C,Y,A,1
2022,11,45,REGION VIII (EASTERN VISAYAS),CITY OF TACLOBAN,5-14,F,S,Y,A,2
2022,11,45,REGION VIII (EASTERN VISAYAS),CITY OF TACLOBAN,5-14,M,C,Y,A,1
2022,11,45,REGION VIII (EASTERN VISAYAS),CITY OF TACLOBAN,5-14,M,S,Y,A,4
2022,11,45,REGION VIII (EASTERN VISAYAS),CITY OF TACLOBAN,Unknown,F,S,Y,A,5
2022,11,45,REGION VIII (EASTERN VISAYAS),EASTERN SAMAR,15-24,F,S,Y,A,10
2022,11,45,REGION VIII (EASTERN VISAYAS),EASTERN SAMAR,15-24,M,S,Y,A,4
2022,11,45,REGION VIII (EASTERN VISAYAS),EASTERN SAMAR,25-64,F,S,Y,A,7
2022,11,45,REGION VIII (EASTERN VISAYAS),EASTERN SAMAR,25-64,M,S,Y,A,10
2022,11,45,REGION VIII (EASTERN VISAYAS),EASTERN SAMAR,5-14,F,S,Y,A,4
2022,11,45,REGION VIII (EASTERN VISAYAS),EASTERN SAMAR,5-14,M,S,Y,A,6
2022,11,45,REGION VIII (EASTERN VISAYAS),EASTERN SAMAR,65+,F,S,Y,A,5
2022,11,45,REGION VIII (EASTERN VISAYAS),EASTERN SAMAR,65+,M,S,Y,A,1
2022,11,45,REGION VIII (EASTERN VISAYAS),LEYTE,15-24,F,S,Y,A,5
2022,11,45,REGION VIII (EASTERN VISAYAS),LEYTE,15-24,M,S,Y,A,4
2022,11,45,REGION VIII (EASTERN VISAYAS),LEYTE,25-64,F,S,Y,A,12
2022,11,45,REGION VIII (EASTERN VISAYAS),LEYTE,25-64,M,S,Y,A,3
2022,11,45,REGION VIII (EASTERN VISAYAS),LEYTE,25-64,M,S,Y,D,1
2022,11,45,REGION VIII (EASTERN VISAYAS),LEYTE,5-14,F,C,Y,A,1
2022,11,45,REGION VIII (EASTERN VISAYAS),LEYTE,5-14,F,S,Y,A,4
2022,11,45,REGION VIII (EASTERN VISAYAS),LEYTE,5-14,M,S,Y,A,14
2022,11,45,REGION VIII (EASTERN VISAYAS),LEYTE,65+,F,S,Y,A,3
2022,11,45,REGION VIII (EASTERN VISAYAS),NORTHERN SAMAR,25-64,F,S,Y,A,2
2022,11,45,REGION VIII (EASTERN VISAYAS),NORTHERN SAMAR,5-14,F,S,Y,A,2
2022,11,45,REGION VIII (EASTERN VISAYAS),NORTHERN SAMAR,5-14,M,S,Y,A,4
2022,11,45,REGION VIII (EASTERN VISAYAS),SAMAR,15-24,F,S,Y,A,6
2022,11,45,REGION VIII (EASTERN VISAYAS),SAMAR,15-24,M,S,Y,A,7
2022,11,45,REGION VIII (EASTERN VISAYAS),SAMAR,25-64,F,S,Y,A,10
2022,11,45,REGION VIII (EASTERN VISAYAS),SAMAR,25-64,M,S,Y,A,6
2022,11,45,REGION VIII (EASTERN VISAYAS),SAMAR,5-14,F,S,Y,A,9
2022,11,45,REGION VIII (EASTERN VISAYAS),SAMAR,5-14,M,S,Y,A,4
2022,11,45,REGION VIII (EASTERN VISAYAS),SAMAR,65+,F,S,Y,A,4
2022,11,45,REGION VIII (EASTERN VISAYAS),SAMAR,65+,M,S,Y,A,1
2022,11,45,REGION VIII (EASTERN VISAYAS),SOUTHERN LEYTE,15-24,F,S,Y,A,1
2022,11,45,REGION VIII (EASTERN VISAYAS),SOUTHERN LEYTE,25-64,F,S,Y,A,1
2022,11,45,REGION VIII (EASTERN VISAYAS),SOUTHERN LEYTE,25-64,M,S,Y,A,1
2022,11,45,REGION X (NORTHERN MINDANAO),BUKIDNON,5-14,F,S,Y,A,1
2022,11,45,REGION XII (SOCCSKSARGEN),SARANGANI,15-24,F,S,Y,A,2
2022,11,45,REGION XII (SOCCSKSARGEN),SARANGANI,15-24,M,S,Y,A,1
2022,11,45,REGION XII (SOCCSKSARGEN),SARANGANI,25-64,F,S,Y,A,1
2022,11,45,REGION XII (SOCCSKSARGEN),SARANGANI,5-14,F,S,Y,A,1
2022,11,45,REGION XII (SOCCSKSARGEN),SARANGANI,5-14,M,S,Y,A,1
2022,11,46,MIMAROPA REGION,ORIENTAL MINDORO,25-64,F,C,Y,A,1
2022,11,46,NEGROS ISLAND REGION (NIR),CITY OF BACOLOD,0-4,M,S,Y,A,1
2022,11,46,NEGROS ISLAND REGION (NIR),CITY OF BACOLOD,15-24,M,C,Y,A,1
2022,11,46,NEGROS ISLAND REGION (NIR),CITY OF BACOLOD,25-64,F,S,Y,A,3
2022,11,46,NEGROS ISLAND REGION (NIR),CITY OF BACOLOD,5-14,F,S,Y,A,1
2022,11,46,NEGROS ISLAND REGION (NIR),CITY OF BACOLOD,5-14,M,S,Y,A,1
2022,11,46,NEGROS ISLAND REGION (NIR),NEGROS OCCIDENTAL,0-4,F,C,Y,A,1
2022,11,46,NEGROS ISLAND REGION (NIR),NEGROS OCCIDENTAL,15-24,F,C,Y,A,4
2022,11,46,NEGROS ISLAND REGION (NIR),NEGROS OCCIDENTAL,15-24,F,S,Y,A,2
2022,11,46,NEGROS ISLAND REGION (NIR),NEGROS OCCIDENTAL,15-24,M,C,Y,A,1
2022,11,46,NEGROS ISLAND REGION (NIR),NEGROS OCCIDENTAL,25-64,F,C,Y,A,1
2022,11,46,NEGROS ISLAND REGION (NIR),NEGROS OCCIDENTAL,25-64,F,S,Y,A,1
2022,11,46,NEGROS ISLAND REGION (NIR),NEGROS OCCIDENTAL,25-64,M,C,Y,A,5
2022,11,46,NEGROS ISLAND REGION (NIR),NEGROS OCCIDENTAL,25-64,M,S,Y,A,2
2022,11,46,NEGROS ISLAND REGION (NIR),NEGROS OCCIDENTAL,5-14,F,C,Y,A,2
2022,11,46,NEGROS ISLAND REGION (NIR),NEGROS OCCIDENTAL,5-14,M,C,Y,A,1
2022,11,46,NEGROS ISLAND REGION (NIR),NEGROS ORIENTAL,25-64,M,S,Y,A,1
2022,11,46,REGION III (CENTRAL LUZON),AURORA,15-24,F,S,Y,A,1
2022,11,46,REGION III (CENTRAL LUZON),AURORA,15-24,M,S,Y,A,1
2022,11,46,REGION III (CENTRAL LUZON),AURORA,25-64,F,S,Y,A,11
2022,11,46,REGION III (CENTRAL LUZON),AURORA,25-64,M,S,Y,A,2
2022,11,46,REGION III (CENTRAL LUZON),AURORA,5-14,M,S,Y,A,5
2022,11,46,REGION III (CENTRAL LUZON),CITY OF OLONGAPO,25-64,F,S,Y,A,1
2022,11,46,REGION III (CENTRAL LUZON),ZAMBALES,15-24,F,S,Y,A,1
2022,11,46,REGION IV-A (CALABARZON),LAGUNA,15-24,M,S,Y,A,4
2022,11,46,REGION IV-A (CALABARZON),LAGUNA,25-64,M,S,Y,A,26
2022,11,46,REGION IX (ZAMBOANGA PENINSULA),CITY OF ZAMBOANGA,15-24,M,S,Y,A,1
2022,11,46,REGION IX (ZAMBOANGA PENINSULA),CITY OF ZAMBOANGA,25-64,F,S,Y,A,1
2022,11,46,REGION IX (ZAMBOANGA PENINSULA),CITY OF ZAMBOANGA,25-64,M,S,Y,A,1
2022,11,46,REGION IX (ZAMBOANGA PENINSULA),CITY OF ZAMBOANGA,5-14,F,S,Y,A,1
2022,11,46,REGION IX (ZAMBOANGA PENINSULA),CITY OF ZAMBOANGA,65+,M,S,Y,A,1
2022,11,46,REGION IX (ZAMBOANGA PENINSULA),ZAMBOANGA DEL SUR,5-14,F,S,Y,A,1
2022,11,46,REGION V (BICOL REGION),CATANDUANES,25-64,F,S,Y,A,1
2022,11,46,REGION V (BICOL REGION),CATANDUANES,25-64,M,S,Y,A,1
2022,11,46,REGION V (BICOL REGION),CATANDUANES,5-14,F,S,Y,A,1
2022,11,46,REGION V (BICOL REGION),CATANDUANES,5-14,M,S,Y,A,1
2022,11,46,REGION VIII (EASTERN VISAYAS),CITY OF TACLOBAN,0-4,F,S,Y,A,1
2022,11,46,REGION VIII (EASTERN VISAYAS),CITY OF TACLOBAN,0-4,M,S,Y,A,8
2022,11,46,REGION VIII (EASTERN VISAYAS),CITY OF TACLOBAN,15-24,F,S,Y,A,1
2022,11,46,REGION VIII (EASTERN VISAYAS),CITY OF TACLOBAN,15-24,M,C,Y,A,2
2022,11,46,REGION VIII (EASTERN VISAYAS),CITY OF TACLOBAN,15-24,M,S,Y,A,4
2022,11,46,REGION VIII (EASTERN VISAYAS),CITY OF TACLOBAN,25-64,F,S,Y,A,11
2022,11,46,REGION VIII (EASTERN VISAYAS),CITY OF TACLOBAN,25-64,M,C,Y,A,1
2022,11,46,REGION VIII (EASTERN VISAYAS),CITY OF TACLOBAN,25-64,M,S,Y,A,7
2022,11,46,REGION VIII (EASTERN VISAYAS),CITY OF TACLOBAN,5-14,F,S,Y,A,6
2022,11,46,REGION VIII (EASTERN VISAYAS),CITY OF TACLOBAN,5-14,M,C,Y,A,1
2022,11,46,REGION VIII (EASTERN VISAYAS),CITY OF TACLOBAN,5-14,M,S,Y,A,3
2022,11,46,REGION VIII (EASTERN VISAYAS),CITY OF TACLOBAN,65+,M,S,Y,A,1
2022,11,46,REGION VIII (EASTERN VISAYAS),CITY OF TACLOBAN,Unknown,F,C,Y,D,1
2022,11,46,REGION VIII (EASTERN VISAYAS),CITY OF TACLOBAN,Unknown,F,S,Y,A,1
2022,11,46,REGION VIII (EASTERN VISAYAS),EASTERN SAMAR,15-24,F,C,Y,A,1
2022,11,46,REGION VIII (EASTERN VISAYAS),EASTERN SAMAR,15-24,F,S,Y,A,13
2022,11,46,REGION VIII (EASTERN VISAYAS),EASTERN SAMAR,15-24,M,S,Y,A,5
2022,11,46,REGION VIII (EASTERN VISAYAS),EASTERN SAMAR,25-64,F,S,Y,A,5
2022,11,46,REGION VIII (EASTERN VISAYAS),EASTERN SAMAR,25-64,M,S,Y,A,15
2022,11,46,REGION VIII (EASTERN VISAYAS),EASTERN SAMAR,5-14,F,S,Y,A,7
2022,11,46,REGION VIII (EASTERN VISAYAS),EASTERN SAMAR,5-14,M,S,Y,A,4
2022,11,46,REGION VIII (EASTERN VISAYAS),EASTERN SAMAR,65+,F,S,Y,A,2
2022,11,46,REGION VIII (EASTERN VISAYAS),LEYTE,15-24,F,S,Y,A,2
2022,11,46,REGION VIII (EASTERN VISAYAS),LEYTE,15-24,M,S,Y,A,1
2022,11,46,REGION VIII (EASTERN VISAYAS),LEYTE,25-64,F,S,Y,A,5
2022,11,46,REGION VIII (EASTERN VISAYAS),LEYTE,25-64,M,S,Y,A,9
2022,11,46,REGION VIII (EASTERN VISAYAS),LEYTE,5-14,M,S,Y,A,2
2022,11,46,REGION VIII (EASTERN VISAYAS),LEYTE,65+,F,S,Y,A,1
2022,11,46,REGION VIII (EASTERN VISAYAS),LEYTE,65+,M,S,Y,D,1
2022,11,46,REGION VIII (EASTERN VISAYAS),NORTHERN SAMAR,15-24,F,S,Y,A,1
2022,11,46,REGION VIII (EASTERN VISAYAS),NORTHERN SAMAR,15-24,M,S,Y,A,1
2022,11,46,REGION VIII (EASTERN VISAYAS),NORTHERN SAMAR,25-64,F,S,Y,A,1
2022,11,46,REGION VIII (EASTERN VISAYAS),NORTHERN SAMAR,25-64,M,S,Y,A,1
2022,11,46,REGION VIII (EASTERN VISAYAS),NORTHERN SAMAR,5-14,F,S,Y,A,1
2022,11,46,REGION VIII (EASTERN VISAYAS),NORTHERN SAMAR,65+,F,S,Y,A,1
2022,11,46,REGION VIII (EASTERN VISAYAS),SAMAR,15-24,F,S,Y,A,10
2022,11,46,REGION VIII (EASTERN VISAYAS),SAMAR,15-24,M,S,Y,A,1
2022,11,46,REGION VIII (EASTERN VISAYAS),SAMAR,25-64,F,S,Y,A,13
2022,11,46,REGION VIII (EASTERN VISAYAS),SAMAR,25-64,M,S,Y,A,10
2022,11,46,REGION VIII (EASTERN VISAYAS),SAMAR,5-14,F,S,Y,A,6
2022,11,46,REGION VIII (EASTERN VISAYAS),SAMAR,5-14,M,S,Y,A,6
2022,11,46,REGION VIII (EASTERN VISAYAS),SAMAR,65+,F,S,Y,A,2
2022,11,46,REGION VIII (EASTERN VISAYAS),SAMAR,65+,M,S,Y,A,1
2022,11,46,REGION VIII (EASTERN VISAYAS),SOUTHERN LEYTE,65+,F,S,Y,A,2
2022,11,46,REGION XII (SOCCSKSARGEN),SARANGANI,15-24,F,S,Y,A,2
2022,11,46,REGION XII (SOCCSKSARGEN),SARANGANI,15-24,M,S,Y,A,3
2022,11,46,REGION XII (SOCCSKSARGEN),SARANGANI,25-64,M,C,Y,A,1
2022,11,46,REGION XII (SOCCSKSARGEN),SARANGANI,25-64,M,S,Y,A,4
2022,11,46,REGION XII (SOCCSKSARGEN),SARANGANI,5-14,F,S,Y,A,3
2022,11,46,REGION XII (SOCCSKSARGEN),SARANGANI,5-14,M,S,Y,A,2
2022,11,46,REGION XIII (CARAGA),CITY OF BUTUAN,15-24,M,S,Y,A,1
2022,11,47,MIMAROPA REGION,ORIENTAL MINDORO,25-64,F,C,Y,A,1
2022,11,47,MIMAROPA REGION,ORIENTAL MINDORO,25-64,M,S,Y,A,1
2022,11,47,MIMAROPA REGION,ORIENTAL MINDORO,5-14,F,S,Y,A,1
2022,11,47,NATIONAL CAPITAL REGION (NCR),CITY OF MANILA,0-4,F,C,Y,A,1
2022,11,47,NEGROS ISLAND REGION (NIR),CITY OF BACOLOD,0-4,F,S,Y,A,1
2022,11,47,NEGROS ISLAND REGION (NIR),CITY OF BACOLOD,15-24,F,S,Y,A,1
2022,11,47,NEGROS ISLAND REGION (NIR),CITY OF BACOLOD,15-24,M,S,Y,A,4
2022,11,47,NEGROS ISLAND REGION (NIR),CITY OF BACOLOD,25-64,F,C,Y,A,1
2022,11,47,NEGROS ISLAND REGION (NIR),CITY OF BACOLOD,25-64,F,S,Y,A,6
2022,11,47,NEGROS ISLAND REGION (NIR),CITY OF BACOLOD,25-64,M,C,Y,A,1
2022,11,47,NEGROS ISLAND REGION (NIR),CITY OF BACOLOD,25-64,M,S,Y,A,2
2022,11,47,NEGROS ISLAND REGION (NIR),CITY OF BACOLOD,65+,F,S,Y,A,2
2022,11,47,NEGROS ISLAND REGION (NIR),NEGROS OCCIDENTAL,0-4,F,C,Y,A,1
2022,11,47,NEGROS ISLAND REGION (NIR),NEGROS OCCIDENTAL,0-4,M,C,Y,A,1
2022,11,47,NEGROS ISLAND REGION (NIR),NEGROS OCCIDENTAL,15-24,M,S,Y,A,1
2022,11,47,NEGROS ISLAND REGION (NIR),NEGROS OCCIDENTAL,25-64,F,S,Y,A,3
2022,11,47,NEGROS ISLAND REGION (NIR),NEGROS OCCIDENTAL,25-64,M,C,Y,A,1
2022,11,47,NEGROS ISLAND REGION (NIR),NEGROS OCCIDENTAL,25-64,M,S,Y,A,6
2022,11,47,NEGROS ISLAND REGION (NIR),NEGROS OCCIDENTAL,5-14,F,C,Y,A,1
2022,11,47,NEGROS ISLAND REGION (NIR),NEGROS OCCIDENTAL,5-14,M,C,Y,A,3
2022,11,47,NEGROS ISLAND REGION (NIR),NEGROS OCCIDENTAL,65+,F,S,Y,A,1
2022,11,47,NEGROS ISLAND REGION (NIR),NEGROS OCCIDENTAL,65+,M,S,Y,A,1
2022,11,47,REGION III (CENTRAL LUZON),AURORA,25-64,F,S,Y,A,3
2022,11,47,REGION III (CENTRAL LUZON),AURORA,25-64,M,S,Y,A,2
2022,11,47,REGION III (CENTRAL LUZON),AURORA,65+,F,S,Y,A,1
2022,11,47,REGION III (CENTRAL LUZON),AURORA,65+,M,S,Y,A,1
2022,11,47,REGION III (CENTRAL LUZON),BATAAN,15-24,M,S,Y,A,1
2022,11,47,REGION III (CENTRAL LUZON),CITY OF OLONGAPO,25-64,M,S,Y,A,1
2022,11,47,REGION III (CENTRAL LUZON),PAMPANGA,25-64,M,S,Y,A,1
2022,11,47,REGION IV-A (CALABARZON),LAGUNA,15-24,M,S,Y,A,3
2022,11,47,REGION IV-A (CALABARZON),LAGUNA,25-64,M,S,Y,A,14
2022,11,47,REGION IX (ZAMBOANGA PENINSULA),CITY OF ZAMBOANGA,5-14,F,S,Y,A,1
2022,11,47,REGION IX (ZAMBOANGA PENINSULA),CITY OF ZAMBOANGA,5-14,M,S,Y,A,1
2022,11,47,REGION IX (ZAMBOANGA PENINSULA),ZAMBOANGA DEL SUR,25-64,M,S,Y,A,1
2022,11,47,REGION V (BICOL REGION),CATANDUANES,25-64,F,S,Y,A,1
2022,11,47,REGION V (BICOL REGION),CATANDUANES,25-64,M,S,Y,A,2
2022,11,47,REGION V (BICOL REGION),CATANDUANES,5-14,M,S,Y,A,2
2022,11,47,REGION V (BICOL REGION),CATANDUANES,65+,M,S,Y,A,1
2022,11,47,REGION VI (WESTERN VISAYAS),ANTIQUE,5-14,F,S,Y,A,2
2022,11,47,REGION VII (CENTRAL VISAYAS),CEBU,15-24,F,S,Y,A,1
2022,11,47,REGION VII (CENTRAL VISAYAS),CEBU,5-14,F,S,Y,A,2
2022,11,47,REGION VII (CENTRAL VISAYAS),CITY OF MANDAUE,25-64,F,C,Y,A,1
2022,11,47,REGION VII (CENTRAL VISAYAS),CITY OF MANDAUE,25-64,M,S,Y,A,2
2022,11,47,REGION VIII (EASTERN VISAYAS),BILIRAN,15-24,F,S,Y,A,1
2022,11,47,REGION VIII (EASTERN VISAYAS),BILIRAN,5-14,M,S,Y,A,1
2022,11,47,REGION VIII (EASTERN VISAYAS),CITY OF TACLOBAN,0-4,F,S,Y,A,11
2022,11,47,REGION VIII (EASTERN VISAYAS),CITY OF TACLOBAN,0-4,M,S,Y,A,2
2022,11,47,REGION VIII (EASTERN VISAYAS),CITY OF TACLOBAN,15-24,F,S,Y,A,8
2022,11,47,REGION VIII (EASTERN VISAYAS),CITY OF TACLOBAN,15-24,M,C,Y,A,1
2022,11,47,REGION VIII (EASTERN VISAYAS),CITY OF TACLOBAN,15-24,M,S,Y,A,4
2022,11,47,REGION VIII (EASTERN VISAYAS),CITY OF TACLOBAN,25-64,F,S,Y,A,6
2022,11,47,REGION VIII (EASTERN VISAYAS),CITY OF TACLOBAN,25-64,M,S,Y,A,7
2022,11,47,REGION VIII (EASTERN VISAYAS),CITY OF TACLOBAN,5-14,F,S,Y,A,9
2022,11,47,REGION VIII (EASTERN VISAYAS),CITY OF TACLOBAN,5-14,M,S,Y,A,12
2022,11,47,REGION VIII (EASTERN VISAYAS),CITY OF TACLOBAN,65+,F,S,Y,A,1
2022,11,47,REGION VIII (EASTERN VISAYAS),CITY OF TACLOBAN,65+,M,S,Y,A,1
2022,11,47,REGION VIII (EASTERN VISAYAS),CITY OF TACLOBAN,Unknown,F,S,Y,A,1
2022,11,47,REGION VIII (EASTERN VISAYAS),CITY OF TACLOBAN,Unknown,M,S,Y,A,4
2022,11,47,REGION VIII (EASTERN VISAYAS),EASTERN SAMAR,15-24,F,S,Y,A,12
2022,11,47,REGION VIII (EASTERN VISAYAS),EASTERN SAMAR,15-24,M,S,Y,A,15
2022,11,47,REGION VIII (EASTERN VISAYAS),EASTERN SAMAR,25-64,F,S,Y,A,11
2022,11,47,REGION VIII (EASTERN VISAYAS),EASTERN SAMAR,25-64,M,S,Y,A,22
2022,11,47,REGION VIII (EASTERN VISAYAS),EASTERN SAMAR,5-14,F,S,Y,A,19
2022,11,47,REGION VIII (EASTERN VISAYAS),EASTERN SAMAR,5-14,M,S,Y,A,20
2022,11,47,REGION VIII (EASTERN VISAYAS),EASTERN SAMAR,65+,F,S,Y,A,3
2022,11,47,REGION VIII (EASTERN VISAYAS),EASTERN SAMAR,65+,M,S,Y,A,5
2022,11,47,REGION VIII (EASTERN VISAYAS),LEYTE,0-4,M,C,Y,A,1
2022,11,47,REGION VIII (EASTERN VISAYAS),LEYTE,15-24,F,S,Y,A,10
2022,11,47,REGION VIII (EASTERN VISAYAS),LEYTE,15-24,M,S,Y,A,2
2022,11,47,REGION VIII (EASTERN VISAYAS),LEYTE,25-64,F,S,Y,A,8
2022,11,47,REGION VIII (EASTERN VISAYAS),LEYTE,25-64,M,S,Y,A,2
2022,11,47,REGION VIII (EASTERN VISAYAS),LEYTE,5-14,F,S,Y,A,1
2022,11,47,REGION VIII (EASTERN VISAYAS),LEYTE,5-14,M,S,Y,A,8
2022,11,47,REGION VIII (EASTERN VISAYAS),LEYTE,65+,F,S,Y,A,4
2022,11,47,REGION VIII (EASTERN VISAYAS),LEYTE,65+,M,S,Y,A,2
2022,11,47,REGION VIII (EASTERN VISAYAS),NORTHERN SAMAR,25-64,M,S,Y,A,2
2022,11,47,REGION VIII (EASTERN VISAYAS),SAMAR,15-24,F,S,Y,A,7
2022,11,47,REGION VIII (EASTERN VISAYAS),SAMAR,15-24,M,S,Y,A,3
2022,11,47,REGION VIII (EASTERN VISAYAS),SAMAR,25-64,F,S,Y,A,13
2022,11,47,REGION VIII (EASTERN VISAYAS),SAMAR,25-64,M,S,Y,A,13
2022,11,47,REGION VIII (EASTERN VISAYAS),SAMAR,5-14,F,S,Y,A,5
2022,11,47,REGION VIII (EASTERN VISAYAS),SAMAR,5-14,M,S,Y,A,3
2022,11,47,REGION VIII (EASTERN VISAYAS),SAMAR,65+,F,S,Y,A,2
2022,11,47,REGION VIII (EASTERN VISAYAS),SAMAR,65+,M,S,Y,A,2
2022,11,47,REGION VIII (EASTERN VISAYAS),SAMAR,65+,M,S,Y,D,1
2022,11,47,REGION VIII (EASTERN VISAYAS),SOUTHERN LEYTE,25-64,M,S,Y,A,1
2022,11,47,REGION X (NORTHERN MINDANAO),CITY OF CAGAYAN DE ORO,5-14,F,S,Y,A,1
2022,11,47,REGION X (NORTHERN MINDANAO),MISAMIS OCCIDENTAL,25-64,M,S,Y,A,1
2022,11,47,REGION X (NORTHERN MINDANAO),MISAMIS ORIENTAL,15-24,F,S,Y,A,1
2022,11,47,REGION X (NORTHERN MINDANAO),MISAMIS ORIENTAL,15-24,M,S,Y,A,1
2022,11,47,REGION X (NORTHERN MINDANAO),MISAMIS ORIENTAL,25-64,F,S,Y,A,3
2022,11,47,REGION X (NORTHERN MINDANAO),MISAMIS ORIENTAL,25-64,F,S,Y,D,1
2022,11,47,REGION X (NORTHERN MINDANAO),MISAMIS ORIENTAL,25-64,M,S,Y,A,1
2022,11,47,REGION XIII (CARAGA),CITY OF BUTUAN,25-64,M,S,Y,A,1
2022,11,48,NEGROS ISLAND REGION (NIR),CITY OF BACOLOD,15-24,F,S,Y,A,1
2022,11,48,NEGROS ISLAND REGION (NIR),CITY OF BACOLOD,25-64,M,S,Y,D,1
2022,11,48,NEGROS ISLAND REGION (NIR),NEGROS OCCIDENTAL,15-24,F,S,Y,A,1
2022,11,48,NEGROS ISLAND REGION (NIR),NEGROS OCCIDENTAL,25-64,F,S,Y,A,2
2022,11,48,NEGROS ISLAND REGION (NIR),NEGROS OCCIDENTAL,25-64,M,C,Y,A,1
2022,11,48,NEGROS ISLAND REGION (NIR),NEGROS OCCIDENTAL,25-64,M,C,Y,D,1
2022,11,48,REGION III (CENTRAL LUZON),AURORA,5-14,F,S,Y,A,3
2022,11,48,REGION III (CENTRAL LUZON),CITY OF OLONGAPO,65+,F,S,Y,A,1
2022,11,48,REGION IV-A (CALABARZON),LAGUNA,5-14,M,S,Y,A,1
2022,11,48,REGION V (BICOL REGION),CATANDUANES,5-14,M,S,Y,A,1
2022,11,48,REGION V (BICOL REGION),CATANDUANES,65+,F,S,Y,A,1
2022,11,48,REGION VIII (EASTERN VISAYAS),CITY OF TACLOBAN,0-4,F,S,Y,A,2
2022,11,48,REGION VIII (EASTERN VISAYAS),CITY OF TACLOBAN,0-4,M,S,Y,A,3
2022,11,48,REGION VIII (EASTERN VISAYAS),CITY OF TACLOBAN,15-24,F,S,Y,A,3
2022,11,48,REGION VIII (EASTERN VISAYAS),CITY OF TACLOBAN,15-24,M,S,Y,A,4
2022,11,48,REGION VIII (EASTERN VISAYAS),CITY OF TACLOBAN,25-64,F,S,Y,A,4
2022,11,48,REGION VIII (EASTERN VISAYAS),CITY OF TACLOBAN,5-14,F,S,Y,A,2
2022,11,48,REGION VIII (EASTERN VISAYAS),CITY OF TACLOBAN,5-14,M,S,Y,A,1
2022,11,48,REGION VIII (EASTERN VISAYAS),EASTERN SAMAR,15-24,F,S,Y,A,2
2022,11,48,REGION VIII (EASTERN VISAYAS),EASTERN SAMAR,15-24,M,S,Y,A,4
2022,11,48,REGION VIII (EASTERN VISAYAS),EASTERN SAMAR,25-64,F,S,Y,A,9
2022,11,48,REGION VIII (EASTERN VISAYAS),EASTERN SAMAR,25-64,M,S,Y,A,7
2022,11,48,REGION VIII (EASTERN VISAYAS),EASTERN SAMAR,5-14,F,S,Y,A,5
2022,11,48,REGION VIII (EASTERN VISAYAS),EASTERN SAMAR,5-14,M,S,Y,A,2
2022,11,48,REGION VIII (EASTERN VISAYAS),EASTERN SAMAR,65+,F,S,Y,A,2
2022,11,48,REGION VIII (EASTERN VISAYAS),EASTERN SAMAR,65+,M,S,Y,A,3
2022,11,48,REGION VIII (EASTERN VISAYAS),LEYTE,15-24,F,S,Y,A,3
2022,11,48,REGION VIII (EASTERN VISAYAS),LEYTE,15-24,M,S,Y,A,1
2022,11,48,REGION VIII (EASTERN VISAYAS),LEYTE,25-64,F,S,Y,A,4
2022,11,48,REGION VIII (EASTERN VISAYAS),LEYTE,25-64,M,S,Y,A,3
2022,11,48,REGION VIII (EASTERN VISAYAS),LEYTE,5-14,F,S,Y,A,1
2022,11,48,REGION VIII (EASTERN VISAYAS),LEYTE,5-14,M,S,Y,A,5
2022,11,48,REGION VIII (EASTERN VISAYAS),LEYTE,65+,F,S,Y,A,1
2022,11,48,REGION VIII (EASTERN VISAYAS),NORTHERN SAMAR,25-64,F,S,Y,A,1
2022,11,48,REGION VIII (EASTERN VISAYAS),NORTHERN SAMAR,5-14,M,S,Y,A,1
2022,11,48,REGION VIII (EASTERN VISAYAS),SAMAR,15-24,F,S,Y,A,3
2022,11,48,REGION VIII (EASTERN VISAYAS),SAMAR,15-24,M,S,Y,A,5
2022,11,48,REGION VIII (EASTERN VISAYAS),SAMAR,25-64,F,S,Y,A,4
2022,11,48,REGION VIII (EASTERN VISAYAS),SAMAR,25-64,M,S,Y,A,5
2022,11,48,REGION VIII (EASTERN VISAYAS),SAMAR,5-14,F,S,Y,A,6
2022,11,48,REGION VIII (EASTERN VISAYAS),SAMAR,5-14,M,S,Y,A,4
2022,11,48,REGION VIII (EASTERN VISAYAS),SAMAR,65+,F,S,Y,A,1
2022,11,48,REGION VIII (EASTERN VISAYAS),SOUTHERN LEYTE,25-64,F,S,Y,A,1
2022,11,48,REGION X (NORTHERN MINDANAO),MISAMIS ORIENTAL,15-24,F,S,Y,A,4
2022,11,48,REGION X (NORTHERN MINDANAO),MISAMIS ORIENTAL,15-24,M,S,Y,A,2
2022,11,48,REGION X (NORTHERN MINDANAO),MISAMIS ORIENTAL,25-64,F,S,Y,A,1
2022,11,48,REGION X (NORTHERN MINDANAO),MISAMIS ORIENTAL,25-64,M,S,Y,A,2
2022,11,48,REGION X (NORTHERN MINDANAO),MISAMIS ORIENTAL,25-64,M,S,Y,D,1
2022,12,48,NEGROS ISLAND REGION (NIR),CITY OF BACOLOD,0-4,M,S,Y,A,1
2022,12,48,NEGROS ISLAND REGION (NIR),CITY OF BACOLOD,15-24,M,S,Y,A,1
2022,12,48,NEGROS ISLAND REGION (NIR),CITY OF BACOLOD,25-64,F,S,Y,A,3
2022,12,48,NEGROS ISLAND REGION (NIR),CITY OF BACOLOD,5-14,F,C,Y,A,1
2022,12,48,NEGROS ISLAND REGION (NIR),NEGROS OCCIDENTAL,5-14,F,C,Y,A,1
2022,12,48,NEGROS ISLAND REGION (NIR),NEGROS OCCIDENTAL,5-14,M,C,Y,A,1
2022,12,48,REGION III (CENTRAL LUZON),AURORA,15-24,M,S,Y,A,1
2022,12,48,REGION III (CENTRAL LUZON),AURORA,25-64,M,S,Y,A,2
2022,12,48,REGION V (BICOL REGION),MASBATE,5-14,F,S,Y,A,1
2022,12,48,REGION V (BICOL REGION),MASBATE,5-14,M,S,Y,D,1
2022,12,48,REGION VI (WESTERN VISAYAS),ANTIQUE,5-14,M,S,Y,A,2
2022,12,48,REGION VI (WESTERN VISAYAS),CITY OF ILOILO,0-4,M,C,Y,A,1
2022,12,48,REGION VIII (EASTERN VISAYAS),CITY OF TACLOBAN,25-64,F,S,Y,A,1
2022,12,48,REGION VIII (EASTERN VISAYAS),CITY OF TACLOBAN,25-64,M,S,Y,A,1
2022,12,48,REGION VIII (EASTERN VISAYAS),CITY OF TACLOBAN,65+,M,S,Y,A,1
2022,12,48,REGION VIII (EASTERN VISAYAS),CITY OF TACLOBAN,Unknown,F,S,Y,A,1
2022,12,48,REGION VIII (EASTERN VISAYAS),EASTERN SAMAR,15-24,F,S,Y,A,1
2022,12,48,REGION VIII (EASTERN VISAYAS),EASTERN SAMAR,15-24,M,S,Y,A,2
2022,12,48,REGION VIII (EASTERN VISAYAS),EASTERN SAMAR,25-64,F,S,Y,A,1
2022,12,48,REGION VIII (EASTERN VISAYAS),EASTERN SAMAR,25-64,M,S,Y,A,2
2022,12,48,REGION VIII (EASTERN VISAYAS),EASTERN SAMAR,5-14,F,S,Y,A,3
2022,12,48,REGION VIII (EASTERN VISAYAS),EASTERN SAMAR,65+,F,S,Y,A,3
2022,12,48,REGION VIII (EASTERN VISAYAS),LEYTE,15-24,F,S,Y,A,1
2022,12,48,REGION VIII (EASTERN VISAYAS),LEYTE,5-14,F,S,Y,A,1
2022,12,48,REGION VIII (EASTERN VISAYAS),LEYTE,5-14,M,S,Y,A,1
2022,12,48,REGION VIII (EASTERN VISAYAS),LEYTE,65+,F,S,Y,A,1
2022,12,48,REGION VIII (EASTERN VISAYAS),SAMAR,15-24,M,S,Y,A,4
2022,12,48,REGION VIII (EASTERN VISAYAS),SAMAR,25-64,F,S,Y,A,5
2022,12,48,REGION VIII (EASTERN VISAYAS),SAMAR,25-64,M,S,Y,A,4
2022,12,48,REGION VIII (EASTERN VISAYAS),SAMAR,5-14,F,S,Y,A,1
2022,12,48,REGION VIII (EASTERN VISAYAS),SAMAR,5-14,M,S,Y,A,3
2022,12,48,REGION VIII (EASTERN VISAYAS),SAMAR,65+,F,S,Y,A,2
2022,12,48,REGION VIII (EASTERN VISAYAS),SAMAR,65+,M,S,Y,A,1
2022,12,48,REGION VIII (EASTERN VISAYAS),SOUTHERN LEYTE,15-24,F,S,Y,A,1
2022,12,48,REGION X (NORTHERN MINDANAO),MISAMIS ORIENTAL,15-24,F,S,Y,A,1
2022,12,48,REGION X (NORTHERN MINDANAO),MISAMIS ORIENTAL,25-64,M,S,Y,A,1
2022,12,49,NEGROS ISLAND REGION (NIR),CITY OF BACOLOD,25-64,F,S,Y,A,3
2022,12,49,NEGROS ISLAND REGION (NIR),CITY OF BACOLOD,25-64,F,S,Y,D,1
2022,12,49,NEGROS ISLAND REGION (NIR),CITY OF BACOLOD,25-64,M,C,Y,A,2
2022,12,49,NEGROS ISLAND REGION (NIR),CITY OF BACOLOD,25-64,M,S,Y,A,3
2022,12,49,NEGROS ISLAND REGION (NIR),CITY OF BACOLOD,5-14,M,C,Y,A,1
2022,12,49,NEGROS ISLAND REGION (NIR),NEGROS OCCIDENTAL,15-24,M,S,Y,A,1
2022,12,49,NEGROS ISLAND REGION (NIR),NEGROS OCCIDENTAL,25-64,F,C,Y,A,1
2022,12,49,NEGROS ISLAND REGION (NIR),NEGROS OCCIDENTAL,25-64,M,C,Y,A,1
2022,12,49,NEGROS ISLAND REGION (NIR),NEGROS OCCIDENTAL,25-64,M,S,Y,A,1
2022,12,49,NEGROS ISLAND REGION (NIR),NEGROS OCCIDENTAL,5-14,M,S,Y,A,1
2022,12,49,NEGROS ISLAND REGION (NIR),NEGROS OCCIDENTAL,65+,M,S,Y,A,1
2022,12,49,REGION III (CENTRAL LUZON),AURORA,25-64,F,S,Y,A,1
2022,12,49,REGION III (CENTRAL LUZON),AURORA,25-64,M,S,Y,A,3
2022,12,49,REGION III (CENTRAL LUZON),AURORA,5-14,M,S,Y,A,1
2022,12,49,REGION IV-A (CALABARZON),LAGUNA,15-24,F,S,Y,A,1
2022,12,49,REGION IX (ZAMBOANGA PENINSULA),CITY OF ZAMBOANGA,25-64,F,S,Y,A,1
2022,12,49,REGION IX (ZAMBOANGA PENINSULA),CITY OF ZAMBOANGA,65+,M,S,Y,A,1
2022,12,49,REGION V (BICOL REGION),CATANDUANES,65+,F,S,Y,A,1
2022,12,49,REGION V (BICOL REGION),MASBATE,25-64,F,S,Y,A,1
2022,12,49,REGION VI (WESTERN VISAYAS),ANTIQUE,5-14,F,S,Y,A,1
2022,12,49,REGION VI (WESTERN VISAYAS),CITY OF ILOILO,15-24,F,C,Y,A,1
2022,12,49,REGION VIII (EASTERN VISAYAS),CITY OF TACLOBAN,0-4,F,S,Y,A,1
2022,12,49,REGION VIII (EASTERN VISAYAS),CITY OF TACLOBAN,0-4,M,S,Y,A,3
2022,12,49,REGION VIII (EASTERN VISAYAS),CITY OF TACLOBAN,15-24,F,S,Y,A,2
2022,12,49,REGION VIII (EASTERN VISAYAS),CITY OF TACLOBAN,25-64,F,S,Y,A,3
2022,12,49,REGION VIII (EASTERN VISAYAS),CITY OF TACLOBAN,25-64,M,S,Y,A,4
2022,12,49,REGION VIII (EASTERN VISAYAS),CITY OF TACLOBAN,5-14,F,S,Y,A,2
2022,12,49,REGION VIII (EASTERN VISAYAS),CITY OF TACLOBAN,5-14,M,S,Y,A,1
2022,12,49,REGION VIII (EASTERN VISAYAS),CITY OF TACLOBAN,65+,M,S,Y,A,1
2022,12,49,REGION VIII (EASTERN VISAYAS),CITY OF TACLOBAN,Unknown,F,S,Y,A,1
2022,12,49,REGION VIII (EASTERN VISAYAS),CITY OF TACLOBAN,Unknown,M,S,Y,A,1
2022,12,49,REGION VIII (EASTERN VISAYAS),EASTERN SAMAR,15-24,F,S,Y,A,7
2022,12,49,REGION VIII (EASTERN VISAYAS),EASTERN SAMAR,15-24,M,S,Y,A,7
2022,12,49,REGION VIII (EASTERN VISAYAS),EASTERN SAMAR,25-64,F,S,Y,A,5
2022,12,49,REGION VIII (EASTERN VISAYAS),EASTERN SAMAR,25-64,M,S,Y,A,8
2022,12,49,REGION VIII (EASTERN VISAYAS),EASTERN SAMAR,5-14,F,S,Y,A,3
2022,12,49,REGION VIII (EASTERN VISAYAS),EASTERN SAMAR,5-14,M,S,Y,A,7
2022,12,49,REGION VIII (EASTERN VISAYAS),EASTERN SAMAR,65+,F,S,Y,A,1
2022,12,49,REGION VIII (EASTERN VISAYAS),EASTERN SAMAR,65+,M,S,Y,A,4
2022,12,49,REGION VIII (EASTERN VISAYAS),LEYTE,15-24,F,S,Y,A,1
2022,12,49,REGION VIII (EASTERN VISAYAS),LEYTE,15-24,M,S,Y,A,1
2022,12,49,REGION VIII (EASTERN VISAYAS),LEYTE,25-64,F,S,Y,A,1
2022,12,49,REGION VIII (EASTERN VISAYAS),LEYTE,25-64,M,S,Y,A,3
2022,12,49,REGION VIII (EASTERN VISAYAS),LEYTE,5-14,F,S,Y,A,5
2022,12,49,REGION VIII (EASTERN VISAYAS),LEYTE,5-14,M,S,Y,A,5
2022,12,49,REGION VIII (EASTERN VISAYAS),SAMAR,15-24,F,S,Y,A,6
2022,12,49,REGION VIII (EASTERN VISAYAS),SAMAR,15-24,M,S,Y,A,4
2022,12,49,REGION VIII (EASTERN VISAYAS),SAMAR,25-64,F,S,Y,A,8
2022,12,49,REGION VIII (EASTERN VISAYAS),SAMAR,25-64,M,S,Y,A,10
2022,12,49,REGION VIII (EASTERN VISAYAS),SAMAR,5-14,F,S,Y,A,3
2022,12,49,REGION VIII (EASTERN VISAYAS),SAMAR,5-14,M,S,Y,A,2
2022,12,49,REGION VIII (EASTERN VISAYAS),SAMAR,5-14,M,S,Y,D,1
2022,12,49,REGION VIII (EASTERN VISAYAS),SAMAR,65+,M,S,Y,A,2
2022,12,49,REGION X (NORTHERN MINDANAO),MISAMIS ORIENTAL,15-24,M,S,Y,A,1
2022,12,49,REGION X (NORTHERN MINDANAO),MISAMIS ORIENTAL,25-64,F,S,Y,A,3
2022,12,49,REGION X (NORTHERN MINDANAO),MISAMIS ORIENTAL,25-64,M,S,Y,A,1
2022,12,49,REGION XI (DAVAO REGION),CITY OF DAVAO,65+,F,S,Y,A,1
2022,12,49,REGION XIII (CARAGA),CITY OF BUTUAN,15-24,M,S,Y,A,1
2022,12,50,NEGROS ISLAND REGION (NIR),CITY OF BACOLOD,15-24,F,C,Y,A,1
2022,12,50,NEGROS ISLAND REGION (NIR),CITY OF BACOLOD,15-24,F,S,Y,A,1
2022,12,50,NEGROS ISLAND REGION (NIR),CITY OF BACOLOD,25-64,F,S,Y,A,2
2022,12,50,NEGROS ISLAND REGION (NIR),CITY OF BACOLOD,25-64,F,S,Y,D,1
2022,12,50,NEGROS ISLAND REGION (NIR),CITY OF BACOLOD,65+,F,S,Y,A,1
2022,12,50,NEGROS ISLAND REGION (NIR),CITY OF BACOLOD,65+,F,S,Y,D,1
2022,12,50,NEGROS ISLAND REGION (NIR),NEGROS OCCIDENTAL,0-4,F,C,Y,A,1
2022,12,50,NEGROS ISLAND REGION (NIR),NEGROS OCCIDENTAL,25-64,F,S,Y,A,2
2022,12,50,NEGROS ISLAND REGION (NIR),NEGROS OCCIDENTAL,25-64,M,C,Y,A,1
2022,12,50,NEGROS ISLAND REGION (NIR),NEGROS OCCIDENTAL,25-64,M,C,Y,D,1
2022,12,50,NEGROS ISLAND REGION (NIR),NEGROS OCCIDENTAL,5-14,M,C,Y,A,2
2022,12,50,REGION III (CENTRAL LUZON),BULACAN,25-64,M,S,Y,A,1
2022,12,50,REGION III (CENTRAL LUZON),CITY OF OLONGAPO,25-64,F,S,Y,A,1
2022,12,50,REGION IV-A (CALABARZON),LAGUNA,15-24,F,S,Y,A,1
2022,12,50,REGION IV-A (CALABARZON),LAGUNA,5-14,F,S,Y,A,1
2022,12,50,REGION IV-A (CALABARZON),LAGUNA,5-14,M,S,Y,A,4
2022,12,50,REGION V (BICOL REGION),CATANDUANES,25-64,F,S,Y,A,1
2022,12,50,REGION V (BICOL REGION),MASBATE,65+,M,S,Y,A,1
2022,12,50,REGION VI (WESTERN VISAYAS),ANTIQUE,25-64,F,S,Y,A,1
2022,12,50,REGION VI (WESTERN VISAYAS),ANTIQUE,25-64,M,S,Y,A,1
2022,12,50,REGION VI (WESTERN VISAYAS),CITY OF ILOILO,0-4,M,C,Y,A,1
2022,12,50,REGION VI (WESTERN VISAYAS),CITY OF ILOILO,15-24,F,C,Y,A,1
2022,12,50,REGION VI (WESTERN VISAYAS),CITY OF ILOILO,5-14,F,C,Y,A,1
2022,12,50,REGION VIII (EASTERN VISAYAS),CITY OF TACLOBAN,0-4,F,S,Y,A,1
2022,12,50,REGION VIII (EASTERN VISAYAS),CITY OF TACLOBAN,0-4,M,S,Y,A,1
2022,12,50,REGION VIII (EASTERN VISAYAS),CITY OF TACLOBAN,25-64,F,S,Y,A,2
2022,12,50,REGION VIII (EASTERN VISAYAS),CITY OF TACLOBAN,25-64,M,S,Y,A,1
2022,12,50,REGION VIII (EASTERN VISAYAS),CITY OF TACLOBAN,5-14,F,S,Y,A,2
2022,12,50,REGION VIII (EASTERN VISAYAS),CITY OF TACLOBAN,65+,M,S,Y,A,1
2022,12,50,REGION VIII (EASTERN VISAYAS),CITY OF TACLOBAN,Unknown,F,S,Y,A,1
2022,12,50,REGION VIII (EASTERN VISAYAS),EASTERN SAMAR,15-24,F,S,Y,A,3
2022,12,50,REGION VIII (EASTERN VISAYAS),EASTERN SAMAR,15-24,M,S,Y,A,5
2022,12,50,REGION VIII (EASTERN VISAYAS),EASTERN SAMAR,25-64,F,S,Y,A,5
2022,12,50,REGION VIII (EASTERN VISAYAS),EASTERN SAMAR,25-64,M,S,Y,A,3
2022,12,50,REGION VIII (EASTERN VISAYAS),EASTERN SAMAR,5-14,F,S,Y,A,4
2022,12,50,REGION VIII (EASTERN VISAYAS),EASTERN SAMAR,5-14,M,S,Y,A,3
2022,12,50,REGION VIII (EASTERN VISAYAS),EASTERN SAMAR,65+,F,S,Y,A,2
2022,12,50,REGION VIII (EASTERN VISAYAS),EASTERN SAMAR,65+,M,S,Y,A,1
2022,12,50,REGION VIII (EASTERN VISAYAS),LEYTE,15-24,F,S,Y,A,1
2022,12,50,REGION VIII (EASTERN VISAYAS),LEYTE,15-24,M,S,Y,A,2
2022,12,50,REGION VIII (EASTERN VISAYAS),LEYTE,25-64,F,S,Y,A,10
2022,12,50,REGION VIII (EASTERN VISAYAS),LEYTE,25-64,M,S,Y,A,3
2022,12,50,REGION VIII (EASTERN VISAYAS),LEYTE,5-14,F,S,Y,A,3
2022,12,50,REGION VIII (EASTERN VISAYAS),LEYTE,5-14,M,S,Y,A,6
2022,12,50,REGION VIII (EASTERN VISAYAS),LEYTE,65+,F,S,Y,A,1
2022,12,50,REGION VIII (EASTERN VISAYAS),LEYTE,65+,M,S,Y,A,1
2022,12,50,REGION VIII (EASTERN VISAYAS),SAMAR,15-24,F,S,Y,A,6
2022,12,50,REGION VIII (EASTERN VISAYAS),SAMAR,15-24,M,S,Y,A,2
2022,12,50,REGION VIII (EASTERN VISAYAS),SAMAR,25-64,F,S,Y,A,2
2022,12,50,REGION VIII (EASTERN VISAYAS),SAMAR,25-64,M,S,Y,A,5
2022,12,50,REGION VIII (EASTERN VISAYAS),SAMAR,5-14,F,S,Y,A,2
2022,12,50,REGION VIII (EASTERN VISAYAS),SAMAR,65+,F,S,Y,A,1
2022,12,50,REGION VIII (EASTERN VISAYAS),SAMAR,65+,M,S,Y,A,1
2022,12,50,REGION XIII (CARAGA),CITY OF BUTUAN,5-14,M,S,Y,A,1
2022,12,51,NEGROS ISLAND REGION (NIR),CITY OF BACOLOD,0-4,F,S,Y,A,1
2022,12,51,NEGROS ISLAND REGION (NIR),CITY OF BACOLOD,25-64,M,S,Y,A,2
2022,12,51,NEGROS ISLAND REGION (NIR),CITY OF BACOLOD,5-14,F,S,Y,A,1
2022,12,51,NEGROS ISLAND REGION (NIR),NEGROS OCCIDENTAL,15-24,M,C,Y,A,1
2022,12,51,NEGROS ISLAND REGION (NIR),NEGROS OCCIDENTAL,25-64,F,S,Y,A,2
2022,12,51,NEGROS ISLAND REGION (NIR),NEGROS OCCIDENTAL,65+,F,S,Y,A,1
2022,12,51,REGION IX (ZAMBOANGA PENINSULA),CITY OF ZAMBOANGA,25-64,M,S,Y,A,1
2022,12,51,REGION IX (ZAMBOANGA PENINSULA),ZAMBOANGA SIBUGAY,15-24,F,S,Y,A,1
2022,12,51,REGION V (BICOL REGION),CATANDUANES,65+,M,S,Y,A,1
2022,12,51,REGION V (BICOL REGION),MASBATE,65+,M,S,Y,A,1
2022,12,51,REGION VI (WESTERN VISAYAS),CITY OF ILOILO,25-64,M,C,Y,A,1
2022,12,51,REGION VIII (EASTERN VISAYAS),CITY OF TACLOBAN,15-24,M,S,Y,A,1
2022,12,51,REGION VIII (EASTERN VISAYAS),CITY OF TACLOBAN,65+,F,S,Y,A,1
2022,12,51,REGION VIII (EASTERN VISAYAS),EASTERN SAMAR,15-24,M,S,Y,A,3
2022,12,51,REGION VIII (EASTERN VISAYAS),EASTERN SAMAR,25-64,F,S,Y,A,2
2022,12,51,REGION VIII (EASTERN VISAYAS),EASTERN SAMAR,25-64,M,S,Y,A,3
2022,12,51,REGION VIII (EASTERN VISAYAS),EASTERN SAMAR,5-14,F,S,Y,A,1
2022,12,51,REGION VIII (EASTERN VISAYAS),EASTERN SAMAR,5-14,M,S,Y,A,2
2022,12,51,REGION VIII (EASTERN VISAYAS),LEYTE,15-24,F,S,Y,A,5
2022,12,51,REGION VIII (EASTERN VISAYAS),LEYTE,25-64,F,S,Y,A,4
2022,12,51,REGION VIII (EASTERN VISAYAS),LEYTE,25-64,M,S,Y,A,1
2022,12,51,REGION VIII (EASTERN VISAYAS),LEYTE,5-14,F,S,Y,A,4
2022,12,51,REGION VIII (EASTERN VISAYAS),LEYTE,5-14,M,S,Y,A,3
2022,12,51,REGION VIII (EASTERN VISAYAS),LEYTE,65+,F,S,Y,A,2
2022,12,51,REGION VIII (EASTERN VISAYAS),SAMAR,15-24,F,S,Y,A,2
2022,12,51,REGION VIII (EASTERN VISAYAS),SAMAR,15-24,M,S,Y,A,1
2022,12,51,REGION VIII (EASTERN VISAYAS),SAMAR,25-64,M,S,Y,A,4
2022,12,51,REGION VIII (EASTERN VISAYAS),SAMAR,5-14,M,S,Y,A,2
2022,12,51,REGION VIII (EASTERN VISAYAS),SAMAR,65+,F,S,Y,A,1
2022,12,51,REGION X (NORTHERN MINDANAO),MISAMIS ORIENTAL,25-64,F,S,Y,D,1
2022,12,51,REGION XIII (CARAGA),CITY OF BUTUAN,25-64,M,S,Y,A,1
2022,12,51,REGION XIII (CARAGA),CITY OF BUTUAN,5-14,M,S,Y,A,2
2022,12,52,MIMAROPA REGION,PALAWAN,25-64,M,S,Y,D,1
2022,12,52,NEGROS ISLAND REGION (NIR),CITY OF BACOLOD,65+,F,S,Y,A,1
2022,12,52,NEGROS ISLAND REGION (NIR),CITY OF BACOLOD,65+,M,S,Y,A,1
2022,12,52,NEGROS ISLAND REGION (NIR),NEGROS OCCIDENTAL,25-64,F,C,Y,A,1
2022,12,52,NEGROS ISLAND REGION (NIR),NEGROS OCCIDENTAL,25-64,F,S,Y,A,2
2022,12,52,REGION III (CENTRAL LUZON),PAMPANGA,5-14,M,S,Y,A,1
2022,12,52,REGION V (BICOL REGION),CATANDUANES,25-64,M,S,Y,A,1
2022,12,52,REGION V (BICOL REGION),SORSOGON,15-24,M,S,Y,A,1
2022,12,52,REGION VIII (EASTERN VISAYAS),BILIRAN,25-64,F,S,Y,A,1
2022,12,52,REGION VIII (EASTERN VISAYAS),BILIRAN,5-14,M,S,Y,A,1
2022,12,52,REGION VIII (EASTERN VISAYAS),CITY OF TACLOBAN,0-4,M,S,Y,A,1
2022,12,52,REGION VIII (EASTERN VISAYAS),CITY OF TACLOBAN,15-24,M,S,Y,A,1
2022,12,52,REGION VIII (EASTERN VISAYAS),CITY OF TACLOBAN,25-64,F,S,Y,A,3
2022,12,52,REGION VIII (EASTERN VISAYAS),CITY OF TACLOBAN,25-64,M,S,Y,A,2
2022,12,52,REGION VIII (EASTERN VISAYAS),CITY OF TACLOBAN,65+,F,S,Y,A,1
2022,12,52,REGION VIII (EASTERN VISAYAS),CITY OF TACLOBAN,Unknown,F,S,Y,A,1
2022,12,52,REGION VIII (EASTERN VISAYAS),EASTERN SAMAR,15-24,M,S,Y,A,1
2022,12,52,REGION VIII (EASTERN VISAYAS),EASTERN SAMAR,25-64,F,C,Y,A,1
2022,12,52,REGION VIII (EASTERN VISAYAS),EASTERN SAMAR,25-64,F,S,Y,A,2
2022,12,52,REGION VIII (EASTERN VISAYAS),EASTERN SAMAR,25-64,M,C,Y,A,1
2022,12,52,REGION VIII (EASTERN VISAYAS),EASTERN SAMAR,5-14,F,C,Y,A,1
2022,12,52,REGION VIII (EASTERN VISAYAS),EASTERN SAMAR,5-14,M,S,Y,A,3
2022,12,52,REGION VIII (EASTERN VISAYAS),EASTERN SAMAR,65+,F,S,Y,A,2
2022,12,52,REGION VIII (EASTERN VISAYAS),EASTERN SAMAR,65+,M,S,Y,A,1
2022,12,52,REGION VIII (EASTERN VISAYAS),LEYTE,15-24,F,S,Y,A,1
2022,12,52,REGION VIII (EASTERN VISAYAS),LEYTE,25-64,F,S,Y,A,2
2022,12,52,REGION VIII (EASTERN VISAYAS),LEYTE,25-64,M,S,Y,A,3
2022,12,52,REGION VIII (EASTERN VISAYAS),LEYTE,5-14,F,S,Y,A,1
2022,12,52,REGION VIII (EASTERN VISAYAS),LEYTE,5-14,M,S,Y,A,4
2022,12,52,REGION VIII (EASTERN VISAYAS),NORTHERN SAMAR,25-64,F,S,Y,A,1
2022,12,52,REGION VIII (EASTERN VISAYAS),NORTHERN SAMAR,5-14,F,S,Y,A,1
2022,12,52,REGION VIII (EASTERN VISAYAS),NORTHERN SAMAR,5-14,M,S,Y,A,1
2022,12,52,REGION VIII (EASTERN VISAYAS),NORTHERN SAMAR,65+,M,S,Y,A,1
2022,12,52,REGION VIII (EASTERN VISAYAS),SAMAR,25-64,F,S,Y,A,1
2022,12,52,REGION VIII (EASTERN VISAYAS),SAMAR,25-64,M,S,Y,A,2
2022,12,52,REGION VIII (EASTERN VISAYAS),SAMAR,5-14,F,S,Y,A,2
2022,12,52,REGION VIII (EASTERN VISAYAS),SAMAR,5-14,M,S,Y,A,1
2022,12,52,REGION VIII (EASTERN VISAYAS),SAMAR,65+,F,S,Y,A,1
2023,1,1,NEGROS ISLAND REGION (NIR),NEGROS OCCIDENTAL,15-24,M,S,Y,A,1
2023,1,1,NEGROS ISLAND REGION (NIR),NEGROS OCCIDENTAL,65+,M,S,Y,A,1
2023,1,1,REGION IX (ZAMBOANGA PENINSULA),CITY OF ZAMBOANGA,15-24,M,S,Y,A,1
2023,1,1,REGION IX (ZAMBOANGA PENINSULA),CITY OF ZAMBOANGA,25-64,M,S,Y,A,1
2023,1,1,REGION IX (ZAMBOANGA PENINSULA),CITY OF ZAMBOANGA,5-14,F,S,Y,A,2
2023,1,1,REGION IX (ZAMBOANGA PENINSULA),CITY OF ZAMBOANGA,5-14,M,S,Y,A,1
2023,1,1,REGION V (BICOL REGION),CATANDUANES,15-24,F,S,Y,A,1
2023,1,1,REGION V (BICOL REGION),CATANDUANES,25-64,F,S,Y,A,1
2023,1,1,REGION V (BICOL REGION),CATANDUANES,5-14,M,S,Y,A,1
2023,1,1,REGION V (BICOL REGION),MASBATE,15-24,F,S,Y,A,1
2023,1,1,REGION V (BICOL REGION),MASBATE,25-64,F,S,Y,A,1
2023,1,1,REGION V (BICOL REGION),MASBATE,5-14,F,S,Y,A,1
2023,1,1,REGION V (BICOL REGION),SORSOGON,15-24,M,S,Y,A,1
2023,1,1,REGION V (BICOL REGION),SORSOGON,25-64,M,S,Y,A,3
2023,1,1,REGION V (BICOL REGION),SORSOGON,5-14,M,S,Y,A,4
2023,1,1,REGION VIII (EASTERN VISAYAS),CITY OF TACLOBAN,25-64,F,S,Y,A,1
2023,1,1,REGION VIII (EASTERN VISAYAS),EASTERN SAMAR,0-4,M,C,Y,A,1
2023,1,1,REGION VIII (EASTERN VISAYAS),EASTERN SAMAR,15-24,F,S,Y,A,1
2023,1,1,REGION VIII (EASTERN VISAYAS),EASTERN SAMAR,25-64,F,S,Y,A,2
2023,1,1,REGION VIII (EASTERN VISAYAS),EASTERN SAMAR,25-64,M,S,Y,A,2
2023,1,1,REGION VIII (EASTERN VISAYAS),EASTERN SAMAR,5-14,F,S,Y,A,2
2023,1,1,REGION VIII (EASTERN VISAYAS),EASTERN SAMAR,65+,F,S,Y,A,3
2023,1,1,REGION VIII (EASTERN VISAYAS),LEYTE,15-24,F,S,Y,A,2
2023,1,1,REGION VIII (EASTERN VISAYAS),LEYTE,15-24,M,S,Y,A,2
2023,1,1,REGION VIII (EASTERN VISAYAS),LEYTE,25-64,F,S,Y,A,4
2023,1,1,REGION VIII (EASTERN VISAYAS),LEYTE,5-14,F,S,Y,A,2
2023,1,1,REGION VIII (EASTERN VISAYAS),LEYTE,5-14,M,S,Y,A,1
2023,1,1,REGION VIII (EASTERN VISAYAS),LEYTE,65+,M,S,Y,A,1
2023,1,1,REGION VIII (EASTERN VISAYAS),NORTHERN SAMAR,25-64,F,S,Y,A,1
2023,1,1,REGION VIII (EASTERN VISAYAS),NORTHERN SAMAR,65+,F,S,Y,A,1
2023,1,1,REGION VIII (EASTERN VISAYAS),SAMAR,15-24,F,S,Y,A,10
2023,1,1,REGION VIII (EASTERN VISAYAS),SAMAR,15-24,M,S,Y,A,6
2023,1,1,REGION VIII (EASTERN VISAYAS),SAMAR,25-64,F,S,Y,A,19
2023,1,1,REGION VIII (EASTERN VISAYAS),SAMAR,25-64,M,S,Y,A,20
2023,1,1,REGION VIII (EASTERN VISAYAS),SAMAR,5-14,F,S,Y,A,5
2023,1,1,REGION VIII (EASTERN VISAYAS),SAMAR,5-14,M,S,Y,A,7
2023,1,1,REGION VIII (EASTERN VISAYAS),SAMAR,65+,F,S,Y,A,4
2023,1,1,REGION VIII (EASTERN VISAYAS),SAMAR,65+,M,S,Y,A,1
2023,1,1,REGION VIII (EASTERN VISAYAS),SAMAR,65+,M,S,Y,D,1
2023,1,1,REGION XIII (CARAGA),CITY OF BUTUAN,5-14,F,S,Y,A,1
2023,1,2,NATIONAL CAPITAL REGION (NCR),CITY OF MANILA,0-4,M,C,Y,A,1
2023,1,2,NATIONAL CAPITAL REGION (NCR),CITY OF MANILA,5-14,M,S,Y,A,1
2023,1,2,NATIONAL CAPITAL REGION (NCR),QUEZON CITY,25-64,F,S,Y,A,1
2023,1,2,NEGROS ISLAND REGION (NIR),CITY OF BACOLOD,15-24,M,S,Y,A,1
2023,1,2,NEGROS ISLAND REGION (NIR),CITY OF BACOLOD,15-24,M,S,Y,D,1
2023,1,2,NEGROS ISLAND REGION (NIR),NEGROS OCCIDENTAL,65+,M,S,Y,D,1
2023,1,2,REGION I (ILOCOS REGION),PANGASINAN,25-64,F,S,Y,A,1
2023,1,2,REGION III (CENTRAL LUZON),CITY OF OLONGAPO,25-64,F,S,Y,A,1
2023,1,2,REGION IX (ZAMBOANGA PENINSULA),CITY OF ZAMBOANGA,25-64,M,S,Y,A,1
2023,1,2,REGION V (BICOL REGION),CATANDUANES,25-64,F,S,Y,A,2
2023,1,2,REGION V (BICOL REGION),CATANDUANES,25-64,M,S,Y,A,1
2023,1,2,REGION V (BICOL REGION),MASBATE,15-24,M,S,Y,A,1
2023,1,2,REGION V (BICOL REGION),MASBATE,25-64,F,S,Y,A,1
2023,1,2,REGION V (BICOL REGION),MASBATE,5-14,F,S,Y,A,1
2023,1,2,REGION V (BICOL REGION),SORSOGON,15-24,F,S,Y,A,1
2023,1,2,REGION V (BICOL REGION),SORSOGON,15-24,M,S,Y,A,1
2023,1,2,REGION V (BICOL REGION),SORSOGON,25-64,F,S,Y,A,1
2023,1,2,REGION V (BICOL REGION),SORSOGON,25-64,M,S,Y,A,1
2023,1,2,REGION V (BICOL REGION),SORSOGON,5-14,M,S,Y,A,1
2023,1,2,REGION VI (WESTERN VISAYAS),ANTIQUE,25-64,F,S,Y,A,1
2023,1,2,REGION VI (WESTERN VISAYAS),ANTIQUE,65+,F,S,Y,A,1
2023,1,2,REGION VIII (EASTERN VISAYAS),EASTERN SAMAR,25-64,M,C,Y,A,1
2023,1,2,REGION VIII (EASTERN VISAYAS),EASTERN SAMAR,5-14,M,S,Y,A,2
2023,1,2,REGION VIII (EASTERN VISAYAS),LEYTE,15-24,F,S,Y,A,1
2023,1,2,REGION VIII (EASTERN VISAYAS),LEYTE,25-64,F,S,Y,A,1
2023,1,2,REGION VIII (EASTERN VISAYAS),LEYTE,25-64,M,S,Y,A,5
2023,1,2,REGION VIII (EASTERN VISAYAS),LEYTE,5-14,F,S,Y,A,4
2023,1,2,REGION VIII (EASTERN VISAYAS),LEYTE,65+,F,S,Y,A,1
2023,1,2,REGION VIII (EASTERN VISAYAS),LEYTE,65+,M,S,Y,A,1
2023,1,2,REGION VIII (EASTERN VISAYAS),NORTHERN SAMAR,5-14,M,S,Y,A,1
2023,1,2,REGION VIII (EASTERN VISAYAS),NORTHERN SAMAR,65+,F,S,Y,A,1
2023,1,2,REGION VIII (EASTERN VISAYAS),SAMAR,15-24,F,S,Y,A,7
2023,1,2,REGION VIII (EASTERN VISAYAS),SAMAR,15-24,M,S,Y,A,1
2023,1,2,REGION VIII (EASTERN VISAYAS),SAMAR,25-64,F,S,Y,A,11
2023,1,2,REGION VIII (EASTERN VISAYAS),SAMAR,25-64,M,S,Y,A,4
2023,1,2,REGION VIII (EASTERN VISAYAS),SAMAR,5-14,M,S,Y,A,3
2023,1,2,REGION VIII (EASTERN VISAYAS),SAMAR,65+,F,S,Y,A,2
2023,1,2,REGION VIII (EASTERN VISAYAS),SAMAR,65+,M,S,Y,A,2
2023,1,2,REGION VIII (EASTERN VISAYAS),SOUTHERN LEYTE,15-24,M,S,Y,A,1
2023,1,2,REGION VIII (EASTERN VISAYAS),SOUTHERN LEYTE,25-64,F,S,Y,A,4
2023,1,2,REGION VIII (EASTERN VISAYAS),SOUTHERN LEYTE,5-14,F,S,Y,A,1
2023,1,2,REGION VIII (EASTERN VISAYAS),SOUTHERN LEYTE,65+,F,S,Y,A,1
2023,1,2,REGION VIII (EASTERN VISAYAS),SOUTHERN LEYTE,65+,M,S,Y,A,2
2023,1,2,REGION XI (DAVAO REGION),DAVAO OCCIDENTAL,25-64,F,C,Y,A,2
2023,1,2,REGION XI (DAVAO REGION),DAVAO OCCIDENTAL,25-64,M,C,Y,A,1
2023,1,3,NEGROS ISLAND REGION (NIR),NEGROS OCCIDENTAL,15-24,M,S,Y,A,1
2023,1,3,NEGROS ISLAND REGION (NIR),NEGROS OCCIDENTAL,25-64,M,S,Y,A,2
2023,1,3,REGION IX (ZAMBOANGA PENINSULA),CITY OF ZAMBOANGA,25-64,M,S,Y,A,2
2023,1,3,REGION IX (ZAMBOANGA PENINSULA),ZAMBOANGA DEL SUR,5-14,F,S,Y,D,1
2023,1,3,REGION IX (ZAMBOANGA PENINSULA),ZAMBOANGA SIBUGAY,15-24,M,S,Y,A,1
2023,1,3,REGION V (BICOL REGION),CATANDUANES,25-64,M,S,Y,A,1
2023,1,3,REGION V (BICOL REGION),CATANDUANES,5-14,M,S,Y,A,1
2023,1,3,REGION V (BICOL REGION),MASBATE,15-24,F,S,Y,A,1
2023,1,3,REGION V (BICOL REGION),SORSOGON,15-24,F,S,Y,A,1
2023,1,3,REGION V (BICOL REGION),SORSOGON,15-24,M,S,Y,A,1
2023,1,3,REGION V (BICOL REGION),SORSOGON,25-64,F,S,Y,A,1
2023,1,3,REGION V (BICOL REGION),SORSOGON,25-64,M,S,Y,A,2
2023,1,3,REGION V (BICOL REGION),SORSOGON,5-14,F,S,Y,A,1
2023,1,3,REGION V (BICOL REGION),SORSOGON,5-14,M,S,Y,A,2
2023,1,3,REGION V (BICOL REGION),SORSOGON,65+,M,S,Y,A,1
2023,1,3,REGION VIII (EASTERN VISAYAS),EASTERN SAMAR,25-64,F,S,Y,A,1
2023,1,3,REGION VIII (EASTERN VISAYAS),LEYTE,15-24,F,S,Y,A,1
2023,1,3,REGION VIII (EASTERN VISAYAS),NORTHERN SAMAR,25-64,F,S,Y,A,1
2023,1,3,REGION VIII (EASTERN VISAYAS),NORTHERN SAMAR,25-64,M,S,Y,A,3
2023,1,3,REGION VIII (EASTERN VISAYAS),SAMAR,15-24,F,S,Y,A,4
2023,1,3,REGION VIII (EASTERN VISAYAS),SAMAR,15-24,M,S,Y,A,1
2023,1,3,REGION VIII (EASTERN VISAYAS),SAMAR,25-64,F,S,Y,A,5
2023,1,3,REGION VIII (EASTERN VISAYAS),SAMAR,25-64,M,S,Y,A,6
2023,1,3,REGION VIII (EASTERN VISAYAS),SAMAR,5-14,F,S,Y,A,2
2023,1,3,REGION VIII (EASTERN VISAYAS),SAMAR,5-14,M,S,Y,A,2
2023,1,3,REGION VIII (EASTERN VISAYAS),SAMAR,65+,F,S,Y,A,4
2023,1,3,REGION VIII (EASTERN VISAYAS),SAMAR,65+,M,S,Y,A,2
2023,1,3,REGION VIII (EASTERN VISAYAS),SOUTHERN LEYTE,25-64,F,S,Y,A,2
2023,1,3,REGION VIII (EASTERN VISAYAS),SOUTHERN LEYTE,25-64,M,S,Y,A,2
2023,1,3,REGION VIII (EASTERN VISAYAS),SOUTHERN LEYTE,5-14,M,S,Y,A,1
2023,1,3,REGION XIII (CARAGA),CITY OF BUTUAN,15-24,F,S,Y,A,1
2023,1,3,REGION XIII (CARAGA),SURIGAO DEL SUR,65+,M,S,Y,A,1
2023,1,4,CORDILLERA ADMINISTRATIVE REGION (CAR),CITY OF BAGUIO,65+,F,S,Y,A,1
2023,1,4,NEGROS ISLAND REGION (NIR),CITY OF BACOLOD,25-64,F,S,Y,A,2
2023,1,4,NEGROS ISLAND REGION (NIR),CITY OF BACOLOD,25-64,M,S,Y,A,1
2023,1,4,NEGROS ISLAND REGION (NIR),CITY OF BACOLOD,65+,F,S,Y,A,1
2023,1,4,NEGROS ISLAND REGION (NIR),NEGROS OCCIDENTAL,25-64,M,S,Y,A,2
2023,1,4,REGION I (ILOCOS REGION),LA UNION,25-64,M,S,Y,A,1
2023,1,4,REGION IV-A (CALABARZON),RIZAL,25-64,F,S,Y,A,2
2023,1,4,REGION IV-A (CALABARZON),RIZAL,25-64,M,S,Y,A,3
2023,1,4,REGION IX (ZAMBOANGA PENINSULA),CITY OF ZAMBOANGA,25-64,M,S,Y,A,2
2023,1,4,REGION IX (ZAMBOANGA PENINSULA),CITY OF ZAMBOANGA,5-14,F,S,Y,A,1
2023,1,4,REGION IX (ZAMBOANGA PENINSULA),CITY OF ZAMBOANGA,5-14,M,S,Y,A,1
2023,1,4,REGION V (BICOL REGION),CATANDUANES,25-64,F,S,Y,A,1
2023,1,4,REGION V (BICOL REGION),CATANDUANES,5-14,F,S,Y,A,1
2023,1,4,REGION V (BICOL REGION),MASBATE,15-24,F,S,Y,A,1
2023,1,4,REGION V (BICOL REGION),MASBATE,25-64,F,S,Y,A,1
2023,1,4,REGION V (BICOL REGION),MASBATE,5-14,M,S,Y,A,1
2023,1,4,REGION V (BICOL REGION),SORSOGON,15-24,F,S,Y,A,1
2023,1,4,REGION V (BICOL REGION),SORSOGON,15-24,M,S,Y,A,1
2023,1,4,REGION V (BICOL REGION),SORSOGON,25-64,F,S,Y,A,2
2023,1,4,REGION V (BICOL REGION),SORSOGON,25-64,M,S,Y,A,2
2023,1,4,REGION V (BICOL REGION),SORSOGON,5-14,F,S,Y,A,2
2023,1,4,REGION V (BICOL REGION),SORSOGON,5-14,M,S,Y,A,3
2023,1,4,REGION VI (WESTERN VISAYAS),ILOILO,5-14,F,S,Y,A,1
2023,1,4,REGION VIII (EASTERN VISAYAS),CITY OF TACLOBAN,65+,F,C,Y,A,1
2023,1,4,REGION VIII (EASTERN VISAYAS),EASTERN SAMAR,15-24,F,S,Y,A,1
2023,1,4,REGION VIII (EASTERN VISAYAS),EASTERN SAMAR,25-64,F,S,Y,A,1
2023,1,4,REGION VIII (EASTERN VISAYAS),EASTERN SAMAR,25-64,M,S,Y,A,1
2023,1,4,REGION VIII (EASTERN VISAYAS),EASTERN SAMAR,5-14,F,S,Y,A,2
2023,1,4,REGION VIII (EASTERN VISAYAS),LEYTE,25-64,F,S,Y,A,2
2023,1,4,REGION VIII (EASTERN VISAYAS),LEYTE,25-64,M,S,Y,A,2
2023,1,4,REGION VIII (EASTERN VISAYAS),LEYTE,5-14,M,S,Y,A,1
2023,1,4,REGION VIII (EASTERN VISAYAS),LEYTE,65+,F,S,Y,A,1
2023,1,4,REGION VIII (EASTERN VISAYAS),NORTHERN SAMAR,25-64,F,S,Y,A,1
2023,1,4,REGION VIII (EASTERN VISAYAS),NORTHERN SAMAR,25-64,M,S,Y,A,2
2023,1,4,REGION VIII (EASTERN VISAYAS),NORTHERN SAMAR,5-14,M,S,Y,A,1
2023,1,4,REGION VIII (EASTERN VISAYAS),SAMAR,15-24,F,S,Y,A,3
2023,1,4,REGION VIII (EASTERN VISAYAS),SAMAR,15-24,M,S,Y,A,1
2023,1,4,REGION VIII (EASTERN VISAYAS),SAMAR,25-64,F,S,Y,A,3
2023,1,4,REGION VIII (EASTERN VISAYAS),SAMAR,25-64,M,S,Y,A,4
2023,1,4,REGION VIII (EASTERN VISAYAS),SAMAR,5-14,F,S,Y,A,6
2023,1,4,REGION VIII (EASTERN VISAYAS),SAMAR,5-14,M,S,Y,A,7
2023,1,4,REGION VIII (EASTERN VISAYAS),SAMAR,65+,F,S,Y,A,2
2023,1,4,REGION VIII (EASTERN VISAYAS),SOUTHERN LEYTE,25-64,F,S,Y,A,1
2023,1,4,REGION VIII (EASTERN VISAYAS),SOUTHERN LEYTE,25-64,M,S,Y,A,1
2023,1,4,REGION VIII (EASTERN VISAYAS),SOUTHERN LEYTE,5-14,F,S,Y,A,2
2023,1,4,REGION VIII (EASTERN VISAYAS),SOUTHERN LEYTE,5-14,M,S,Y,A,2
2023,1,4,REGION VIII (EASTERN VISAYAS),SOUTHERN LEYTE,65+,F,S,Y,A,1
2023,1,4,REGION XIII (CARAGA),SURIGAO DEL SUR,25-64,F,S,Y,A,1
2023,1,5,CORDILLERA ADMINISTRATIVE REGION (CAR),BENGUET,25-64,M,S,Y,A,2
2023,1,5,REGION IV-A (CALABARZON),RIZAL,15-24,F,S,Y,A,6
2023,1,5,REGION IV-A (CALABARZON),RIZAL,15-24,M,S,Y,A,2
2023,1,5,REGION IV-A (CALABARZON),RIZAL,25-64,F,S,Y,A,10
2023,1,5,REGION IV-A (CALABARZON),RIZAL,25-64,M,S,Y,A,10
2023,1,5,REGION IV-A (CALABARZON),RIZAL,5-14,F,S,Y,A,2
2023,1,5,REGION IV-A (CALABARZON),RIZAL,5-14,M,S,Y,A,2
2023,1,5,REGION IX (ZAMBOANGA PENINSULA),CITY OF ZAMBOANGA,15-24,M,S,Y,A,1
2023,1,5,REGION IX (ZAMBOANGA PENINSULA),CITY OF ZAMBOANGA,25-64,F,S,Y,A,1
2023,1,5,REGION IX (ZAMBOANGA PENINSULA),CITY OF ZAMBOANGA,25-64,M,S,Y,A,1
2023,1,5,REGION IX (ZAMBOANGA PENINSULA),CITY OF ZAMBOANGA,5-14,F,S,Y,A,2
2023,1,5,REGION IX (ZAMBOANGA PENINSULA),CITY OF ZAMBOANGA,5-14,M,S,Y,A,4
2023,1,5,REGION V (BICOL REGION),CATANDUANES,5-14,F,S,Y,A,1
2023,1,5,REGION V (BICOL REGION),MASBATE,15-24,F,S,Y,A,1
2023,1,5,REGION V (BICOL REGION),SORSOGON,5-14,M,S,Y,A,1
2023,1,5,REGION VIII (EASTERN VISAYAS),CITY OF TACLOBAN,25-64,M,S,Y,A,1
2023,1,5,REGION VIII (EASTERN VISAYAS),CITY OF TACLOBAN,5-14,M,S,Y,A,1
2023,1,5,REGION VIII (EASTERN VISAYAS),EASTERN SAMAR,25-64,M,S,Y,A,2
2023,1,5,REGION VIII (EASTERN VISAYAS),EASTERN SAMAR,5-14,F,S,Y,A,1
2023,1,5,REGION VIII (EASTERN VISAYAS),EASTERN SAMAR,5-14,M,S,Y,A,2
2023,1,5,REGION VIII (EASTERN VISAYAS),EASTERN SAMAR,65+,F,S,Y,A,2
2023,1,5,REGION VIII (EASTERN VISAYAS),EASTERN SAMAR,65+,M,S,Y,A,1
2023,1,5,REGION VIII (EASTERN VISAYAS),LEYTE,25-64,F,S,Y,A,2
2023,1,5,REGION VIII (EASTERN VISAYAS),LEYTE,5-14,F,S,Y,A,1
2023,1,5,REGION VIII (EASTERN VISAYAS),LEYTE,5-14,M,S,Y,A,1
2023,1,5,REGION VIII (EASTERN VISAYAS),SAMAR,15-24,F,S,Y,A,5
2023,1,5,REGION VIII (EASTERN VISAYAS),SAMAR,25-64,F,S,Y,A,6
2023,1,5,REGION VIII (EASTERN VISAYAS),SAMAR,25-64,M,S,Y,A,4
2023,1,5,REGION VIII (EASTERN VISAYAS),SAMAR,5-14,F,S,Y,A,7
2023,1,5,REGION VIII (EASTERN VISAYAS),SAMAR,5-14,M,S,Y,A,7
2023,1,5,REGION VIII (EASTERN VISAYAS),SAMAR,65+,F,S,Y,A,1
2023,1,5,REGION VIII (EASTERN VISAYAS),SAMAR,65+,M,S,Y,A,1
2023,1,5,REGION VIII (EASTERN VISAYAS),SOUTHERN LEYTE,25-64,F,S,Y,A,1
2023,1,5,REGION VIII (EASTERN VISAYAS),SOUTHERN LEYTE,5-14,M,S,Y,A,1
2023,1,5,REGION VIII (EASTERN VISAYAS),SOUTHERN LEYTE,65+,F,S,Y,A,1
2023,1,5,REGION X (NORTHERN MINDANAO),CITY OF CAGAYAN DE ORO,5-14,M,S,Y,A,1
2023,2,5,NEGROS ISLAND REGION (NIR),NEGROS OCCIDENTAL,5-14,M,S,Y,A,1
2023,2,5,REGION IV-A (CALABARZON),RIZAL,15-24,F,S,Y,A,3
2023,2,5,REGION IV-A (CALABARZON),RIZAL,5-14,F,S,Y,A,1
2023,2,5,REGION IX (ZAMBOANGA PENINSULA),CITY OF ZAMBOANGA,15-24,M,S,Y,A,1
2023,2,5,REGION IX (ZAMBOANGA PENINSULA),CITY OF ZAMBOANGA,25-64,F,S,Y,A,1
2023,2,5,REGION V (BICOL REGION),CATANDUANES,65+,M,S,Y,A,1
2023,2,5,REGION V (BICOL REGION),MASBATE,65+,M,S,Y,A,1
2023,2,5,REGION V (BICOL REGION),SORSOGON,25-64,F,S,Y,A,2
2023,2,5,REGION V (BICOL REGION),SORSOGON,5-14,M,S,Y,A,1
2023,2,5,REGION VII (CENTRAL VISAYAS),BOHOL,5-14,F,C,Y,A,1
2023,2,5,REGION VIII (EASTERN VISAYAS),CITY OF TACLOBAN,15-24,M,S,Y,A,1
2023,2,5,REGION VIII (EASTERN VISAYAS),CITY OF TACLOBAN,5-14,M,S,Y,A,1
2023,2,5,REGION VIII (EASTERN VISAYAS),EASTERN SAMAR,15-24,M,S,Y,A,1
2023,2,5,REGION VIII (EASTERN VISAYAS),EASTERN SAMAR,25-64,F,S,Y,A,4
2023,2,5,REGION VIII (EASTERN VISAYAS),EASTERN SAMAR,5-14,M,S,Y,A,3
2023,2,5,REGION VIII (EASTERN VISAYAS),EASTERN SAMAR,65+,F,S,Y,A,1
2023,2,5,REGION VIII (EASTERN VISAYAS),LEYTE,15-24,F,S,Y,A,1
2023,2,5,REGION VIII (EASTERN VISAYAS),LEYTE,15-24,M,S,Y,A,1
2023,2,5,REGION VIII (EASTERN VISAYAS),LEYTE,25-64,F,S,Y,A,2
2023,2,5,REGION VIII (EASTERN VISAYAS),LEYTE,5-14,F,S,Y,A,3
2023,2,5,REGION VIII (EASTERN VISAYAS),LEYTE,5-14,M,S,Y,A,3
2023,2,5,REGION VIII (EASTERN VISAYAS),LEYTE,65+,F,S,Y,A,1
2023,2,5,REGION VIII (EASTERN VISAYAS),LEYTE,65+,M,S,Y,A,1
2023,2,5,REGION VIII (EASTERN VISAYAS),NORTHERN SAMAR,25-64,F,S,Y,A,4
2023,2,5,REGION VIII (EASTERN VISAYAS),NORTHERN SAMAR,25-64,M,S,Y,A,1
2023,2,5,REGION VIII (EASTERN VISAYAS),NORTHERN SAMAR,5-14,M,S,Y,A,1
2023,2,5,REGION VIII (EASTERN VISAYAS),SAMAR,15-24,F,S,Y,A,3
2023,2,5,REGION VIII (EASTERN VISAYAS),SAMAR,15-24,M,S,Y,A,4
2023,2,5,REGION VIII (EASTERN VISAYAS),SAMAR,25-64,F,S,Y,A,9
2023,2,5,REGION VIII (EASTERN VISAYAS),SAMAR,25-64,M,S,Y,A,3
2023,2,5,REGION VIII (EASTERN VISAYAS),SAMAR,5-14,F,S,Y,A,6
2023,2,5,REGION VIII (EASTERN VISAYAS),SAMAR,5-14,M,S,Y,A,5
2023,2,5,REGION VIII (EASTERN VISAYAS),SAMAR,65+,F,S,Y,A,2
2023,2,5,REGION VIII (EASTERN VISAYAS),SAMAR,65+,M,S,Y,A,1
2023,2,5,REGION VIII (EASTERN VISAYAS),SOUTHERN LEYTE,25-64,F,S,Y,A,1
2023,2,5,REGION VIII (EASTERN VISAYAS),SOUTHERN LEYTE,65+,F,S,Y,A,1
2023,2,5,REGION XIII (CARAGA),SURIGAO DEL SUR,25-64,F,S,Y,A,1
2023,2,6,CORDILLERA ADMINISTRATIVE REGION (CAR),CITY OF BAGUIO,65+,M,S,Y,A,1
2023,2,6,NEGROS ISLAND REGION (NIR),CITY OF BACOLOD,25-64,M,C,Y,A,1
2023,2,6,NEGROS ISLAND REGION (NIR),CITY OF BACOLOD,25-64,M,S,Y,A,2
2023,2,6,REGION IX (ZAMBOANGA PENINSULA),CITY OF ZAMBOANGA,15-24,F,S,Y,A,3
2023,2,6,REGION IX (ZAMBOANGA PENINSULA),CITY OF ZAMBOANGA,15-24,M,S,Y,A,2
2023,2,6,REGION IX (ZAMBOANGA PENINSULA),CITY OF ZAMBOANGA,25-64,M,S,Y,A,2
2023,2,6,REGION IX (ZAMBOANGA PENINSULA),CITY OF ZAMBOANGA,5-14,F,S,Y,A,1
2023,2,6,REGION IX (ZAMBOANGA PENINSULA),CITY OF ZAMBOANGA,5-14,M,S,Y,A,4
2023,2,6,REGION IX (ZAMBOANGA PENINSULA),CITY OF ZAMBOANGA,65+,M,S,Y,A,1
2023,2,6,REGION V (BICOL REGION),CAMARINES SUR,65+,F,S,Y,A,1
2023,2,6,REGION V (BICOL REGION),CATANDUANES,25-64,F,S,Y,A,1
2023,2,6,REGION V (BICOL REGION),MASBATE,15-24,F,S,Y,A,1
2023,2,6,REGION V (BICOL REGION),MASBATE,15-24,M,S,Y,A,1
2023,2,6,REGION V (BICOL REGION),MASBATE,25-64,M,S,Y,A,1
2023,2,6,REGION V (BICOL REGION),MASBATE,5-14,M,S,Y,A,2
2023,2,6,REGION V (BICOL REGION),SORSOGON,15-24,F,S,Y,A,1
2023,2,6,REGION V (BICOL REGION),SORSOGON,15-24,M,S,Y,A,1
2023,2,6,REGION V (BICOL REGION),SORSOGON,25-64,F,S,Y,A,1
2023,2,6,REGION V (BICOL REGION),SORSOGON,25-64,M,S,Y,A,2
2023,2,6,REGION V (BICOL REGION),SORSOGON,5-14,F,S,Y,A,1
2023,2,6,REGION V (BICOL REGION),SORSOGON,5-14,M,S,Y,A,3
2023,2,6,REGION V (BICOL REGION),SORSOGON,65+,M,S,Y,A,1
2023,2,6,REGION VI (WESTERN VISAYAS),ILOILO,25-64,F,S,Y,A,2
2023,2,6,REGION VIII (EASTERN VISAYAS),CITY OF TACLOBAN,15-24,F,S,Y,A,1
2023,2,6,REGION VIII (EASTERN VISAYAS),CITY OF TACLOBAN,25-64,M,S,Y,A,1
2023,2,6,REGION VIII (EASTERN VISAYAS),EASTERN SAMAR,15-24,F,S,Y,A,1
2023,2,6,REGION VIII (EASTERN VISAYAS),EASTERN SAMAR,15-24,M,S,Y,A,3
2023,2,6,REGION VIII (EASTERN VISAYAS),EASTERN SAMAR,25-64,F,S,Y,A,4
2023,2,6,REGION VIII (EASTERN VISAYAS),EASTERN SAMAR,25-64,M,S,Y,A,1
2023,2,6,REGION VIII (EASTERN VISAYAS),EASTERN SAMAR,5-14,F,S,Y,A,1
2023,2,6,REGION VIII (EASTERN VISAYAS),EASTERN SAMAR,5-14,M,S,Y,A,1
2023,2,6,REGION VIII (EASTERN VISAYAS),EASTERN SAMAR,65+,F,S,Y,A,1
2023,2,6,REGION VIII (EASTERN VISAYAS),EASTERN SAMAR,65+,M,S,Y,A,2
2023,2,6,REGION VIII (EASTERN VISAYAS),LEYTE,15-24,M,S,Y,A,3
2023,2,6,REGION VIII (EASTERN VISAYAS),LEYTE,25-64,F,S,Y,A,2
2023,2,6,REGION VIII (EASTERN VISAYAS),LEYTE,25-64,M,S,Y,A,3
2023,2,6,REGION VIII (EASTERN VISAYAS),LEYTE,25-64,M,S,Y,D,1
2023,2,6,REGION VIII (EASTERN VISAYAS),LEYTE,5-14,F,S,Y,A,2
2023,2,6,REGION VIII (EASTERN VISAYAS),LEYTE,5-14,M,S,Y,A,4
2023,2,6,REGION VIII (EASTERN VISAYAS),LEYTE,65+,F,S,Y,A,2
2023,2,6,REGION VIII (EASTERN VISAYAS),NORTHERN SAMAR,25-64,F,S,Y,A,1
2023,2,6,REGION VIII (EASTERN VISAYAS),NORTHERN SAMAR,25-64,M,S,Y,A,1
2023,2,6,REGION VIII (EASTERN VISAYAS),NORTHERN SAMAR,5-14,F,S,Y,A,1
2023,2,6,REGION VIII (EASTERN VISAYAS),SAMAR,15-24,F,S,Y,A,6
2023,2,6,REGION VIII (EASTERN VISAYAS),SAMAR,15-24,M,S,Y,A,2
2023,2,6,REGION VIII (EASTERN VISAYAS),SAMAR,25-64,F,S,Y,A,7
2023,2,6,REGION VIII (EASTERN VISAYAS),SAMAR,25-64,M,C,Y,A,1
2023,2,6,REGION VIII (EASTERN VISAYAS),SAMAR,25-64,M,S,Y,A,6
2023,2,6,REGION VIII (EASTERN VISAYAS),SAMAR,5-14,F,S,Y,A,3
2023,2,6,REGION VIII (EASTERN VISAYAS),SAMAR,5-14,M,S,Y,A,5
2023,2,6,REGION VIII (EASTERN VISAYAS),SAMAR,65+,F,S,Y,A,1
2023,2,6,REGION VIII (EASTERN VISAYAS),SAMAR,65+,M,S,Y,A,2
2023,2,6,REGION VIII (EASTERN VISAYAS),SOUTHERN LEYTE,15-24,F,S,Y,A,1
2023,2,6,REGION VIII (EASTERN VISAYAS),SOUTHERN LEYTE,25-64,F,S,Y,A,1
2023,2,6,REGION VIII (EASTERN VISAYAS),SOUTHERN LEYTE,25-64,M,S,Y,A,1
2023,2,6,REGION VIII (EASTERN VISAYAS),SOUTHERN LEYTE,5-14,F,S,Y,A,1
2023,2,6,REGION VIII (EASTERN VISAYAS),SOUTHERN LEYTE,5-14,M,S,Y,A,1
2023,2,6,REGION VIII (EASTERN VISAYAS),SOUTHERN LEYTE,65+,F,S,Y,A,1
2023,2,6,REGION VIII (EASTERN VISAYAS),SOUTHERN LEYTE,65+,M,S,Y,A,1
2023,2,6,REGION XIII (CARAGA),CITY OF BUTUAN,5-14,M,S,Y,A,2
2023,2,6,REGION XIII (CARAGA),SURIGAO DEL SUR,15-24,M,S,Y,A,1
2023,2,7,NEGROS ISLAND REGION (NIR),CITY OF BACOLOD,25-64,F,C,Y,A,1
2023,2,7,NEGROS ISLAND REGION (NIR),CITY OF BACOLOD,25-64,M,C,Y,A,1
2023,2,7,NEGROS ISLAND REGION (NIR),CITY OF BACOLOD,25-64,M,S,Y,A,1
2023,2,7,NEGROS ISLAND REGION (NIR),NEGROS OCCIDENTAL,25-64,F,C,Y,A,1
2023,2,7,NEGROS ISLAND REGION (NIR),NEGROS OCCIDENTAL,25-64,F,S,Y,A,1
2023,2,7,REGION III (CENTRAL LUZON),PAMPANGA,5-14,M,S,Y,A,1
2023,2,7,REGION IX (ZAMBOANGA PENINSULA),CITY OF ZAMBOANGA,25-64,F,S,Y,A,1
2023,2,7,REGION IX (ZAMBOANGA PENINSULA),CITY OF ZAMBOANGA,25-64,M,S,Y,A,1
2023,2,7,REGION IX (ZAMBOANGA PENINSULA),CITY OF ZAMBOANGA,5-14,F,S,Y,A,1
2023,2,7,REGION IX (ZAMBOANGA PENINSULA),CITY OF ZAMBOANGA,5-14,M,S,Y,A,2
2023,2,7,REGION V (BICOL REGION),CATANDUANES,25-64,F,S,Y,A,1
2023,2,7,REGION V (BICOL REGION),CATANDUANES,25-64,M,S,Y,A,1
2023,2,7,REGION V (BICOL REGION),MASBATE,15-24,M,S,Y,A,1
2023,2,7,REGION V (BICOL REGION),MASBATE,25-64,F,S,Y,A,1
2023,2,7,REGION V (BICOL REGION),MASBATE,65+,M,S,Y,A,1
2023,2,7,REGION V (BICOL REGION),SORSOGON,15-24,F,S,Y,A,1
2023,2,7,REGION V (BICOL REGION),SORSOGON,25-64,F,S,Y,A,2
2023,2,7,REGION V (BICOL REGION),SORSOGON,5-14,F,S,Y,A,2
2023,2,7,REGION V (BICOL REGION),SORSOGON,5-14,M,S,Y,A,1
2023,2,7,REGION VIII (EASTERN VISAYAS),CITY OF TACLOBAN,25-64,F,S,Y,A,1
2023,2,7,REGION VIII (EASTERN VISAYAS),CITY OF TACLOBAN,25-64,M,S,Y,A,1
2023,2,7,REGION VIII (EASTERN VISAYAS),EASTERN SAMAR,15-24,F,S,Y,A,3
2023,2,7,REGION VIII (EASTERN VISAYAS),EASTERN SAMAR,15-24,M,S,Y,A,1
2023,2,7,REGION VIII (EASTERN VISAYAS),EASTERN SAMAR,25-64,F,C,Y,A,2
2023,2,7,REGION VIII (EASTERN VISAYAS),EASTERN SAMAR,25-64,F,S,Y,A,4
2023,2,7,REGION VIII (EASTERN VISAYAS),EASTERN SAMAR,25-64,M,S,Y,A,4
2023,2,7,REGION VIII (EASTERN VISAYAS),EASTERN SAMAR,5-14,F,S,Y,A,4
2023,2,7,REGION VIII (EASTERN VISAYAS),EASTERN SAMAR,5-14,M,S,Y,A,2
2023,2,7,REGION VIII (EASTERN VISAYAS),EASTERN SAMAR,65+,F,S,Y,A,1
2023,2,7,REGION VIII (EASTERN VISAYAS),EASTERN SAMAR,65+,M,S,Y,A,1
2023,2,7,REGION VIII (EASTERN VISAYAS),EASTERN SAMAR,Unknown,F,C,Y,A,1
2023,2,7,REGION VIII (EASTERN VISAYAS),EASTERN SAMAR,Unknown,M,C,Y,A,1
2023,2,7,REGION VIII (EASTERN VISAYAS),LEYTE,15-24,F,S,Y,A,1
2023,2,7,REGION VIII (EASTERN VISAYAS),LEYTE,25-64,F,S,Y,A,4
2023,2,7,REGION VIII (EASTERN VISAYAS),LEYTE,5-14,F,S,Y,A,1
2023,2,7,REGION VIII (EASTERN VISAYAS),LEYTE,65+,M,S,Y,A,3
2023,2,7,REGION VIII (EASTERN VISAYAS),NORTHERN SAMAR,15-24,F,S,Y,A,1
2023,2,7,REGION VIII (EASTERN VISAYAS),NORTHERN SAMAR,25-64,F,S,Y,A,1
2023,2,7,REGION VIII (EASTERN VISAYAS),NORTHERN SAMAR,5-14,M,S,Y,A,1
2023,2,7,REGION VIII (EASTERN VISAYAS),NORTHERN SAMAR,65+,M,S,Y,A,1
2023,2,7,REGION VIII (EASTERN VISAYAS),SAMAR,25-64,F,S,Y,A,5
2023,2,7,REGION VIII (EASTERN VISAYAS),SAMAR,25-64,M,S,Y,A,6
2023,2,7,REGION VIII (EASTERN VISAYAS),SAMAR,5-14,F,S,Y,A,6
2023,2,7,REGION VIII (EASTERN VISAYAS),SAMAR,5-14,M,S,Y,A,2
2023,2,7,REGION VIII (EASTERN VISAYAS),SAMAR,65+,F,S,Y,A,2
2023,2,7,REGION VIII (EASTERN VISAYAS),SAMAR,65+,M,S,Y,A,3
2023,2,7,REGION VIII (EASTERN VISAYAS),SOUTHERN LEYTE,15-24,F,S,Y,A,2
2023,2,7,REGION VIII (EASTERN VISAYAS),SOUTHERN LEYTE,15-24,M,S,Y,A,1
2023,2,7,REGION VIII (EASTERN VISAYAS),SOUTHERN LEYTE,25-64,F,S,Y,A,1
2023,2,7,REGION VIII (EASTERN VISAYAS),SOUTHERN LEYTE,5-14,F,S,Y,A,2
2023,2,7,REGION VIII (EASTERN VISAYAS),SOUTHERN LEYTE,5-14,M,S,Y,A,2
2023,2,7,REGION XI (DAVAO REGION),DAVAO DEL NORTE,0-4,M,C,Y,A,1
2023,2,7,REGION XI (DAVAO REGION),DAVAO DEL NORTE,Unknown,M,C,Y,A,1
2023,2,7,REGION XI (DAVAO REGION),DAVAO ORIENTAL,25-64,F,S,Y,A,1
2023,2,7,REGION XII (SOCCSKSARGEN),CITY OF GENERAL SANTOS,25-64,F,S,Y,D,1
2023,2,7,REGION XII (SOCCSKSARGEN),CITY OF GENERAL SANTOS,5-14,F,C,Y,A,1
2023,2,7,REGION XII (SOCCSKSARGEN),CITY OF GENERAL SANTOS,5-14,M,C,Y,A,1
2023,2,7,REGION XIII (CARAGA),CITY OF BUTUAN,5-14,M,S,Y,A,1
2023,2,7,REGION XIII (CARAGA),SURIGAO DEL SUR,25-64,F,S,Y,A,2
2023,2,8,NEGROS ISLAND REGION (NIR),CITY OF BACOLOD,25-64,M,S,Y,A,1
2023,2,8,NEGROS ISLAND REGION (NIR),NEGROS OCCIDENTAL,15-24,F,S,Y,A,1
2023,2,8,NEGROS ISLAND REGION (NIR),NEGROS OCCIDENTAL,25-64,F,S,Y,A,1
2023,2,8,NEGROS ISLAND REGION (NIR),NEGROS OCCIDENTAL,25-64,M,S,Y,A,1
2023,2,8,REGION III (CENTRAL LUZON),CITY OF ANGELES,5-14,M,S,Y,D,1
2023,2,8,REGION IX (ZAMBOANGA PENINSULA),CITY OF ZAMBOANGA,15-24,F,S,Y,A,1
2023,2,8,REGION IX (ZAMBOANGA PENINSULA),CITY OF ZAMBOANGA,25-64,F,S,Y,A,1
2023,2,8,REGION IX (ZAMBOANGA PENINSULA),CITY OF ZAMBOANGA,25-64,M,S,Y,A,1
2023,2,8,REGION IX (ZAMBOANGA PENINSULA),CITY OF ZAMBOANGA,5-14,F,S,Y,A,1
2023,2,8,REGION IX (ZAMBOANGA PENINSULA),CITY OF ZAMBOANGA,5-14,M,S,Y,A,4
2023,2,8,REGION V (BICOL REGION),CATANDUANES,25-64,M,S,Y,A,1
2023,2,8,REGION V (BICOL REGION),SORSOGON,5-14,M,S,Y,A,2
2023,2,8,REGION VIII (EASTERN VISAYAS),EASTERN SAMAR,15-24,F,S,Y,A,1
2023,2,8,REGION VIII (EASTERN VISAYAS),EASTERN SAMAR,25-64,M,S,Y,A,1
2023,2,8,REGION VIII (EASTERN VISAYAS),EASTERN SAMAR,5-14,F,S,Y,A,1
2023,2,8,REGION VIII (EASTERN VISAYAS),EASTERN SAMAR,5-14,M,S,Y,A,1
2023,2,8,REGION VIII (EASTERN VISAYAS),LEYTE,15-24,F,S,Y,A,1
2023,2,8,REGION VIII (EASTERN VISAYAS),LEYTE,25-64,F,C,Y,A,1
2023,2,8,REGION VIII (EASTERN VISAYAS),LEYTE,25-64,F,S,Y,A,1
2023,2,8,REGION VIII (EASTERN VISAYAS),LEYTE,25-64,M,S,Y,A,1
2023,2,8,REGION VIII (EASTERN VISAYAS),LEYTE,5-14,F,S,Y,A,6
2023,2,8,REGION VIII (EASTERN VISAYAS),LEYTE,5-14,M,S,Y,A,1
2023,2,8,REGION VIII (EASTERN VISAYAS),LEYTE,65+,M,S,Y,A,1
2023,2,8,REGION VIII (EASTERN VISAYAS),NORTHERN SAMAR,15-24,F,S,Y,A,1
2023,2,8,REGION VIII (EASTERN VISAYAS),NORTHERN SAMAR,15-24,M,S,Y,A,1
2023,2,8,REGION VIII (EASTERN VISAYAS),NORTHERN SAMAR,25-64,F,S,Y,A,2
2023,2,8,REGION VIII (EASTERN VISAYAS),NORTHERN SAMAR,25-64,M,S,Y,A,2
2023,2,8,REGION VIII (EASTERN VISAYAS),NORTHERN SAMAR,5-14,F,S,Y,A,1
2023,2,8,REGION VIII (EASTERN VISAYAS),NORTHERN SAMAR,5-14,M,S,Y,A,1
2023,2,8,REGION VIII (EASTERN VISAYAS),NORTHERN SAMAR,65+,F,S,Y,A,1
2023,2,8,REGION VIII (EASTERN VISAYAS),SAMAR,15-24,F,S,Y,A,2
2023,2,8,REGION VIII (EASTERN VISAYAS),SAMAR,15-24,M,S,Y,A,4
2023,2,8,REGION VIII (EASTERN VISAYAS),SAMAR,25-64,F,S,Y,A,5
2023,2,8,REGION VIII (EASTERN VISAYAS),SAMAR,25-64,M,S,Y,A,3
2023,2,8,REGION VIII (EASTERN VISAYAS),SAMAR,5-14,F,S,Y,A,2
2023,2,8,REGION VIII (EASTERN VISAYAS),SAMAR,5-14,M,S,Y,A,3
2023,2,8,REGION VIII (EASTERN VISAYAS),SAMAR,65+,F,S,Y,A,6
2023,2,8,REGION X (NORTHERN MINDANAO),CITY OF CAGAYAN DE ORO,5-14,M,S,Y,A,1
2023,2,8,REGION XI (DAVAO REGION),DAVAO OCCIDENTAL,25-64,F,S,Y,D,1
2023,2,8,REGION XI (DAVAO REGION),DAVAO ORIENTAL,15-24,F,S,Y,A,4
2023,2,8,REGION XI (DAVAO REGION),DAVAO ORIENTAL,15-24,M,S,Y,A,2
2023,2,8,REGION XI (DAVAO REGION),DAVAO ORIENTAL,25-64,F,C,Y,A,1
2023,2,8,REGION XI (DAVAO REGION),DAVAO ORIENTAL,25-64,F,S,Y,A,7
2023,2,8,REGION XI (DAVAO REGION),DAVAO ORIENTAL,25-64,M,S,Y,A,4
2023,2,8,REGION XI (DAVAO REGION),DAVAO ORIENTAL,5-14,F,S,Y,A,10
2023,2,8,REGION XI (DAVAO REGION),DAVAO ORIENTAL,5-14,M,S,Y,A,9
2023,2,8,REGION XI (DAVAO REGION),DAVAO ORIENTAL,65+,F,S,Y,A,1
2023,2,8,REGION XI (DAVAO REGION),DAVAO ORIENTAL,65+,M,S,Y,A,1
2023,2,9,CORDILLERA ADMINISTRATIVE REGION (CAR),CITY OF BAGUIO,15-24,M,S,Y,A,2
2023,2,9,NEGROS ISLAND REGION (NIR),NEGROS OCCIDENTAL,15-24,F,S,Y,A,1
2023,2,9,NEGROS ISLAND REGION (NIR),NEGROS OCCIDENTAL,25-64,F,S,Y,A,1
2023,2,9,NEGROS ISLAND REGION (NIR),NEGROS OCCIDENTAL,65+,F,S,Y,A,1
2023,2,9,REGION III (CENTRAL LUZON),PAMPANGA,25-64,F,S,Y,A,2
2023,2,9,REGION IX (ZAMBOANGA PENINSULA),CITY OF ZAMBOANGA,25-64,M,S,Y,A,1
2023,2,9,REGION IX (ZAMBOANGA PENINSULA),CITY OF ZAMBOANGA,5-14,M,S,Y,A,1
2023,2,9,REGION V (BICOL REGION),CATANDUANES,25-64,F,S,Y,A,1
2023,2,9,REGION V (BICOL REGION),MASBATE,5-14,M,S,Y,A,2
2023,2,9,REGION V (BICOL REGION),SORSOGON,25-64,M,S,Y,A,1
2023,2,9,REGION V (BICOL REGION),SORSOGON,5-14,M,S,Y,A,1
2023,2,9,REGION VI (WESTERN VISAYAS),ILOILO,5-14,F,S,Y,A,1
2023,2,9,REGION VI (WESTERN VISAYAS),ILOILO,5-14,M,S,Y,A,1
2023,2,9,REGION VIII (EASTERN VISAYAS),CITY OF TACLOBAN,25-64,M,S,Y,A,1
2023,2,9,REGION VIII (EASTERN VISAYAS),EASTERN SAMAR,25-64,F,S,Y,A,1
2023,2,9,REGION VIII (EASTERN VISAYAS),LEYTE,25-64,F,S,Y,A,1
2023,2,9,REGION VIII (EASTERN VISAYAS),LEYTE,5-14,F,S,Y,A,1
2023,2,9,REGION VIII (EASTERN VISAYAS),NORTHERN SAMAR,5-14,F,S,Y,A,1
2023,2,9,REGION VIII (EASTERN VISAYAS),SAMAR,15-24,M,S,Y,A,1
2023,2,9,REGION VIII (EASTERN VISAYAS),SAMAR,25-64,F,S,Y,A,4
2023,2,9,REGION VIII (EASTERN VISAYAS),SAMAR,25-64,M,S,Y,A,2
2023,2,9,REGION VIII (EASTERN VISAYAS),SAMAR,5-14,F,S,Y,A,1
2023,2,9,REGION VIII (EASTERN VISAYAS),SAMAR,5-14,M,S,Y,A,3
2023,2,9,REGION VIII (EASTERN VISAYAS),SAMAR,65+,M,S,Y,A,1
2023,2,9,REGION X (NORTHERN MINDANAO),CITY OF CAGAYAN DE ORO,5-14,M,S,Y,A,1
2023,2,9,REGION XI (DAVAO REGION),DAVAO ORIENTAL,15-24,F,S,Y,A,1
2023,2,9,REGION XI (DAVAO REGION),DAVAO ORIENTAL,25-64,M,S,Y,A,1
2023,2,9,REGION XI (DAVAO REGION),DAVAO ORIENTAL,5-14,F,S,Y,A,1
2023,2,9,REGION XI (DAVAO REGION),DAVAO ORIENTAL,5-14,M,S,Y,A,1
2023,2,9,REGION XI (DAVAO REGION),DAVAO ORIENTAL,65+,M,S,Y,A,1
2023,3,9,NEGROS ISLAND REGION (NIR),CITY OF BACOLOD,25-64,F,S,Y,A,1
2023,3,9,NEGROS ISLAND REGION (NIR),CITY OF BACOLOD,5-14,F,S,Y,A,2
2023,3,9,NEGROS ISLAND REGION (NIR),NEGROS OCCIDENTAL,15-24,F,S,Y,A,1
2023,3,9,NEGROS ISLAND REGION (NIR),NEGROS OCCIDENTAL,25-64,F,S,Y,A,3
2023,3,9,NEGROS ISLAND REGION (NIR),NEGROS OCCIDENTAL,25-64,M,S,Y,A,1
2023,3,9,NEGROS ISLAND REGION (NIR),NEGROS OCCIDENTAL,5-14,F,S,Y,A,1
2023,3,9,NEGROS ISLAND REGION (NIR),NEGROS OCCIDENTAL,5-14,M,S,Y,A,3
2023,3,9,NEGROS ISLAND REGION (NIR),NEGROS OCCIDENTAL,65+,F,S,Y,A,1
2023,3,9,REGION IX (ZAMBOANGA PENINSULA),CITY OF ZAMBOANGA,25-64,M,S,Y,A,1
2023,3,9,REGION IX (ZAMBOANGA PENINSULA),CITY OF ZAMBOANGA,65+,M,S,Y,A,1
2023,3,9,REGION V (BICOL REGION),CATANDUANES,25-64,M,S,Y,A,2
2023,3,9,REGION V (BICOL REGION),SORSOGON,25-64,F,S,Y,A,1
2023,3,9,REGION V (BICOL REGION),SORSOGON,25-64,M,S,Y,A,2
2023,3,9,REGION V (BICOL REGION),SORSOGON,5-14,F,S,Y,A,1
2023,3,9,REGION V (BICOL REGION),SORSOGON,65+,F,S,Y,A,1
2023,3,9,REGION VI (WESTERN VISAYAS),ILOILO,15-24,F,S,Y,A,1
2023,3,9,REGION VI (WESTERN VISAYAS),ILOILO,5-14,F,S,Y,A,1
2023,3,9,REGION VIII (EASTERN VISAYAS),LEYTE,15-24,F,S,Y,A,2
2023,3,9,REGION VIII (EASTERN VISAYAS),LEYTE,15-24,M,S,Y,A,1
2023,3,9,REGION VIII (EASTERN VISAYAS),LEYTE,25-64,F,S,Y,A,2
2023,3,9,REGION VIII (EASTERN VISAYAS),LEYTE,25-64,M,S,Y,A,2
2023,3,9,REGION VIII (EASTERN VISAYAS),LEYTE,5-14,F,S,Y,A,2
2023,3,9,REGION VIII (EASTERN VISAYAS),LEYTE,5-14,M,S,Y,A,2
2023,3,9,REGION VIII (EASTERN VISAYAS),LEYTE,65+,M,S,Y,A,1
2023,3,9,REGION VIII (EASTERN VISAYAS),NORTHERN SAMAR,15-24,M,S,Y,A,2
2023,3,9,REGION VIII (EASTERN VISAYAS),SAMAR,15-24,F,S,Y,A,5
2023,3,9,REGION VIII (EASTERN VISAYAS),SAMAR,25-64,F,S,Y,A,3
2023,3,9,REGION VIII (EASTERN VISAYAS),SAMAR,25-64,M,S,Y,A,4
2023,3,9,REGION VIII (EASTERN VISAYAS),SAMAR,5-14,M,S,Y,A,2
2023,3,9,REGION VIII (EASTERN VISAYAS),SAMAR,65+,F,S,Y,A,1
2023,3,9,REGION VIII (EASTERN VISAYAS),SAMAR,65+,M,S,Y,A,1
2023,3,9,REGION XI (DAVAO REGION),DAVAO ORIENTAL,15-24,M,S,Y,A,1
2023,3,9,REGION XI (DAVAO REGION),DAVAO ORIENTAL,25-64,F,S,Y,A,1
2023,3,9,REGION XIII (CARAGA),SURIGAO DEL SUR,5-14,M,S,Y,A,1
2023,3,10,NEGROS ISLAND REGION (NIR),CITY OF BACOLOD,25-64,F,S,Y,A,2
2023,3,10,NEGROS ISLAND REGION (NIR),CITY OF BACOLOD,25-64,M,S,Y,A,3
2023,3,10,REGION IX (ZAMBOANGA PENINSULA),CITY OF ZAMBOANGA,25-64,F,S,Y,A,1
2023,3,10,REGION IX (ZAMBOANGA PENINSULA),CITY OF ZAMBOANGA,25-64,M,S,Y,A,2
2023,3,10,REGION IX (ZAMBOANGA PENINSULA),CITY OF ZAMBOANGA,5-14,M,S,Y,A,1
2023,3,10,REGION IX (ZAMBOANGA PENINSULA),CITY OF ZAMBOANGA,65+,F,S,Y,A,1
2023,3,10,REGION V (BICOL REGION),CATANDUANES,25-64,M,S,Y,A,1
2023,3,10,REGION V (BICOL REGION),MASBATE,15-24,F,S,Y,A,1
2023,3,10,REGION V (BICOL REGION),MASBATE,15-24,M,S,Y,A,2
2023,3,10,REGION V (BICOL REGION),MASBATE,25-64,M,S,Y,A,1
2023,3,10,REGION V (BICOL REGION),MASBATE,5-14,M,S,Y,A,1
2023,3,10,REGION V (BICOL REGION),SORSOGON,5-14,F,S,Y,A,1
2023,3,10,REGION V (BICOL REGION),SORSOGON,65+,M,S,Y,A,1
2023,3,10,REGION VI (WESTERN VISAYAS),ILOILO,25-64,F,S,Y,A,1
2023,3,10,REGION VI (WESTERN VISAYAS),ILOILO,25-64,M,S,Y,A,2
2023,3,10,REGION VI (WESTERN VISAYAS),ILOILO,65+,F,S,Y,A,2
2023,3,10,REGION VIII (EASTERN VISAYAS),BILIRAN,25-64,F,S,Y,A,1
2023,3,10,REGION VIII (EASTERN VISAYAS),CITY OF TACLOBAN,25-64,F,S,Y,A,1
2023,3,10,REGION VIII (EASTERN VISAYAS),CITY OF TACLOBAN,25-64,M,S,Y,A,1
2023,3,10,REGION VIII (EASTERN VISAYAS),CITY OF TACLOBAN,65+,F,S,Y,A,1
2023,3,10,REGION VIII (EASTERN VISAYAS),LEYTE,0-4,F,S,Y,A,1
2023,3,10,REGION VIII (EASTERN VISAYAS),LEYTE,15-24,F,S,Y,A,5
2023,3,10,REGION VIII (EASTERN VISAYAS),LEYTE,15-24,M,S,Y,A,1
2023,3,10,REGION VIII (EASTERN VISAYAS),LEYTE,25-64,F,S,Y,A,2
2023,3,10,REGION VIII (EASTERN VISAYAS),LEYTE,25-64,M,S,Y,A,2
2023,3,10,REGION VIII (EASTERN VISAYAS),LEYTE,5-14,F,S,Y,A,1
2023,3,10,REGION VIII (EASTERN VISAYAS),LEYTE,5-14,M,S,Y,A,4
2023,3,10,REGION VIII (EASTERN VISAYAS),LEYTE,65+,F,C,Y,A,1
2023,3,10,REGION VIII (EASTERN VISAYAS),LEYTE,65+,F,S,Y,A,1
2023,3,10,REGION VIII (EASTERN VISAYAS),LEYTE,65+,M,S,Y,A,1
2023,3,10,REGION VIII (EASTERN VISAYAS),NORTHERN SAMAR,15-24,F,S,Y,A,1
2023,3,10,REGION VIII (EASTERN VISAYAS),NORTHERN SAMAR,25-64,F,S,Y,A,3
2023,3,10,REGION VIII (EASTERN VISAYAS),NORTHERN SAMAR,25-64,M,S,Y,A,1
2023,3,10,REGION VIII (EASTERN VISAYAS),SAMAR,15-24,F,S,Y,A,6
2023,3,10,REGION VIII (EASTERN VISAYAS),SAMAR,15-24,M,S,Y,A,4
2023,3,10,REGION VIII (EASTERN VISAYAS),SAMAR,25-64,F,C,Y,A,1
2023,3,10,REGION VIII (EASTERN VISAYAS),SAMAR,25-64,F,S,Y,A,9
2023,3,10,REGION VIII (EASTERN VISAYAS),SAMAR,25-64,M,S,Y,A,4
2023,3,10,REGION VIII (EASTERN VISAYAS),SAMAR,5-14,F,S,Y,A,5
2023,3,10,REGION VIII (EASTERN VISAYAS),SAMAR,5-14,M,S,Y,A,5
2023,3,10,REGION VIII (EASTERN VISAYAS),SAMAR,65+,F,S,Y,A,2
2023,3,10,REGION VIII (EASTERN VISAYAS),SOUTHERN LEYTE,15-24,M,S,Y,A,1
2023,3,10,REGION VIII (EASTERN VISAYAS),SOUTHERN LEYTE,25-64,F,S,Y,A,1
2023,3,11,BANGSAMORO AUTONOMOUS REGION IN MUSLIM MINDANAO (BARMM),TAWI-TAWI,25-64,M,S,Y,A,1
2023,3,11,NEGROS ISLAND REGION (NIR),CITY OF BACOLOD,15-24,F,S,Y,A,1
2023,3,11,NEGROS ISLAND REGION (NIR),CITY OF BACOLOD,25-64,M,S,Y,A,2
2023,3,11,NEGROS ISLAND REGION (NIR),CITY OF BACOLOD,65+,F,S,Y,A,1
2023,3,11,NEGROS ISLAND REGION (NIR),NEGROS OCCIDENTAL,25-64,M,S,Y,A,1
2023,3,11,REGION III (CENTRAL LUZON),PAMPANGA,5-14,M,S,Y,A,1
2023,3,11,REGION IX (ZAMBOANGA PENINSULA),CITY OF ZAMBOANGA,25-64,M,S,Y,A,1
2023,3,11,REGION V (BICOL REGION),CATANDUANES,25-64,M,S,Y,A,1
2023,3,11,REGION V (BICOL REGION),CATANDUANES,5-14,M,S,Y,A,1
2023,3,11,REGION V (BICOL REGION),SORSOGON,25-64,M,S,Y,A,1
2023,3,11,REGION V (BICOL REGION),SORSOGON,5-14,F,S,Y,A,1
2023,3,11,REGION V (BICOL REGION),SORSOGON,65+,M,S,Y,A,1
2023,3,11,REGION VIII (EASTERN VISAYAS),CITY OF TACLOBAN,15-24,F,S,Y,A,1
2023,3,11,REGION VIII (EASTERN VISAYAS),CITY OF TACLOBAN,25-64,F,S,Y,A,1
2023,3,11,REGION VIII (EASTERN VISAYAS),CITY OF TACLOBAN,5-14,M,S,Y,A,1
2023,3,11,REGION VIII (EASTERN VISAYAS),CITY OF TACLOBAN,65+,F,S,Y,A,1
2023,3,11,REGION VIII (EASTERN VISAYAS),LEYTE,0-4,M,S,Y,A,1
2023,3,11,REGION VIII (EASTERN VISAYAS),LEYTE,15-24,F,S,Y,A,3
2023,3,11,REGION VIII (EASTERN VISAYAS),LEYTE,15-24,M,S,Y,A,2
2023,3,11,REGION VIII (EASTERN VISAYAS),LEYTE,25-64,F,S,Y,A,9
2023,3,11,REGION VIII (EASTERN VISAYAS),LEYTE,5-14,F,S,Y,A,2
2023,3,11,REGION VIII (EASTERN VISAYAS),LEYTE,5-14,M,S,Y,A,4
2023,3,11,REGION VIII (EASTERN VISAYAS),LEYTE,65+,M,S,Y,A,1
2023,3,11,REGION VIII (EASTERN VISAYAS),NORTHERN SAMAR,15-24,M,S,Y,A,1
2023,3,11,REGION VIII (EASTERN VISAYAS),NORTHERN SAMAR,25-64,F,S,Y,A,1
2023,3,11,REGION VIII (EASTERN VISAYAS),NORTHERN SAMAR,25-64,M,S,Y,A,2
2023,3,11,REGION VIII (EASTERN VISAYAS),NORTHERN SAMAR,5-14,M,S,Y,A,1
2023,3,11,REGION VIII (EASTERN VISAYAS),SAMAR,15-24,F,S,Y,A,6
2023,3,11,REGION VIII (EASTERN VISAYAS),SAMAR,15-24,M,S,Y,A,3
2023,3,11,REGION VIII (EASTERN VISAYAS),SAMAR,15-24,M,S,Y,D,1
2023,3,11,REGION VIII (EASTERN VISAYAS),SAMAR,25-64,F,S,Y,A,8
2023,3,11,REGION VIII (EASTERN VISAYAS),SAMAR,25-64,M,S,Y,A,8
2023,3,11,REGION VIII (EASTERN VISAYAS),SAMAR,5-14,F,S,Y,A,3
2023,3,11,REGION VIII (EASTERN VISAYAS),SAMAR,5-14,M,S,Y,A,9
2023,3,11,REGION VIII (EASTERN VISAYAS),SAMAR,65+,F,S,Y,A,4
2023,3,11,REGION VIII (EASTERN VISAYAS),SAMAR,65+,M,S,Y,A,1
2023,3,11,REGION VIII (EASTERN VISAYAS),SOUTHERN LEYTE,15-24,M,S,Y,A,1
2023,3,11,REGION VIII (EASTERN VISAYAS),SOUTHERN LEYTE,25-64,F,S,Y,A,3
2023,3,11,REGION VIII (EASTERN VISAYAS),SOUTHERN LEYTE,65+,M,S,Y,A,1
2023,3,11,REGION X (NORTHERN MINDANAO),MISAMIS ORIENTAL,5-14,F,S,Y,A,1
2023,3,11,REGION X (NORTHERN MINDANAO),MISAMIS ORIENTAL,5-14,M,S,Y,A,1
2023,3,11,REGION XI (DAVAO REGION),DAVAO DEL NORTE,15-24,F,C,Y,A,1
2023,3,11,REGION XI (DAVAO REGION),DAVAO ORIENTAL,15-24,F,S,Y,A,1
2023,3,11,REGION XI (DAVAO REGION),DAVAO ORIENTAL,25-64,F,S,Y,A,5
2023,3,11,REGION XI (DAVAO REGION),DAVAO ORIENTAL,25-64,M,S,Y,A,2
2023,3,11,REGION XI (DAVAO REGION),DAVAO ORIENTAL,5-14,F,S,Y,A,1
2023,3,11,REGION XI (DAVAO REGION),DAVAO ORIENTAL,5-14,M,S,Y,A,1
2023,3,11,REGION XIII (CARAGA),SURIGAO DEL SUR,5-14,M,S,Y,A,1
2023,3,12,NEGROS ISLAND REGION (NIR),CITY OF BACOLOD,65+,M,S,Y,A,1
2023,3,12,REGION IX (ZAMBOANGA PENINSULA),CITY OF ZAMBOANGA,25-64,M,S,Y,A,2
2023,3,12,REGION V (BICOL REGION),CATANDUANES,15-24,M,S,Y,A,1
2023,3,12,REGION V (BICOL REGION),SORSOGON,25-64,F,S,Y,A,1
2023,3,12,REGION VI (WESTERN VISAYAS),CITY OF ILOILO,15-24,M,S,Y,A,1
2023,3,12,REGION VIII (EASTERN VISAYAS),BILIRAN,5-14,F,S,Y,A,1
2023,3,12,REGION VIII (EASTERN VISAYAS),CITY OF TACLOBAN,25-64,M,S,Y,A,2
2023,3,12,REGION VIII (EASTERN VISAYAS),LEYTE,0-4,F,S,Y,A,1
2023,3,12,REGION VIII (EASTERN VISAYAS),LEYTE,15-24,F,S,Y,A,2
2023,3,12,REGION VIII (EASTERN VISAYAS),LEYTE,25-64,F,S,Y,A,3
2023,3,12,REGION VIII (EASTERN VISAYAS),LEYTE,25-64,M,C,Y,A,1
2023,3,12,REGION VIII (EASTERN VISAYAS),LEYTE,25-64,M,S,Y,A,4
2023,3,12,REGION VIII (EASTERN VISAYAS),LEYTE,5-14,F,S,Y,A,1
2023,3,12,REGION VIII (EASTERN VISAYAS),LEYTE,5-14,M,S,Y,A,3
2023,3,12,REGION VIII (EASTERN VISAYAS),LEYTE,65+,M,S,Y,A,2
2023,3,12,REGION VIII (EASTERN VISAYAS),NORTHERN SAMAR,15-24,F,S,Y,A,1
2023,3,12,REGION VIII (EASTERN VISAYAS),NORTHERN SAMAR,25-64,F,S,Y,A,1
2023,3,12,REGION VIII (EASTERN VISAYAS),NORTHERN SAMAR,25-64,M,S,Y,A,1
2023,3,12,REGION VIII (EASTERN VISAYAS),NORTHERN SAMAR,5-14,F,S,Y,A,1
2023,3,12,REGION VIII (EASTERN VISAYAS),NORTHERN SAMAR,65+,F,S,Y,A,1
2023,3,12,REGION VIII (EASTERN VISAYAS),SAMAR,15-24,F,S,Y,A,1
2023,3,12,REGION VIII (EASTERN VISAYAS),SAMAR,15-24,M,S,Y,A,2
2023,3,12,REGION VIII (EASTERN VISAYAS),SAMAR,25-64,F,S,Y,A,6
2023,3,12,REGION VIII (EASTERN VISAYAS),SAMAR,25-64,M,S,Y,A,7
2023,3,12,REGION VIII (EASTERN VISAYAS),SAMAR,5-14,F,S,Y,A,2
2023,3,12,REGION VIII (EASTERN VISAYAS),SAMAR,5-14,M,S,Y,A,6
2023,3,12,REGION VIII (EASTERN VISAYAS),SAMAR,65+,F,S,Y,A,2
2023,3,12,REGION VIII (EASTERN VISAYAS),SOUTHERN LEYTE,15-24,M,S,Y,A,1
2023,3,12,REGION VIII (EASTERN VISAYAS),SOUTHERN LEYTE,25-64,M,S,Y,A,1
2023,3,12,REGION VIII (EASTERN VISAYAS),SOUTHERN LEYTE,5-14,F,S,Y,A,2
2023,3,12,REGION VIII (EASTERN VISAYAS),SOUTHERN LEYTE,65+,F,S,Y,A,1
2023,3,12,REGION X (NORTHERN MINDANAO),BUKIDNON,15-24,F,S,Y,A,1
2023,3,12,REGION X (NORTHERN MINDANAO),BUKIDNON,25-64,F,S,Y,A,1
2023,3,12,REGION X (NORTHERN MINDANAO),CITY OF CAGAYAN DE ORO,5-14,M,S,Y,A,1
2023,3,13,NEGROS ISLAND REGION (NIR),CITY OF BACOLOD,25-64,F,S,Y,A,1
2023,3,13,NEGROS ISLAND REGION (NIR),CITY OF BACOLOD,25-64,M,S,Y,A,2
2023,3,13,NEGROS ISLAND REGION (NIR),CITY OF BACOLOD,65+,F,S,Y,A,1
2023,3,13,NEGROS ISLAND REGION (NIR),NEGROS OCCIDENTAL,25-64,F,S,Y,A,1
2023,3,13,NEGROS ISLAND REGION (NIR),NEGROS OCCIDENTAL,25-64,M,S,Y,A,2
2023,3,13,REGION IV-A (CALABARZON),QUEZON,25-64,M,S,Y,A,1
2023,3,13,REGION IV-A (CALABARZON),QUEZON,5-14,M,S,Y,A,1
2023,3,13,REGION IX (ZAMBOANGA PENINSULA),ZAMBOANGA DEL SUR,5-14,M,S,Y,A,1
2023,3,13,REGION V (BICOL REGION),CATANDUANES,25-64,M,S,Y,A,1
2023,3,13,REGION V (BICOL REGION),CATANDUANES,5-14,F,S,Y,A,1
2023,3,13,REGION V (BICOL REGION),SORSOGON,25-64,F,S,Y,A,2
2023,3,13,REGION V (BICOL REGION),SORSOGON,25-64,M,S,Y,A,2
2023,3,13,REGION V (BICOL REGION),SORSOGON,5-14,M,S,Y,A,2
2023,3,13,REGION VIII (EASTERN VISAYAS),LEYTE,0-4,M,S,Y,A,1
2023,3,13,REGION VIII (EASTERN VISAYAS),LEYTE,15-24,M,S,Y,A,1
2023,3,13,REGION VIII (EASTERN VISAYAS),LEYTE,25-64,F,S,Y,A,5
2023,3,13,REGION VIII (EASTERN VISAYAS),LEYTE,25-64,M,S,Y,A,1
2023,3,13,REGION VIII (EASTERN VISAYAS),LEYTE,5-14,F,S,Y,A,3
2023,3,13,REGION VIII (EASTERN VISAYAS),LEYTE,5-14,M,S,Y,A,8
2023,3,13,REGION VIII (EASTERN VISAYAS),LEYTE,65+,F,S,Y,A,2
2023,3,13,REGION VIII (EASTERN VISAYAS),LEYTE,65+,M,S,Y,A,1
2023,3,13,REGION VIII (EASTERN VISAYAS),NORTHERN SAMAR,25-64,M,S,Y,A,1
2023,3,13,REGION VIII (EASTERN VISAYAS),NORTHERN SAMAR,65+,F,S,Y,A,1
2023,3,13,REGION VIII (EASTERN VISAYAS),SAMAR,15-24,F,S,Y,A,2
2023,3,13,REGION VIII (EASTERN VISAYAS),SAMAR,15-24,M,S,Y,A,3
2023,3,13,REGION VIII (EASTERN VISAYAS),SAMAR,25-64,F,S,Y,A,9
2023,3,13,REGION VIII (EASTERN VISAYAS),SAMAR,25-64,M,S,Y,A,7
2023,3,13,REGION VIII (EASTERN VISAYAS),SAMAR,5-14,F,S,Y,A,8
2023,3,13,REGION VIII (EASTERN VISAYAS),SAMAR,5-14,M,S,Y,A,5
2023,3,13,REGION VIII (EASTERN VISAYAS),SAMAR,65+,F,S,Y,A,1
2023,3,13,REGION VIII (EASTERN VISAYAS),SAMAR,65+,M,S,Y,A,2
2023,3,13,REGION VIII (EASTERN VISAYAS),SAMAR,65+,M,S,Y,D,1
2023,3,13,REGION VIII (EASTERN VISAYAS),SOUTHERN LEYTE,15-24,F,S,Y,A,1
2023,3,13,REGION VIII (EASTERN VISAYAS),SOUTHERN LEYTE,25-64,F,S,Y,A,1
2023,3,13,REGION X (NORTHERN MINDANAO),CITY OF CAGAYAN DE ORO,5-14,F,S,Y,A,1
2023,3,13,REGION XIII (CARAGA),CITY OF BUTUAN,25-64,F,S,Y,A,1
2023,3,13,REGION XIII (CARAGA),SURIGAO DEL SUR,25-64,F,S,Y,A,2
2023,4,13,REGION VIII (EASTERN VISAYAS),LEYTE,15-24,F,S,Y,A,1
2023,4,13,REGION VIII (EASTERN VISAYAS),LEYTE,5-14,F,S,Y,A,1
2023,4,13,REGION VIII (EASTERN VISAYAS),NORTHERN SAMAR,15-24,F,S,Y,A,1
2023,4,13,REGION VIII (EASTERN VISAYAS),NORTHERN SAMAR,5-14,M,S,Y,A,1
2023,4,13,REGION VIII (EASTERN VISAYAS),SAMAR,25-64,F,S,Y,A,2
2023,4,13,REGION VIII (EASTERN VISAYAS),SAMAR,25-64,M,S,Y,A,2
2023,4,13,REGION VIII (EASTERN VISAYAS),SAMAR,5-14,F,S,Y,A,1
2023,4,13,REGION VIII (EASTERN VISAYAS),SAMAR,5-14,M,S,Y,A,1
2023,4,13,REGION XIII (CARAGA),SURIGAO DEL SUR,25-64,F,S,Y,A,2
2023,4,14,BANGSAMORO AUTONOMOUS REGION IN MUSLIM MINDANAO (BARMM),MAGUINDANAO DEL NORTE,5-14,M,S,Y,A,1
2023,4,14,REGION III (CENTRAL LUZON),CITY OF OLONGAPO,25-64,F,S,Y,A,1
2023,4,14,REGION IV-A (CALABARZON),RIZAL,25-64,F,S,Y,A,3
2023,4,14,REGION IV-A (CALABARZON),RIZAL,5-14,F,S,Y,A,1
2023,4,14,REGION V (BICOL REGION),CATANDUANES,15-24,F,S,Y,A,1
2023,4,14,REGION V (BICOL REGION),CATANDUANES,5-14,F,S,Y,A,2
2023,4,14,REGION V (BICOL REGION),SORSOGON,5-14,F,S,Y,A,1
2023,4,14,REGION V (BICOL REGION),SORSOGON,65+,M,S,Y,A,1
2023,4,14,REGION VIII (EASTERN VISAYAS),CITY OF TACLOBAN,5-14,F,S,Y,A,1
2023,4,14,REGION VIII (EASTERN VISAYAS),EASTERN SAMAR,15-24,F,S,Y,A,1
2023,4,14,REGION VIII (EASTERN VISAYAS),EASTERN SAMAR,25-64,M,S,Y,A,1
2023,4,14,REGION VIII (EASTERN VISAYAS),EASTERN SAMAR,65+,M,S,Y,A,1
2023,4,14,REGION VIII (EASTERN VISAYAS),LEYTE,0-4,M,S,Y,A,3
2023,4,14,REGION VIII (EASTERN VISAYAS),LEYTE,15-24,F,S,Y,A,5
2023,4,14,REGION VIII (EASTERN VISAYAS),LEYTE,15-24,M,S,Y,A,3
2023,4,14,REGION VIII (EASTERN VISAYAS),LEYTE,25-64,F,S,Y,A,2
2023,4,14,REGION VIII (EASTERN VISAYAS),LEYTE,25-64,M,S,Y,A,1
2023,4,14,REGION VIII (EASTERN VISAYAS),LEYTE,5-14,F,S,Y,A,9
2023,4,14,REGION VIII (EASTERN VISAYAS),LEYTE,5-14,M,C,Y,A,1
2023,4,14,REGION VIII (EASTERN VISAYAS),LEYTE,5-14,M,S,Y,A,3
2023,4,14,REGION VIII (EASTERN VISAYAS),LEYTE,65+,F,S,Y,A,2
2023,4,14,REGION VIII (EASTERN VISAYAS),NORTHERN SAMAR,15-24,F,S,Y,A,1
2023,4,14,REGION VIII (EASTERN VISAYAS),NORTHERN SAMAR,25-64,F,S,Y,A,1
2023,4,14,REGION VIII (EASTERN VISAYAS),NORTHERN SAMAR,25-64,M,S,Y,A,1
2023,4,14,REGION VIII (EASTERN VISAYAS),NORTHERN SAMAR,5-14,M,S,Y,A,2
2023,4,14,REGION VIII (EASTERN VISAYAS),SAMAR,15-24,F,S,Y,A,6
2023,4,14,REGION VIII (EASTERN VISAYAS),SAMAR,15-24,M,S,Y,A,3
2023,4,14,REGION VIII (EASTERN VISAYAS),SAMAR,25-64,F,S,Y,A,9
2023,4,14,REGION VIII (EASTERN VISAYAS),SAMAR,25-64,M,S,Y,A,6
2023,4,14,REGION VIII (EASTERN VISAYAS),SAMAR,5-14,F,S,Y,A,8
2023,4,14,REGION VIII (EASTERN VISAYAS),SAMAR,5-14,M,S,Y,A,7
2023,4,14,REGION VIII (EASTERN VISAYAS),SAMAR,65+,M,S,Y,A,1
2023,4,14,REGION VIII (EASTERN VISAYAS),SOUTHERN LEYTE,15-24,F,S,Y,A,2
2023,4,14,REGION VIII (EASTERN VISAYAS),SOUTHERN LEYTE,15-24,M,S,Y,A,2
2023,4,14,REGION VIII (EASTERN VISAYAS),SOUTHERN LEYTE,25-64,F,S,Y,A,5
2023,4,14,REGION VIII (EASTERN VISAYAS),SOUTHERN LEYTE,25-64,M,S,Y,A,2
2023,4,14,REGION VIII (EASTERN VISAYAS),SOUTHERN LEYTE,5-14,F,S,Y,A,7
2023,4,14,REGION VIII (EASTERN VISAYAS),SOUTHERN LEYTE,5-14,M,S,Y,A,4
2023,4,14,REGION VIII (EASTERN VISAYAS),SOUTHERN LEYTE,65+,F,S,Y,A,1
2023,4,14,REGION XIII (CARAGA),AGUSAN DEL SUR,15-24,F,S,Y,A,1
2023,4,14,REGION XIII (CARAGA),CITY OF BUTUAN,25-64,F,S,Y,A,1
2023,4,14,REGION XIII (CARAGA),SURIGAO DEL SUR,15-24,F,S,Y,A,1
2023,4,14,REGION XIII (CARAGA),SURIGAO DEL SUR,15-24,M,S,Y,A,2
2023,4,14,REGION XIII (CARAGA),SURIGAO DEL SUR,25-64,F,S,Y,A,6
2023,4,14,REGION XIII (CARAGA),SURIGAO DEL SUR,25-64,M,S,Y,A,2
2023,4,14,REGION XIII (CARAGA),SURIGAO DEL SUR,5-14,F,S,Y,A,1
2023,4,14,REGION XIII (CARAGA),SURIGAO DEL SUR,5-14,M,S,Y,A,1
2023,4,14,REGION XIII (CARAGA),SURIGAO DEL SUR,65+,M,S,Y,A,1
2023,4,15,NEGROS ISLAND REGION (NIR),CITY OF BACOLOD,65+,M,S,Y,A,1
2023,4,15,REGION IX (ZAMBOANGA PENINSULA),CITY OF ISABELA (NOT A PROVINCE),25-64,M,S,Y,A,1
2023,4,15,REGION IX (ZAMBOANGA PENINSULA),ZAMBOANGA DEL SUR,5-14,F,S,Y,A,1
2023,4,15,REGION V (BICOL REGION),CATANDUANES,5-14,F,S,Y,D,1
2023,4,15,REGION V (BICOL REGION),MASBATE,25-64,M,S,Y,A,1
2023,4,15,REGION VII (CENTRAL VISAYAS),CEBU,5-14,M,S,Y,A,2
2023,4,15,REGION VIII (EASTERN VISAYAS),BILIRAN,5-14,M,S,Y,A,1
2023,4,15,REGION VIII (EASTERN VISAYAS),EASTERN SAMAR,25-64,M,S,Y,A,2
2023,4,15,REGION VIII (EASTERN VISAYAS),EASTERN SAMAR,5-14,F,S,Y,A,1
2023,4,15,REGION VIII (EASTERN VISAYAS),EASTERN SAMAR,65+,F,S,Y,A,1
2023,4,15,REGION VIII (EASTERN VISAYAS),LEYTE,25-64,F,S,Y,A,1
2023,4,15,REGION VIII (EASTERN VISAYAS),LEYTE,25-64,M,S,Y,A,2
2023,4,15,REGION VIII (EASTERN VISAYAS),LEYTE,5-14,F,S,Y,A,4
2023,4,15,REGION VIII (EASTERN VISAYAS),LEYTE,5-14,M,S,Y,A,2
2023,4,15,REGION VIII (EASTERN VISAYAS),LEYTE,65+,M,S,Y,A,1
2023,4,15,REGION VIII (EASTERN VISAYAS),NORTHERN SAMAR,25-64,M,S,Y,A,2
2023,4,15,REGION VIII (EASTERN VISAYAS),SAMAR,15-24,F,S,Y,A,4
2023,4,15,REGION VIII (EASTERN VISAYAS),SAMAR,15-24,M,C,Y,A,1
2023,4,15,REGION VIII (EASTERN VISAYAS),SAMAR,15-24,M,S,Y,A,2
2023,4,15,REGION VIII (EASTERN VISAYAS),SAMAR,25-64,F,S,Y,A,7
2023,4,15,REGION VIII (EASTERN VISAYAS),SAMAR,25-64,M,S,Y,A,6
2023,4,15,REGION VIII (EASTERN VISAYAS),SAMAR,5-14,F,S,Y,A,2
2023,4,15,REGION VIII (EASTERN VISAYAS),SAMAR,5-14,M,S,Y,A,6
2023,4,15,REGION VIII (EASTERN VISAYAS),SOUTHERN LEYTE,25-64,F,S,Y,A,2
2023,4,15,REGION VIII (EASTERN VISAYAS),SOUTHERN LEYTE,25-64,M,S,Y,A,1
2023,4,15,REGION X (NORTHERN MINDANAO),BUKIDNON,5-14,M,S,Y,A,1
2023,4,15,REGION X (NORTHERN MINDANAO),CITY OF CAGAYAN DE ORO,25-64,M,S,Y,A,1
2023,4,15,REGION X (NORTHERN MINDANAO),CITY OF CAGAYAN DE ORO,5-14,F,S,Y,A,1
2023,4,15,REGION XIII (CARAGA),AGUSAN DEL SUR,15-24,M,S,Y,A,1
2023,4,15,REGION XIII (CARAGA),CITY OF BUTUAN,15-24,M,S,Y,A,1
2023,4,15,REGION XIII (CARAGA),CITY OF BUTUAN,25-64,M,S,Y,A,1
2023,4,15,REGION XIII (CARAGA),SURIGAO DEL SUR,15-24,F,S,Y,A,2
2023,4,15,REGION XIII (CARAGA),SURIGAO DEL SUR,15-24,M,S,Y,A,2
2023,4,15,REGION XIII (CARAGA),SURIGAO DEL SUR,25-64,F,S,Y,A,4
2023,4,15,REGION XIII (CARAGA),SURIGAO DEL SUR,25-64,M,S,Y,A,5
2023,4,15,REGION XIII (CARAGA),SURIGAO DEL SUR,5-14,M,S,Y,A,3
2023,4,15,REGION XIII (CARAGA),SURIGAO DEL SUR,65+,M,S,Y,A,2
2023,4,16,NEGROS ISLAND REGION (NIR),CITY OF BACOLOD,25-64,F,S,Y,A,1
2023,4,16,REGION IX (ZAMBOANGA PENINSULA),CITY OF ZAMBOANGA,15-24,F,S,Y,A,1
2023,4,16,REGION IX (ZAMBOANGA PENINSULA),ZAMBOANGA DEL SUR,25-64,F,S,Y,A,1
2023,4,16,REGION IX (ZAMBOANGA PENINSULA),ZAMBOANGA DEL SUR,25-64,M,S,Y,A,1
2023,4,16,REGION IX (ZAMBOANGA PENINSULA),ZAMBOANGA DEL SUR,5-14,M,S,Y,A,1
2023,4,16,REGION V (BICOL REGION),CATANDUANES,25-64,F,S,Y,A,1
2023,4,16,REGION V (BICOL REGION),CATANDUANES,5-14,M,S,Y,A,1
2023,4,16,REGION V (BICOL REGION),CATANDUANES,65+,F,S,Y,A,1
2023,4,16,REGION V (BICOL REGION),MASBATE,25-64,F,S,Y,A,1
2023,4,16,REGION V (BICOL REGION),MASBATE,25-64,M,S,Y,A,1
2023,4,16,REGION VIII (EASTERN VISAYAS),CITY OF TACLOBAN,65+,M,S,Y,A,1
2023,4,16,REGION VIII (EASTERN VISAYAS),EASTERN SAMAR,15-24,F,S,Y,A,1
2023,4,16,REGION VIII (EASTERN VISAYAS),LEYTE,15-24,F,S,Y,A,1
2023,4,16,REGION VIII (EASTERN VISAYAS),LEYTE,5-14,F,S,Y,A,1
2023,4,16,REGION VIII (EASTERN VISAYAS),NORTHERN SAMAR,15-24,M,S,Y,A,1
2023,4,16,REGION VIII (EASTERN VISAYAS),NORTHERN SAMAR,25-64,F,S,Y,A,2
2023,4,16,REGION VIII (EASTERN VISAYAS),NORTHERN SAMAR,25-64,M,S,Y,A,1
2023,4,16,REGION VIII (EASTERN VISAYAS),NORTHERN SAMAR,5-14,M,S,Y,A,1
2023,4,16,REGION VIII (EASTERN VISAYAS),NORTHERN SAMAR,65+,F,S,Y,A,1
2023,4,16,REGION VIII (EASTERN VISAYAS),SAMAR,15-24,F,S,Y,A,6
2023,4,16,REGION VIII (EASTERN VISAYAS),SAMAR,15-24,M,S,Y,A,3
2023,4,16,REGION VIII (EASTERN VISAYAS),SAMAR,25-64,F,S,Y,A,13
2023,4,16,REGION VIII (EASTERN VISAYAS),SAMAR,25-64,M,S,Y,A,2
2023,4,16,REGION VIII (EASTERN VISAYAS),SAMAR,5-14,F,S,Y,A,5
2023,4,16,REGION VIII (EASTERN VISAYAS),SAMAR,5-14,M,S,Y,A,5
2023,4,16,REGION VIII (EASTERN VISAYAS),SAMAR,65+,F,S,Y,A,5
2023,4,16,REGION VIII (EASTERN VISAYAS),SAMAR,65+,M,S,Y,A,3
2023,4,16,REGION VIII (EASTERN VISAYAS),SOUTHERN LEYTE,15-24,F,S,Y,A,1
2023,4,16,REGION VIII (EASTERN VISAYAS),SOUTHERN LEYTE,25-64,F,S,Y,A,2
2023,4,16,REGION VIII (EASTERN VISAYAS),SOUTHERN LEYTE,25-64,M,S,Y,A,1
2023,4,16,REGION XI (DAVAO REGION),CITY OF DAVAO,5-14,M,C,Y,A,1
2023,4,16,REGION XI (DAVAO REGION),DAVAO ORIENTAL,0-4,F,C,Y,A,1
2023,4,16,REGION XI (DAVAO REGION),DAVAO ORIENTAL,15-24,F,C,Y,A,1
2023,4,16,REGION XI (DAVAO REGION),DAVAO ORIENTAL,15-24,M,C,Y,A,1
2023,4,16,REGION XI (DAVAO REGION),DAVAO ORIENTAL,25-64,F,S,Y,A,2
2023,4,16,REGION XIII (CARAGA),SURIGAO DEL SUR,15-24,F,S,Y,A,2
2023,4,16,REGION XIII (CARAGA),SURIGAO DEL SUR,15-24,M,S,Y,A,1
2023,4,16,REGION XIII (CARAGA),SURIGAO DEL SUR,25-64,F,S,Y,A,3
2023,4,16,REGION XIII (CARAGA),SURIGAO DEL SUR,25-64,M,S,Y,A,2
2023,4,16,REGION XIII (CARAGA),SURIGAO DEL SUR,65+,F,S,Y,A,1
2023,4,16,REGION XIII (CARAGA),SURIGAO DEL SUR,65+,M,S,Y,A,2
2023,4,17,NEGROS ISLAND REGION (NIR),CITY OF BACOLOD,25-64,M,S,Y,A,1
2023,4,17,REGION IX (ZAMBOANGA PENINSULA),ZAMBOANGA DEL SUR,15-24,M,S,Y,A,1
2023,4,17,REGION IX (ZAMBOANGA PENINSULA),ZAMBOANGA DEL SUR,25-64,M,S,Y,A,1
2023,4,17,REGION IX (ZAMBOANGA PENINSULA),ZAMBOANGA DEL SUR,65+,M,S,Y,A,1
2023,4,17,REGION V (BICOL REGION),CATANDUANES,15-24,F,S,Y,A,1
2023,4,17,REGION V (BICOL REGION),CATANDUANES,25-64,M,S,Y,A,2
2023,4,17,REGION V (BICOL REGION),CATANDUANES,5-14,M,S,Y,A,1
2023,4,17,REGION V (BICOL REGION),CATANDUANES,65+,M,S,Y,A,1
2023,4,17,REGION V (BICOL REGION),SORSOGON,5-14,M,S,Y,A,1
2023,4,17,REGION V (BICOL REGION),SORSOGON,65+,F,S,Y,A,1
2023,4,17,REGION VI (WESTERN VISAYAS),CITY OF ILOILO,5-14,F,S,Y,A,1
2023,4,17,REGION VIII (EASTERN VISAYAS),CITY OF TACLOBAN,25-64,F,S,Y,A,1
2023,4,17,REGION VIII (EASTERN VISAYAS),LEYTE,5-14,M,S,Y,A,1
2023,4,17,REGION VIII (EASTERN VISAYAS),NORTHERN SAMAR,65+,F,S,Y,A,1
2023,4,17,REGION VIII (EASTERN VISAYAS),NORTHERN SAMAR,65+,M,S,Y,A,1
2023,4,17,REGION VIII (EASTERN VISAYAS),SAMAR,15-24,F,S,Y,A,4
2023,4,17,REGION VIII (EASTERN VISAYAS),SAMAR,15-24,M,S,Y,A,3
2023,4,17,REGION VIII (EASTERN VISAYAS),SAMAR,25-64,F,S,Y,A,12
2023,4,17,REGION VIII (EASTERN VISAYAS),SAMAR,25-64,M,S,Y,A,5
2023,4,17,REGION VIII (EASTERN VISAYAS),SAMAR,5-14,F,S,Y,A,7
2023,4,17,REGION VIII (EASTERN VISAYAS),SAMAR,5-14,M,S,Y,A,5
2023,4,17,REGION VIII (EASTERN VISAYAS),SAMAR,65+,F,S,Y,A,2
2023,4,17,REGION VIII (EASTERN VISAYAS),SAMAR,65+,M,S,Y,A,1
2023,4,17,REGION VIII (EASTERN VISAYAS),SOUTHERN LEYTE,25-64,F,S,Y,A,1
2023,4,17,REGION VIII (EASTERN VISAYAS),SOUTHERN LEYTE,25-64,M,S,Y,A,1
2023,4,17,REGION VIII (EASTERN VISAYAS),SOUTHERN LEYTE,5-14,F,S,Y,A,1
2023,4,17,REGION X (NORTHERN MINDANAO),CITY OF CAGAYAN DE ORO,25-64,M,S,Y,A,1
2023,4,17,REGION XIII (CARAGA),AGUSAN DEL SUR,25-64,F,S,Y,A,2
2023,4,17,REGION XIII (CARAGA),SURIGAO DEL SUR,15-24,F,S,Y,A,2
2023,4,17,REGION XIII (CARAGA),SURIGAO DEL SUR,15-24,M,S,Y,A,1
2023,4,17,REGION XIII (CARAGA),SURIGAO DEL SUR,25-64,F,S,Y,A,2
2023,4,17,REGION XIII (CARAGA),SURIGAO DEL SUR,5-14,F,S,Y,A,2
2023,4,17,REGION XIII (CARAGA),SURIGAO DEL SUR,65+,F,S,Y,A,2
2023,4,18,REGION IX (ZAMBOANGA PENINSULA),CITY OF ZAMBOANGA,25-64,M,S,Y,A,1
2023,4,18,REGION VIII (EASTERN VISAYAS),CITY OF TACLOBAN,5-14,M,S,Y,A,1
2023,4,18,REGION VIII (EASTERN VISAYAS),SAMAR,15-24,F,S,Y,A,1
2023,4,18,REGION VIII (EASTERN VISAYAS),SAMAR,15-24,M,S,Y,A,2
2023,4,18,REGION VIII (EASTERN VISAYAS),SAMAR,25-64,F,S,Y,A,1
2023,4,18,REGION VIII (EASTERN VISAYAS),SAMAR,25-64,M,S,Y,A,2
2023,4,18,REGION VIII (EASTERN VISAYAS),SAMAR,5-14,F,S,Y,A,3
2023,4,18,REGION VIII (EASTERN VISAYAS),SAMAR,5-14,M,S,Y,A,1
2023,4,18,REGION VIII (EASTERN VISAYAS),SAMAR,65+,F,S,Y,A,1
2023,4,18,REGION VIII (EASTERN VISAYAS),SAMAR,65+,M,S,Y,A,1
2023,4,18,REGION VIII (EASTERN VISAYAS),SOUTHERN LEYTE,25-64,F,S,Y,A,1
2023,4,18,REGION VIII (EASTERN VISAYAS),SOUTHERN LEYTE,25-64,M,S,Y,A,2
2023,4,18,REGION XIII (CARAGA),SURIGAO DEL SUR,25-64,M,S,Y,A,1
2023,5,18,CORDILLERA ADMINISTRATIVE REGION (CAR),CITY OF BAGUIO,15-24,M,S,Y,A,1
2023,5,18,NEGROS ISLAND REGION (NIR),CITY OF BACOLOD,25-64,F,S,Y,A,1
2023,5,18,NEGROS ISLAND REGION (NIR),CITY OF BACOLOD,5-14,M,S,Y,A,1
2023,5,18,NEGROS ISLAND REGION (NIR),NEGROS OCCIDENTAL,25-64,M,S,Y,A,1
2023,5,18,REGION III (CENTRAL LUZON),CITY OF OLONGAPO,25-64,F,S,Y,A,1
2023,5,18,REGION III (CENTRAL LUZON),CITY OF OLONGAPO,25-64,M,S,Y,A,1
2023,5,18,REGION III (CENTRAL LUZON),CITY OF OLONGAPO,65+,F,S,Y,A,1
2023,5,18,REGION IX (ZAMBOANGA PENINSULA),ZAMBOANGA DEL SUR,5-14,F,S,Y,A,1
2023,5,18,REGION V (BICOL REGION),CATANDUANES,25-64,M,S,Y,A,1
2023,5,18,REGION VIII (EASTERN VISAYAS),CITY OF TACLOBAN,25-64,M,S,Y,A,1
2023,5,18,REGION VIII (EASTERN VISAYAS),LEYTE,25-64,F,S,Y,A,1
2023,5,18,REGION VIII (EASTERN VISAYAS),LEYTE,25-64,M,S,Y,A,2
2023,5,18,REGION VIII (EASTERN VISAYAS),SAMAR,15-24,F,S,Y,A,8
2023,5,18,REGION VIII (EASTERN VISAYAS),SAMAR,15-24,M,S,Y,A,4
2023,5,18,REGION VIII (EASTERN VISAYAS),SAMAR,25-64,F,S,Y,A,6
2023,5,18,REGION VIII (EASTERN VISAYAS),SAMAR,25-64,M,S,Y,A,7
2023,5,18,REGION VIII (EASTERN VISAYAS),SAMAR,5-14,F,S,Y,A,6
2023,5,18,REGION VIII (EASTERN VISAYAS),SAMAR,5-14,M,S,Y,A,10
2023,5,18,REGION VIII (EASTERN VISAYAS),SAMAR,65+,F,S,Y,A,3
2023,5,18,REGION VIII (EASTERN VISAYAS),SOUTHERN LEYTE,25-64,F,S,Y,A,1
2023,5,18,REGION VIII (EASTERN VISAYAS),SOUTHERN LEYTE,25-64,M,S,Y,A,2
2023,5,18,REGION VIII (EASTERN VISAYAS),SOUTHERN LEYTE,5-14,F,S,Y,A,2
2023,5,18,REGION VIII (EASTERN VISAYAS),SOUTHERN LEYTE,5-14,M,S,Y,A,1
2023,5,18,REGION VIII (EASTERN VISAYAS),SOUTHERN LEYTE,65+,F,S,Y,A,1
2023,5,18,REGION XIII (CARAGA),AGUSAN DEL SUR,25-64,M,S,Y,A,1
2023,5,18,REGION XIII (CARAGA),SURIGAO DEL SUR,25-64,F,S,Y,A,3
2023,5,18,REGION XIII (CARAGA),SURIGAO DEL SUR,25-64,M,S,Y,A,1
2023,5,18,REGION XIII (CARAGA),SURIGAO DEL SUR,5-14,F,S,Y,A,1
2023,5,18,REGION XIII (CARAGA),SURIGAO DEL SUR,65+,F,S,Y,A,1
2023,5,19,NEGROS ISLAND REGION (NIR),CITY OF BACOLOD,25-64,F,S,Y,A,1
2023,5,19,NEGROS ISLAND REGION (NIR),CITY OF BACOLOD,65+,F,S,Y,A,1
2023,5,19,NEGROS ISLAND REGION (NIR),NEGROS ORIENTAL,25-64,M,C,Y,A,1
2023,5,19,REGION V (BICOL REGION),CATANDUANES,25-64,F,S,Y,A,1
2023,5,19,REGION V (BICOL REGION),CATANDUANES,25-64,M,S,Y,A,2
2023,5,19,REGION V (BICOL REGION),CATANDUANES,65+,F,S,Y,A,1
2023,5,19,REGION VIII (EASTERN VISAYAS),BILIRAN,5-14,M,S,Y,A,1
2023,5,19,REGION VIII (EASTERN VISAYAS),CITY OF TACLOBAN,25-64,F,S,Y,A,2
2023,5,19,REGION VIII (EASTERN VISAYAS),CITY OF TACLOBAN,65+,F,S,Y,A,1
2023,5,19,REGION VIII (EASTERN VISAYAS),LEYTE,15-24,F,S,Y,A,1
2023,5,19,REGION VIII (EASTERN VISAYAS),LEYTE,25-64,F,S,Y,A,2
2023,5,19,REGION VIII (EASTERN VISAYAS),LEYTE,25-64,M,S,Y,A,1
2023,5,19,REGION VIII (EASTERN VISAYAS),LEYTE,5-14,M,S,Y,A,1
2023,5,19,REGION VIII (EASTERN VISAYAS),NORTHERN SAMAR,5-14,M,S,Y,A,3
2023,5,19,REGION VIII (EASTERN VISAYAS),SAMAR,15-24,F,S,Y,A,5
2023,5,19,REGION VIII (EASTERN VISAYAS),SAMAR,15-24,M,S,Y,A,1
2023,5,19,REGION VIII (EASTERN VISAYAS),SAMAR,25-64,F,S,Y,A,4
2023,5,19,REGION VIII (EASTERN VISAYAS),SAMAR,25-64,M,S,Y,A,5
2023,5,19,REGION VIII (EASTERN VISAYAS),SAMAR,5-14,F,S,Y,A,1
2023,5,19,REGION VIII (EASTERN VISAYAS),SAMAR,5-14,M,S,Y,A,1
2023,5,19,REGION VIII (EASTERN VISAYAS),SAMAR,65+,F,S,Y,A,3
2023,5,19,REGION VIII (EASTERN VISAYAS),SAMAR,65+,M,S,Y,A,1
2023,5,19,REGION VIII (EASTERN VISAYAS),SOUTHERN LEYTE,15-24,F,S,Y,A,3
2023,5,19,REGION VIII (EASTERN VISAYAS),SOUTHERN LEYTE,15-24,M,S,Y,A,4
2023,5,19,REGION VIII (EASTERN VISAYAS),SOUTHERN LEYTE,25-64,F,S,Y,A,3
2023,5,19,REGION VIII (EASTERN VISAYAS),SOUTHERN LEYTE,25-64,M,S,Y,A,2
2023,5,19,REGION VIII (EASTERN VISAYAS),SOUTHERN LEYTE,5-14,F,S,Y,A,1
2023,5,19,REGION VIII (EASTERN VISAYAS),SOUTHERN LEYTE,65+,F,S,Y,A,1
2023,5,19,REGION X (NORTHERN MINDANAO),CITY OF CAGAYAN DE ORO,5-14,M,S,Y,A,1
2023,5,19,REGION XI (DAVAO REGION),DAVAO ORIENTAL,5-14,F,S,Y,A,1
2023,5,19,REGION XIII (CARAGA),SURIGAO DEL SUR,15-24,F,S,Y,A,1
2023,5,19,REGION XIII (CARAGA),SURIGAO DEL SUR,25-64,F,S,Y,A,1
2023,5,19,REGION XIII (CARAGA),SURIGAO DEL SUR,25-64,M,S,Y,A,1
2023,5,19,REGION XIII (CARAGA),SURIGAO DEL SUR,5-14,F,S,Y,A,1
2023,5,19,REGION XIII (CARAGA),SURIGAO DEL SUR,5-14,M,S,Y,A,2
2023,5,20,NEGROS ISLAND REGION (NIR),CITY OF BACOLOD,15-24,F,S,Y,A,1
2023,5,20,NEGROS ISLAND REGION (NIR),CITY OF BACOLOD,25-64,F,S,Y,A,1
2023,5,20,NEGROS ISLAND REGION (NIR),CITY OF BACOLOD,25-64,M,S,Y,A,1
2023,5,20,NEGROS ISLAND REGION (NIR),NEGROS OCCIDENTAL,15-24,F,S,Y,A,1
2023,5,20,NEGROS ISLAND REGION (NIR),NEGROS OCCIDENTAL,25-64,F,S,Y,A,1
2023,5,20,REGION IX (ZAMBOANGA PENINSULA),CITY OF ZAMBOANGA,15-24,F,S,Y,A,1
2023,5,20,REGION IX (ZAMBOANGA PENINSULA),ZAMBOANGA DEL NORTE,25-64,M,S,Y,A,1
2023,5,20,REGION VIII (EASTERN VISAYAS),CITY OF TACLOBAN,5-14,M,S,Y,A,1
2023,5,20,REGION VIII (EASTERN VISAYAS),EASTERN SAMAR,15-24,F,S,Y,A,1
2023,5,20,REGION VIII (EASTERN VISAYAS),LEYTE,15-24,F,S,Y,A,3
2023,5,20,REGION VIII (EASTERN VISAYAS),LEYTE,25-64,F,S,Y,A,9
2023,5,20,REGION VIII (EASTERN VISAYAS),LEYTE,25-64,M,S,Y,A,6
2023,5,20,REGION VIII (EASTERN VISAYAS),LEYTE,5-14,F,S,Y,A,2
2023,5,20,REGION VIII (EASTERN VISAYAS),LEYTE,5-14,M,S,Y,A,1
2023,5,20,REGION VIII (EASTERN VISAYAS),LEYTE,65+,F,S,Y,A,1
2023,5,20,REGION VIII (EASTERN VISAYAS),LEYTE,65+,M,S,Y,A,1
2023,5,20,REGION VIII (EASTERN VISAYAS),NORTHERN SAMAR,0-4,M,C,Y,A,1
2023,5,20,REGION VIII (EASTERN VISAYAS),NORTHERN SAMAR,25-64,M,S,Y,A,2
2023,5,20,REGION VIII (EASTERN VISAYAS),NORTHERN SAMAR,5-14,F,S,Y,A,1
2023,5,20,REGION VIII (EASTERN VISAYAS),NORTHERN SAMAR,5-14,M,C,Y,A,1
2023,5,20,REGION VIII (EASTERN VISAYAS),NORTHERN SAMAR,5-14,M,S,Y,A,1
2023,5,20,REGION VIII (EASTERN VISAYAS),SAMAR,15-24,F,S,Y,A,4
2023,5,20,REGION VIII (EASTERN VISAYAS),SAMAR,15-24,M,S,Y,A,1
2023,5,20,REGION VIII (EASTERN VISAYAS),SAMAR,25-64,F,S,Y,A,5
2023,5,20,REGION VIII (EASTERN VISAYAS),SAMAR,25-64,M,S,Y,A,7
2023,5,20,REGION VIII (EASTERN VISAYAS),SAMAR,5-14,F,S,Y,A,3
2023,5,20,REGION VIII (EASTERN VISAYAS),SAMAR,5-14,M,S,Y,A,4
2023,5,20,REGION VIII (EASTERN VISAYAS),SAMAR,65+,F,S,Y,A,2
2023,5,20,REGION VIII (EASTERN VISAYAS),SAMAR,65+,M,S,Y,A,3
2023,5,20,REGION VIII (EASTERN VISAYAS),SOUTHERN LEYTE,15-24,F,S,Y,A,1
2023,5,20,REGION VIII (EASTERN VISAYAS),SOUTHERN LEYTE,15-24,M,S,Y,A,1
2023,5,20,REGION VIII (EASTERN VISAYAS),SOUTHERN LEYTE,65+,F,S,Y,A,1
2023,5,20,REGION XIII (CARAGA),AGUSAN DEL SUR,65+,M,S,Y,A,1
2023,5,20,REGION XIII (CARAGA),SURIGAO DEL SUR,15-24,F,S,Y,A,1
2023,5,20,REGION XIII (CARAGA),SURIGAO DEL SUR,15-24,M,S,Y,A,1
2023,5,20,REGION XIII (CARAGA),SURIGAO DEL SUR,25-64,M,S,Y,A,1
2023,5,20,REGION XIII (CARAGA),SURIGAO DEL SUR,5-14,F,S,Y,A,2
2023,5,20,REGION XIII (CARAGA),SURIGAO DEL SUR,5-14,M,S,Y,A,1
2023,5,20,REGION XIII (CARAGA),SURIGAO DEL SUR,65+,F,S,Y,A,2
2023,5,21,NEGROS ISLAND REGION (NIR),CITY OF BACOLOD,25-64,M,S,Y,A,1
2023,5,21,NEGROS ISLAND REGION (NIR),CITY OF BACOLOD,5-14,F,S,Y,A,3
2023,5,21,NEGROS ISLAND REGION (NIR),NEGROS OCCIDENTAL,25-64,M,S,Y,A,1
2023,5,21,REGION IX (ZAMBOANGA PENINSULA),CITY OF ZAMBOANGA,25-64,F,S,Y,A,2
2023,5,21,REGION V (BICOL REGION),CATANDUANES,5-14,M,S,Y,A,1
2023,5,21,REGION V (BICOL REGION),CATANDUANES,65+,F,S,Y,A,1
2023,5,21,REGION V (BICOL REGION),CATANDUANES,65+,M,S,Y,A,1
2023,5,21,REGION V (BICOL REGION),SORSOGON,5-14,F,S,Y,A,1
2023,5,21,REGION VIII (EASTERN VISAYAS),CITY OF TACLOBAN,15-24,F,S,Y,A,2
2023,5,21,REGION VIII (EASTERN VISAYAS),CITY OF TACLOBAN,15-24,M,S,Y,A,1
2023,5,21,REGION VIII (EASTERN VISAYAS),CITY OF TACLOBAN,25-64,M,S,Y,A,1
2023,5,21,REGION VIII (EASTERN VISAYAS),CITY OF TACLOBAN,65+,M,S,Y,A,1
2023,5,21,REGION VIII (EASTERN VISAYAS),LEYTE,15-24,F,S,Y,A,1
2023,5,21,REGION VIII (EASTERN VISAYAS),LEYTE,25-64,F,S,Y,A,2
2023,5,21,REGION VIII (EASTERN VISAYAS),LEYTE,25-64,M,S,Y,A,2
2023,5,21,REGION VIII (EASTERN VISAYAS),LEYTE,5-14,F,S,Y,A,1
2023,5,21,REGION VIII (EASTERN VISAYAS),LEYTE,5-14,M,S,Y,A,5
2023,5,21,REGION VIII (EASTERN VISAYAS),LEYTE,65+,F,S,Y,A,1
2023,5,21,REGION VIII (EASTERN VISAYAS),LEYTE,65+,M,S,Y,A,1
2023,5,21,REGION VIII (EASTERN VISAYAS),NORTHERN SAMAR,15-24,F,S,Y,A,1
2023,5,21,REGION VIII (EASTERN VISAYAS),NORTHERN SAMAR,25-64,F,S,Y,A,1
2023,5,21,REGION VIII (EASTERN VISAYAS),NORTHERN SAMAR,25-64,M,S,Y,A,2
2023,5,21,REGION VIII (EASTERN VISAYAS),NORTHERN SAMAR,5-14,F,S,Y,A,2
2023,5,21,REGION VIII (EASTERN VISAYAS),SAMAR,15-24,F,S,Y,A,3
2023,5,21,REGION VIII (EASTERN VISAYAS),SAMAR,15-24,M,S,Y,A,3
2023,5,21,REGION VIII (EASTERN VISAYAS),SAMAR,25-64,F,S,Y,A,4
2023,5,21,REGION VIII (EASTERN VISAYAS),SAMAR,25-64,M,S,Y,A,3
2023,5,21,REGION VIII (EASTERN VISAYAS),SAMAR,5-14,F,S,Y,A,4
2023,5,21,REGION VIII (EASTERN VISAYAS),SAMAR,5-14,M,S,Y,A,5
2023,5,21,REGION VIII (EASTERN VISAYAS),SAMAR,65+,F,S,Y,A,1
2023,5,21,REGION VIII (EASTERN VISAYAS),SOUTHERN LEYTE,25-64,F,S,Y,A,1
2023,5,21,REGION VIII (EASTERN VISAYAS),SOUTHERN LEYTE,25-64,M,S,Y,A,2
2023,5,21,REGION VIII (EASTERN VISAYAS),SOUTHERN LEYTE,5-14,F,S,Y,A,3
2023,5,21,REGION VIII (EASTERN VISAYAS),SOUTHERN LEYTE,5-14,M,S,Y,A,1
2023,5,21,REGION VIII (EASTERN VISAYAS),SOUTHERN LEYTE,65+,F,S,Y,A,2
2023,5,21,REGION XIII (CARAGA),SURIGAO DEL SUR,15-24,F,S,Y,A,1
2023,5,21,REGION XIII (CARAGA),SURIGAO DEL SUR,25-64,F,S,Y,A,3
2023,5,21,REGION XIII (CARAGA),SURIGAO DEL SUR,5-14,M,S,Y,A,1
2023,5,21,REGION XIII (CARAGA),SURIGAO DEL SUR,65+,F,S,Y,A,1
2023,5,21,REGION XIII (CARAGA),SURIGAO DEL SUR,65+,M,S,Y,A,1
2023,5,22,NEGROS ISLAND REGION (NIR),CITY OF BACOLOD,25-64,F,S,Y,A,1
2023,5,22,REGION IX (ZAMBOANGA PENINSULA),CITY OF ZAMBOANGA,15-24,F,S,Y,A,1
2023,5,22,REGION IX (ZAMBOANGA PENINSULA),CITY OF ZAMBOANGA,25-64,M,S,Y,A,2
2023,5,22,REGION IX (ZAMBOANGA PENINSULA),CITY OF ZAMBOANGA,5-14,M,S,Y,A,1
2023,5,22,REGION V (BICOL REGION),CATANDUANES,65+,F,S,Y,A,1
2023,5,22,REGION VIII (EASTERN VISAYAS),BILIRAN,5-14,M,S,Y,A,1
2023,5,22,REGION VIII (EASTERN VISAYAS),CITY OF TACLOBAN,5-14,M,S,Y,A,1
2023,5,22,REGION VIII (EASTERN VISAYAS),LEYTE,15-24,F,S,Y,A,3
2023,5,22,REGION VIII (EASTERN VISAYAS),LEYTE,15-24,M,S,Y,A,1
2023,5,22,REGION VIII (EASTERN VISAYAS),LEYTE,25-64,F,S,Y,A,1
2023,5,22,REGION VIII (EASTERN VISAYAS),LEYTE,25-64,M,S,Y,A,1
2023,5,22,REGION VIII (EASTERN VISAYAS),LEYTE,65+,F,S,Y,A,1
2023,5,22,REGION VIII (EASTERN VISAYAS),NORTHERN SAMAR,15-24,F,S,Y,A,1
2023,5,22,REGION VIII (EASTERN VISAYAS),NORTHERN SAMAR,25-64,M,S,Y,A,3
2023,5,22,REGION VIII (EASTERN VISAYAS),NORTHERN SAMAR,5-14,F,S,Y,A,1
2023,5,22,REGION VIII (EASTERN VISAYAS),NORTHERN SAMAR,5-14,M,S,Y,A,3
2023,5,22,REGION VIII (EASTERN VISAYAS),SAMAR,15-24,F,S,Y,A,1
2023,5,22,REGION VIII (EASTERN VISAYAS),SAMAR,25-64,F,S,Y,A,1
2023,5,22,REGION VIII (EASTERN VISAYAS),SAMAR,5-14,F,S,Y,A,1
2023,5,22,REGION VIII (EASTERN VISAYAS),SOUTHERN LEYTE,15-24,M,S,Y,A,1
2023,5,22,REGION VIII (EASTERN VISAYAS),SOUTHERN LEYTE,25-64,F,S,Y,A,1
2023,5,22,REGION VIII (EASTERN VISAYAS),SOUTHERN LEYTE,5-14,M,S,Y,A,1
2023,5,22,REGION X (NORTHERN MINDANAO),MISAMIS ORIENTAL,5-14,M,S,Y,A,1
2023,6,22,REGION V (BICOL REGION),CATANDUANES,15-24,F,S,Y,A,1
2023,6,22,REGION V (BICOL REGION),CATANDUANES,25-64,F,S,Y,A,1
2023,6,22,REGION V (BICOL REGION),CATANDUANES,25-64,M,S,Y,A,2
2023,6,22,REGION V (BICOL REGION),CATANDUANES,65+,F,S,Y,A,1
2023,6,22,REGION VIII (EASTERN VISAYAS),LEYTE,5-14,F,S,Y,A,2
2023,6,22,REGION VIII (EASTERN VISAYAS),LEYTE,5-14,M,S,Y,A,1
2023,6,22,REGION VIII (EASTERN VISAYAS),SAMAR,15-24,M,S,Y,A,1
2023,6,22,REGION VIII (EASTERN VISAYAS),SAMAR,25-64,F,S,Y,A,2
2023,6,22,REGION VIII (EASTERN VISAYAS),SAMAR,25-64,M,S,Y,A,2
2023,6,22,REGION VIII (EASTERN VISAYAS),SAMAR,5-14,F,S,Y,A,2
2023,6,22,REGION VIII (EASTERN VISAYAS),SAMAR,5-14,M,S,Y,A,1
2023,6,22,REGION VIII (EASTERN VISAYAS),SOUTHERN LEYTE,15-24,F,S,Y,A,1
2023,6,22,REGION VIII (EASTERN VISAYAS),SOUTHERN LEYTE,25-64,F,S,Y,A,1
2023,6,23,REGION III (CENTRAL LUZON),PAMPANGA,15-24,F,S,Y,A,1
2023,6,23,REGION V (BICOL REGION),CATANDUANES,15-24,M,S,Y,A,1
2023,6,23,REGION V (BICOL REGION),CATANDUANES,25-64,F,S,Y,A,2
2023,6,23,REGION V (BICOL REGION),CATANDUANES,25-64,M,S,Y,A,1
2023,6,23,REGION V (BICOL REGION),CATANDUANES,5-14,M,S,Y,A,1
2023,6,23,REGION V (BICOL REGION),SORSOGON,25-64,F,S,Y,A,1
2023,6,23,REGION VII (CENTRAL VISAYAS),CEBU,5-14,M,C,Y,A,1
2023,6,23,REGION VIII (EASTERN VISAYAS),CITY OF TACLOBAN,15-24,F,S,Y,A,1
2023,6,23,REGION VIII (EASTERN VISAYAS),CITY OF TACLOBAN,25-64,F,S,Y,A,1
2023,6,23,REGION VIII (EASTERN VISAYAS),EASTERN SAMAR,15-24,F,C,Y,A,1
2023,6,23,REGION VIII (EASTERN VISAYAS),EASTERN SAMAR,15-24,F,S,Y,A,4
2023,6,23,REGION VIII (EASTERN VISAYAS),EASTERN SAMAR,15-24,F,S,Y,D,1
2023,6,23,REGION VIII (EASTERN VISAYAS),EASTERN SAMAR,15-24,M,S,Y,A,2
2023,6,23,REGION VIII (EASTERN VISAYAS),EASTERN SAMAR,25-64,F,S,Y,A,4
2023,6,23,REGION VIII (EASTERN VISAYAS),EASTERN SAMAR,25-64,M,S,Y,A,7
2023,6,23,REGION VIII (EASTERN VISAYAS),EASTERN SAMAR,5-14,F,S,Y,A,7
2023,6,23,REGION VIII (EASTERN VISAYAS),EASTERN SAMAR,5-14,M,S,Y,A,7
2023,6,23,REGION VIII (EASTERN VISAYAS),LEYTE,15-24,F,S,Y,A,1
2023,6,23,REGION VIII (EASTERN VISAYAS),LEYTE,15-24,M,S,Y,A,2
2023,6,23,REGION VIII (EASTERN VISAYAS),LEYTE,25-64,F,S,Y,A,1
2023,6,23,REGION VIII (EASTERN VISAYAS),LEYTE,25-64,M,S,Y,A,3
2023,6,23,REGION VIII (EASTERN VISAYAS),LEYTE,5-14,M,S,Y,A,1
2023,6,23,REGION VIII (EASTERN VISAYAS),NORTHERN SAMAR,15-24,M,S,Y,A,1
2023,6,23,REGION VIII (EASTERN VISAYAS),SAMAR,15-24,F,S,Y,A,2
2023,6,23,REGION VIII (EASTERN VISAYAS),SAMAR,15-24,M,S,Y,A,2
2023,6,23,REGION VIII (EASTERN VISAYAS),SAMAR,25-64,F,S,Y,A,3
2023,6,23,REGION VIII (EASTERN VISAYAS),SAMAR,25-64,M,S,Y,A,1
2023,6,23,REGION VIII (EASTERN VISAYAS),SAMAR,5-14,M,S,Y,A,5
2023,6,23,REGION VIII (EASTERN VISAYAS),SOUTHERN LEYTE,25-64,F,S,Y,A,4
2023,6,23,REGION VIII (EASTERN VISAYAS),SOUTHERN LEYTE,25-64,M,S,Y,A,1
2023,6,23,REGION VIII (EASTERN VISAYAS),SOUTHERN LEYTE,65+,F,S,Y,A,1
2023,6,24,CORDILLERA ADMINISTRATIVE REGION (CAR),BENGUET,5-14,F,S,Y,A,1
2023,6,24,NATIONAL CAPITAL REGION (NCR),QUEZON CITY,25-64,F,C,Y,A,2
2023,6,24,REGION V (BICOL REGION),CATANDUANES,15-24,F,S,Y,A,1
2023,6,24,REGION V (BICOL REGION),CATANDUANES,25-64,F,S,Y,A,1
2023,6,24,REGION V (BICOL REGION),CATANDUANES,65+,M,S,Y,A,1
2023,6,24,REGION V (BICOL REGION),SORSOGON,5-14,F,S,Y,A,2
2023,6,24,REGION VIII (EASTERN VISAYAS),CITY OF TACLOBAN,15-24,M,S,Y,A,1
2023,6,24,REGION VIII (EASTERN VISAYAS),CITY OF TACLOBAN,65+,F,S,Y,A,1
2023,6,24,REGION VIII (EASTERN VISAYAS),EASTERN SAMAR,15-24,F,S,Y,A,5
2023,6,24,REGION VIII (EASTERN VISAYAS),EASTERN SAMAR,15-24,M,S,Y,A,3
2023,6,24,REGION VIII (EASTERN VISAYAS),EASTERN SAMAR,25-64,F,S,Y,A,2
2023,6,24,REGION VIII (EASTERN VISAYAS),EASTERN SAMAR,25-64,M,S,Y,A,4
2023,6,24,REGION VIII (EASTERN VISAYAS),EASTERN SAMAR,5-14,F,S,Y,A,2
2023,6,24,REGION VIII (EASTERN VISAYAS),EASTERN SAMAR,5-14,M,S,Y,A,4
2023,6,24,REGION VIII (EASTERN VISAYAS),EASTERN SAMAR,65+,F,S,Y,A,5
2023,6,24,REGION VIII (EASTERN VISAYAS),EASTERN SAMAR,65+,M,S,Y,A,5
2023,6,24,REGION VIII (EASTERN VISAYAS),LEYTE,15-24,F,S,Y,A,1
2023,6,24,REGION VIII (EASTERN VISAYAS),LEYTE,15-24,M,S,Y,A,2
2023,6,24,REGION VIII (EASTERN VISAYAS),LEYTE,25-64,F,S,Y,A,3
2023,6,24,REGION VIII (EASTERN VISAYAS),LEYTE,65+,F,S,Y,A,1
2023,6,24,REGION VIII (EASTERN VISAYAS),LEYTE,65+,M,S,Y,A,1
2023,6,24,REGION VIII (EASTERN VISAYAS),NORTHERN SAMAR,5-14,M,S,Y,A,1
2023,6,24,REGION VIII (EASTERN VISAYAS),SAMAR,15-24,F,S,Y,A,2
2023,6,24,REGION VIII (EASTERN VISAYAS),SAMAR,15-24,M,S,Y,A,1
2023,6,24,REGION VIII (EASTERN VISAYAS),SAMAR,25-64,F,S,Y,A,7
2023,6,24,REGION VIII (EASTERN VISAYAS),SAMAR,25-64,M,S,Y,A,1
2023,6,24,REGION VIII (EASTERN VISAYAS),SAMAR,5-14,M,S,Y,A,1
2023,6,24,REGION VIII (EASTERN VISAYAS),SAMAR,65+,F,S,Y,A,1
2023,6,24,REGION VIII (EASTERN VISAYAS),SOUTHERN LEYTE,15-24,M,S,Y,A,1
2023,6,24,REGION VIII (EASTERN VISAYAS),SOUTHERN LEYTE,25-64,M,S,Y,A,2
2023,6,24,REGION VIII (EASTERN VISAYAS),SOUTHERN LEYTE,5-14,F,S,Y,A,1
2023,6,24,REGION VIII (EASTERN VISAYAS),SOUTHERN LEYTE,5-14,M,S,Y,A,2
2023,6,24,REGION VIII (EASTERN VISAYAS),SOUTHERN LEYTE,65+,F,S,Y,A,1
2023,6,25,NATIONAL CAPITAL REGION (NCR),CITY OF PASIG,25-64,F,S,Y,A,1
2023,6,25,REGION V (BICOL REGION),CATANDUANES,25-64,M,S,Y,A,1
2023,6,25,REGION V (BICOL REGION),CATANDUANES,5-14,M,S,Y,A,1
2023,6,25,REGION V (BICOL REGION),SORSOGON,25-64,M,S,Y,A,1
2023,6,25,REGION VIII (EASTERN VISAYAS),EASTERN SAMAR,0-4,M,C,Y,A,1
2023,6,25,REGION VIII (EASTERN VISAYAS),EASTERN SAMAR,25-64,F,C,Y,A,1
2023,6,25,REGION VIII (EASTERN VISAYAS),EASTERN SAMAR,5-14,F,S,Y,A,1
2023,6,25,REGION VIII (EASTERN VISAYAS),LEYTE,15-24,F,S,Y,A,1
2023,6,25,REGION VIII (EASTERN VISAYAS),LEYTE,15-24,M,S,Y,A,1
2023,6,25,REGION VIII (EASTERN VISAYAS),LEYTE,25-64,F,S,Y,A,1
2023,6,25,REGION VIII (EASTERN VISAYAS),LEYTE,65+,F,S,Y,A,1
2023,6,25,REGION VIII (EASTERN VISAYAS),NORTHERN SAMAR,15-24,M,S,Y,A,1
2023,6,25,REGION VIII (EASTERN VISAYAS),SAMAR,15-24,F,S,Y,A,2
2023,6,25,REGION VIII (EASTERN VISAYAS),SAMAR,15-24,M,S,Y,A,1
2023,6,25,REGION VIII (EASTERN VISAYAS),SAMAR,25-64,F,S,Y,A,2
2023,6,25,REGION VIII (EASTERN VISAYAS),SAMAR,25-64,M,S,Y,A,5
2023,6,25,REGION VIII (EASTERN VISAYAS),SAMAR,5-14,F,S,Y,A,3
2023,6,25,REGION VIII (EASTERN VISAYAS),SAMAR,5-14,M,S,Y,A,1
2023,6,25,REGION VIII (EASTERN VISAYAS),SAMAR,65+,F,S,Y,A,3
2023,6,25,REGION VIII (EASTERN VISAYAS),SOUTHERN LEYTE,5-14,M,S,Y,A,2
2023,6,26,REGION II (CAGAYAN VALLEY),NUEVA VIZCAYA,5-14,M,S,Y,D,1
2023,6,26,REGION V (BICOL REGION),CATANDUANES,25-64,M,S,Y,A,1
2023,6,26,REGION V (BICOL REGION),SORSOGON,5-14,M,S,Y,A,1
2023,6,26,REGION VI (WESTERN VISAYAS),CITY OF ILOILO,25-64,M,S,Y,A,2
2023,6,26,REGION VI (WESTERN VISAYAS),ILOILO,15-24,M,S,Y,A,1
2023,6,26,REGION VIII (EASTERN VISAYAS),CITY OF TACLOBAN,25-64,M,S,Y,A,1
2023,6,26,REGION VIII (EASTERN VISAYAS),CITY OF TACLOBAN,5-14,M,S,Y,A,2
2023,6,26,REGION VIII (EASTERN VISAYAS),LEYTE,15-24,M,S,Y,A,2
2023,6,26,REGION VIII (EASTERN VISAYAS),LEYTE,25-64,M,S,Y,A,2
2023,6,26,REGION VIII (EASTERN VISAYAS),LEYTE,5-14,F,S,Y,A,2
2023,6,26,REGION VIII (EASTERN VISAYAS),LEYTE,5-14,M,S,Y,A,3
2023,6,26,REGION VIII (EASTERN VISAYAS),LEYTE,65+,F,S,Y,A,2
2023,6,26,REGION VIII (EASTERN VISAYAS),NORTHERN SAMAR,25-64,F,S,Y,A,2
2023,6,26,REGION VIII (EASTERN VISAYAS),SAMAR,15-24,F,S,Y,A,3
2023,6,26,REGION VIII (EASTERN VISAYAS),SAMAR,25-64,F,S,Y,A,5
2023,6,26,REGION VIII (EASTERN VISAYAS),SAMAR,25-64,M,S,Y,A,5
2023,6,26,REGION VIII (EASTERN VISAYAS),SAMAR,5-14,F,S,Y,A,1
2023,6,26,REGION VIII (EASTERN VISAYAS),SAMAR,5-14,M,S,Y,A,2
2023,6,26,REGION VIII (EASTERN VISAYAS),SAMAR,65+,F,S,Y,A,4
2023,6,26,REGION VIII (EASTERN VISAYAS),SAMAR,65+,M,S,Y,A,1
2023,6,26,REGION VIII (EASTERN VISAYAS),SOUTHERN LEYTE,15-24,M,S,Y,A,1
2023,6,26,REGION VIII (EASTERN VISAYAS),SOUTHERN LEYTE,25-64,F,S,Y,A,1
2023,6,26,REGION VIII (EASTERN VISAYAS),SOUTHERN LEYTE,25-64,M,S,Y,A,1
2023,6,26,REGION VIII (EASTERN VISAYAS),SOUTHERN LEYTE,5-14,F,S,Y,A,1
2023,6,26,REGION VIII (EASTERN VISAYAS),SOUTHERN LEYTE,5-14,M,S,Y,A,1
2023,6,26,REGION VIII (EASTERN VISAYAS),SOUTHERN LEYTE,65+,F,S,Y,A,1
2023,7,26,REGION VIII (EASTERN VISAYAS),LEYTE,25-64,M,C,Y,A,1
2023,7,26,REGION VIII (EASTERN VISAYAS),NORTHERN SAMAR,15-24,M,S,Y,A,1
2023,7,26,REGION VIII (EASTERN VISAYAS),NORTHERN SAMAR,5-14,M,S,Y,A,1
2023,7,26,REGION VIII (EASTERN VISAYAS),SAMAR,25-64,F,S,Y,A,2
2023,7,26,REGION VIII (EASTERN VISAYAS),SOUTHERN LEYTE,25-64,F,S,Y,A,1
2023,7,26,REGION VIII (EASTERN VISAYAS),SOUTHERN LEYTE,5-14,M,S,Y,A,1
2023,7,27,REGION V (BICOL REGION),CATANDUANES,25-64,F,S,Y,A,1
2023,7,27,REGION V (BICOL REGION),CATANDUANES,25-64,M,S,Y,A,2
2023,7,27,REGION VI (WESTERN VISAYAS),ANTIQUE,15-24,M,S,Y,A,1
2023,7,27,REGION VI (WESTERN VISAYAS),ILOILO,25-64,F,S,Y,A,1
2023,7,27,REGION VIII (EASTERN VISAYAS),BILIRAN,5-14,F,S,Y,A,1
2023,7,27,REGION VIII (EASTERN VISAYAS),CITY OF TACLOBAN,15-24,M,S,Y,A,1
2023,7,27,REGION VIII (EASTERN VISAYAS),CITY OF TACLOBAN,25-64,F,S,Y,A,1
2023,7,27,REGION VIII (EASTERN VISAYAS),CITY OF TACLOBAN,5-14,M,S,Y,A,1
2023,7,27,REGION VIII (EASTERN VISAYAS),CITY OF TACLOBAN,65+,F,S,Y,A,2
2023,7,27,REGION VIII (EASTERN VISAYAS),CITY OF TACLOBAN,65+,M,S,Y,A,1
2023,7,27,REGION VIII (EASTERN VISAYAS),LEYTE,15-24,F,S,Y,A,1
2023,7,27,REGION VIII (EASTERN VISAYAS),LEYTE,15-24,M,S,Y,A,1
2023,7,27,REGION VIII (EASTERN VISAYAS),LEYTE,25-64,F,S,Y,A,3
2023,7,27,REGION VIII (EASTERN VISAYAS),LEYTE,25-64,M,S,Y,A,3
2023,7,27,REGION VIII (EASTERN VISAYAS),LEYTE,5-14,F,S,Y,A,3
2023,7,27,REGION VIII (EASTERN VISAYAS),LEYTE,5-14,M,S,Y,A,2
2023,7,27,REGION VIII (EASTERN VISAYAS),NORTHERN SAMAR,25-64,M,S,Y,A,1
2023,7,27,REGION VIII (EASTERN VISAYAS),NORTHERN SAMAR,5-14,F,S,Y,A,2
2023,7,27,REGION VIII (EASTERN VISAYAS),NORTHERN SAMAR,5-14,M,C,Y,D,1
2023,7,27,REGION VIII (EASTERN VISAYAS),NORTHERN SAMAR,5-14,M,S,Y,A,1
2023,7,27,REGION VIII (EASTERN VISAYAS),NORTHERN SAMAR,65+,F,S,Y,A,1
2023,7,27,REGION VIII (EASTERN VISAYAS),SAMAR,15-24,F,S,Y,A,3
2023,7,27,REGION VIII (EASTERN VISAYAS),SAMAR,15-24,M,S,Y,A,5
2023,7,27,REGION VIII (EASTERN VISAYAS),SAMAR,25-64,F,S,Y,A,5
2023,7,27,REGION VIII (EASTERN VISAYAS),SAMAR,25-64,M,S,Y,A,6
2023,7,27,REGION VIII (EASTERN VISAYAS),SAMAR,5-14,F,S,Y,A,1
2023,7,27,REGION VIII (EASTERN VISAYAS),SAMAR,5-14,M,S,Y,A,3
2023,7,27,REGION VIII (EASTERN VISAYAS),SAMAR,65+,M,S,Y,A,2
2023,7,27,REGION VIII (EASTERN VISAYAS),SOUTHERN LEYTE,15-24,F,S,Y,A,2
2023,7,27,REGION VIII (EASTERN VISAYAS),SOUTHERN LEYTE,25-64,F,S,Y,A,3
2023,7,27,REGION VIII (EASTERN VISAYAS),SOUTHERN LEYTE,5-14,F,S,Y,A,1
2023,7,27,REGION VIII (EASTERN VISAYAS),SOUTHERN LEYTE,5-14,M,S,Y,A,1
2023,7,27,REGION VIII (EASTERN VISAYAS),SOUTHERN LEYTE,65+,F,S,Y,A,3
2023,7,27,REGION VIII (EASTERN VISAYAS),SOUTHERN LEYTE,65+,M,S,Y,A,1
2023,7,27,REGION XI (DAVAO REGION),CITY OF DAVAO,25-64,F,S,Y,A,1
2023,7,27,REGION XI (DAVAO REGION),CITY OF DAVAO,5-14,F,S,Y,A,2
2023,7,28,NATIONAL CAPITAL REGION (NCR),CITY OF MANILA,65+,M,C,Y,A,1
2023,7,28,REGION V (BICOL REGION),ALBAY,25-64,F,S,Y,D,1
2023,7,28,REGION V (BICOL REGION),ALBAY,25-64,M,S,Y,A,1
2023,7,28,REGION V (BICOL REGION),CATANDUANES,25-64,M,S,Y,A,1
2023,7,28,REGION VI (WESTERN VISAYAS),CITY OF ILOILO,15-24,F,S,Y,A,1
2023,7,28,REGION VI (WESTERN VISAYAS),CITY OF ILOILO,5-14,M,S,Y,A,1
2023,7,28,REGION VI (WESTERN VISAYAS),CITY OF ILOILO,65+,M,S,Y,A,1
2023,7,28,REGION VI (WESTERN VISAYAS),ILOILO,65+,M,S,Y,A,1
2023,7,28,REGION VIII (EASTERN VISAYAS),CITY OF TACLOBAN,25-64,M,S,Y,A,2
2023,7,28,REGION VIII (EASTERN VISAYAS),CITY OF TACLOBAN,5-14,F,S,Y,A,1
2023,7,28,REGION VIII (EASTERN VISAYAS),CITY OF TACLOBAN,65+,F,S,Y,A,2
2023,7,28,REGION VIII (EASTERN VISAYAS),EASTERN SAMAR,65+,M,S,Y,A,1
2023,7,28,REGION VIII (EASTERN VISAYAS),LEYTE,15-24,F,S,Y,A,1
2023,7,28,REGION VIII (EASTERN VISAYAS),LEYTE,25-64,F,S,Y,A,7
2023,7,28,REGION VIII (EASTERN VISAYAS),LEYTE,25-64,M,S,Y,A,5
2023,7,28,REGION VIII (EASTERN VISAYAS),LEYTE,5-14,M,S,Y,A,3
2023,7,28,REGION VIII (EASTERN VISAYAS),NORTHERN SAMAR,15-24,M,S,Y,A,1
2023,7,28,REGION VIII (EASTERN VISAYAS),NORTHERN SAMAR,25-64,F,S,Y,A,5
2023,7,28,REGION VIII (EASTERN VISAYAS),NORTHERN SAMAR,25-64,M,S,Y,A,1
2023,7,28,REGION VIII (EASTERN VISAYAS),NORTHERN SAMAR,5-14,M,S,Y,A,4
2023,7,28,REGION VIII (EASTERN VISAYAS),NORTHERN SAMAR,65+,M,S,Y,A,1
2023,7,28,REGION VIII (EASTERN VISAYAS),SAMAR,15-24,F,S,Y,A,2
2023,7,28,REGION VIII (EASTERN VISAYAS),SAMAR,15-24,M,S,Y,A,2
2023,7,28,REGION VIII (EASTERN VISAYAS),SAMAR,25-64,F,S,Y,A,5
2023,7,28,REGION VIII (EASTERN VISAYAS),SAMAR,25-64,M,S,Y,A,5
2023,7,28,REGION VIII (EASTERN VISAYAS),SAMAR,5-14,F,S,Y,A,6
2023,7,28,REGION VIII (EASTERN VISAYAS),SAMAR,5-14,M,S,Y,A,5
2023,7,28,REGION VIII (EASTERN VISAYAS),SAMAR,65+,F,S,Y,A,3
2023,7,28,REGION VIII (EASTERN VISAYAS),SAMAR,65+,M,S,Y,A,1
2023,7,28,REGION VIII (EASTERN VISAYAS),SOUTHERN LEYTE,15-24,F,S,Y,A,1
2023,7,28,REGION VIII (EASTERN VISAYAS),SOUTHERN LEYTE,25-64,F,S,Y,A,2
2023,7,28,REGION VIII (EASTERN VISAYAS),SOUTHERN LEYTE,25-64,M,S,Y,A,2
2023,7,28,REGION VIII (EASTERN VISAYAS),SOUTHERN LEYTE,5-14,M,S,Y,A,4
2023,7,28,REGION VIII (EASTERN VISAYAS),SOUTHERN LEYTE,65+,M,S,Y,A,1
2023,7,29,CORDILLERA ADMINISTRATIVE REGION (CAR),CITY OF BAGUIO,65+,M,S,Y,A,2
2023,7,29,REGION II (CAGAYAN VALLEY),NUEVA VIZCAYA,5-14,F,S,Y,A,1
2023,7,29,REGION V (BICOL REGION),ALBAY,25-64,F,S,Y,A,2
2023,7,29,REGION V (BICOL REGION),CATANDUANES,25-64,M,S,Y,A,1
2023,7,29,REGION V (BICOL REGION),CATANDUANES,5-14,M,S,Y,A,1
2023,7,29,REGION VIII (EASTERN VISAYAS),LEYTE,15-24,F,S,Y,A,3
2023,7,29,REGION VIII (EASTERN VISAYAS),LEYTE,15-24,M,S,Y,A,1
2023,7,29,REGION VIII (EASTERN VISAYAS),LEYTE,25-64,F,S,Y,A,2
2023,7,29,REGION VIII (EASTERN VISAYAS),LEYTE,25-64,M,S,Y,A,3
2023,7,29,REGION VIII (EASTERN VISAYAS),LEYTE,5-14,F,S,Y,A,3
2023,7,29,REGION VIII (EASTERN VISAYAS),LEYTE,5-14,M,S,Y,A,1
2023,7,29,REGION VIII (EASTERN VISAYAS),NORTHERN SAMAR,15-24,F,S,Y,A,1
2023,7,29,REGION VIII (EASTERN VISAYAS),NORTHERN SAMAR,15-24,M,S,Y,A,1
2023,7,29,REGION VIII (EASTERN VISAYAS),NORTHERN SAMAR,25-64,F,S,Y,A,3
2023,7,29,REGION VIII (EASTERN VISAYAS),NORTHERN SAMAR,25-64,M,S,Y,A,1
2023,7,29,REGION VIII (EASTERN VISAYAS),NORTHERN SAMAR,5-14,F,S,Y,A,1
2023,7,29,REGION VIII (EASTERN VISAYAS),NORTHERN SAMAR,5-14,M,S,Y,A,1
2023,7,29,REGION VIII (EASTERN VISAYAS),NORTHERN SAMAR,65+,F,S,Y,A,1
2023,7,29,REGION VIII (EASTERN VISAYAS),NORTHERN SAMAR,65+,M,S,Y,A,1
2023,7,29,REGION VIII (EASTERN VISAYAS),SAMAR,15-24,F,S,Y,A,4
2023,7,29,REGION VIII (EASTERN VISAYAS),SAMAR,15-24,M,S,Y,A,4
2023,7,29,REGION VIII (EASTERN VISAYAS),SAMAR,25-64,F,S,Y,A,6
2023,7,29,REGION VIII (EASTERN VISAYAS),SAMAR,25-64,M,S,Y,A,6
2023,7,29,REGION VIII (EASTERN VISAYAS),SAMAR,5-14,F,S,Y,A,1
2023,7,29,REGION VIII (EASTERN VISAYAS),SAMAR,5-14,M,S,Y,A,5
2023,7,29,REGION VIII (EASTERN VISAYAS),SAMAR,65+,F,S,Y,A,3
2023,7,29,REGION VIII (EASTERN VISAYAS),SOUTHERN LEYTE,15-24,F,S,Y,A,1
2023,7,29,REGION VIII (EASTERN VISAYAS),SOUTHERN LEYTE,25-64,F,S,Y,A,1
2023,7,29,REGION VIII (EASTERN VISAYAS),SOUTHERN LEYTE,25-64,M,S,Y,A,1
2023,7,29,REGION VIII (EASTERN VISAYAS),SOUTHERN LEYTE,5-14,F,S,Y,A,3
2023,7,29,REGION VIII (EASTERN VISAYAS),SOUTHERN LEYTE,5-14,M,S,Y,A,4
2023,7,29,REGION VIII (EASTERN VISAYAS),SOUTHERN LEYTE,65+,F,S,Y,A,1
2023,7,29,REGION XIII (CARAGA),AGUSAN DEL NORTE,25-64,M,S,Y,A,1
2023,7,30,REGION V (BICOL REGION),ALBAY,5-14,F,S,Y,A,1
2023,7,30,REGION V (BICOL REGION),CATANDUANES,25-64,M,S,Y,A,1
2023,7,30,REGION V (BICOL REGION),SORSOGON,25-64,F,S,Y,A,1
2023,7,30,REGION VI (WESTERN VISAYAS),CITY OF ILOILO,5-14,M,S,Y,A,1
2023,7,30,REGION VI (WESTERN VISAYAS),ILOILO,15-24,M,S,Y,A,1
2023,7,30,REGION VIII (EASTERN VISAYAS),CITY OF TACLOBAN,65+,F,S,Y,A,1
2023,7,30,REGION VIII (EASTERN VISAYAS),EASTERN SAMAR,15-24,F,S,Y,A,2
2023,7,30,REGION VIII (EASTERN VISAYAS),EASTERN SAMAR,25-64,F,S,Y,A,1
2023,7,30,REGION VIII (EASTERN VISAYAS),EASTERN SAMAR,5-14,M,S,Y,A,1
2023,7,30,REGION VIII (EASTERN VISAYAS),LEYTE,15-24,F,S,Y,A,1
2023,7,30,REGION VIII (EASTERN VISAYAS),LEYTE,15-24,M,S,Y,A,3
2023,7,30,REGION VIII (EASTERN VISAYAS),LEYTE,25-64,M,S,Y,A,2
2023,7,30,REGION VIII (EASTERN VISAYAS),LEYTE,5-14,F,S,Y,A,4
2023,7,30,REGION VIII (EASTERN VISAYAS),LEYTE,5-14,M,S,Y,A,1
2023,7,30,REGION VIII (EASTERN VISAYAS),LEYTE,Unknown,F,S,Y,A,1
2023,7,30,REGION VIII (EASTERN VISAYAS),NORTHERN SAMAR,15-24,F,S,Y,A,1
2023,7,30,REGION VIII (EASTERN VISAYAS),NORTHERN SAMAR,15-24,M,S,Y,A,1
2023,7,30,REGION VIII (EASTERN VISAYAS),NORTHERN SAMAR,25-64,F,S,Y,A,7
2023,7,30,REGION VIII (EASTERN VISAYAS),NORTHERN SAMAR,25-64,M,S,Y,A,2
2023,7,30,REGION VIII (EASTERN VISAYAS),NORTHERN SAMAR,5-14,F,S,Y,A,3
2023,7,30,REGION VIII (EASTERN VISAYAS),NORTHERN SAMAR,5-14,M,S,Y,A,3
2023,7,30,REGION VIII (EASTERN VISAYAS),NORTHERN SAMAR,65+,F,S,Y,A,1
2023,7,30,REGION VIII (EASTERN VISAYAS),NORTHERN SAMAR,65+,M,S,Y,A,1
2023,7,30,REGION VIII (EASTERN VISAYAS),SAMAR,15-24,F,S,Y,A,2
2023,7,30,REGION VIII (EASTERN VISAYAS),SAMAR,15-24,M,S,Y,A,1
2023,7,30,REGION VIII (EASTERN VISAYAS),SAMAR,25-64,F,S,Y,A,4
2023,7,30,REGION VIII (EASTERN VISAYAS),SAMAR,25-64,M,S,Y,A,6
2023,7,30,REGION VIII (EASTERN VISAYAS),SAMAR,5-14,F,S,Y,A,5
2023,7,30,REGION VIII (EASTERN VISAYAS),SAMAR,5-14,M,S,Y,A,12
2023,7,30,REGION VIII (EASTERN VISAYAS),SAMAR,65+,M,S,Y,A,2
2023,7,30,REGION VIII (EASTERN VISAYAS),SOUTHERN LEYTE,15-24,M,S,Y,A,1
2023,7,30,REGION VIII (EASTERN VISAYAS),SOUTHERN LEYTE,25-64,F,S,Y,A,1
2023,7,30,REGION VIII (EASTERN VISAYAS),SOUTHERN LEYTE,25-64,M,S,Y,A,1
2023,7,30,REGION VIII (EASTERN VISAYAS),SOUTHERN LEYTE,5-14,F,S,Y,A,3
2023,7,30,REGION VIII (EASTERN VISAYAS),SOUTHERN LEYTE,5-14,M,S,Y,A,1
2023,7,30,REGION VIII (EASTERN VISAYAS),SOUTHERN LEYTE,65+,M,S,Y,A,1
2023,7,30,REGION XI (DAVAO REGION),DAVAO ORIENTAL,0-4,M,C,Y,A,1
2023,7,30,REGION XI (DAVAO REGION),DAVAO ORIENTAL,25-64,F,S,Y,A,1
2023,7,30,REGION XI (DAVAO REGION),DAVAO ORIENTAL,25-64,M,C,Y,A,1
2023,7,30,REGION XI (DAVAO REGION),DAVAO ORIENTAL,5-14,M,C,Y,A,2
2023,7,31,REGION VI (WESTERN VISAYAS),CITY OF ILOILO,5-14,M,S,Y,A,1
2023,7,31,REGION VIII (EASTERN VISAYAS),EASTERN SAMAR,25-64,M,S,Y,A,1
2023,7,31,REGION VIII (EASTERN VISAYAS),EASTERN SAMAR,5-14,F,S,Y,A,1
2023,7,31,REGION VIII (EASTERN VISAYAS),EASTERN SAMAR,65+,F,S,Y,A,1
2023,7,31,REGION VIII (EASTERN VISAYAS),EASTERN SAMAR,65+,M,S,Y,A,1
2023,7,31,REGION VIII (EASTERN VISAYAS),NORTHERN SAMAR,25-64,F,S,Y,A,2
2023,7,31,REGION VIII (EASTERN VISAYAS),NORTHERN SAMAR,25-64,M,S,Y,A,1
2023,7,31,REGION VIII (EASTERN VISAYAS),NORTHERN SAMAR,5-14,M,S,Y,A,1
2023,7,31,REGION VIII (EASTERN VISAYAS),SAMAR,25-64,F,S,Y,A,1
2023,7,31,REGION VIII (EASTERN VISAYAS),SAMAR,25-64,M,S,Y,A,4
2023,7,31,REGION VIII (EASTERN VISAYAS),SAMAR,5-14,F,S,Y,A,1
2023,7,31,REGION VIII (EASTERN VISAYAS),SAMAR,65+,F,S,Y,A,1
2023,7,31,REGION VIII (EASTERN VISAYAS),SOUTHERN LEYTE,25-64,F,S,Y,A,3
2023,7,31,REGION VIII (EASTERN VISAYAS),SOUTHERN LEYTE,5-14,F,S,Y,A,1
2023,7,31,REGION XI (DAVAO REGION),DAVAO ORIENTAL,25-64,F,C,Y,A,1
2023,8,31,BANGSAMORO AUTONOMOUS REGION IN MUSLIM MINDANAO (BARMM),MAGUINDANAO DEL NORTE,5-14,M,S,Y,A,1
2023,8,31,REGION IX (ZAMBOANGA PENINSULA),CITY OF ISABELA (NOT A PROVINCE),65+,M,S,Y,A,1
2023,8,31,REGION V (BICOL REGION),SORSOGON,25-64,F,S,Y,A,1
2023,8,31,REGION VI (WESTERN VISAYAS),ILOILO,15-24,M,S,Y,A,1
2023,8,31,REGION VIII (EASTERN VISAYAS),CITY OF TACLOBAN,5-14,F,S,Y,A,1
2023,8,31,REGION VIII (EASTERN VISAYAS),EASTERN SAMAR,15-24,F,S,Y,A,3
2023,8,31,REGION VIII (EASTERN VISAYAS),EASTERN SAMAR,25-64,F,S,Y,A,4
2023,8,31,REGION VIII (EASTERN VISAYAS),EASTERN SAMAR,25-64,M,S,Y,A,2
2023,8,31,REGION VIII (EASTERN VISAYAS),EASTERN SAMAR,5-14,F,S,Y,A,4
2023,8,31,REGION VIII (EASTERN VISAYAS),EASTERN SAMAR,65+,F,S,Y,A,2
2023,8,31,REGION VIII (EASTERN VISAYAS),EASTERN SAMAR,65+,M,S,Y,A,1
2023,8,31,REGION VIII (EASTERN VISAYAS),LEYTE,25-64,F,S,Y,A,3
2023,8,31,REGION VIII (EASTERN VISAYAS),LEYTE,5-14,M,S,Y,A,2
2023,8,31,REGION VIII (EASTERN VISAYAS),LEYTE,65+,M,S,Y,A,1
2023,8,31,REGION VIII (EASTERN VISAYAS),NORTHERN SAMAR,15-24,M,S,Y,A,1
2023,8,31,REGION VIII (EASTERN VISAYAS),NORTHERN SAMAR,25-64,M,S,Y,A,1
2023,8,31,REGION VIII (EASTERN VISAYAS),NORTHERN SAMAR,5-14,M,S,Y,A,1
2023,8,31,REGION VIII (EASTERN VISAYAS),NORTHERN SAMAR,65+,M,S,Y,A,1
2023,8,31,REGION VIII (EASTERN VISAYAS),SAMAR,15-24,F,S,Y,A,1
2023,8,31,REGION VIII (EASTERN VISAYAS),SAMAR,15-24,M,S,Y,A,2
2023,8,31,REGION VIII (EASTERN VISAYAS),SAMAR,25-64,F,S,Y,A,9
2023,8,31,REGION VIII (EASTERN VISAYAS),SAMAR,25-64,M,S,Y,A,4
2023,8,31,REGION VIII (EASTERN VISAYAS),SAMAR,5-14,F,S,Y,A,5
2023,8,31,REGION VIII (EASTERN VISAYAS),SAMAR,5-14,M,S,Y,A,1
2023,8,31,REGION VIII (EASTERN VISAYAS),SAMAR,65+,F,S,Y,A,3
2023,8,31,REGION VIII (EASTERN VISAYAS),SAMAR,65+,M,S,Y,A,2
2023,8,31,REGION VIII (EASTERN VISAYAS),SOUTHERN LEYTE,15-24,F,S,Y,A,1
2023,8,31,REGION VIII (EASTERN VISAYAS),SOUTHERN LEYTE,15-24,M,S,Y,A,2
2023,8,31,REGION VIII (EASTERN VISAYAS),SOUTHERN LEYTE,25-64,F,S,Y,A,1
2023,8,31,REGION VIII (EASTERN VISAYAS),SOUTHERN LEYTE,5-14,F,S,Y,A,1
2023,8,31,REGION VIII (EASTERN VISAYAS),SOUTHERN LEYTE,5-14,M,S,Y,A,1
2023,8,31,REGION VIII (EASTERN VISAYAS),SOUTHERN LEYTE,65+,M,S,Y,A,1
2023,8,32,BANGSAMORO AUTONOMOUS REGION IN MUSLIM MINDANAO (BARMM),MAGUINDANAO DEL NORTE,5-14,F,S,Y,A,2
2023,8,32,REGION V (BICOL REGION),CATANDUANES,15-24,M,S,Y,A,2
2023,8,32,REGION V (BICOL REGION),CATANDUANES,25-64,F,S,Y,A,3
2023,8,32,REGION V (BICOL REGION),CATANDUANES,5-14,M,S,Y,A,1
2023,8,32,REGION V (BICOL REGION),MASBATE,25-64,M,S,Y,A,1
2023,8,32,REGION V (BICOL REGION),SORSOGON,25-64,M,S,Y,A,1
2023,8,32,REGION V (BICOL REGION),SORSOGON,5-14,F,S,Y,A,2
2023,8,32,REGION V (BICOL REGION),SORSOGON,5-14,M,S,Y,A,1
2023,8,32,REGION VI (WESTERN VISAYAS),CITY OF ILOILO,25-64,M,S,Y,A,1
2023,8,32,REGION VI (WESTERN VISAYAS),CITY OF ILOILO,65+,M,S,Y,A,1
2023,8,32,REGION VII (CENTRAL VISAYAS),CEBU,25-64,F,S,Y,A,1
2023,8,32,REGION VII (CENTRAL VISAYAS),CEBU,25-64,M,S,Y,A,1
2023,8,32,REGION VIII (EASTERN VISAYAS),CITY OF TACLOBAN,25-64,M,S,Y,A,1
2023,8,32,REGION VIII (EASTERN VISAYAS),CITY OF TACLOBAN,5-14,M,S,Y,A,1
2023,8,32,REGION VIII (EASTERN VISAYAS),EASTERN SAMAR,15-24,F,S,Y,A,1
2023,8,32,REGION VIII (EASTERN VISAYAS),EASTERN SAMAR,15-24,M,S,Y,A,1
2023,8,32,REGION VIII (EASTERN VISAYAS),EASTERN SAMAR,25-64,F,S,Y,A,3
2023,8,32,REGION VIII (EASTERN VISAYAS),EASTERN SAMAR,25-64,M,S,Y,A,2
2023,8,32,REGION VIII (EASTERN VISAYAS),EASTERN SAMAR,5-14,F,S,Y,A,1
2023,8,32,REGION VIII (EASTERN VISAYAS),EASTERN SAMAR,5-14,M,S,Y,A,2
2023,8,32,REGION VIII (EASTERN VISAYAS),LEYTE,15-24,M,S,Y,A,1
2023,8,32,REGION VIII (EASTERN VISAYAS),LEYTE,25-64,F,S,Y,A,5
2023,8,32,REGION VIII (EASTERN VISAYAS),LEYTE,25-64,M,S,Y,A,2
2023,8,32,REGION VIII (EASTERN VISAYAS),NORTHERN SAMAR,15-24,M,S,Y,A,1
2023,8,32,REGION VIII (EASTERN VISAYAS),NORTHERN SAMAR,25-64,F,S,Y,A,3
2023,8,32,REGION VIII (EASTERN VISAYAS),NORTHERN SAMAR,25-64,M,S,Y,A,1
2023,8,32,REGION VIII (EASTERN VISAYAS),NORTHERN SAMAR,5-14,F,S,Y,A,1
2023,8,32,REGION VIII (EASTERN VISAYAS),NORTHERN SAMAR,5-14,M,S,Y,A,2
2023,8,32,REGION VIII (EASTERN VISAYAS),NORTHERN SAMAR,65+,M,S,Y,A,1
2023,8,32,REGION VIII (EASTERN VISAYAS),SAMAR,15-24,F,S,Y,A,3
2023,8,32,REGION VIII (EASTERN VISAYAS),SAMAR,15-24,M,S,Y,A,1
2023,8,32,REGION VIII (EASTERN VISAYAS),SAMAR,25-64,F,S,Y,A,9
2023,8,32,REGION VIII (EASTERN VISAYAS),SAMAR,25-64,M,S,Y,A,1
2023,8,32,REGION VIII (EASTERN VISAYAS),SAMAR,5-14,F,S,Y,A,4
2023,8,32,REGION VIII (EASTERN VISAYAS),SAMAR,5-14,M,S,Y,A,3
2023,8,32,REGION VIII (EASTERN VISAYAS),SOUTHERN LEYTE,25-64,F,S,Y,A,2
2023,8,32,REGION VIII (EASTERN VISAYAS),SOUTHERN LEYTE,25-64,M,S,Y,A,3
2023,8,32,REGION VIII (EASTERN VISAYAS),SOUTHERN LEYTE,5-14,F,S,Y,A,3
2023,8,32,REGION VIII (EASTERN VISAYAS),SOUTHERN LEYTE,5-14,M,S,Y,A,1
2023,8,32,REGION X (NORTHERN MINDANAO),BUKIDNON,5-14,M,S,Y,A,1
2023,8,33,REGION V (BICOL REGION),CATANDUANES,25-64,F,S,Y,A,1
2023,8,33,REGION V (BICOL REGION),CATANDUANES,65+,F,S,Y,A,1
2023,8,33,REGION VI (WESTERN VISAYAS),CITY OF ILOILO,5-14,M,S,Y,A,1
2023,8,33,REGION VI (WESTERN VISAYAS),CITY OF ILOILO,65+,F,S,Y,A,1
2023,8,33,REGION VI (WESTERN VISAYAS),ILOILO,15-24,M,S,Y,A,1
2023,8,33,REGION VI (WESTERN VISAYAS),ILOILO,25-64,M,S,Y,A,1
2023,8,33,REGION VII (CENTRAL VISAYAS),CEBU,25-64,M,S,Y,A,1
2023,8,33,REGION VIII (EASTERN VISAYAS),CITY OF TACLOBAN,5-14,M,S,Y,A,1
2023,8,33,REGION VIII (EASTERN VISAYAS),CITY OF TACLOBAN,65+,M,S,Y,A,1
2023,8,33,REGION VIII (EASTERN VISAYAS),EASTERN SAMAR,15-24,F,S,Y,A,3
2023,8,33,REGION VIII (EASTERN VISAYAS),EASTERN SAMAR,15-24,M,S,Y,A,2
2023,8,33,REGION VIII (EASTERN VISAYAS),EASTERN SAMAR,25-64,F,S,Y,A,2
2023,8,33,REGION VIII (EASTERN VISAYAS),EASTERN SAMAR,25-64,M,S,Y,A,2
2023,8,33,REGION VIII (EASTERN VISAYAS),EASTERN SAMAR,5-14,F,S,Y,A,3
2023,8,33,REGION VIII (EASTERN VISAYAS),EASTERN SAMAR,5-14,M,S,Y,A,4
2023,8,33,REGION VIII (EASTERN VISAYAS),EASTERN SAMAR,65+,F,S,Y,A,1
2023,8,33,REGION VIII (EASTERN VISAYAS),EASTERN SAMAR,65+,M,S,Y,A,1
2023,8,33,REGION VIII (EASTERN VISAYAS),LEYTE,15-24,F,S,Y,A,1
2023,8,33,REGION VIII (EASTERN VISAYAS),LEYTE,25-64,F,S,Y,A,2
2023,8,33,REGION VIII (EASTERN VISAYAS),LEYTE,25-64,M,S,Y,A,1
2023,8,33,REGION VIII (EASTERN VISAYAS),LEYTE,65+,F,S,Y,A,1
2023,8,33,REGION VIII (EASTERN VISAYAS),LEYTE,65+,M,S,Y,A,1
2023,8,33,REGION VIII (EASTERN VISAYAS),NORTHERN SAMAR,5-14,F,S,Y,A,1
2023,8,33,REGION VIII (EASTERN VISAYAS),SAMAR,15-24,F,S,Y,A,1
2023,8,33,REGION VIII (EASTERN VISAYAS),SAMAR,15-24,M,S,Y,A,1
2023,8,33,REGION VIII (EASTERN VISAYAS),SAMAR,25-64,F,S,Y,A,8
2023,8,33,REGION VIII (EASTERN VISAYAS),SAMAR,25-64,M,S,Y,A,4
2023,8,33,REGION VIII (EASTERN VISAYAS),SAMAR,5-14,F,S,Y,A,2
2023,8,33,REGION VIII (EASTERN VISAYAS),SAMAR,5-14,M,S,Y,A,3
2023,8,33,REGION VIII (EASTERN VISAYAS),SAMAR,65+,F,S,Y,A,2
2023,8,33,REGION VIII (EASTERN VISAYAS),SOUTHERN LEYTE,15-24,F,S,Y,A,2
2023,8,33,REGION VIII (EASTERN VISAYAS),SOUTHERN LEYTE,25-64,F,S,Y,A,2
2023,8,33,REGION VIII (EASTERN VISAYAS),SOUTHERN LEYTE,25-64,M,S,Y,A,1
2023,8,33,REGION VIII (EASTERN VISAYAS),SOUTHERN LEYTE,5-14,M,S,Y,A,2
2023,8,33,REGION VIII (EASTERN VISAYAS),SOUTHERN LEYTE,65+,M,S,Y,A,1
2023,8,33,REGION X (NORTHERN MINDANAO),MISAMIS ORIENTAL,15-24,F,S,Y,A,1
2023,8,33,REGION XIII (CARAGA),CITY OF BUTUAN,5-14,M,S,Y,A,1
2023,8,33,REGION XIII (CARAGA),SURIGAO DEL SUR,65+,F,S,Y,A,1
2023,8,34,CORDILLERA ADMINISTRATIVE REGION (CAR),CITY OF BAGUIO,65+,F,S,Y,A,2
2023,8,34,NEGROS ISLAND REGION (NIR),NEGROS OCCIDENTAL,15-24,M,C,Y,A,1
2023,8,34,REGION V (BICOL REGION),CAMARINES SUR,15-24,F,S,Y,A,1
2023,8,34,REGION V (BICOL REGION),CAMARINES SUR,15-24,M,S,Y,A,3
2023,8,34,REGION V (BICOL REGION),CAMARINES SUR,25-64,F,S,Y,A,6
2023,8,34,REGION V (BICOL REGION),CAMARINES SUR,25-64,M,S,Y,A,7
2023,8,34,REGION V (BICOL REGION),CAMARINES SUR,5-14,F,S,Y,A,4
2023,8,34,REGION V (BICOL REGION),CAMARINES SUR,5-14,M,S,Y,A,4
2023,8,34,REGION V (BICOL REGION),SORSOGON,15-24,M,S,Y,A,1
2023,8,34,REGION VI (WESTERN VISAYAS),CITY OF ILOILO,25-64,F,S,Y,A,1
2023,8,34,REGION VI (WESTERN VISAYAS),CITY OF ILOILO,25-64,M,S,Y,A,1
2023,8,34,REGION VI (WESTERN VISAYAS),CITY OF ILOILO,5-14,F,S,Y,A,1
2023,8,34,REGION VIII (EASTERN VISAYAS),CITY OF TACLOBAN,25-64,F,S,Y,A,1
2023,8,34,REGION VIII (EASTERN VISAYAS),CITY OF TACLOBAN,5-14,F,S,Y,A,1
2023,8,34,REGION VIII (EASTERN VISAYAS),EASTERN SAMAR,15-24,F,S,Y,A,1
2023,8,34,REGION VIII (EASTERN VISAYAS),EASTERN SAMAR,25-64,F,S,Y,A,1
2023,8,34,REGION VIII (EASTERN VISAYAS),EASTERN SAMAR,25-64,M,S,Y,A,2
2023,8,34,REGION VIII (EASTERN VISAYAS),EASTERN SAMAR,65+,M,S,Y,A,1
2023,8,34,REGION VIII (EASTERN VISAYAS),LEYTE,25-64,F,S,Y,A,4
2023,8,34,REGION VIII (EASTERN VISAYAS),LEYTE,25-64,M,S,Y,A,1
2023,8,34,REGION VIII (EASTERN VISAYAS),LEYTE,5-14,F,S,Y,A,1
2023,8,34,REGION VIII (EASTERN VISAYAS),LEYTE,5-14,M,S,Y,A,1
2023,8,34,REGION VIII (EASTERN VISAYAS),LEYTE,65+,M,S,Y,A,1
2023,8,34,REGION VIII (EASTERN VISAYAS),SAMAR,15-24,F,S,Y,A,3
2023,8,34,REGION VIII (EASTERN VISAYAS),SAMAR,15-24,M,S,Y,A,1
2023,8,34,REGION VIII (EASTERN VISAYAS),SAMAR,25-64,F,S,Y,A,14
2023,8,34,REGION VIII (EASTERN VISAYAS),SAMAR,25-64,M,S,Y,A,7
2023,8,34,REGION VIII (EASTERN VISAYAS),SAMAR,5-14,F,S,Y,A,2
2023,8,34,REGION VIII (EASTERN VISAYAS),SAMAR,5-14,M,S,Y,A,5
2023,8,34,REGION VIII (EASTERN VISAYAS),SAMAR,65+,F,S,Y,A,2
2023,8,34,REGION VIII (EASTERN VISAYAS),SOUTHERN LEYTE,5-14,F,S,Y,A,2
2023,8,34,REGION VIII (EASTERN VISAYAS),SOUTHERN LEYTE,5-14,M,S,Y,A,1
2023,8,34,REGION VIII (EASTERN VISAYAS),SOUTHERN LEYTE,65+,F,S,Y,A,1
2023,8,34,REGION X (NORTHERN MINDANAO),BUKIDNON,25-64,M,S,Y,A,1
2023,8,34,REGION X (NORTHERN MINDANAO),MISAMIS ORIENTAL,15-24,M,S,Y,A,1
2023,8,34,REGION XIII (CARAGA),CITY OF BUTUAN,25-64,F,S,Y,A,2
2023,8,34,REGION XIII (CARAGA),CITY OF BUTUAN,5-14,M,S,Y,A,1
2023,8,35,CORDILLERA ADMINISTRATIVE REGION (CAR),CITY OF BAGUIO,65+,M,S,Y,A,1
2023,8,35,NEGROS ISLAND REGION (NIR),NEGROS OCCIDENTAL,25-64,F,C,Y,A,2
2023,8,35,NEGROS ISLAND REGION (NIR),NEGROS OCCIDENTAL,25-64,M,C,Y,A,1
2023,8,35,REGION V (BICOL REGION),CATANDUANES,15-24,M,S,Y,A,1
2023,8,35,REGION V (BICOL REGION),CATANDUANES,65+,M,S,Y,A,1
2023,8,35,REGION V (BICOL REGION),SORSOGON,15-24,M,S,Y,D,1
2023,8,35,REGION VI (WESTERN VISAYAS),CITY OF ILOILO,15-24,M,S,Y,A,1
2023,8,35,REGION VIII (EASTERN VISAYAS),BILIRAN,25-64,F,S,Y,A,1
2023,8,35,REGION VIII (EASTERN VISAYAS),BILIRAN,25-64,M,S,Y,A,1
2023,8,35,REGION VIII (EASTERN VISAYAS),LEYTE,15-24,M,S,Y,A,2
2023,8,35,REGION VIII (EASTERN VISAYAS),LEYTE,25-64,F,S,Y,A,3
2023,8,35,REGION VIII (EASTERN VISAYAS),LEYTE,25-64,M,S,Y,A,2
2023,8,35,REGION VIII (EASTERN VISAYAS),LEYTE,5-14,F,S,Y,A,2
2023,8,35,REGION VIII (EASTERN VISAYAS),LEYTE,5-14,M,S,Y,A,2
2023,8,35,REGION VIII (EASTERN VISAYAS),NORTHERN SAMAR,25-64,M,S,Y,A,1
2023,8,35,REGION VIII (EASTERN VISAYAS),SAMAR,15-24,F,S,Y,A,4
2023,8,35,REGION VIII (EASTERN VISAYAS),SAMAR,15-24,M,S,Y,A,1
2023,8,35,REGION VIII (EASTERN VISAYAS),SAMAR,25-64,F,S,Y,A,7
2023,8,35,REGION VIII (EASTERN VISAYAS),SAMAR,25-64,M,S,Y,A,5
2023,8,35,REGION VIII (EASTERN VISAYAS),SAMAR,5-14,F,S,Y,A,4
2023,8,35,REGION VIII (EASTERN VISAYAS),SAMAR,5-14,M,S,Y,A,5
2023,8,35,REGION VIII (EASTERN VISAYAS),SAMAR,65+,F,S,Y,A,3
2023,8,35,REGION VIII (EASTERN VISAYAS),SAMAR,65+,M,S,Y,A,1
2023,8,35,REGION X (NORTHERN MINDANAO),MISAMIS ORIENTAL,25-64,F,S,Y,A,1
2023,9,35,NEGROS ISLAND REGION (NIR),NEGROS OCCIDENTAL,5-14,M,C,Y,A,1
2023,9,35,REGION IV-A (CALABARZON),BATANGAS,0-4,M,C,Y,A,1
2023,9,35,REGION V (BICOL REGION),CAMARINES SUR,65+,F,S,Y,A,1
2023,9,35,REGION V (BICOL REGION),SORSOGON,5-14,M,S,Y,A,1
2023,9,35,REGION VI (WESTERN VISAYAS),ILOILO,5-14,M,S,Y,A,1
2023,9,35,REGION VI (WESTERN VISAYAS),ILOILO,65+,F,S,Y,A,1
2023,9,35,REGION VIII (EASTERN VISAYAS),CITY OF TACLOBAN,15-24,F,S,Y,A,1
2023,9,35,REGION VIII (EASTERN VISAYAS),LEYTE,25-64,F,S,Y,A,1
2023,9,35,REGION VIII (EASTERN VISAYAS),LEYTE,5-14,F,S,Y,A,1
2023,9,35,REGION VIII (EASTERN VISAYAS),NORTHERN SAMAR,25-64,M,S,Y,A,2
2023,9,35,REGION VIII (EASTERN VISAYAS),NORTHERN SAMAR,5-14,F,S,Y,A,2
2023,9,35,REGION VIII (EASTERN VISAYAS),SAMAR,15-24,M,S,Y,A,1
2023,9,35,REGION VIII (EASTERN VISAYAS),SAMAR,5-14,M,S,Y,A,1
2023,9,35,REGION VIII (EASTERN VISAYAS),SAMAR,65+,F,S,Y,A,1
2023,9,35,REGION VIII (EASTERN VISAYAS),SOUTHERN LEYTE,25-64,F,S,Y,A,1
2023,9,35,REGION VIII (EASTERN VISAYAS),SOUTHERN LEYTE,5-14,F,S,Y,A,1
2023,9,36,REGION II (CAGAYAN VALLEY),ISABELA,5-14,M,S,Y,A,1
2023,9,36,REGION IV-A (CALABARZON),BATANGAS,0-4,F,C,Y,A,1
2023,9,36,REGION V (BICOL REGION),CAMARINES SUR,25-64,M,S,Y,A,1
2023,9,36,REGION V (BICOL REGION),CATANDUANES,15-24,F,S,Y,A,1
2023,9,36,REGION V (BICOL REGION),CATANDUANES,25-64,F,S,Y,A,1
2023,9,36,REGION V (BICOL REGION),CATANDUANES,5-14,F,S,Y,A,1
2023,9,36,REGION VI (WESTERN VISAYAS),CITY OF ILOILO,15-24,F,S,Y,A,1
2023,9,36,REGION VI (WESTERN VISAYAS),CITY OF ILOILO,5-14,F,S,Y,A,1
2023,9,36,REGION VI (WESTERN VISAYAS),ILOILO,15-24,F,S,Y,A,1
2023,9,36,REGION VIII (EASTERN VISAYAS),CITY OF TACLOBAN,25-64,F,S,Y,A,2
2023,9,36,REGION VIII (EASTERN VISAYAS),CITY OF TACLOBAN,5-14,F,S,Y,A,1
2023,9,36,REGION VIII (EASTERN VISAYAS),CITY OF TACLOBAN,5-14,M,S,Y,A,1
2023,9,36,REGION VIII (EASTERN VISAYAS),LEYTE,15-24,F,S,Y,A,1
2023,9,36,REGION VIII (EASTERN VISAYAS),LEYTE,25-64,F,S,Y,A,2
2023,9,36,REGION VIII (EASTERN VISAYAS),LEYTE,25-64,M,S,Y,A,2
2023,9,36,REGION VIII (EASTERN VISAYAS),LEYTE,5-14,F,S,Y,A,5
2023,9,36,REGION VIII (EASTERN VISAYAS),LEYTE,5-14,M,S,Y,A,2
2023,9,36,REGION VIII (EASTERN VISAYAS),NORTHERN SAMAR,25-64,F,S,Y,A,4
2023,9,36,REGION VIII (EASTERN VISAYAS),NORTHERN SAMAR,25-64,M,S,Y,A,1
2023,9,36,REGION VIII (EASTERN VISAYAS),NORTHERN SAMAR,5-14,F,S,Y,A,3
2023,9,36,REGION VIII (EASTERN VISAYAS),NORTHERN SAMAR,5-14,M,S,Y,A,3
2023,9,36,REGION VIII (EASTERN VISAYAS),SAMAR,15-24,F,S,Y,A,3
2023,9,36,REGION VIII (EASTERN VISAYAS),SAMAR,15-24,M,S,Y,A,3
2023,9,36,REGION VIII (EASTERN VISAYAS),SAMAR,25-64,F,S,Y,A,2
2023,9,36,REGION VIII (EASTERN VISAYAS),SAMAR,25-64,M,S,Y,A,3
2023,9,36,REGION VIII (EASTERN VISAYAS),SAMAR,5-14,F,S,Y,A,4
2023,9,36,REGION VIII (EASTERN VISAYAS),SAMAR,5-14,M,S,Y,A,3
2023,9,36,REGION VIII (EASTERN VISAYAS),SOUTHERN LEYTE,25-64,F,S,Y,A,1
2023,9,36,REGION VIII (EASTERN VISAYAS),SOUTHERN LEYTE,25-64,M,S,Y,A,1
2023,9,36,REGION VIII (EASTERN VISAYAS),SOUTHERN LEYTE,5-14,M,S,Y,A,1
2023,9,37,REGION I (ILOCOS REGION),ILOCOS SUR,25-64,M,S,Y,A,1
2023,9,37,REGION IX (ZAMBOANGA PENINSULA),ZAMBOANGA SIBUGAY,0-4,M,C,Y,A,1
2023,9,37,REGION V (BICOL REGION),CAMARINES SUR,25-64,F,S,Y,A,1
2023,9,37,REGION V (BICOL REGION),CATANDUANES,25-64,M,S,Y,A,1
2023,9,37,REGION V (BICOL REGION),SORSOGON,5-14,M,S,Y,A,1
2023,9,37,REGION VI (WESTERN VISAYAS),CITY OF ILOILO,5-14,F,S,Y,A,1
2023,9,37,REGION VI (WESTERN VISAYAS),ILOILO,15-24,F,S,Y,A,1
2023,9,37,REGION VI (WESTERN VISAYAS),ILOILO,25-64,F,S,Y,A,1
2023,9,37,REGION VII (CENTRAL VISAYAS),CEBU,25-64,F,S,Y,A,1
2023,9,37,REGION VIII (EASTERN VISAYAS),CITY OF TACLOBAN,5-14,F,S,Y,A,1
2023,9,37,REGION VIII (EASTERN VISAYAS),CITY OF TACLOBAN,5-14,M,S,Y,A,1
2023,9,37,REGION VIII (EASTERN VISAYAS),LEYTE,15-24,F,S,Y,A,1
2023,9,37,REGION VIII (EASTERN VISAYAS),LEYTE,15-24,M,S,Y,A,2
2023,9,37,REGION VIII (EASTERN VISAYAS),LEYTE,25-64,F,S,Y,A,2
2023,9,37,REGION VIII (EASTERN VISAYAS),LEYTE,25-64,M,S,Y,A,2
2023,9,37,REGION VIII (EASTERN VISAYAS),LEYTE,65+,F,S,Y,A,1
2023,9,37,REGION VIII (EASTERN VISAYAS),NORTHERN SAMAR,25-64,F,S,Y,A,3
2023,9,37,REGION VIII (EASTERN VISAYAS),NORTHERN SAMAR,5-14,F,S,Y,A,1
2023,9,37,REGION VIII (EASTERN VISAYAS),SAMAR,15-24,F,S,Y,A,3
2023,9,37,REGION VIII (EASTERN VISAYAS),SAMAR,15-24,M,S,Y,A,2
2023,9,37,REGION VIII (EASTERN VISAYAS),SAMAR,25-64,F,S,Y,A,12
2023,9,37,REGION VIII (EASTERN VISAYAS),SAMAR,25-64,M,S,Y,A,7
2023,9,37,REGION VIII (EASTERN VISAYAS),SAMAR,5-14,F,S,Y,A,3
2023,9,37,REGION VIII (EASTERN VISAYAS),SAMAR,5-14,M,S,Y,A,3
2023,9,37,REGION VIII (EASTERN VISAYAS),SAMAR,65+,F,S,Y,A,3
2023,9,37,REGION VIII (EASTERN VISAYAS),SAMAR,65+,M,S,Y,A,4
2023,9,37,REGION VIII (EASTERN VISAYAS),SOUTHERN LEYTE,25-64,F,S,Y,A,1
2023,9,37,REGION VIII (EASTERN VISAYAS),SOUTHERN LEYTE,25-64,M,S,Y,A,1
2023,9,37,REGION VIII (EASTERN VISAYAS),SOUTHERN LEYTE,65+,M,S,Y,A,1
2023,9,38,NATIONAL CAPITAL REGION (NCR),CITY OF MANILA,0-4,F,C,Y,A,1
2023,9,38,NATIONAL CAPITAL REGION (NCR),CITY OF MANILA,5-14,F,C,Y,A,1
2023,9,38,NEGROS ISLAND REGION (NIR),NEGROS OCCIDENTAL,25-64,M,C,Y,A,1
2023,9,38,REGION V (BICOL REGION),CAMARINES SUR,5-14,M,S,Y,A,1
2023,9,38,REGION V (BICOL REGION),CATANDUANES,5-14,F,S,Y,A,1
2023,9,38,REGION V (BICOL REGION),CATANDUANES,5-14,M,S,Y,A,1
2023,9,38,REGION V (BICOL REGION),SORSOGON,5-14,F,S,Y,A,1
2023,9,38,REGION V (BICOL REGION),SORSOGON,5-14,M,S,Y,A,1
2023,9,38,REGION VII (CENTRAL VISAYAS),BOHOL,25-64,F,S,Y,A,1
2023,9,38,REGION VIII (EASTERN VISAYAS),CITY OF TACLOBAN,5-14,M,S,Y,A,1
2023,9,38,REGION VIII (EASTERN VISAYAS),CITY OF TACLOBAN,65+,F,S,Y,A,1
2023,9,38,REGION VIII (EASTERN VISAYAS),EASTERN SAMAR,5-14,F,S,Y,A,1
2023,9,38,REGION VIII (EASTERN VISAYAS),LEYTE,15-24,M,S,Y,A,2
2023,9,38,REGION VIII (EASTERN VISAYAS),LEYTE,25-64,F,S,Y,A,5
2023,9,38,REGION VIII (EASTERN VISAYAS),LEYTE,5-14,M,S,Y,A,2
2023,9,38,REGION VIII (EASTERN VISAYAS),LEYTE,65+,F,S,Y,A,1
2023,9,38,REGION VIII (EASTERN VISAYAS),LEYTE,65+,M,S,Y,A,1
2023,9,38,REGION VIII (EASTERN VISAYAS),NORTHERN SAMAR,15-24,M,S,Y,A,1
2023,9,38,REGION VIII (EASTERN VISAYAS),NORTHERN SAMAR,25-64,F,S,Y,A,3
2023,9,38,REGION VIII (EASTERN VISAYAS),NORTHERN SAMAR,5-14,F,S,Y,A,2
2023,9,38,REGION VIII (EASTERN VISAYAS),NORTHERN SAMAR,5-14,M,S,Y,A,3
2023,9,38,REGION VIII (EASTERN VISAYAS),NORTHERN SAMAR,65+,M,S,Y,A,2
2023,9,38,REGION VIII (EASTERN VISAYAS),SAMAR,15-24,F,S,Y,A,2
2023,9,38,REGION VIII (EASTERN VISAYAS),SAMAR,15-24,M,S,Y,A,4
2023,9,38,REGION VIII (EASTERN VISAYAS),SAMAR,25-64,F,S,Y,A,8
2023,9,38,REGION VIII (EASTERN VISAYAS),SAMAR,25-64,M,S,Y,A,10
2023,9,38,REGION VIII (EASTERN VISAYAS),SAMAR,5-14,F,S,Y,A,5
2023,9,38,REGION VIII (EASTERN VISAYAS),SAMAR,5-14,M,S,Y,A,3
2023,9,38,REGION VIII (EASTERN VISAYAS),SAMAR,65+,F,S,Y,A,1
2023,9,38,REGION VIII (EASTERN VISAYAS),SAMAR,65+,M,S,Y,A,1
2023,9,38,REGION VIII (EASTERN VISAYAS),SOUTHERN LEYTE,65+,F,S,Y,A,1
2023,9,38,REGION VIII (EASTERN VISAYAS),SOUTHERN LEYTE,65+,M,S,Y,A,1
2023,9,38,REGION X (NORTHERN MINDANAO),BUKIDNON,25-64,F,S,Y,A,1
2023,9,39,NEGROS ISLAND REGION (NIR),NEGROS OCCIDENTAL,15-24,F,C,Y,A,1
2023,9,39,NEGROS ISLAND REGION (NIR),NEGROS OCCIDENTAL,15-24,M,C,Y,A,1
2023,9,39,REGION I (ILOCOS REGION),PANGASINAN,25-64,F,S,Y,A,1
2023,9,39,REGION V (BICOL REGION),CAMARINES SUR,5-14,F,S,Y,A,1
2023,9,39,REGION V (BICOL REGION),CATANDUANES,25-64,F,S,Y,A,1
2023,9,39,REGION V (BICOL REGION),CATANDUANES,25-64,M,S,Y,A,1
2023,9,39,REGION V (BICOL REGION),CATANDUANES,5-14,M,S,Y,A,1
2023,9,39,REGION V (BICOL REGION),SORSOGON,15-24,F,S,Y,A,1
2023,9,39,REGION V (BICOL REGION),SORSOGON,25-64,F,S,Y,A,2
2023,9,39,REGION VII (CENTRAL VISAYAS),CEBU,5-14,F,S,Y,A,1
2023,9,39,REGION VIII (EASTERN VISAYAS),CITY OF TACLOBAN,15-24,M,S,Y,A,1
2023,9,39,REGION VIII (EASTERN VISAYAS),CITY OF TACLOBAN,25-64,M,S,Y,A,1
2023,9,39,REGION VIII (EASTERN VISAYAS),EASTERN SAMAR,15-24,F,S,Y,A,1
2023,9,39,REGION VIII (EASTERN VISAYAS),EASTERN SAMAR,5-14,M,S,Y,A,2
2023,9,39,REGION VIII (EASTERN VISAYAS),EASTERN SAMAR,65+,F,S,Y,A,1
2023,9,39,REGION VIII (EASTERN VISAYAS),EASTERN SAMAR,65+,M,S,Y,A,1
2023,9,39,REGION VIII (EASTERN VISAYAS),LEYTE,25-64,F,S,Y,A,4
2023,9,39,REGION VIII (EASTERN VISAYAS),LEYTE,25-64,M,S,Y,A,4
2023,9,39,REGION VIII (EASTERN VISAYAS),LEYTE,5-14,F,S,Y,A,1
2023,9,39,REGION VIII (EASTERN VISAYAS),LEYTE,65+,M,S,Y,A,1
2023,9,39,REGION VIII (EASTERN VISAYAS),NORTHERN SAMAR,25-64,F,S,Y,A,1
2023,9,39,REGION VIII (EASTERN VISAYAS),NORTHERN SAMAR,25-64,M,S,Y,A,2
2023,9,39,REGION VIII (EASTERN VISAYAS),NORTHERN SAMAR,5-14,F,S,Y,A,3
2023,9,39,REGION VIII (EASTERN VISAYAS),NORTHERN SAMAR,5-14,M,S,Y,A,1
2023,9,39,REGION VIII (EASTERN VISAYAS),NORTHERN SAMAR,65+,F,S,Y,A,1
2023,9,39,REGION VIII (EASTERN VISAYAS),SAMAR,15-24,F,S,Y,A,9
2023,9,39,REGION VIII (EASTERN VISAYAS),SAMAR,15-24,M,S,Y,A,3
2023,9,39,REGION VIII (EASTERN VISAYAS),SAMAR,25-64,F,S,Y,A,5
2023,9,39,REGION VIII (EASTERN VISAYAS),SAMAR,25-64,M,S,Y,A,8
2023,9,39,REGION VIII (EASTERN VISAYAS),SAMAR,5-14,F,S,Y,A,3
2023,9,39,REGION VIII (EASTERN VISAYAS),SAMAR,5-14,M,S,Y,A,2
2023,9,39,REGION VIII (EASTERN VISAYAS),SAMAR,65+,F,S,Y,A,2
2023,9,39,REGION VIII (EASTERN VISAYAS),SAMAR,65+,M,S,Y,A,3
2023,9,39,REGION X (NORTHERN MINDANAO),BUKIDNON,5-14,M,S,Y,A,1
2023,10,40,REGION IX (ZAMBOANGA PENINSULA),ZAMBOANGA DEL SUR,15-24,F,S,Y,A,1
2023,10,40,REGION V (BICOL REGION),CATANDUANES,5-14,M,S,Y,A,1
2023,10,40,REGION V (BICOL REGION),SORSOGON,25-64,M,S,Y,A,1
2023,10,40,REGION V (BICOL REGION),SORSOGON,5-14,F,S,Y,A,1
2023,10,40,REGION V (BICOL REGION),SORSOGON,5-14,M,S,Y,A,1
2023,10,40,REGION V (BICOL REGION),SORSOGON,65+,F,S,Y,A,1
2023,10,40,REGION VIII (EASTERN VISAYAS),EASTERN SAMAR,25-64,F,S,Y,A,1
2023,10,40,REGION VIII (EASTERN VISAYAS),EASTERN SAMAR,5-14,F,S,Y,A,2
2023,10,40,REGION VIII (EASTERN VISAYAS),LEYTE,15-24,F,S,Y,A,2
2023,10,40,REGION VIII (EASTERN VISAYAS),LEYTE,15-24,M,S,Y,A,1
2023,10,40,REGION VIII (EASTERN VISAYAS),LEYTE,25-64,F,S,Y,A,5
2023,10,40,REGION VIII (EASTERN VISAYAS),LEYTE,25-64,M,S,Y,A,4
2023,10,40,REGION VIII (EASTERN VISAYAS),LEYTE,5-14,F,S,Y,A,1
2023,10,40,REGION VIII (EASTERN VISAYAS),LEYTE,5-14,M,S,Y,A,3
2023,10,40,REGION VIII (EASTERN VISAYAS),LEYTE,65+,F,S,Y,A,1
2023,10,40,REGION VIII (EASTERN VISAYAS),NORTHERN SAMAR,15-24,F,S,Y,A,1
2023,10,40,REGION VIII (EASTERN VISAYAS),NORTHERN SAMAR,25-64,M,S,Y,A,1
2023,10,40,REGION VIII (EASTERN VISAYAS),NORTHERN SAMAR,5-14,F,S,Y,A,1
2023,10,40,REGION VIII (EASTERN VISAYAS),NORTHERN SAMAR,5-14,M,S,Y,A,1
2023,10,40,REGION VIII (EASTERN VISAYAS),NORTHERN SAMAR,65+,F,S,Y,A,1
2023,10,40,REGION VIII (EASTERN VISAYAS),SAMAR,15-24,F,S,Y,A,1
2023,10,40,REGION VIII (EASTERN VISAYAS),SAMAR,15-24,M,S,Y,A,4
2023,10,40,REGION VIII (EASTERN VISAYAS),SAMAR,25-64,F,S,Y,A,7
2023,10,40,REGION VIII (EASTERN VISAYAS),SAMAR,25-64,M,S,Y,A,8
2023,10,40,REGION VIII (EASTERN VISAYAS),SAMAR,5-14,F,S,Y,A,2
2023,10,40,REGION VIII (EASTERN VISAYAS),SAMAR,5-14,M,S,Y,A,4
2023,10,40,REGION VIII (EASTERN VISAYAS),SAMAR,65+,F,S,Y,A,3
2023,10,40,REGION VIII (EASTERN VISAYAS),SOUTHERN LEYTE,65+,F,S,Y,A,1
2023,10,40,REGION X (NORTHERN MINDANAO),BUKIDNON,5-14,M,S,Y,A,1
2023,10,41,REGION V (BICOL REGION),CAMARINES SUR,25-64,M,S,Y,A,2
2023,10,41,REGION V (BICOL REGION),CATANDUANES,25-64,M,S,Y,A,1
2023,10,41,REGION V (BICOL REGION),CATANDUANES,5-14,F,S,Y,A,1
2023,10,41,REGION V (BICOL REGION),CATANDUANES,5-14,M,S,Y,A,2
2023,10,41,REGION V (BICOL REGION),CATANDUANES,65+,F,S,Y,A,1
2023,10,41,REGION V (BICOL REGION),SORSOGON,5-14,F,S,Y,A,1
2023,10,41,REGION VIII (EASTERN VISAYAS),CITY OF TACLOBAN,25-64,M,S,Y,A,1
2023,10,41,REGION VIII (EASTERN VISAYAS),CITY OF TACLOBAN,65+,F,S,Y,A,1
2023,10,41,REGION VIII (EASTERN VISAYAS),CITY OF TACLOBAN,65+,M,S,Y,A,1
2023,10,41,REGION VIII (EASTERN VISAYAS),LEYTE,15-24,F,S,Y,A,1
2023,10,41,REGION VIII (EASTERN VISAYAS),LEYTE,25-64,F,S,Y,A,1
2023,10,41,REGION VIII (EASTERN VISAYAS),LEYTE,25-64,M,S,Y,A,2
2023,10,41,REGION VIII (EASTERN VISAYAS),LEYTE,5-14,F,S,Y,A,3
2023,10,41,REGION VIII (EASTERN VISAYAS),LEYTE,5-14,F,S,Y,D,1
2023,10,41,REGION VIII (EASTERN VISAYAS),LEYTE,65+,F,S,Y,A,4
2023,10,41,REGION VIII (EASTERN VISAYAS),NORTHERN SAMAR,15-24,M,S,Y,A,1
2023,10,41,REGION VIII (EASTERN VISAYAS),NORTHERN SAMAR,5-14,M,S,Y,A,1
2023,10,41,REGION VIII (EASTERN VISAYAS),NORTHERN SAMAR,65+,F,S,Y,A,3
2023,10,41,REGION VIII (EASTERN VISAYAS),SAMAR,15-24,F,S,Y,A,1
2023,10,41,REGION VIII (EASTERN VISAYAS),SAMAR,25-64,F,S,Y,A,6
2023,10,41,REGION VIII (EASTERN VISAYAS),SAMAR,25-64,M,S,Y,A,3
2023,10,41,REGION VIII (EASTERN VISAYAS),SAMAR,5-14,F,S,Y,A,1
2023,10,41,REGION VIII (EASTERN VISAYAS),SAMAR,5-14,M,S,Y,A,2
2023,10,41,REGION VIII (EASTERN VISAYAS),SAMAR,65+,M,S,Y,A,1
2023,10,41,REGION VIII (EASTERN VISAYAS),SOUTHERN LEYTE,15-24,F,S,Y,A,1
2023,10,41,REGION VIII (EASTERN VISAYAS),SOUTHERN LEYTE,25-64,F,S,Y,A,2
2023,10,41,REGION VIII (EASTERN VISAYAS),SOUTHERN LEYTE,5-14,F,S,Y,A,1
2023,10,41,REGION VIII (EASTERN VISAYAS),SOUTHERN LEYTE,65+,M,S,Y,A,1
2023,10,42,NATIONAL CAPITAL REGION (NCR),CITY OF MANILA,0-4,F,C,Y,A,2
2023,10,42,NATIONAL CAPITAL REGION (NCR),CITY OF MANILA,15-24,F,C,Y,A,1
2023,10,42,NATIONAL CAPITAL REGION (NCR),CITY OF MANILA,5-14,M,C,Y,A,1
2023,10,42,REGION V (BICOL REGION),CATANDUANES,25-64,F,S,Y,A,2
2023,10,42,REGION V (BICOL REGION),CATANDUANES,25-64,M,S,Y,A,1
2023,10,42,REGION V (BICOL REGION),CATANDUANES,65+,F,S,Y,A,1
2023,10,42,REGION V (BICOL REGION),SORSOGON,15-24,F,S,Y,A,1
2023,10,42,REGION V (BICOL REGION),SORSOGON,5-14,F,S,Y,A,2
2023,10,42,REGION VIII (EASTERN VISAYAS),CITY OF TACLOBAN,25-64,F,S,Y,A,1
2023,10,42,REGION VIII (EASTERN VISAYAS),CITY OF TACLOBAN,5-14,M,S,Y,A,1
2023,10,42,REGION VIII (EASTERN VISAYAS),EASTERN SAMAR,15-24,M,S,Y,A,1
2023,10,42,REGION VIII (EASTERN VISAYAS),EASTERN SAMAR,25-64,F,S,Y,A,5
2023,10,42,REGION VIII (EASTERN VISAYAS),EASTERN SAMAR,25-64,M,S,Y,A,1
2023,10,42,REGION VIII (EASTERN VISAYAS),EASTERN SAMAR,5-14,M,S,Y,A,3
2023,10,42,REGION VIII (EASTERN VISAYAS),EASTERN SAMAR,65+,F,S,Y,A,1
2023,10,42,REGION VIII (EASTERN VISAYAS),EASTERN SAMAR,65+,M,S,Y,A,1
2023,10,42,REGION VIII (EASTERN VISAYAS),LEYTE,25-64,F,S,Y,A,2
2023,10,42,REGION VIII (EASTERN VISAYAS),LEYTE,25-64,M,S,Y,A,1
2023,10,42,REGION VIII (EASTERN VISAYAS),LEYTE,5-14,M,S,Y,A,1
2023,10,42,REGION VIII (EASTERN VISAYAS),LEYTE,65+,F,S,Y,A,4
2023,10,42,REGION VIII (EASTERN VISAYAS),NORTHERN SAMAR,25-64,M,S,Y,A,2
2023,10,42,REGION VIII (EASTERN VISAYAS),NORTHERN SAMAR,5-14,M,S,Y,A,1
2023,10,42,REGION VIII (EASTERN VISAYAS),NORTHERN SAMAR,65+,F,S,Y,A,1
2023,10,42,REGION VIII (EASTERN VISAYAS),SAMAR,15-24,F,S,Y,A,6
2023,10,42,REGION VIII (EASTERN VISAYAS),SAMAR,15-24,M,S,Y,A,1
2023,10,42,REGION VIII (EASTERN VISAYAS),SAMAR,25-64,F,S,Y,A,2
2023,10,42,REGION VIII (EASTERN VISAYAS),SAMAR,25-64,M,S,Y,A,10
2023,10,42,REGION VIII (EASTERN VISAYAS),SAMAR,5-14,M,S,Y,A,4
2023,10,42,REGION VIII (EASTERN VISAYAS),SAMAR,65+,F,S,Y,A,1
2023,10,42,REGION VIII (EASTERN VISAYAS),SAMAR,65+,M,S,Y,A,2
2023,10,42,REGION VIII (EASTERN VISAYAS),SOUTHERN LEYTE,15-24,F,S,Y,A,1
2023,10,42,REGION VIII (EASTERN VISAYAS),SOUTHERN LEYTE,25-64,F,S,Y,A,4
2023,10,42,REGION VIII (EASTERN VISAYAS),SOUTHERN LEYTE,25-64,M,S,Y,A,2
2023,10,42,REGION VIII (EASTERN VISAYAS),SOUTHERN LEYTE,65+,F,S,Y,A,2
2023,10,42,REGION VIII (EASTERN VISAYAS),SOUTHERN LEYTE,65+,M,S,Y,A,1
2023,10,43,BANGSAMORO AUTONOMOUS REGION IN MUSLIM MINDANAO (BARMM),MAGUINDANAO DEL NORTE,25-64,F,C,Y,A,1
2023,10,43,NATIONAL CAPITAL REGION (NCR),CITY OF MANILA,15-24,M,C,Y,A,1
2023,10,43,NATIONAL CAPITAL REGION (NCR),CITY OF MANILA,25-64,F,C,Y,A,2
2023,10,43,REGION III (CENTRAL LUZON),PAMPANGA,15-24,F,S,Y,A,2
2023,10,43,REGION III (CENTRAL LUZON),PAMPANGA,25-64,F,S,Y,A,1
2023,10,43,REGION III (CENTRAL LUZON),PAMPANGA,25-64,F,S,Y,D,1
2023,10,43,REGION III (CENTRAL LUZON),PAMPANGA,25-64,M,S,Y,A,1
2023,10,43,REGION III (CENTRAL LUZON),PAMPANGA,5-14,F,C,Y,A,1
2023,10,43,REGION IX (ZAMBOANGA PENINSULA),CITY OF ZAMBOANGA,15-24,F,S,Y,A,1
2023,10,43,REGION V (BICOL REGION),CAMARINES SUR,65+,F,S,Y,A,1
2023,10,43,REGION V (BICOL REGION),CATANDUANES,5-14,M,S,Y,A,1
2023,10,43,REGION V (BICOL REGION),SORSOGON,15-24,F,S,Y,A,1
2023,10,43,REGION V (BICOL REGION),SORSOGON,5-14,F,S,Y,A,1
2023,10,43,REGION VIII (EASTERN VISAYAS),CITY OF TACLOBAN,15-24,M,S,Y,A,1
2023,10,43,REGION VIII (EASTERN VISAYAS),CITY OF TACLOBAN,25-64,M,S,Y,A,1
2023,10,43,REGION VIII (EASTERN VISAYAS),EASTERN SAMAR,25-64,F,S,Y,A,4
2023,10,43,REGION VIII (EASTERN VISAYAS),EASTERN SAMAR,25-64,M,S,Y,A,5
2023,10,43,REGION VIII (EASTERN VISAYAS),EASTERN SAMAR,5-14,F,S,Y,A,2
2023,10,43,REGION VIII (EASTERN VISAYAS),EASTERN SAMAR,5-14,M,S,Y,A,6
2023,10,43,REGION VIII (EASTERN VISAYAS),EASTERN SAMAR,65+,F,S,Y,A,3
2023,10,43,REGION VIII (EASTERN VISAYAS),LEYTE,15-24,M,S,Y,A,1
2023,10,43,REGION VIII (EASTERN VISAYAS),LEYTE,25-64,F,S,Y,A,2
2023,10,43,REGION VIII (EASTERN VISAYAS),LEYTE,25-64,M,S,Y,A,2
2023,10,43,REGION VIII (EASTERN VISAYAS),LEYTE,5-14,F,S,Y,A,1
2023,10,43,REGION VIII (EASTERN VISAYAS),LEYTE,65+,F,S,Y,A,1
2023,10,43,REGION VIII (EASTERN VISAYAS),LEYTE,65+,M,S,Y,A,1
2023,10,43,REGION VIII (EASTERN VISAYAS),NORTHERN SAMAR,25-64,F,S,Y,A,1
2023,10,43,REGION VIII (EASTERN VISAYAS),NORTHERN SAMAR,25-64,M,S,Y,A,2
2023,10,43,REGION VIII (EASTERN VISAYAS),NORTHERN SAMAR,5-14,F,S,Y,A,1
2023,10,43,REGION VIII (EASTERN VISAYAS),NORTHERN SAMAR,65+,F,S,Y,A,1
2023,10,43,REGION VIII (EASTERN VISAYAS),SAMAR,15-24,F,S,Y,A,1
2023,10,43,REGION VIII (EASTERN VISAYAS),SAMAR,15-24,M,S,Y,A,3
2023,10,43,REGION VIII (EASTERN VISAYAS),SAMAR,25-64,F,S,Y,A,2
2023,10,43,REGION VIII (EASTERN VISAYAS),SAMAR,25-64,M,S,Y,A,5
2023,10,43,REGION VIII (EASTERN VISAYAS),SAMAR,5-14,M,S,Y,A,1
2023,10,43,REGION VIII (EASTERN VISAYAS),SAMAR,65+,F,S,Y,A,2
2023,10,43,REGION VIII (EASTERN VISAYAS),SOUTHERN LEYTE,25-64,M,S,Y,A,2
2023,10,43,REGION VIII (EASTERN VISAYAS),SOUTHERN LEYTE,5-14,F,S,Y,A,2
2023,10,44,REGION III (CENTRAL LUZON),PAMPANGA,5-14,M,S,Y,A,1
2023,10,44,REGION VIII (EASTERN VISAYAS),EASTERN SAMAR,15-24,M,S,Y,A,3
2023,10,44,REGION VIII (EASTERN VISAYAS),EASTERN SAMAR,25-64,F,S,Y,A,2
2023,10,44,REGION VIII (EASTERN VISAYAS),EASTERN SAMAR,25-64,M,S,Y,A,3
2023,10,44,REGION VIII (EASTERN VISAYAS),EASTERN SAMAR,5-14,F,S,Y,A,3
2023,10,44,REGION VIII (EASTERN VISAYAS),EASTERN SAMAR,5-14,M,S,Y,A,1
2023,10,44,REGION VIII (EASTERN VISAYAS),LEYTE,25-64,F,S,Y,A,2
2023,10,44,REGION VIII (EASTERN VISAYAS),LEYTE,25-64,M,S,Y,A,2
2023,10,44,REGION VIII (EASTERN VISAYAS),LEYTE,5-14,F,S,Y,A,1
2023,10,44,REGION VIII (EASTERN VISAYAS),LEYTE,65+,F,S,Y,A,1
2023,10,44,REGION VIII (EASTERN VISAYAS),NORTHERN SAMAR,25-64,F,S,Y,A,2
2023,10,44,REGION VIII (EASTERN VISAYAS),NORTHERN SAMAR,5-14,M,S,Y,A,1
2023,10,44,REGION VIII (EASTERN VISAYAS),NORTHERN SAMAR,65+,F,S,Y,A,1
2023,10,44,REGION VIII (EASTERN VISAYAS),NORTHERN SAMAR,65+,M,S,Y,A,1
2023,10,44,REGION VIII (EASTERN VISAYAS),SAMAR,15-24,F,S,Y,A,3
2023,10,44,REGION VIII (EASTERN VISAYAS),SAMAR,25-64,F,S,Y,A,5
2023,10,44,REGION VIII (EASTERN VISAYAS),SAMAR,25-64,M,S,Y,A,2
2023,10,44,REGION VIII (EASTERN VISAYAS),SAMAR,5-14,F,S,Y,A,5
2023,10,44,REGION VIII (EASTERN VISAYAS),SAMAR,5-14,M,S,Y,A,1
2023,10,44,REGION VIII (EASTERN VISAYAS),SOUTHERN LEYTE,15-24,M,S,Y,A,2
2023,10,44,REGION VIII (EASTERN VISAYAS),SOUTHERN LEYTE,5-14,F,S,Y,A,1
2023,11,44,REGION V (BICOL REGION),CAMARINES SUR,15-24,M,S,Y,A,1
2023,11,44,REGION V (BICOL REGION),CATANDUANES,65+,F,S,Y,A,1
2023,11,44,REGION V (BICOL REGION),MASBATE,65+,F,S,Y,A,1
2023,11,44,REGION VIII (EASTERN VISAYAS),EASTERN SAMAR,15-24,F,S,Y,A,1
2023,11,44,REGION VIII (EASTERN VISAYAS),EASTERN SAMAR,15-24,M,S,Y,A,1
2023,11,44,REGION VIII (EASTERN VISAYAS),EASTERN SAMAR,25-64,F,S,Y,A,1
2023,11,44,REGION VIII (EASTERN VISAYAS),EASTERN SAMAR,25-64,M,S,Y,A,3
2023,11,44,REGION VIII (EASTERN VISAYAS),EASTERN SAMAR,5-14,F,S,Y,A,2
2023,11,44,REGION VIII (EASTERN VISAYAS),EASTERN SAMAR,65+,F,S,Y,A,1
2023,11,44,REGION VIII (EASTERN VISAYAS),LEYTE,15-24,F,S,Y,A,1
2023,11,44,REGION VIII (EASTERN VISAYAS),LEYTE,25-64,F,S,Y,A,1
2023,11,44,REGION VIII (EASTERN VISAYAS),LEYTE,25-64,M,S,Y,A,4
2023,11,44,REGION VIII (EASTERN VISAYAS),LEYTE,5-14,F,S,Y,A,1
2023,11,44,REGION VIII (EASTERN VISAYAS),LEYTE,5-14,M,S,Y,A,1
2023,11,44,REGION VIII (EASTERN VISAYAS),LEYTE,65+,M,S,Y,A,1
2023,11,44,REGION VIII (EASTERN VISAYAS),NORTHERN SAMAR,25-64,F,S,Y,A,3
2023,11,44,REGION VIII (EASTERN VISAYAS),NORTHERN SAMAR,25-64,M,S,Y,A,2
2023,11,44,REGION VIII (EASTERN VISAYAS),NORTHERN SAMAR,5-14,F,S,Y,A,1
2023,11,44,REGION VIII (EASTERN VISAYAS),NORTHERN SAMAR,5-14,M,S,Y,A,2
2023,11,44,REGION VIII (EASTERN VISAYAS),NORTHERN SAMAR,65+,F,S,Y,A,1
2023,11,44,REGION VIII (EASTERN VISAYAS),NORTHERN SAMAR,65+,M,S,Y,A,1
2023,11,44,REGION VIII (EASTERN VISAYAS),SAMAR,15-24,F,S,Y,A,4
2023,11,44,REGION VIII (EASTERN VISAYAS),SAMAR,15-24,M,S,Y,A,2
2023,11,44,REGION VIII (EASTERN VISAYAS),SAMAR,25-64,F,S,Y,A,2
2023,11,44,REGION VIII (EASTERN VISAYAS),SAMAR,25-64,M,S,Y,A,4
2023,11,44,REGION VIII (EASTERN VISAYAS),SAMAR,5-14,F,S,Y,A,2
2023,11,44,REGION VIII (EASTERN VISAYAS),SAMAR,5-14,M,S,Y,A,5
2023,11,44,REGION VIII (EASTERN VISAYAS),SAMAR,65+,F,S,Y,A,2
2023,11,44,REGION VIII (EASTERN VISAYAS),SOUTHERN LEYTE,5-14,F,S,Y,A,1
2023,11,45,REGION V (BICOL REGION),CATANDUANES,25-64,F,S,Y,A,1
2023,11,45,REGION V (BICOL REGION),CATANDUANES,65+,F,S,Y,A,1
2023,11,45,REGION V (BICOL REGION),SORSOGON,25-64,M,S,Y,A,1
2023,11,45,REGION VIII (EASTERN VISAYAS),EASTERN SAMAR,15-24,F,S,Y,A,1
2023,11,45,REGION VIII (EASTERN VISAYAS),EASTERN SAMAR,15-24,M,S,Y,A,2
2023,11,45,REGION VIII (EASTERN VISAYAS),EASTERN SAMAR,25-64,F,S,Y,A,1
2023,11,45,REGION VIII (EASTERN VISAYAS),EASTERN SAMAR,25-64,M,S,Y,A,3
2023,11,45,REGION VIII (EASTERN VISAYAS),EASTERN SAMAR,5-14,F,S,Y,A,1
2023,11,45,REGION VIII (EASTERN VISAYAS),EASTERN SAMAR,5-14,M,S,Y,A,3
2023,11,45,REGION VIII (EASTERN VISAYAS),EASTERN SAMAR,65+,F,S,Y,A,1
2023,11,45,REGION VIII (EASTERN VISAYAS),EASTERN SAMAR,65+,M,S,Y,A,2
2023,11,45,REGION VIII (EASTERN VISAYAS),LEYTE,15-24,F,S,Y,A,2
2023,11,45,REGION VIII (EASTERN VISAYAS),LEYTE,25-64,F,S,Y,A,5
2023,11,45,REGION VIII (EASTERN VISAYAS),LEYTE,25-64,M,S,Y,A,1
2023,11,45,REGION VIII (EASTERN VISAYAS),LEYTE,5-14,M,S,Y,A,3
2023,11,45,REGION VIII (EASTERN VISAYAS),NORTHERN SAMAR,15-24,F,S,Y,A,3
2023,11,45,REGION VIII (EASTERN VISAYAS),NORTHERN SAMAR,15-24,M,S,Y,A,1
2023,11,45,REGION VIII (EASTERN VISAYAS),NORTHERN SAMAR,25-64,F,S,Y,A,3
2023,11,45,REGION VIII (EASTERN VISAYAS),NORTHERN SAMAR,25-64,M,S,Y,A,1
2023,11,45,REGION VIII (EASTERN VISAYAS),NORTHERN SAMAR,5-14,F,S,Y,A,4
2023,11,45,REGION VIII (EASTERN VISAYAS),NORTHERN SAMAR,5-14,M,S,Y,A,3
2023,11,45,REGION VIII (EASTERN VISAYAS),SAMAR,15-24,F,S,Y,A,4
2023,11,45,REGION VIII (EASTERN VISAYAS),SAMAR,15-24,M,S,Y,A,3
2023,11,45,REGION VIII (EASTERN VISAYAS),SAMAR,25-64,F,S,Y,A,9
2023,11,45,REGION VIII (EASTERN VISAYAS),SAMAR,25-64,M,S,Y,A,7
2023,11,45,REGION VIII (EASTERN VISAYAS),SAMAR,5-14,F,S,Y,A,7
2023,11,45,REGION VIII (EASTERN VISAYAS),SAMAR,5-14,M,S,Y,A,9
2023,11,45,REGION VIII (EASTERN VISAYAS),SAMAR,65+,F,S,Y,A,3
2023,11,45,REGION VIII (EASTERN VISAYAS),SOUTHERN LEYTE,15-24,F,S,Y,A,2
2023,11,45,REGION VIII (EASTERN VISAYAS),SOUTHERN LEYTE,25-64,F,S,Y,A,1
2023,11,45,REGION VIII (EASTERN VISAYAS),SOUTHERN LEYTE,5-14,M,S,Y,A,3
2023,11,46,CORDILLERA ADMINISTRATIVE REGION (CAR),CITY OF BAGUIO,25-64,M,S,Y,A,1
2023,11,46,NATIONAL CAPITAL REGION (NCR),CITY OF PASIG,25-64,M,S,Y,A,1
2023,11,46,REGION IX (ZAMBOANGA PENINSULA),CITY OF ZAMBOANGA,15-24,M,S,Y,A,1
2023,11,46,REGION V (BICOL REGION),CAMARINES SUR,25-64,M,S,Y,A,1
2023,11,46,REGION V (BICOL REGION),CATANDUANES,5-14,F,S,Y,A,1
2023,11,46,REGION VI (WESTERN VISAYAS),CITY OF ILOILO,25-64,F,S,Y,A,1
2023,11,46,REGION VI (WESTERN VISAYAS),CITY OF ILOILO,65+,M,S,Y,A,1
2023,11,46,REGION VIII (EASTERN VISAYAS),EASTERN SAMAR,15-24,F,S,Y,A,3
2023,11,46,REGION VIII (EASTERN VISAYAS),EASTERN SAMAR,25-64,F,S,Y,A,2
2023,11,46,REGION VIII (EASTERN VISAYAS),EASTERN SAMAR,25-64,M,S,Y,A,3
2023,11,46,REGION VIII (EASTERN VISAYAS),EASTERN SAMAR,5-14,F,S,Y,A,5
2023,11,46,REGION VIII (EASTERN VISAYAS),EASTERN SAMAR,65+,F,S,Y,A,2
2023,11,46,REGION VIII (EASTERN VISAYAS),LEYTE,15-24,F,S,Y,A,1
2023,11,46,REGION VIII (EASTERN VISAYAS),LEYTE,25-64,F,S,Y,A,3
2023,11,46,REGION VIII (EASTERN VISAYAS),LEYTE,25-64,M,S,Y,A,1
2023,11,46,REGION VIII (EASTERN VISAYAS),LEYTE,65+,F,S,Y,A,3
2023,11,46,REGION VIII (EASTERN VISAYAS),LEYTE,65+,M,S,Y,A,1
2023,11,46,REGION VIII (EASTERN VISAYAS),NORTHERN SAMAR,25-64,M,S,Y,A,1
2023,11,46,REGION VIII (EASTERN VISAYAS),NORTHERN SAMAR,65+,M,S,Y,A,1
2023,11,46,REGION VIII (EASTERN VISAYAS),SAMAR,25-64,F,S,Y,A,3
2023,11,46,REGION VIII (EASTERN VISAYAS),SAMAR,25-64,M,S,Y,A,4
2023,11,46,REGION VIII (EASTERN VISAYAS),SAMAR,5-14,F,S,Y,A,6
2023,11,46,REGION VIII (EASTERN VISAYAS),SAMAR,5-14,M,S,Y,A,5
2023,11,46,REGION VIII (EASTERN VISAYAS),SAMAR,65+,F,S,Y,A,3
2023,11,46,REGION VIII (EASTERN VISAYAS),SOUTHERN LEYTE,25-64,F,S,Y,A,1
2023,11,46,REGION VIII (EASTERN VISAYAS),SOUTHERN LEYTE,5-14,M,S,Y,A,1
2023,11,47,REGION IX (ZAMBOANGA PENINSULA),ZAMBOANGA DEL SUR,25-64,F,S,Y,A,1
2023,11,47,REGION VIII (EASTERN VISAYAS),CITY OF TACLOBAN,15-24,F,S,Y,A,1
2023,11,47,REGION VIII (EASTERN VISAYAS),CITY OF TACLOBAN,5-14,F,S,Y,A,1
2023,11,47,REGION VIII (EASTERN VISAYAS),CITY OF TACLOBAN,5-14,M,S,Y,A,1
2023,11,47,REGION VIII (EASTERN VISAYAS),EASTERN SAMAR,25-64,F,S,Y,A,1
2023,11,47,REGION VIII (EASTERN VISAYAS),EASTERN SAMAR,25-64,M,S,Y,A,2
2023,11,47,REGION VIII (EASTERN VISAYAS),EASTERN SAMAR,5-14,F,S,Y,A,1
2023,11,47,REGION VIII (EASTERN VISAYAS),EASTERN SAMAR,5-14,M,S,Y,A,2
2023,11,47,REGION VIII (EASTERN VISAYAS),EASTERN SAMAR,65+,M,S,Y,A,1
2023,11,47,REGION VIII (EASTERN VISAYAS),LEYTE,15-24,F,S,Y,A,1
2023,11,47,REGION VIII (EASTERN VISAYAS),LEYTE,25-64,F,S,Y,A,6
2023,11,47,REGION VIII (EASTERN VISAYAS),LEYTE,25-64,M,S,Y,A,1
2023,11,47,REGION VIII (EASTERN VISAYAS),LEYTE,5-14,F,S,Y,A,1
2023,11,47,REGION VIII (EASTERN VISAYAS),LEYTE,5-14,M,S,Y,A,1
2023,11,47,REGION VIII (EASTERN VISAYAS),LEYTE,65+,F,S,Y,A,3
2023,11,47,REGION VIII (EASTERN VISAYAS),NORTHERN SAMAR,15-24,M,S,Y,A,1
2023,11,47,REGION VIII (EASTERN VISAYAS),NORTHERN SAMAR,25-64,M,S,Y,A,3
2023,11,47,REGION VIII (EASTERN VISAYAS),NORTHERN SAMAR,5-14,M,S,Y,A,2
2023,11,47,REGION VIII (EASTERN VISAYAS),NORTHERN SAMAR,65+,M,S,Y,A,1
2023,11,47,REGION VIII (EASTERN VISAYAS),SAMAR,15-24,F,S,Y,A,2
2023,11,47,REGION VIII (EASTERN VISAYAS),SAMAR,15-24,M,S,Y,A,3
2023,11,47,REGION VIII (EASTERN VISAYAS),SAMAR,25-64,F,S,Y,A,3
2023,11,47,REGION VIII (EASTERN VISAYAS),SAMAR,5-14,F,S,Y,A,3
2023,11,47,REGION VIII (EASTERN VISAYAS),SAMAR,5-14,M,S,Y,A,4
2023,11,47,REGION VIII (EASTERN VISAYAS),SAMAR,65+,F,S,Y,A,1
2023,11,47,REGION VIII (EASTERN VISAYAS),SOUTHERN LEYTE,25-64,F,S,Y,A,1
2023,11,47,REGION VIII (EASTERN VISAYAS),SOUTHERN LEYTE,25-64,M,S,Y,A,3
2023,11,47,REGION VIII (EASTERN VISAYAS),SOUTHERN LEYTE,65+,F,S,Y,A,1
2023,11,48,REGION V (BICOL REGION),CATANDUANES,65+,F,S,Y,A,1
2023,11,48,REGION V (BICOL REGION),SORSOGON,25-64,F,S,Y,A,1
2023,11,48,REGION V (BICOL REGION),SORSOGON,65+,F,S,Y,A,1
2023,11,48,REGION VIII (EASTERN VISAYAS),EASTERN SAMAR,15-24,F,S,Y,A,1
2023,11,48,REGION VIII (EASTERN VISAYAS),EASTERN SAMAR,25-64,F,S,Y,A,1
2023,11,48,REGION VIII (EASTERN VISAYAS),EASTERN SAMAR,25-64,M,S,Y,A,1
2023,11,48,REGION VIII (EASTERN VISAYAS),EASTERN SAMAR,65+,F,S,Y,A,3
2023,11,48,REGION VIII (EASTERN VISAYAS),LEYTE,25-64,M,S,Y,A,2
2023,11,48,REGION VIII (EASTERN VISAYAS),LEYTE,5-14,F,S,Y,A,1
2023,11,48,REGION VIII (EASTERN VISAYAS),LEYTE,5-14,M,S,Y,A,1
2023,11,48,REGION VIII (EASTERN VISAYAS),NORTHERN SAMAR,15-24,F,S,Y,A,1
2023,11,48,REGION VIII (EASTERN VISAYAS),NORTHERN SAMAR,15-24,M,S,Y,A,2
2023,11,48,REGION VIII (EASTERN VISAYAS),NORTHERN SAMAR,25-64,F,S,Y,A,4
2023,11,48,REGION VIII (EASTERN VISAYAS),NORTHERN SAMAR,5-14,F,S,Y,A,2
2023,11,48,REGION VIII (EASTERN VISAYAS),NORTHERN SAMAR,5-14,M,S,Y,A,2
2023,11,48,REGION VIII (EASTERN VISAYAS),NORTHERN SAMAR,65+,F,S,Y,A,2
2023,11,48,REGION VIII (EASTERN VISAYAS),NORTHERN SAMAR,65+,M,S,Y,A,2
2023,11,48,REGION VIII (EASTERN VISAYAS),SAMAR,15-24,F,S,Y,A,1
2023,11,48,REGION VIII (EASTERN VISAYAS),SAMAR,25-64,F,S,Y,A,1
2023,11,48,REGION VIII (EASTERN VISAYAS),SAMAR,25-64,M,S,Y,A,2
2023,11,48,REGION VIII (EASTERN VISAYAS),SAMAR,5-14,F,S,Y,A,2
2023,11,48,REGION VIII (EASTERN VISAYAS),SAMAR,5-14,M,S,Y,A,2
2023,11,48,REGION VIII (EASTERN VISAYAS),SOUTHERN LEYTE,25-64,F,S,Y,A,1
2023,12,48,REGION VIII (EASTERN VISAYAS),EASTERN SAMAR,15-24,F,S,Y,A,2
2023,12,48,REGION VIII (EASTERN VISAYAS),EASTERN SAMAR,25-64,F,S,Y,A,1
2023,12,48,REGION VIII (EASTERN VISAYAS),EASTERN SAMAR,5-14,M,S,Y,A,1
2023,12,48,REGION VIII (EASTERN VISAYAS),NORTHERN SAMAR,15-24,M,S,Y,A,3
2023,12,48,REGION VIII (EASTERN VISAYAS),NORTHERN SAMAR,25-64,M,S,Y,A,3
2023,12,48,REGION VIII (EASTERN VISAYAS),NORTHERN SAMAR,65+,F,S,Y,A,1
2023,12,48,REGION VIII (EASTERN VISAYAS),SAMAR,15-24,F,S,Y,A,1
2023,12,48,REGION VIII (EASTERN VISAYAS),SAMAR,15-24,M,S,Y,A,2
2023,12,48,REGION VIII (EASTERN VISAYAS),SAMAR,25-64,F,S,Y,A,4
2023,12,48,REGION VIII (EASTERN VISAYAS),SAMAR,25-64,M,S,Y,A,1
2023,12,48,REGION VIII (EASTERN VISAYAS),SAMAR,5-14,M,S,Y,A,2
2023,12,48,REGION VIII (EASTERN VISAYAS),SOUTHERN LEYTE,5-14,F,S,Y,A,2
2023,12,49,REGION V (BICOL REGION),CATANDUANES,25-64,F,S,Y,A,1
2023,12,49,REGION V (BICOL REGION),SORSOGON,5-14,F,S,Y,A,1
2023,12,49,REGION VIII (EASTERN VISAYAS),EASTERN SAMAR,15-24,F,S,Y,A,1
2023,12,49,REGION VIII (EASTERN VISAYAS),EASTERN SAMAR,25-64,F,S,Y,A,2
2023,12,49,REGION VIII (EASTERN VISAYAS),EASTERN SAMAR,25-64,M,S,Y,A,1
2023,12,49,REGION VIII (EASTERN VISAYAS),EASTERN SAMAR,5-14,F,S,Y,A,1
2023,12,49,REGION VIII (EASTERN VISAYAS),LEYTE,5-14,F,S,Y,A,1
2023,12,49,REGION VIII (EASTERN VISAYAS),LEYTE,65+,F,S,Y,A,1
2023,12,49,REGION VIII (EASTERN VISAYAS),NORTHERN SAMAR,15-24,F,S,Y,A,1
2023,12,49,REGION VIII (EASTERN VISAYAS),NORTHERN SAMAR,15-24,M,S,Y,A,2
2023,12,49,REGION VIII (EASTERN VISAYAS),NORTHERN SAMAR,25-64,F,S,Y,A,4
2023,12,49,REGION VIII (EASTERN VISAYAS),NORTHERN SAMAR,25-64,M,S,Y,A,1
2023,12,49,REGION VIII (EASTERN VISAYAS),NORTHERN SAMAR,5-14,F,S,Y,A,1
2023,12,49,REGION VIII (EASTERN VISAYAS),NORTHERN SAMAR,5-14,M,S,Y,A,4
2023,12,49,REGION VIII (EASTERN VISAYAS),NORTHERN SAMAR,65+,F,S,Y,A,1
2023,12,49,REGION VIII (EASTERN VISAYAS),NORTHERN SAMAR,65+,M,S,Y,A,3
2023,12,49,REGION VIII (EASTERN VISAYAS),SAMAR,15-24,F,S,Y,A,2
2023,12,49,REGION VIII (EASTERN VISAYAS),SAMAR,15-24,M,S,Y,A,3
2023,12,49,REGION VIII (EASTERN VISAYAS),SAMAR,25-64,F,S,Y,A,9
2023,12,49,REGION VIII (EASTERN VISAYAS),SAMAR,25-64,M,S,Y,A,2
2023,12,49,REGION VIII (EASTERN VISAYAS),SAMAR,5-14,F,S,Y,A,6
2023,12,49,REGION VIII (EASTERN VISAYAS),SAMAR,5-14,M,S,Y,A,7
2023,12,49,REGION VIII (EASTERN VISAYAS),SAMAR,65+,F,S,Y,A,2
2023,12,49,REGION VIII (EASTERN VISAYAS),SAMAR,65+,M,S,Y,A,2
2023,12,49,REGION VIII (EASTERN VISAYAS),SOUTHERN LEYTE,25-64,F,S,Y,A,1
2023,12,49,REGION VIII (EASTERN VISAYAS),SOUTHERN LEYTE,5-14,F,S,Y,A,1
2023,12,50,REGION V (BICOL REGION),CATANDUANES,25-64,F,S,Y,A,1
2023,12,50,REGION VIII (EASTERN VISAYAS),CITY OF TACLOBAN,65+,F,S,Y,A,1
2023,12,50,REGION VIII (EASTERN VISAYAS),EASTERN SAMAR,15-24,M,S,Y,A,2
2023,12,50,REGION VIII (EASTERN VISAYAS),EASTERN SAMAR,25-64,F,S,Y,A,6
2023,12,50,REGION VIII (EASTERN VISAYAS),EASTERN SAMAR,5-14,M,S,Y,A,2
2023,12,50,REGION VIII (EASTERN VISAYAS),EASTERN SAMAR,65+,F,S,Y,A,2
2023,12,50,REGION VIII (EASTERN VISAYAS),LEYTE,15-24,F,S,Y,A,1
2023,12,50,REGION VIII (EASTERN VISAYAS),LEYTE,25-64,F,S,Y,A,1
2023,12,50,REGION VIII (EASTERN VISAYAS),LEYTE,25-64,M,S,Y,A,1
2023,12,50,REGION VIII (EASTERN VISAYAS),NORTHERN SAMAR,15-24,F,S,Y,A,1
2023,12,50,REGION VIII (EASTERN VISAYAS),NORTHERN SAMAR,15-24,M,S,Y,A,1
2023,12,50,REGION VIII (EASTERN VISAYAS),NORTHERN SAMAR,25-64,F,S,Y,A,2
2023,12,50,REGION VIII (EASTERN VISAYAS),NORTHERN SAMAR,25-64,M,S,Y,A,4
2023,12,50,REGION VIII (EASTERN VISAYAS),NORTHERN SAMAR,5-14,F,S,Y,A,3
2023,12,50,REGION VIII (EASTERN VISAYAS),NORTHERN SAMAR,5-14,M,S,Y,A,2
2023,12,50,REGION VIII (EASTERN VISAYAS),NORTHERN SAMAR,65+,F,S,Y,A,2
2023,12,50,REGION VIII (EASTERN VISAYAS),NORTHERN SAMAR,65+,M,S,Y,A,1
2023,12,50,REGION VIII (EASTERN VISAYAS),SAMAR,15-24,F,S,Y,A,4
2023,12,50,REGION VIII (EASTERN VISAYAS),SAMAR,25-64,F,S,Y,A,4
2023,12,50,REGION VIII (EASTERN VISAYAS),SAMAR,25-64,M,S,Y,A,2
2023,12,50,REGION VIII (EASTERN VISAYAS),SAMAR,5-14,F,S,Y,A,5
2023,12,50,REGION VIII (EASTERN VISAYAS),SAMAR,5-14,M,S,Y,A,1
2023,12,50,REGION VIII (EASTERN VISAYAS),SAMAR,65+,M,S,Y,A,1
2023,12,50,REGION VIII (EASTERN VISAYAS),SOUTHERN LEYTE,5-14,M,S,Y,A,1
2023,12,51,REGION VIII (EASTERN VISAYAS),CITY OF TACLOBAN,25-64,F,S,Y,A,1
2023,12,51,REGION VIII (EASTERN VISAYAS),EASTERN SAMAR,25-64,F,S,Y,A,2
2023,12,51,REGION VIII (EASTERN VISAYAS),EASTERN SAMAR,5-14,F,S,Y,A,1
2023,12,51,REGION VIII (EASTERN VISAYAS),EASTERN SAMAR,65+,F,S,Y,A,2
2023,12,51,REGION VIII (EASTERN VISAYAS),EASTERN SAMAR,65+,M,S,Y,A,1
2023,12,51,REGION VIII (EASTERN VISAYAS),LEYTE,25-64,M,S,Y,A,2
2023,12,51,REGION VIII (EASTERN VISAYAS),LEYTE,5-14,F,S,Y,A,1
2023,12,51,REGION VIII (EASTERN VISAYAS),NORTHERN SAMAR,15-24,F,S,Y,A,2
2023,12,51,REGION VIII (EASTERN VISAYAS),NORTHERN SAMAR,25-64,F,S,Y,A,1
2023,12,51,REGION VIII (EASTERN VISAYAS),NORTHERN SAMAR,25-64,M,S,Y,A,1
2023,12,51,REGION VIII (EASTERN VISAYAS),NORTHERN SAMAR,5-14,M,S,Y,A,1
2023,12,51,REGION VIII (EASTERN VISAYAS),NORTHERN SAMAR,65+,F,S,Y,A,1
2023,12,51,REGION VIII (EASTERN VISAYAS),NORTHERN SAMAR,65+,M,S,Y,A,1
2023,12,51,REGION VIII (EASTERN VISAYAS),SAMAR,15-24,M,S,Y,A,3
2023,12,51,REGION VIII (EASTERN VISAYAS),SAMAR,25-64,F,S,Y,A,5
2023,12,51,REGION VIII (EASTERN VISAYAS),SAMAR,25-64,M,S,Y,A,5
2023,12,51,REGION VIII (EASTERN VISAYAS),SAMAR,5-14,F,S,Y,A,3
2023,12,51,REGION VIII (EASTERN VISAYAS),SAMAR,5-14,M,S,Y,A,3
2023,12,51,REGION VIII (EASTERN VISAYAS),SAMAR,65+,F,S,Y,A,2
2023,12,51,REGION VIII (EASTERN VISAYAS),SOUTHERN LEYTE,5-14,M,S,Y,A,1
2023,12,52,REGION VIII (EASTERN VISAYAS),CITY OF TACLOBAN,25-64,F,S,Y,A,3
2023,12,52,REGION VIII (EASTERN VISAYAS),CITY OF TACLOBAN,25-64,M,S,Y,A,1
2023,12,52,REGION VIII (EASTERN VISAYAS),CITY OF TACLOBAN,5-14,F,S,Y,A,1
2023,12,52,REGION VIII (EASTERN VISAYAS),EASTERN SAMAR,25-64,M,S,Y,A,2
2023,12,52,REGION VIII (EASTERN VISAYAS),LEYTE,15-24,M,S,Y,A,1
2023,12,52,REGION VIII (EASTERN VISAYAS),LEYTE,25-64,F,S,Y,A,2
2023,12,52,REGION VIII (EASTERN VISAYAS),LEYTE,25-64,M,S,Y,A,1
2023,12,52,REGION VIII (EASTERN VISAYAS),LEYTE,5-14,F,S,Y,A,1
2023,12,52,REGION VIII (EASTERN VISAYAS),NORTHERN SAMAR,25-64,F,S,Y,A,3
2023,12,52,REGION VIII (EASTERN VISAYAS),NORTHERN SAMAR,5-14,F,S,Y,A,1
2023,12,52,REGION VIII (EASTERN VISAYAS),NORTHERN SAMAR,5-14,M,S,Y,A,3
2023,12,52,REGION VIII (EASTERN VISAYAS),NORTHERN SAMAR,65+,F,S,Y,A,1
2023,12,52,REGION VIII (EASTERN VISAYAS),SAMAR,15-24,F,S,Y,A,2
2023,12,52,REGION VIII (EASTERN VISAYAS),SAMAR,15-24,M,S,Y,A,2
2023,12,52,REGION VIII (EASTERN VISAYAS),SAMAR,25-64,F,S,Y,A,3
2023,12,52,REGION VIII (EASTERN VISAYAS),SAMAR,25-64,M,S,Y,A,5
2023,12,52,REGION VIII (EASTERN VISAYAS),SAMAR,5-14,F,S,Y,A,1
2023,12,52,REGION VIII (EASTERN VISAYAS),SAMAR,5-14,M,S,Y,A,3
2023,12,52,REGION VIII (EASTERN VISAYAS),SAMAR,65+,F,S,Y,A,2
2024,1,1,CORDILLERA ADMINISTRATIVE REGION (CAR),BAGUIO CITY,25-64,F,S,Y,A,1
2024,1,1,CORDILLERA ADMINISTRATIVE REGION (CAR),BENGUET,25-64,F,S,Y,A,1
2024,1,1,CORDILLERA ADMINISTRATIVE REGION (CAR),BENGUET,65+,F,S,Y,A,1
2024,1,1,NATIONAL CAPITAL REGION (NCR),CITY OF MANDALUYONG,0-4,M,C,Y,A,1
2024,1,1,NEGROS ISLAND REGION (NIR),CITY OF BACOLOD,5-14,M,S,Y,A,1
2024,1,1,NEGROS ISLAND REGION (NIR),CITY OF BACOLOD,65+,M,S,Y,A,1
2024,1,1,REGION IX (ZAMBOANGA PENINSULA),ZAMBOANGA DEL SUR,15-24,M,S,Y,A,1
2024,1,1,REGION V (BICOL REGION),CATANDUANES,25-64,M,S,Y,A,1
2024,1,1,REGION V (BICOL REGION),CATANDUANES,65+,F,S,Y,A,1
2024,1,1,REGION VIII (EASTERN VISAYAS),CITY OF TACLOBAN,25-64,M,S,Y,A,1
2024,1,1,REGION VIII (EASTERN VISAYAS),EASTERN SAMAR,0-4,F,S,Y,A,1
2024,1,1,REGION VIII (EASTERN VISAYAS),EASTERN SAMAR,15-24,M,S,Y,A,3
2024,1,1,REGION VIII (EASTERN VISAYAS),EASTERN SAMAR,25-64,F,S,Y,A,1
2024,1,1,REGION VIII (EASTERN VISAYAS),EASTERN SAMAR,25-64,M,S,Y,A,1
2024,1,1,REGION VIII (EASTERN VISAYAS),EASTERN SAMAR,5-14,M,S,Y,A,2
2024,1,1,REGION VIII (EASTERN VISAYAS),EASTERN SAMAR,65+,F,S,Y,A,1
2024,1,1,REGION VIII (EASTERN VISAYAS),LEYTE,15-24,M,S,Y,A,1
2024,1,1,REGION VIII (EASTERN VISAYAS),LEYTE,25-64,F,S,Y,A,3
2024,1,1,REGION VIII (EASTERN VISAYAS),LEYTE,25-64,M,S,Y,A,2
2024,1,1,REGION VIII (EASTERN VISAYAS),LEYTE,5-14,M,S,Y,A,2
2024,1,1,REGION VIII (EASTERN VISAYAS),NORTHERN SAMAR,15-24,M,S,Y,A,1
2024,1,1,REGION VIII (EASTERN VISAYAS),NORTHERN SAMAR,25-64,F,S,Y,A,6
2024,1,1,REGION VIII (EASTERN VISAYAS),NORTHERN SAMAR,25-64,M,S,Y,A,1
2024,1,1,REGION VIII (EASTERN VISAYAS),NORTHERN SAMAR,5-14,F,S,Y,A,4
2024,1,1,REGION VIII (EASTERN VISAYAS),NORTHERN SAMAR,5-14,M,S,Y,A,3
2024,1,1,REGION VIII (EASTERN VISAYAS),NORTHERN SAMAR,65+,F,S,Y,A,1
2024,1,1,REGION VIII (EASTERN VISAYAS),NORTHERN SAMAR,65+,M,S,Y,A,1
2024,1,1,REGION VIII (EASTERN VISAYAS),SAMAR,0-4,F,S,Y,A,8
2024,1,1,REGION VIII (EASTERN VISAYAS),SAMAR,0-4,M,S,N,A,2
2024,1,1,REGION VIII (EASTERN VISAYAS),SAMAR,15-24,F,S,N,A,1
2024,1,1,REGION VIII (EASTERN VISAYAS),SAMAR,15-24,F,S,Y,A,6
2024,1,1,REGION VIII (EASTERN VISAYAS),SAMAR,15-24,M,S,Y,A,2
2024,1,1,REGION VIII (EASTERN VISAYAS),SAMAR,25-64,F,S,N,A,2
2024,1,1,REGION VIII (EASTERN VISAYAS),SAMAR,25-64,F,S,Y,A,8
2024,1,1,REGION VIII (EASTERN VISAYAS),SAMAR,25-64,M,S,Y,A,11
2024,1,1,REGION VIII (EASTERN VISAYAS),SAMAR,25-64,M,S,Y,D,1
2024,1,1,REGION VIII (EASTERN VISAYAS),SAMAR,5-14,F,S,Y,A,7
2024,1,1,REGION VIII (EASTERN VISAYAS),SAMAR,5-14,M,S,Y,A,9
2024,1,1,REGION VIII (EASTERN VISAYAS),SAMAR,65+,F,S,N,A,1
2024,1,1,REGION VIII (EASTERN VISAYAS),SAMAR,65+,F,S,Y,A,4
2024,1,1,REGION VIII (EASTERN VISAYAS),SAMAR,65+,M,S,Y,A,2
2024,1,1,REGION VIII (EASTERN VISAYAS),SOUTHERN LEYTE,25-64,M,S,Y,A,1
2024,1,1,REGION VIII (EASTERN VISAYAS),SOUTHERN LEYTE,5-14,M,S,Y,A,4
2024,1,1,REGION VIII (EASTERN VISAYAS),SOUTHERN LEYTE,65+,M,S,Y,A,1
2024,1,2,CORDILLERA ADMINISTRATIVE REGION (CAR),BAGUIO CITY,65+,M,S,Y,A,1
2024,1,2,REGION V (BICOL REGION),CATANDUANES,15-24,M,S,Y,A,2
2024,1,2,REGION V (BICOL REGION),CATANDUANES,25-64,F,S,Y,A,2
2024,1,2,REGION V (BICOL REGION),CATANDUANES,5-14,F,S,Y,A,1
2024,1,2,REGION V (BICOL REGION),CATANDUANES,65+,M,S,Y,A,2
2024,1,2,REGION VI (WESTERN VISAYAS),CITY OF ILOILO,65+,F,S,Y,A,1
2024,1,2,REGION VIII (EASTERN VISAYAS),CITY OF TACLOBAN,5-14,M,S,Y,A,1
2024,1,2,REGION VIII (EASTERN VISAYAS),EASTERN SAMAR,0-4,F,S,Y,A,1
2024,1,2,REGION VIII (EASTERN VISAYAS),EASTERN SAMAR,0-4,M,S,Y,A,1
2024,1,2,REGION VIII (EASTERN VISAYAS),EASTERN SAMAR,15-24,F,S,Y,A,4
2024,1,2,REGION VIII (EASTERN VISAYAS),EASTERN SAMAR,25-64,F,S,N,A,1
2024,1,2,REGION VIII (EASTERN VISAYAS),EASTERN SAMAR,25-64,F,S,Y,A,6
2024,1,2,REGION VIII (EASTERN VISAYAS),EASTERN SAMAR,25-64,M,S,Y,A,1
2024,1,2,REGION VIII (EASTERN VISAYAS),EASTERN SAMAR,5-14,F,S,Y,A,3
2024,1,2,REGION VIII (EASTERN VISAYAS),EASTERN SAMAR,5-14,M,S,Y,A,7
2024,1,2,REGION VIII (EASTERN VISAYAS),EASTERN SAMAR,65+,F,S,Y,A,1
2024,1,2,REGION VIII (EASTERN VISAYAS),LEYTE,15-24,F,S,Y,A,1
2024,1,2,REGION VIII (EASTERN VISAYAS),LEYTE,25-64,F,S,Y,A,2
2024,1,2,REGION VIII (EASTERN VISAYAS),LEYTE,5-14,M,S,Y,A,1
2024,1,2,REGION VIII (EASTERN VISAYAS),NORTHERN SAMAR,15-24,F,S,Y,A,1
2024,1,2,REGION VIII (EASTERN VISAYAS),NORTHERN SAMAR,25-64,M,S,Y,A,2
2024,1,2,REGION VIII (EASTERN VISAYAS),NORTHERN SAMAR,5-14,F,S,Y,A,5
2024,1,2,REGION VIII (EASTERN VISAYAS),NORTHERN SAMAR,5-14,M,S,Y,A,5
2024,1,2,REGION VIII (EASTERN VISAYAS),NORTHERN SAMAR,65+,F,S,Y,A,1
2024,1,2,REGION VIII (EASTERN VISAYAS),NORTHERN SAMAR,65+,M,S,Y,A,1
2024,1,2,REGION VIII (EASTERN VISAYAS),SAMAR,0-4,F,S,N,A,3
2024,1,2,REGION VIII (EASTERN VISAYAS),SAMAR,0-4,F,S,Y,A,1
2024,1,2,REGION VIII (EASTERN VISAYAS),SAMAR,0-4,M,S,N,A,4
2024,1,2,REGION VIII (EASTERN VISAYAS),SAMAR,0-4,M,S,Y,A,6
2024,1,2,REGION VIII (EASTERN VISAYAS),SAMAR,15-24,F,S,Y,A,5
2024,1,2,REGION VIII (EASTERN VISAYAS),SAMAR,15-24,M,S,Y,A,1
2024,1,2,REGION VIII (EASTERN VISAYAS),SAMAR,25-64,F,S,Y,A,3
2024,1,2,REGION VIII (EASTERN VISAYAS),SAMAR,25-64,M,S,Y,A,7
2024,1,2,REGION VIII (EASTERN VISAYAS),SAMAR,5-14,F,S,Y,A,7
2024,1,2,REGION VIII (EASTERN VISAYAS),SAMAR,5-14,M,S,N,A,1
2024,1,2,REGION VIII (EASTERN VISAYAS),SAMAR,5-14,M,S,Y,A,8
2024,1,2,REGION VIII (EASTERN VISAYAS),SAMAR,65+,F,S,Y,A,1
2024,1,2,REGION VIII (EASTERN VISAYAS),SAMAR,65+,M,S,Y,A,1
2024,1,2,REGION VIII (EASTERN VISAYAS),SOUTHERN LEYTE,15-24,F,S,Y,A,1
2024,1,2,REGION VIII (EASTERN VISAYAS),SOUTHERN LEYTE,25-64,M,S,Y,A,1
2024,1,2,REGION VIII (EASTERN VISAYAS),SOUTHERN LEYTE,5-14,F,S,Y,A,2
2024,1,2,REGION XIII (CARAGA),SURIGAO DEL SUR,25-64,F,S,Y,A,1
2024,1,2,REGION XIII (CARAGA),SURIGAO DEL SUR,65+,F,S,Y,A,1
2024,1,3,REGION IV-A (CALABARZON),LAGUNA,0-4,F,S,Y,A,1
2024,1,3,REGION V (BICOL REGION),CAMARINES SUR,25-64,F,S,Y,A,1
2024,1,3,REGION V (BICOL REGION),CAMARINES SUR,65+,M,S,Y,A,2
2024,1,3,REGION V (BICOL REGION),CATANDUANES,15-24,M,S,Y,A,1
2024,1,3,REGION V (BICOL REGION),CATANDUANES,25-64,M,S,Y,A,1
2024,1,3,REGION V (BICOL REGION),SORSOGON,5-14,M,S,Y,A,1
2024,1,3,REGION VIII (EASTERN VISAYAS),CITY OF TACLOBAN,5-14,M,S,Y,A,1
2024,1,3,REGION VIII (EASTERN VISAYAS),EASTERN SAMAR,15-24,F,S,Y,A,1
2024,1,3,REGION VIII (EASTERN VISAYAS),EASTERN SAMAR,25-64,F,S,Y,A,2
2024,1,3,REGION VIII (EASTERN VISAYAS),EASTERN SAMAR,25-64,M,S,Y,A,3
2024,1,3,REGION VIII (EASTERN VISAYAS),EASTERN SAMAR,5-14,F,S,Y,A,2
2024,1,3,REGION VIII (EASTERN VISAYAS),EASTERN SAMAR,65+,M,S,Y,A,1
2024,1,3,REGION VIII (EASTERN VISAYAS),LEYTE,15-24,M,S,Y,A,1
2024,1,3,REGION VIII (EASTERN VISAYAS),LEYTE,5-14,M,S,Y,A,1
2024,1,3,REGION VIII (EASTERN VISAYAS),NORTHERN SAMAR,15-24,F,S,Y,A,3
2024,1,3,REGION VIII (EASTERN VISAYAS),NORTHERN SAMAR,15-24,M,S,Y,A,1
2024,1,3,REGION VIII (EASTERN VISAYAS),NORTHERN SAMAR,25-64,F,S,Y,A,1
2024,1,3,REGION VIII (EASTERN VISAYAS),NORTHERN SAMAR,25-64,M,S,Y,A,1
2024,1,3,REGION VIII (EASTERN VISAYAS),NORTHERN SAMAR,5-14,F,S,Y,A,1
2024,1,3,REGION VIII (EASTERN VISAYAS),NORTHERN SAMAR,5-14,M,S,Y,A,2
2024,1,3,REGION VIII (EASTERN VISAYAS),NORTHERN SAMAR,65+,M,S,Y,A,1
2024,1,3,REGION VIII (EASTERN VISAYAS),SAMAR,0-4,F,S,N,A,1
2024,1,3,REGION VIII (EASTERN VISAYAS),SAMAR,15-24,F,S,Y,A,3
2024,1,3,REGION VIII (EASTERN VISAYAS),SAMAR,25-64,F,S,N,A,1
2024,1,3,REGION VIII (EASTERN VISAYAS),SAMAR,25-64,F,S,Y,A,5
2024,1,3,REGION VIII (EASTERN VISAYAS),SAMAR,25-64,M,S,N,A,2
2024,1,3,REGION VIII (EASTERN VISAYAS),SAMAR,25-64,M,S,Y,A,5
2024,1,3,REGION VIII (EASTERN VISAYAS),SAMAR,5-14,F,S,N,A,1
2024,1,3,REGION VIII (EASTERN VISAYAS),SAMAR,5-14,F,S,Y,A,5
2024,1,3,REGION VIII (EASTERN VISAYAS),SAMAR,5-14,M,S,Y,A,6
2024,1,3,REGION VIII (EASTERN VISAYAS),SAMAR,65+,F,S,Y,A,5
2024,1,3,REGION VIII (EASTERN VISAYAS),SAMAR,65+,M,S,N,A,1
2024,1,3,REGION VIII (EASTERN VISAYAS),SAMAR,65+,M,S,Y,A,1
2024,1,3,REGION VIII (EASTERN VISAYAS),SOUTHERN LEYTE,15-24,F,S,Y,A,1
2024,1,3,REGION VIII (EASTERN VISAYAS),SOUTHERN LEYTE,15-24,M,S,Y,A,3
2024,1,3,REGION VIII (EASTERN VISAYAS),SOUTHERN LEYTE,25-64,F,S,Y,A,1
2024,1,3,REGION VIII (EASTERN VISAYAS),SOUTHERN LEYTE,65+,F,S,Y,A,3
2024,1,4,REGION V (BICOL REGION),CAMARINES SUR,5-14,M,S,Y,A,1
2024,1,4,REGION V (BICOL REGION),CATANDUANES,25-64,F,S,Y,A,1
2024,1,4,REGION V (BICOL REGION),SORSOGON,5-14,M,S,Y,A,1
2024,1,4,REGION VI (WESTERN VISAYAS),CITY OF ILOILO,25-64,F,S,Y,A,1
2024,1,4,REGION VI (WESTERN VISAYAS),ILOILO,0-4,M,S,Y,A,1
2024,1,4,REGION VI (WESTERN VISAYAS),ILOILO,25-64,M,S,Y,A,1
2024,1,4,REGION VI (WESTERN VISAYAS),ILOILO,5-14,F,S,Y,A,1
2024,1,4,REGION VI (WESTERN VISAYAS),ILOILO,65+,F,S,Y,A,1
2024,1,4,REGION VIII (EASTERN VISAYAS),CITY OF TACLOBAN,5-14,F,S,Y,A,1
2024,1,4,REGION VIII (EASTERN VISAYAS),CITY OF TACLOBAN,5-14,M,S,Y,A,1
2024,1,4,REGION VIII (EASTERN VISAYAS),EASTERN SAMAR,15-24,F,S,Y,A,2
2024,1,4,REGION VIII (EASTERN VISAYAS),EASTERN SAMAR,15-24,M,S,Y,A,3
2024,1,4,REGION VIII (EASTERN VISAYAS),EASTERN SAMAR,25-64,F,S,Y,A,1
2024,1,4,REGION VIII (EASTERN VISAYAS),EASTERN SAMAR,5-14,F,S,Y,A,1
2024,1,4,REGION VIII (EASTERN VISAYAS),EASTERN SAMAR,5-14,M,S,Y,A,3
2024,1,4,REGION VIII (EASTERN VISAYAS),EASTERN SAMAR,65+,M,S,Y,A,1
2024,1,4,REGION VIII (EASTERN VISAYAS),LEYTE,25-64,F,S,Y,A,5
2024,1,4,REGION VIII (EASTERN VISAYAS),LEYTE,5-14,M,S,Y,A,1
2024,1,4,REGION VIII (EASTERN VISAYAS),LEYTE,65+,F,S,Y,A,1
2024,1,4,REGION VIII (EASTERN VISAYAS),LEYTE,65+,M,S,Y,A,1
2024,1,4,REGION VIII (EASTERN VISAYAS),NORTHERN SAMAR,25-64,F,S,Y,A,1
2024,1,4,REGION VIII (EASTERN VISAYAS),NORTHERN SAMAR,25-64,M,S,Y,A,2
2024,1,4,REGION VIII (EASTERN VISAYAS),NORTHERN SAMAR,5-14,F,S,Y,A,3
2024,1,4,REGION VIII (EASTERN VISAYAS),NORTHERN SAMAR,5-14,M,S,Y,A,6
2024,1,4,REGION VIII (EASTERN VISAYAS),NORTHERN SAMAR,65+,M,S,Y,A,1
2024,1,4,REGION VIII (EASTERN VISAYAS),SAMAR,0-4,F,S,N,A,1
2024,1,4,REGION VIII (EASTERN VISAYAS),SAMAR,0-4,M,S,N,A,1
2024,1,4,REGION VIII (EASTERN VISAYAS),SAMAR,0-4,M,S,Y,A,1
2024,1,4,REGION VIII (EASTERN VISAYAS),SAMAR,15-24,F,S,N,A,1
2024,1,4,REGION VIII (EASTERN VISAYAS),SAMAR,15-24,F,S,Y,A,4
2024,1,4,REGION VIII (EASTERN VISAYAS),SAMAR,15-24,M,S,Y,A,7
2024,1,4,REGION VIII (EASTERN VISAYAS),SAMAR,25-64,F,S,N,A,2
2024,1,4,REGION VIII (EASTERN VISAYAS),SAMAR,25-64,F,S,Y,A,4
2024,1,4,REGION VIII (EASTERN VISAYAS),SAMAR,25-64,M,S,Y,A,5
2024,1,4,REGION VIII (EASTERN VISAYAS),SAMAR,5-14,F,S,Y,A,5
2024,1,4,REGION VIII (EASTERN VISAYAS),SAMAR,5-14,M,S,Y,A,6
2024,1,4,REGION VIII (EASTERN VISAYAS),SAMAR,65+,F,S,Y,A,4
2024,1,4,REGION VIII (EASTERN VISAYAS),SOUTHERN LEYTE,15-24,M,S,Y,A,2
2024,1,4,REGION VIII (EASTERN VISAYAS),SOUTHERN LEYTE,25-64,F,S,Y,A,2
2024,1,4,REGION VIII (EASTERN VISAYAS),SOUTHERN LEYTE,25-64,M,S,Y,A,1
2024,1,4,REGION VIII (EASTERN VISAYAS),SOUTHERN LEYTE,5-14,M,S,Y,A,1
2024,1,4,REGION VIII (EASTERN VISAYAS),SOUTHERN LEYTE,65+,F,S,Y,A,1
2024,1,5,CORDILLERA ADMINISTRATIVE REGION (CAR),BENGUET,25-64,M,S,Y,A,1
2024,1,5,REGION V (BICOL REGION),CATANDUANES,5-14,M,S,Y,A,1
2024,1,5,REGION VIII (EASTERN VISAYAS),EASTERN SAMAR,25-64,F,S,Y,A,2
2024,1,5,REGION VIII (EASTERN VISAYAS),EASTERN SAMAR,25-64,M,S,Y,A,2
2024,1,5,REGION VIII (EASTERN VISAYAS),EASTERN SAMAR,5-14,F,S,Y,A,1
2024,1,5,REGION VIII (EASTERN VISAYAS),EASTERN SAMAR,5-14,M,S,Y,A,4
2024,1,5,REGION VIII (EASTERN VISAYAS),LEYTE,25-64,F,S,Y,A,2
2024,1,5,REGION VIII (EASTERN VISAYAS),LEYTE,5-14,M,S,Y,A,1
2024,1,5,REGION VIII (EASTERN VISAYAS),LEYTE,65+,F,S,Y,A,1
2024,1,5,REGION VIII (EASTERN VISAYAS),NORTHERN SAMAR,15-24,M,S,Y,A,3
2024,1,5,REGION VIII (EASTERN VISAYAS),NORTHERN SAMAR,25-64,F,S,Y,A,1
2024,1,5,REGION VIII (EASTERN VISAYAS),NORTHERN SAMAR,25-64,M,S,Y,A,2
2024,1,5,REGION VIII (EASTERN VISAYAS),NORTHERN SAMAR,5-14,F,S,Y,A,5
2024,1,5,REGION VIII (EASTERN VISAYAS),NORTHERN SAMAR,5-14,M,S,Y,A,3
2024,1,5,REGION VIII (EASTERN VISAYAS),SAMAR,0-4,F,S,Y,A,2
2024,1,5,REGION VIII (EASTERN VISAYAS),SAMAR,15-24,F,S,Y,A,1
2024,1,5,REGION VIII (EASTERN VISAYAS),SAMAR,25-64,F,S,Y,A,5
2024,1,5,REGION VIII (EASTERN VISAYAS),SAMAR,25-64,M,S,Y,A,2
2024,1,5,REGION VIII (EASTERN VISAYAS),SAMAR,5-14,F,S,Y,A,2
2024,1,5,REGION VIII (EASTERN VISAYAS),SAMAR,5-14,M,S,Y,A,3
2024,1,5,REGION VIII (EASTERN VISAYAS),SAMAR,65+,M,S,Y,A,1
2024,1,5,REGION VIII (EASTERN VISAYAS),SOUTHERN LEYTE,25-64,F,S,Y,A,1
2024,1,5,REGION VIII (EASTERN VISAYAS),SOUTHERN LEYTE,5-14,F,S,Y,A,1
2024,2,1,CORDILLERA ADMINISTRATIVE REGION (CAR),BAGUIO CITY,25-64,F,S,Y,A,1
2024,2,5,REGION V (BICOL REGION),CAMARINES SUR,25-64,F,S,Y,A,1
2024,2,5,REGION V (BICOL REGION),CATANDUANES,5-14,M,S,Y,A,2
2024,2,5,REGION V (BICOL REGION),CATANDUANES,65+,F,S,Y,A,1
2024,2,5,REGION VIII (EASTERN VISAYAS),CITY OF TACLOBAN,15-24,M,S,Y,A,1
2024,2,5,REGION VIII (EASTERN VISAYAS),CITY OF TACLOBAN,25-64,F,S,Y,A,1
2024,2,5,REGION VIII (EASTERN VISAYAS),EASTERN SAMAR,15-24,F,S,Y,A,1
2024,2,5,REGION VIII (EASTERN VISAYAS),EASTERN SAMAR,25-64,F,S,Y,A,1
2024,2,5,REGION VIII (EASTERN VISAYAS),EASTERN SAMAR,5-14,F,S,Y,A,1
2024,2,5,REGION VIII (EASTERN VISAYAS),EASTERN SAMAR,5-14,M,S,Y,A,3
2024,2,5,REGION VIII (EASTERN VISAYAS),LEYTE,25-64,F,S,Y,A,2
2024,2,5,REGION VIII (EASTERN VISAYAS),LEYTE,5-14,M,S,Y,A,2
2024,2,5,REGION VIII (EASTERN VISAYAS),LEYTE,65+,F,S,Y,A,1
2024,2,5,REGION VIII (EASTERN VISAYAS),LEYTE,65+,M,S,Y,A,1
2024,2,5,REGION VIII (EASTERN VISAYAS),NORTHERN SAMAR,25-64,M,S,Y,A,2
2024,2,5,REGION VIII (EASTERN VISAYAS),NORTHERN SAMAR,5-14,F,S,Y,A,3
2024,2,5,REGION VIII (EASTERN VISAYAS),NORTHERN SAMAR,5-14,M,S,Y,A,3
2024,2,5,REGION VIII (EASTERN VISAYAS),NORTHERN SAMAR,65+,F,S,Y,A,1
2024,2,5,REGION VIII (EASTERN VISAYAS),NORTHERN SAMAR,65+,M,S,Y,A,1
2024,2,5,REGION VIII (EASTERN VISAYAS),SAMAR,15-24,F,S,Y,A,2
2024,2,5,REGION VIII (EASTERN VISAYAS),SAMAR,25-64,F,S,N,A,1
2024,2,5,REGION VIII (EASTERN VISAYAS),SAMAR,25-64,F,S,Y,A,3
2024,2,5,REGION VIII (EASTERN VISAYAS),SAMAR,5-14,F,S,Y,A,5
2024,2,5,REGION VIII (EASTERN VISAYAS),SAMAR,5-14,M,S,N,A,1
2024,2,5,REGION VIII (EASTERN VISAYAS),SAMAR,5-14,M,S,Y,A,2
2024,2,5,REGION VIII (EASTERN VISAYAS),SOUTHERN LEYTE,25-64,M,S,Y,A,1
2024,2,6,CORDILLERA ADMINISTRATIVE REGION (CAR),BENGUET,5-14,F,S,Y,A,1
2024,2,6,MIMAROPA REGION,CITY OF PUERTO PRINCESA,25-64,M,S,Y,A,1
2024,2,6,REGION II (CAGAYAN VALLEY),NUEVA VIZCAYA,0-4,M,S,Y,A,1
2024,2,6,REGION V (BICOL REGION),CATANDUANES,65+,F,S,Y,A,1
2024,2,6,REGION V (BICOL REGION),CATANDUANES,65+,M,S,Y,A,1
2024,2,6,REGION V (BICOL REGION),SORSOGON,5-14,F,S,Y,A,1
2024,2,6,REGION VI (WESTERN VISAYAS),CITY OF ILOILO,65+,F,S,Y,A,1
2024,2,6,REGION VI (WESTERN VISAYAS),CITY OF ILOILO,65+,M,S,Y,A,1
2024,2,6,REGION VIII (EASTERN VISAYAS),EASTERN SAMAR,15-24,F,S,Y,A,3
2024,2,6,REGION VIII (EASTERN VISAYAS),EASTERN SAMAR,15-24,M,S,Y,A,1
2024,2,6,REGION VIII (EASTERN VISAYAS),EASTERN SAMAR,25-64,F,S,Y,A,3
2024,2,6,REGION VIII (EASTERN VISAYAS),EASTERN SAMAR,25-64,M,S,Y,A,2
2024,2,6,REGION VIII (EASTERN VISAYAS),EASTERN SAMAR,5-14,F,S,Y,A,8
2024,2,6,REGION VIII (EASTERN VISAYAS),EASTERN SAMAR,5-14,M,S,Y,A,1
2024,2,6,REGION VIII (EASTERN VISAYAS),LEYTE,15-24,F,S,Y,A,1
2024,2,6,REGION VIII (EASTERN VISAYAS),LEYTE,5-14,M,S,Y,A,1
2024,2,6,REGION VIII (EASTERN VISAYAS),LEYTE,65+,M,S,Y,A,1
2024,2,6,REGION VIII (EASTERN VISAYAS),NORTHERN SAMAR,15-24,F,S,Y,A,5
2024,2,6,REGION VIII (EASTERN VISAYAS),NORTHERN SAMAR,15-24,M,S,Y,A,1
2024,2,6,REGION VIII (EASTERN VISAYAS),NORTHERN SAMAR,25-64,F,S,Y,A,4
2024,2,6,REGION VIII (EASTERN VISAYAS),NORTHERN SAMAR,25-64,M,S,Y,A,5
2024,2,6,REGION VIII (EASTERN VISAYAS),NORTHERN SAMAR,5-14,F,S,Y,A,3
2024,2,6,REGION VIII (EASTERN VISAYAS),NORTHERN SAMAR,5-14,M,S,Y,A,2
2024,2,6,REGION VIII (EASTERN VISAYAS),NORTHERN SAMAR,65+,F,S,Y,A,1
2024,2,6,REGION VIII (EASTERN VISAYAS),SAMAR,15-24,F,S,Y,A,2
2024,2,6,REGION VIII (EASTERN VISAYAS),SAMAR,15-24,M,S,Y,A,2
2024,2,6,REGION VIII (EASTERN VISAYAS),SAMAR,25-64,F,S,N,A,1
2024,2,6,REGION VIII (EASTERN VISAYAS),SAMAR,25-64,F,S,Y,A,6
2024,2,6,REGION VIII (EASTERN VISAYAS),SAMAR,25-64,M,S,Y,A,2
2024,2,6,REGION VIII (EASTERN VISAYAS),SAMAR,5-14,F,S,N,A,1
2024,2,6,REGION VIII (EASTERN VISAYAS),SAMAR,5-14,F,S,Y,A,2
2024,2,6,REGION VIII (EASTERN VISAYAS),SAMAR,5-14,M,S,Y,A,6
2024,2,6,REGION VIII (EASTERN VISAYAS),SAMAR,65+,F,S,Y,A,1
2024,2,6,REGION VIII (EASTERN VISAYAS),SOUTHERN LEYTE,15-24,F,S,Y,A,1
2024,2,6,REGION VIII (EASTERN VISAYAS),SOUTHERN LEYTE,15-24,M,S,Y,A,1
2024,2,6,REGION VIII (EASTERN VISAYAS),SOUTHERN LEYTE,25-64,F,S,Y,A,1
2024,2,6,REGION VIII (EASTERN VISAYAS),SOUTHERN LEYTE,5-14,M,S,Y,A,2
2024,2,7,REGION V (BICOL REGION),CAMARINES SUR,5-14,F,S,Y,A,1
2024,2,7,REGION V (BICOL REGION),CAMARINES SUR,5-14,M,S,Y,A,1
2024,2,7,REGION V (BICOL REGION),SORSOGON,5-14,M,S,Y,A,1
2024,2,7,REGION VI (WESTERN VISAYAS),CITY OF ILOILO,0-4,F,S,Y,A,1
2024,2,7,REGION VIII (EASTERN VISAYAS),CITY OF TACLOBAN,65+,F,S,Y,A,1
2024,2,7,REGION VIII (EASTERN VISAYAS),EASTERN SAMAR,15-24,F,S,Y,A,3
2024,2,7,REGION VIII (EASTERN VISAYAS),EASTERN SAMAR,25-64,F,S,Y,A,1
2024,2,7,REGION VIII (EASTERN VISAYAS),EASTERN SAMAR,25-64,M,S,Y,A,1
2024,2,7,REGION VIII (EASTERN VISAYAS),EASTERN SAMAR,5-14,F,S,Y,A,2
2024,2,7,REGION VIII (EASTERN VISAYAS),EASTERN SAMAR,5-14,M,S,Y,A,3
2024,2,7,REGION VIII (EASTERN VISAYAS),EASTERN SAMAR,65+,F,S,Y,A,1
2024,2,7,REGION VIII (EASTERN VISAYAS),LEYTE,15-24,F,S,Y,A,2
2024,2,7,REGION VIII (EASTERN VISAYAS),LEYTE,5-14,F,S,Y,A,1
2024,2,7,REGION VIII (EASTERN VISAYAS),LEYTE,5-14,M,S,Y,A,1
2024,2,7,REGION VIII (EASTERN VISAYAS),NORTHERN SAMAR,15-24,F,S,Y,A,1
2024,2,7,REGION VIII (EASTERN VISAYAS),NORTHERN SAMAR,15-24,M,S,Y,A,2
2024,2,7,REGION VIII (EASTERN VISAYAS),NORTHERN SAMAR,25-64,F,S,Y,A,2
2024,2,7,REGION VIII (EASTERN VISAYAS),NORTHERN SAMAR,25-64,M,S,Y,A,2
2024,2,7,REGION VIII (EASTERN VISAYAS),NORTHERN SAMAR,5-14,F,S,Y,A,2
2024,2,7,REGION VIII (EASTERN VISAYAS),NORTHERN SAMAR,5-14,M,S,Y,A,1
2024,2,7,REGION VIII (EASTERN VISAYAS),NORTHERN SAMAR,65+,M,S,Y,A,1
2024,2,7,REGION VIII (EASTERN VISAYAS),SAMAR,0-4,F,S,N,A,1
2024,2,7,REGION VIII (EASTERN VISAYAS),SAMAR,0-4,F,S,Y,A,1
2024,2,7,REGION VIII (EASTERN VISAYAS),SAMAR,15-24,F,S,Y,A,1
2024,2,7,REGION VIII (EASTERN VISAYAS),SAMAR,25-64,F,S,Y,A,4
2024,2,7,REGION VIII (EASTERN VISAYAS),SAMAR,25-64,M,S,Y,A,2
2024,2,7,REGION VIII (EASTERN VISAYAS),SAMAR,5-14,M,S,N,A,1
2024,2,7,REGION VIII (EASTERN VISAYAS),SAMAR,5-14,M,S,Y,A,2
2024,2,7,REGION VIII (EASTERN VISAYAS),SOUTHERN LEYTE,15-24,F,S,Y,A,2
2024,2,7,REGION VIII (EASTERN VISAYAS),SOUTHERN LEYTE,25-64,F,S,Y,A,4
2024,2,7,REGION VIII (EASTERN VISAYAS),SOUTHERN LEYTE,25-64,M,S,Y,A,6
2024,2,7,REGION VIII (EASTERN VISAYAS),SOUTHERN LEYTE,5-14,M,S,Y,A,3
2024,2,7,REGION VIII (EASTERN VISAYAS),SOUTHERN LEYTE,65+,F,S,Y,A,1
2024,2,8,REGION IX (ZAMBOANGA PENINSULA),CITY OF ZAMBOANGA,5-14,M,C,Y,A,1
2024,2,8,REGION V (BICOL REGION),CAMARINES SUR,65+,F,S,Y,A,1
2024,2,8,REGION V (BICOL REGION),CATANDUANES,15-24,F,S,Y,A,1
2024,2,8,REGION V (BICOL REGION),SORSOGON,5-14,M,S,Y,A,2
2024,2,8,REGION VIII (EASTERN VISAYAS),CITY OF TACLOBAN,25-64,F,S,Y,A,1
2024,2,8,REGION VIII (EASTERN VISAYAS),CITY OF TACLOBAN,5-14,M,S,Y,A,1
2024,2,8,REGION VIII (EASTERN VISAYAS),EASTERN SAMAR,15-24,F,S,Y,A,2
2024,2,8,REGION VIII (EASTERN VISAYAS),EASTERN SAMAR,25-64,M,S,Y,A,1
2024,2,8,REGION VIII (EASTERN VISAYAS),EASTERN SAMAR,5-14,F,S,Y,A,1
2024,2,8,REGION VIII (EASTERN VISAYAS),EASTERN SAMAR,5-14,M,S,Y,A,4
2024,2,8,REGION VIII (EASTERN VISAYAS),LEYTE,15-24,F,S,Y,A,1
2024,2,8,REGION VIII (EASTERN VISAYAS),LEYTE,15-24,M,S,Y,A,1
2024,2,8,REGION VIII (EASTERN VISAYAS),LEYTE,25-64,F,S,Y,A,2
2024,2,8,REGION VIII (EASTERN VISAYAS),LEYTE,25-64,M,S,Y,A,2
2024,2,8,REGION VIII (EASTERN VISAYAS),LEYTE,5-14,F,S,Y,A,1
2024,2,8,REGION VIII (EASTERN VISAYAS),LEYTE,5-14,M,S,Y,A,1
2024,2,8,REGION VIII (EASTERN VISAYAS),NORTHERN SAMAR,15-24,F,S,Y,A,1
2024,2,8,REGION VIII (EASTERN VISAYAS),NORTHERN SAMAR,15-24,M,S,Y,A,1
2024,2,8,REGION VIII (EASTERN VISAYAS),NORTHERN SAMAR,25-64,F,S,Y,A,5
2024,2,8,REGION VIII (EASTERN VISAYAS),NORTHERN SAMAR,25-64,M,S,Y,A,4
2024,2,8,REGION VIII (EASTERN VISAYAS),NORTHERN SAMAR,5-14,F,S,Y,A,1
2024,2,8,REGION VIII (EASTERN VISAYAS),NORTHERN SAMAR,5-14,M,S,N,A,1
2024,2,8,REGION VIII (EASTERN VISAYAS),NORTHERN SAMAR,5-14,M,S,Y,A,2
2024,2,8,REGION VIII (EASTERN VISAYAS),NORTHERN SAMAR,65+,M,S,Y,A,1
2024,2,8,REGION VIII (EASTERN VISAYAS),SAMAR,0-4,M,S,Y,A,1
2024,2,8,REGION VIII (EASTERN VISAYAS),SAMAR,15-24,F,S,Y,A,2
2024,2,8,REGION VIII (EASTERN VISAYAS),SAMAR,15-24,M,S,Y,A,2
2024,2,8,REGION VIII (EASTERN VISAYAS),SAMAR,25-64,F,S,Y,A,6
2024,2,8,REGION VIII (EASTERN VISAYAS),SAMAR,25-64,M,S,N,A,1
2024,2,8,REGION VIII (EASTERN VISAYAS),SAMAR,25-64,M,S,Y,A,4
2024,2,8,REGION VIII (EASTERN VISAYAS),SAMAR,5-14,F,S,Y,A,2
2024,2,8,REGION VIII (EASTERN VISAYAS),SAMAR,5-14,M,S,Y,A,2
2024,2,8,REGION VIII (EASTERN VISAYAS),SAMAR,65+,F,S,Y,A,1
2024,2,8,REGION VIII (EASTERN VISAYAS),SAMAR,65+,M,S,Y,A,2
2024,2,8,REGION VIII (EASTERN VISAYAS),SOUTHERN LEYTE,15-24,F,S,Y,A,1
2024,2,8,REGION VIII (EASTERN VISAYAS),SOUTHERN LEYTE,15-24,M,S,Y,A,1
2024,2,8,REGION VIII (EASTERN VISAYAS),SOUTHERN LEYTE,25-64,M,S,Y,A,1
2024,2,8,REGION VIII (EASTERN VISAYAS),SOUTHERN LEYTE,5-14,F,S,Y,A,1
2024,2,8,REGION VIII (EASTERN VISAYAS),SOUTHERN LEYTE,5-14,M,S,Y,A,3
2024,2,8,REGION VIII (EASTERN VISAYAS),SOUTHERN LEYTE,65+,F,S,Y,A,2
2024,2,8,REGION VIII (EASTERN VISAYAS),SOUTHERN LEYTE,65+,M,S,Y,A,1
2024,2,9,REGION IX (ZAMBOANGA PENINSULA),ZAMBOANGA SIBUGAY,25-64,F,S,N,A,1
2024,2,9,REGION V (BICOL REGION),CATANDUANES,15-24,M,S,Y,A,1
2024,2,9,REGION V (BICOL REGION),CATANDUANES,5-14,M,S,Y,A,1
2024,2,9,REGION VIII (EASTERN VISAYAS),CITY OF TACLOBAN,15-24,F,S,Y,A,1
2024,2,9,REGION VIII (EASTERN VISAYAS),CITY OF TACLOBAN,65+,F,S,Y,A,1
2024,2,9,REGION VIII (EASTERN VISAYAS),EASTERN SAMAR,15-24,M,S,N,A,1
2024,2,9,REGION VIII (EASTERN VISAYAS),LEYTE,5-14,F,S,Y,A,1
2024,2,9,REGION VIII (EASTERN VISAYAS),LEYTE,5-14,M,S,Y,A,1
2024,2,9,REGION VIII (EASTERN VISAYAS),NORTHERN SAMAR,15-24,F,S,Y,A,1
2024,2,9,REGION VIII (EASTERN VISAYAS),NORTHERN SAMAR,25-64,F,S,Y,A,2
2024,2,9,REGION VIII (EASTERN VISAYAS),NORTHERN SAMAR,25-64,M,S,Y,A,1
2024,2,9,REGION VIII (EASTERN VISAYAS),NORTHERN SAMAR,5-14,F,S,Y,A,1
2024,2,9,REGION VIII (EASTERN VISAYAS),NORTHERN SAMAR,65+,F,S,Y,A,1
2024,2,9,REGION VIII (EASTERN VISAYAS),SAMAR,0-4,M,S,Y,A,2
2024,2,9,REGION VIII (EASTERN VISAYAS),SAMAR,15-24,F,S,Y,A,2
2024,2,9,REGION VIII (EASTERN VISAYAS),SAMAR,15-24,M,S,N,A,1
2024,2,9,REGION VIII (EASTERN VISAYAS),SAMAR,15-24,M,S,Y,A,2
2024,2,9,REGION VIII (EASTERN VISAYAS),SAMAR,25-64,F,S,Y,A,2
2024,2,9,REGION VIII (EASTERN VISAYAS),SAMAR,25-64,M,S,Y,A,2
2024,2,9,REGION VIII (EASTERN VISAYAS),SAMAR,5-14,M,S,Y,A,3
2024,2,9,REGION VIII (EASTERN VISAYAS),SAMAR,65+,F,S,Y,A,1
2024,2,9,REGION VIII (EASTERN VISAYAS),SAMAR,65+,M,S,Y,A,1
2024,2,9,REGION VIII (EASTERN VISAYAS),SOUTHERN LEYTE,15-24,F,S,Y,A,1
2024,2,9,REGION VIII (EASTERN VISAYAS),SOUTHERN LEYTE,15-24,M,S,Y,A,2
2024,2,9,REGION VIII (EASTERN VISAYAS),SOUTHERN LEYTE,25-64,F,S,Y,A,2
2024,2,9,REGION VIII (EASTERN VISAYAS),SOUTHERN LEYTE,5-14,F,S,Y,A,1
2024,2,9,REGION VIII (EASTERN VISAYAS),SOUTHERN LEYTE,5-14,M,S,Y,A,1
2024,2,9,REGION VIII (EASTERN VISAYAS),SOUTHERN LEYTE,65+,F,S,Y,A,1
2024,2,9,REGION XIII (CARAGA),SURIGAO DEL SUR,25-64,M,S,Y,A,1
2024,3,9,NATIONAL CAPITAL REGION (NCR),CITY OF MANILA,5-14,M,S,N,A,1
2024,3,9,REGION IV-A (CALABARZON),LAGUNA,0-4,F,C,Y,A,1
2024,3,9,REGION IX (ZAMBOANGA PENINSULA),ZAMBOANGA SIBUGAY,65+,F,S,Y,A,1
2024,3,9,REGION V (BICOL REGION),CAMARINES SUR,5-14,F,S,Y,A,1
2024,3,9,REGION V (BICOL REGION),CATANDUANES,5-14,M,S,Y,A,1
2024,3,9,REGION VIII (EASTERN VISAYAS),LEYTE,25-64,M,S,Y,A,1
2024,3,9,REGION VIII (EASTERN VISAYAS),NORTHERN SAMAR,15-24,M,S,Y,A,1
2024,3,9,REGION VIII (EASTERN VISAYAS),NORTHERN SAMAR,25-64,F,S,Y,A,2
2024,3,9,REGION VIII (EASTERN VISAYAS),NORTHERN SAMAR,5-14,M,S,Y,A,1
2024,3,9,REGION VIII (EASTERN VISAYAS),SAMAR,15-24,F,S,Y,A,1
2024,3,9,REGION VIII (EASTERN VISAYAS),SAMAR,15-24,M,S,Y,A,1
2024,3,9,REGION VIII (EASTERN VISAYAS),SAMAR,25-64,F,S,Y,A,2
2024,3,9,REGION VIII (EASTERN VISAYAS),SAMAR,25-64,M,S,Y,A,3
2024,3,9,REGION VIII (EASTERN VISAYAS),SAMAR,5-14,F,S,Y,A,1
2024,3,9,REGION VIII (EASTERN VISAYAS),SAMAR,5-14,M,S,N,A,1
2024,3,9,REGION VIII (EASTERN VISAYAS),SAMAR,5-14,M,S,Y,A,1
2024,3,9,REGION VIII (EASTERN VISAYAS),SAMAR,65+,F,S,Y,A,1
2024,3,9,REGION VIII (EASTERN VISAYAS),SAMAR,65+,M,S,Y,A,1
2024,3,9,REGION VIII (EASTERN VISAYAS),SOUTHERN LEYTE,15-24,F,S,Y,A,1
2024,3,9,REGION VIII (EASTERN VISAYAS),SOUTHERN LEYTE,25-64,M,S,Y,A,2
2024,3,9,REGION VIII (EASTERN VISAYAS),SOUTHERN LEYTE,65+,F,S,Y,A,1
2024,3,10,REGION IX (ZAMBOANGA PENINSULA),ZAMBOANGA SIBUGAY,25-64,M,S,Y,A,1
2024,3,10,REGION V (BICOL REGION),CATANDUANES,15-24,F,S,Y,A,1
2024,3,10,REGION VII (CENTRAL VISAYAS),CITY OF CEBU,25-64,F,S,Y,A,1
2024,3,10,REGION VIII (EASTERN VISAYAS),CITY OF TACLOBAN,25-64,F,S,Y,A,1
2024,3,10,REGION VIII (EASTERN VISAYAS),EASTERN SAMAR,25-64,M,S,Y,A,1
2024,3,10,REGION VIII (EASTERN VISAYAS),EASTERN SAMAR,5-14,F,S,Y,A,1
2024,3,10,REGION VIII (EASTERN VISAYAS),LEYTE,25-64,F,S,Y,A,1
2024,3,10,REGION VIII (EASTERN VISAYAS),LEYTE,25-64,M,S,Y,A,1
2024,3,10,REGION VIII (EASTERN VISAYAS),LEYTE,25-64,M,S,Y,D,1
2024,3,10,REGION VIII (EASTERN VISAYAS),LEYTE,5-14,F,S,Y,A,1
2024,3,10,REGION VIII (EASTERN VISAYAS),NORTHERN SAMAR,15-24,F,S,Y,A,1
2024,3,10,REGION VIII (EASTERN VISAYAS),NORTHERN SAMAR,25-64,F,S,Y,A,3
2024,3,10,REGION VIII (EASTERN VISAYAS),NORTHERN SAMAR,25-64,M,S,Y,A,2
2024,3,10,REGION VIII (EASTERN VISAYAS),NORTHERN SAMAR,5-14,F,S,Y,A,3
2024,3,10,REGION VIII (EASTERN VISAYAS),NORTHERN SAMAR,65+,F,S,Y,A,2
2024,3,10,REGION VIII (EASTERN VISAYAS),SAMAR,15-24,F,S,Y,A,3
2024,3,10,REGION VIII (EASTERN VISAYAS),SAMAR,15-24,M,S,Y,A,1
2024,3,10,REGION VIII (EASTERN VISAYAS),SAMAR,25-64,F,S,Y,A,5
2024,3,10,REGION VIII (EASTERN VISAYAS),SAMAR,25-64,M,S,Y,A,2
2024,3,10,REGION VIII (EASTERN VISAYAS),SAMAR,5-14,F,S,Y,A,2
2024,3,10,REGION VIII (EASTERN VISAYAS),SAMAR,5-14,M,S,Y,A,2
2024,3,10,REGION VIII (EASTERN VISAYAS),SAMAR,65+,F,S,Y,A,1
2024,3,10,REGION VIII (EASTERN VISAYAS),SOUTHERN LEYTE,15-24,F,S,Y,A,1
2024,3,10,REGION VIII (EASTERN VISAYAS),SOUTHERN LEYTE,5-14,F,S,Y,A,1
2024,3,10,REGION XIII (CARAGA),CITY OF BUTUAN,25-64,M,S,Y,A,1
2024,3,10,REGION XIII (CARAGA),SURIGAO DEL SUR,15-24,F,S,Y,A,1
2024,3,11,BANGSAMORO AUTONOMOUS REGION IN MUSLIM MINDANAO (BARMM),MAGUINDANAO DEL NORTE,25-64,M,S,Y,A,1
2024,3,11,BANGSAMORO AUTONOMOUS REGION IN MUSLIM MINDANAO (BARMM),TAWI-TAWI,65+,M,S,Y,A,1
2024,3,11,REGION IX (ZAMBOANGA PENINSULA),ZAMBOANGA DEL NORTE,25-64,F,S,Y,A,1
2024,3,11,REGION V (BICOL REGION),CATANDUANES,15-24,F,S,Y,A,1
2024,3,11,REGION V (BICOL REGION),CATANDUANES,25-64,F,S,Y,A,1
2024,3,11,REGION V (BICOL REGION),CATANDUANES,5-14,F,S,Y,A,1
2024,3,11,REGION VI (WESTERN VISAYAS),CITY OF ILOILO,5-14,M,S,Y,A,1
2024,3,11,REGION VIII (EASTERN VISAYAS),EASTERN SAMAR,15-24,M,S,Y,A,1
2024,3,11,REGION VIII (EASTERN VISAYAS),EASTERN SAMAR,25-64,F,S,Y,A,1
2024,3,11,REGION VIII (EASTERN VISAYAS),EASTERN SAMAR,25-64,M,S,Y,A,2
2024,3,11,REGION VIII (EASTERN VISAYAS),EASTERN SAMAR,5-14,M,S,Y,A,1
2024,3,11,REGION VIII (EASTERN VISAYAS),EASTERN SAMAR,65+,M,S,Y,A,1
2024,3,11,REGION VIII (EASTERN VISAYAS),LEYTE,25-64,M,S,Y,A,1
2024,3,11,REGION VIII (EASTERN VISAYAS),LEYTE,5-14,M,S,Y,A,1
2024,3,11,REGION VIII (EASTERN VISAYAS),NORTHERN SAMAR,25-64,M,S,Y,A,1
2024,3,11,REGION VIII (EASTERN VISAYAS),NORTHERN SAMAR,5-14,M,S,Y,A,2
2024,3,11,REGION VIII (EASTERN VISAYAS),NORTHERN SAMAR,65+,F,S,Y,A,1
2024,3,11,REGION VIII (EASTERN VISAYAS),SAMAR,25-64,F,S,Y,A,2
2024,3,11,REGION VIII (EASTERN VISAYAS),SAMAR,5-14,M,S,Y,A,1
2024,3,11,REGION XII (SOCCSKSARGEN),SULTAN KUDARAT,0-4,F,S,Y,A,2
2024,3,11,REGION XII (SOCCSKSARGEN),SULTAN KUDARAT,0-4,M,S,N,A,1
2024,3,11,REGION XII (SOCCSKSARGEN),SULTAN KUDARAT,0-4,M,S,Y,A,1
2024,3,11,REGION XII (SOCCSKSARGEN),SULTAN KUDARAT,15-24,F,S,N,A,1
2024,3,11,REGION XII (SOCCSKSARGEN),SULTAN KUDARAT,25-64,M,S,Y,A,3
2024,3,11,REGION XII (SOCCSKSARGEN),SULTAN KUDARAT,5-14,F,S,N,A,4
2024,3,11,REGION XII (SOCCSKSARGEN),SULTAN KUDARAT,5-14,F,S,Y,A,1
2024,3,11,REGION XII (SOCCSKSARGEN),SULTAN KUDARAT,5-14,M,S,Y,A,1
2024,3,11,REGION XII (SOCCSKSARGEN),SULTAN KUDARAT,65+,F,S,N,A,1
2024,3,12,BANGSAMORO AUTONOMOUS REGION IN MUSLIM MINDANAO (BARMM),MAGUINDANAO DEL NORTE,5-14,M,S,Y,A,1
2024,3,12,BANGSAMORO AUTONOMOUS REGION IN MUSLIM MINDANAO (BARMM),TAWI-TAWI,25-64,M,S,Y,A,1
2024,3,12,CORDILLERA ADMINISTRATIVE REGION (CAR),BENGUET,25-64,M,S,Y,A,1
2024,3,12,NEGROS ISLAND REGION (NIR),CITY OF BACOLOD,25-64,M,S,Y,A,1
2024,3,12,NEGROS ISLAND REGION (NIR),CITY OF BACOLOD,65+,M,S,Y,A,1
2024,3,12,NEGROS ISLAND REGION (NIR),NEGROS OCCIDENTAL,15-24,M,S,Y,A,1
2024,3,12,REGION IX (ZAMBOANGA PENINSULA),CITY OF ZAMBOANGA,25-64,F,S,Y,A,1
2024,3,12,REGION IX (ZAMBOANGA PENINSULA),CITY OF ZAMBOANGA,5-14,M,S,Y,A,1
2024,3,12,REGION V (BICOL REGION),CATANDUANES,15-24,F,S,Y,A,1
2024,3,12,REGION V (BICOL REGION),CATANDUANES,65+,F,S,Y,A,1
2024,3,12,REGION V (BICOL REGION),SORSOGON,5-14,F,S,Y,A,1
2024,3,12,REGION V (BICOL REGION),SORSOGON,5-14,M,S,Y,A,1
2024,3,12,REGION VII (CENTRAL VISAYAS),CEBU,25-64,F,S,Y,A,1
2024,3,12,REGION VII (CENTRAL VISAYAS),CITY OF CEBU,25-64,F,S,Y,A,1
2024,3,12,REGION VII (CENTRAL VISAYAS),CITY OF CEBU,25-64,M,S,Y,A,1
2024,3,12,REGION VII (CENTRAL VISAYAS),CITY OF LAPU-LAPU,25-64,M,S,Y,A,1
2024,3,12,REGION VIII (EASTERN VISAYAS),CITY OF TACLOBAN,65+,F,S,Y,A,1
2024,3,12,REGION VIII (EASTERN VISAYAS),EASTERN SAMAR,15-24,F,S,N,A,1
2024,3,12,REGION VIII (EASTERN VISAYAS),EASTERN SAMAR,15-24,F,S,Y,A,1
2024,3,12,REGION VIII (EASTERN VISAYAS),EASTERN SAMAR,25-64,M,S,N,A,1
2024,3,12,REGION VIII (EASTERN VISAYAS),EASTERN SAMAR,25-64,M,S,Y,A,2
2024,3,12,REGION VIII (EASTERN VISAYAS),EASTERN SAMAR,5-14,F,S,Y,A,1
2024,3,12,REGION VIII (EASTERN VISAYAS),EASTERN SAMAR,5-14,M,S,Y,A,1
2024,3,12,REGION VIII (EASTERN VISAYAS),EASTERN SAMAR,65+,F,S,Y,A,1
2024,3,12,REGION VIII (EASTERN VISAYAS),LEYTE,25-64,F,S,Y,A,2
2024,3,12,REGION VIII (EASTERN VISAYAS),LEYTE,25-64,M,S,Y,A,1
2024,3,12,REGION VIII (EASTERN VISAYAS),LEYTE,5-14,F,S,Y,A,1
2024,3,12,REGION VIII (EASTERN VISAYAS),LEYTE,5-14,M,S,Y,A,1
2024,3,12,REGION VIII (EASTERN VISAYAS),NORTHERN SAMAR,15-24,F,S,Y,A,1
2024,3,12,REGION VIII (EASTERN VISAYAS),NORTHERN SAMAR,25-64,F,S,Y,A,2
2024,3,12,REGION VIII (EASTERN VISAYAS),NORTHERN SAMAR,65+,M,S,Y,A,1
2024,3,12,REGION VIII (EASTERN VISAYAS),SAMAR,0-4,F,S,N,A,1
2024,3,12,REGION VIII (EASTERN VISAYAS),SAMAR,15-24,F,S,Y,A,3
2024,3,12,REGION VIII (EASTERN VISAYAS),SAMAR,25-64,F,S,Y,A,1
2024,3,12,REGION VIII (EASTERN VISAYAS),SAMAR,25-64,M,S,Y,A,1
2024,3,12,REGION VIII (EASTERN VISAYAS),SAMAR,5-14,F,S,Y,A,1
2024,3,12,REGION VIII (EASTERN VISAYAS),SAMAR,5-14,M,S,N,A,1
2024,3,12,REGION VIII (EASTERN VISAYAS),SAMAR,65+,F,S,Y,A,1
2024,3,12,REGION XII (SOCCSKSARGEN),SULTAN KUDARAT,0-4,F,S,Y,A,1
2024,3,12,REGION XII (SOCCSKSARGEN),SULTAN KUDARAT,15-24,F,S,Y,A,1
2024,3,12,REGION XII (SOCCSKSARGEN),SULTAN KUDARAT,5-14,F,S,Y,A,2
2024,3,12,REGION XIII (CARAGA),SURIGAO DEL SUR,5-14,F,S,Y,A,1
2024,3,13,NEGROS ISLAND REGION (NIR),CITY OF BACOLOD,25-64,F,S,Y,A,1
2024,3,13,NEGROS ISLAND REGION (NIR),CITY OF BACOLOD,25-64,M,S,Y,A,1
2024,3,13,NEGROS ISLAND REGION (NIR),CITY OF BACOLOD,65+,F,S,Y,A,1
2024,3,13,REGION IV-A (CALABARZON),LAGUNA,5-14,M,S,Y,A,1
2024,3,13,REGION V (BICOL REGION),CATANDUANES,25-64,F,S,Y,A,1
2024,3,13,REGION V (BICOL REGION),SORSOGON,15-24,M,S,Y,A,1
2024,3,13,REGION V (BICOL REGION),SORSOGON,5-14,F,S,Y,A,1
2024,3,13,REGION VIII (EASTERN VISAYAS),CITY OF TACLOBAN,65+,F,S,Y,A,1
2024,3,13,REGION VIII (EASTERN VISAYAS),EASTERN SAMAR,15-24,M,S,Y,A,1
2024,3,13,REGION VIII (EASTERN VISAYAS),EASTERN SAMAR,25-64,F,S,Y,A,3
2024,3,13,REGION VIII (EASTERN VISAYAS),EASTERN SAMAR,5-14,F,S,Y,A,1
2024,3,13,REGION VIII (EASTERN VISAYAS),EASTERN SAMAR,5-14,M,S,Y,A,1
2024,3,13,REGION VIII (EASTERN VISAYAS),EASTERN SAMAR,65+,F,S,Y,A,1
2024,3,13,REGION VIII (EASTERN VISAYAS),EASTERN SAMAR,65+,M,S,Y,A,1
2024,3,13,REGION VIII (EASTERN VISAYAS),LEYTE,15-24,F,S,Y,A,1
2024,3,13,REGION VIII (EASTERN VISAYAS),LEYTE,25-64,M,S,N,A,1
2024,3,13,REGION VIII (EASTERN VISAYAS),LEYTE,25-64,M,S,Y,A,1
2024,3,13,REGION VIII (EASTERN VISAYAS),LEYTE,5-14,M,S,Y,A,1
2024,3,13,REGION VIII (EASTERN VISAYAS),NORTHERN SAMAR,15-24,M,S,Y,A,1
2024,3,13,REGION VIII (EASTERN VISAYAS),NORTHERN SAMAR,25-64,F,S,Y,A,1
2024,3,13,REGION VIII (EASTERN VISAYAS),NORTHERN SAMAR,25-64,M,S,Y,A,1
2024,3,13,REGION VIII (EASTERN VISAYAS),NORTHERN SAMAR,5-14,F,S,Y,A,1
2024,3,13,REGION VIII (EASTERN VISAYAS),NORTHERN SAMAR,5-14,M,S,Y,A,1
2024,3,13,REGION VIII (EASTERN VISAYAS),NORTHERN SAMAR,65+,M,S,Y,A,1
2024,3,13,REGION VIII (EASTERN VISAYAS),SAMAR,25-64,M,S,Y,A,3
2024,3,13,REGION VIII (EASTERN VISAYAS),SAMAR,5-14,F,S,Y,A,1
2024,3,13,REGION XII (SOCCSKSARGEN),SULTAN KUDARAT,25-64,F,S,Y,A,1
2024,3,13,REGION XII (SOCCSKSARGEN),SULTAN KUDARAT,25-64,M,S,Y,A,1
2024,3,14,REGION V (BICOL REGION),CATANDUANES,25-64,F,S,Y,A,1
2024,3,14,REGION VIII (EASTERN VISAYAS),EASTERN SAMAR,5-14,M,S,Y,A,1
2024,3,14,REGION VIII (EASTERN VISAYAS),LEYTE,25-64,F,S,Y,A,1
2024,3,14,REGION VIII (EASTERN VISAYAS),NORTHERN SAMAR,25-64,F,S,Y,A,1
2024,3,14,REGION VIII (EASTERN VISAYAS),NORTHERN SAMAR,5-14,M,S,Y,A,1
2024,4,14,BANGSAMORO AUTONOMOUS REGION IN MUSLIM MINDANAO (BARMM),SPECIAL GEOGRAPHIC AREA,25-64,M,S,Y,A,1
2024,4,14,NEGROS ISLAND REGION (NIR),CITY OF BACOLOD,15-24,F,S,Y,A,1
2024,4,14,NEGROS ISLAND REGION (NIR),CITY OF BACOLOD,25-64,M,S,Y,A,1
2024,4,14,NEGROS ISLAND REGION (NIR),CITY OF BACOLOD,65+,F,S,Y,A,1
2024,4,14,NEGROS ISLAND REGION (NIR),NEGROS OCCIDENTAL,5-14,M,S,Y,A,1
2024,4,14,REGION III (CENTRAL LUZON),NUEVA ECIJA,25-64,M,S,Y,A,1
2024,4,14,REGION VIII (EASTERN VISAYAS),CITY OF TACLOBAN,25-64,F,S,Y,A,1
2024,4,14,REGION VIII (EASTERN VISAYAS),EASTERN SAMAR,25-64,F,S,Y,A,1
2024,4,14,REGION VIII (EASTERN VISAYAS),LEYTE,25-64,F,S,Y,A,1
2024,4,14,REGION VIII (EASTERN VISAYAS),LEYTE,5-14,F,S,Y,A,1
2024,4,14,REGION VIII (EASTERN VISAYAS),LEYTE,5-14,M,S,Y,A,1
2024,4,14,REGION VIII (EASTERN VISAYAS),LEYTE,65+,F,S,Y,A,1
2024,4,14,REGION VIII (EASTERN VISAYAS),NORTHERN SAMAR,25-64,F,S,Y,A,1
2024,4,14,REGION VIII (EASTERN VISAYAS),NORTHERN SAMAR,5-14,F,S,Y,A,1
2024,4,14,REGION VIII (EASTERN VISAYAS),NORTHERN SAMAR,5-14,M,S,Y,A,1
2024,4,14,REGION VIII (EASTERN VISAYAS),NORTHERN SAMAR,65+,F,S,Y,A,3
2024,4,14,REGION VIII (EASTERN VISAYAS),NORTHERN SAMAR,65+,M,S,Y,A,1
2024,4,14,REGION XIII (CARAGA),SURIGAO DEL SUR,25-64,F,S,Y,A,1
2024,4,15,NEGROS ISLAND REGION (NIR),CITY OF BACOLOD,15-24,F,S,Y,A,1
2024,4,15,NEGROS ISLAND REGION (NIR),CITY OF BACOLOD,65+,F,S,Y,A,2
2024,4,15,NEGROS ISLAND REGION (NIR),NEGROS OCCIDENTAL,25-64,F,S,Y,A,1
2024,4,15,NEGROS ISLAND REGION (NIR),NEGROS OCCIDENTAL,25-64,M,S,Y,A,1
2024,4,15,NEGROS ISLAND REGION (NIR),NEGROS OCCIDENTAL,65+,M,S,Y,A,1
2024,4,15,REGION II (CAGAYAN VALLEY),NUEVA VIZCAYA,0-4,F,S,Y,A,1
2024,4,15,REGION II (CAGAYAN VALLEY),NUEVA VIZCAYA,0-4,F,S,Y,A,1
2024,4,15,REGION II (CAGAYAN VALLEY),NUEVA VIZCAYA,5-14,F,S,Y,A,1
2024,4,15,REGION V (BICOL REGION),SORSOGON,5-14,M,S,Y,A,1
2024,4,15,REGION VIII (EASTERN VISAYAS),CITY OF TACLOBAN,5-14,M,S,Y,A,1
2024,4,15,REGION VIII (EASTERN VISAYAS),EASTERN SAMAR,25-64,F,S,Y,A,1
2024,4,15,REGION VIII (EASTERN VISAYAS),EASTERN SAMAR,25-64,M,S,Y,A,1
2024,4,15,REGION VIII (EASTERN VISAYAS),EASTERN SAMAR,5-14,F,S,Y,A,1
2024,4,15,REGION VIII (EASTERN VISAYAS),EASTERN SAMAR,5-14,M,S,Y,A,2
2024,4,15,REGION VIII (EASTERN VISAYAS),LEYTE,15-24,M,S,Y,A,1
2024,4,15,REGION VIII (EASTERN VISAYAS),LEYTE,25-64,F,S,Y,A,3
2024,4,15,REGION VIII (EASTERN VISAYAS),LEYTE,25-64,M,S,Y,A,1
2024,4,15,REGION VIII (EASTERN VISAYAS),LEYTE,5-14,F,S,Y,A,1
2024,4,15,REGION VIII (EASTERN VISAYAS),NORTHERN SAMAR,25-64,F,S,Y,A,1
2024,4,15,REGION VIII (EASTERN VISAYAS),NORTHERN SAMAR,25-64,M,S,Y,A,3
2024,4,15,REGION VIII (EASTERN VISAYAS),NORTHERN SAMAR,5-14,M,S,N,A,1
2024,4,15,REGION VIII (EASTERN VISAYAS),SAMAR,15-24,F,S,Y,A,1
2024,4,15,REGION VIII (EASTERN VISAYAS),SAMAR,25-64,F,S,N,A,1
2024,4,16,NATIONAL CAPITAL REGION (NCR),QUEZON CITY,5-14,M,S,Y,A,1
2024,4,16,NEGROS ISLAND REGION (NIR),CITY OF BACOLOD,25-64,M,S,Y,A,1
2024,4,16,REGION IV-A (CALABARZON),QUEZON,65+,F,C,Y,A,1
2024,4,16,REGION VIII (EASTERN VISAYAS),CITY OF TACLOBAN,25-64,F,S,N,A,1
2024,4,16,REGION VIII (EASTERN VISAYAS),CITY OF TACLOBAN,5-14,F,S,Y,A,1
2024,4,16,REGION VIII (EASTERN VISAYAS),CITY OF TACLOBAN,65+,F,S,Y,A,1
2024,4,16,REGION VIII (EASTERN VISAYAS),EASTERN SAMAR,25-64,F,S,Y,A,1
2024,4,16,REGION VIII (EASTERN VISAYAS),EASTERN SAMAR,25-64,M,S,Y,A,1
2024,4,16,REGION VIII (EASTERN VISAYAS),EASTERN SAMAR,5-14,M,S,Y,A,1
2024,4,16,REGION VIII (EASTERN VISAYAS),EASTERN SAMAR,65+,M,S,Y,A,2
2024,4,16,REGION VIII (EASTERN VISAYAS),LEYTE,25-64,F,S,Y,A,2
2024,4,16,REGION VIII (EASTERN VISAYAS),LEYTE,65+,F,S,Y,A,1
2024,4,16,REGION VIII (EASTERN VISAYAS),NORTHERN SAMAR,25-64,F,S,Y,A,1
2024,4,16,REGION VIII (EASTERN VISAYAS),NORTHERN SAMAR,25-64,M,S,Y,A,3
2024,4,16,REGION VIII (EASTERN VISAYAS),NORTHERN SAMAR,5-14,M,S,Y,A,1
2024,4,16,REGION VIII (EASTERN VISAYAS),NORTHERN SAMAR,65+,F,S,Y,A,1
2024,4,16,REGION VIII (EASTERN VISAYAS),SAMAR,25-64,F,S,Y,A,2
2024,4,17,MIMAROPA REGION,MARINDUQUE,5-14,M,S,N,A,1
2024,4,17,NEGROS ISLAND REGION (NIR),CITY OF BACOLOD,25-64,M,S,Y,A,1
2024,4,17,NEGROS ISLAND REGION (NIR),CITY OF BACOLOD,65+,F,S,Y,A,1
2024,4,17,NEGROS ISLAND REGION (NIR),NEGROS OCCIDENTAL,25-64,F,S,Y,A,2
2024,4,17,NEGROS ISLAND REGION (NIR),NEGROS OCCIDENTAL,25-64,M,S,Y,A,1
2024,4,17,NEGROS ISLAND REGION (NIR),NEGROS OCCIDENTAL,65+,M,S,Y,A,1
2024,4,17,REGION III (CENTRAL LUZON),PAMPANGA,15-24,M,S,Y,A,1
2024,4,17,REGION VII (CENTRAL VISAYAS),CITY OF MANDAUE,25-64,F,S,Y,D,1
2024,4,17,REGION VIII (EASTERN VISAYAS),CITY OF TACLOBAN,5-14,F,S,Y,A,1
2024,4,17,REGION VIII (EASTERN VISAYAS),CITY OF TACLOBAN,5-14,M,S,Y,A,1
2024,4,17,REGION VIII (EASTERN VISAYAS),EASTERN SAMAR,15-24,F,S,Y,A,1
2024,4,17,REGION VIII (EASTERN VISAYAS),EASTERN SAMAR,5-14,M,S,Y,A,1
2024,4,17,REGION VIII (EASTERN VISAYAS),LEYTE,15-24,F,S,Y,A,1
2024,4,17,REGION VIII (EASTERN VISAYAS),NORTHERN SAMAR,15-24,F,S,Y,A,1
2024,4,17,REGION VIII (EASTERN VISAYAS),NORTHERN SAMAR,25-64,F,S,Y,A,2
2024,4,17,REGION VIII (EASTERN VISAYAS),NORTHERN SAMAR,25-64,M,S,Y,A,4
2024,4,17,REGION VIII (EASTERN VISAYAS),NORTHERN SAMAR,5-14,F,S,Y,A,1
2024,4,17,REGION VIII (EASTERN VISAYAS),NORTHERN SAMAR,65+,F,S,Y,A,2
2024,4,17,REGION X (NORTHERN MINDANAO),CITY OF CAGAYAN DE ORO,5-14,M,S,Y,A,1
2024,4,17,REGION XII (SOCCSKSARGEN),COTABATO,15-24,F,S,Y,A,1
2024,4,17,REGION XII (SOCCSKSARGEN),COTABATO,25-64,M,S,Y,A,1
2024,4,17,REGION XII (SOCCSKSARGEN),COTABATO,5-14,M,S,Y,A,1
2024,4,18,NEGROS ISLAND REGION (NIR),CITY OF BACOLOD,25-64,M,S,N,A,1
2024,4,18,REGION IX (ZAMBOANGA PENINSULA),CITY OF ZAMBOANGA,15-24,M,S,Y,A,1
2024,4,18,REGION VIII (EASTERN VISAYAS),EASTERN SAMAR,15-24,M,S,Y,A,1
2024,4,18,REGION VIII (EASTERN VISAYAS),EASTERN SAMAR,25-64,M,S,Y,A,2
2024,4,18,REGION VIII (EASTERN VISAYAS),EASTERN SAMAR,5-14,F,S,Y,A,1
2024,4,18,REGION VIII (EASTERN VISAYAS),LEYTE,5-14,F,S,Y,A,1
2024,4,18,REGION VIII (EASTERN VISAYAS),SAMAR,25-64,F,S,Y,A,1
2024,5,18,NATIONAL CAPITAL REGION (NCR),CITY OF MANILA,25-64,M,C,N,A,1
2024,5,18,REGION VI (WESTERN VISAYAS),CITY OF ILOILO,15-24,F,S,Y,A,1
2024,5,18,REGION VIII (EASTERN VISAYAS),CITY OF TACLOBAN,25-64,M,S,Y,A,1
2024,5,18,REGION VIII (EASTERN VISAYAS),EASTERN SAMAR,25-64,F,S,Y,A,1
2024,5,18,REGION VIII (EASTERN VISAYAS),LEYTE,25-64,F,S,Y,A,1
2024,5,18,REGION VIII (EASTERN VISAYAS),NORTHERN SAMAR,15-24,F,S,Y,A,1
2024,5,18,REGION VIII (EASTERN VISAYAS),NORTHERN SAMAR,25-64,F,S,Y,A,2
2024,5,18,REGION VIII (EASTERN VISAYAS),NORTHERN SAMAR,25-64,M,S,Y,A,2
2024,5,18,REGION VIII (EASTERN VISAYAS),SAMAR,25-64,F,S,N,A,1
2024,5,18,REGION VIII (EASTERN VISAYAS),SAMAR,5-14,M,S,N,A,1
2024,5,18,REGION X (NORTHERN MINDANAO),MISAMIS ORIENTAL,5-14,M,S,Y,A,1
2024,5,19,NEGROS ISLAND REGION (NIR),CITY OF BACOLOD,25-64,F,S,Y,A,1
2024,5,19,NEGROS ISLAND REGION (NIR),CITY OF BACOLOD,5-14,M,S,Y,A,1
2024,5,19,NEGROS ISLAND REGION (NIR),NEGROS OCCIDENTAL,25-64,M,S,Y,A,1
2024,5,19,REGION III (CENTRAL LUZON),AURORA,25-64,F,S,Y,A,1
2024,5,19,REGION III (CENTRAL LUZON),AURORA,25-64,M,S,Y,A,1
2024,5,19,REGION VII (CENTRAL VISAYAS),CITY OF CEBU,65+,F,S,Y,D,1
2024,5,19,REGION VIII (EASTERN VISAYAS),LEYTE,25-64,F,S,Y,A,1
2024,5,19,REGION VIII (EASTERN VISAYAS),LEYTE,5-14,F,S,Y,A,2
2024,5,19,REGION VIII (EASTERN VISAYAS),NORTHERN SAMAR,15-24,F,S,Y,A,1
2024,5,19,REGION VIII (EASTERN VISAYAS),NORTHERN SAMAR,25-64,F,S,Y,A,5
2024,5,19,REGION VIII (EASTERN VISAYAS),NORTHERN SAMAR,25-64,M,S,Y,A,2
2024,5,19,REGION VIII (EASTERN VISAYAS),NORTHERN SAMAR,5-14,F,S,Y,A,1
2024,5,19,REGION VIII (EASTERN VISAYAS),NORTHERN SAMAR,65+,F,S,Y,A,1
2024,5,19,REGION VIII (EASTERN VISAYAS),SAMAR,15-24,F,S,Y,A,1
2024,5,19,REGION XI (DAVAO REGION),DAVAO ORIENTAL,0-4,F,S,N,A,1
2024,5,19,REGION XI (DAVAO REGION),DAVAO ORIENTAL,15-24,M,S,N,A,1
2024,5,19,REGION XI (DAVAO REGION),DAVAO ORIENTAL,5-14,F,S,N,A,1
2024,5,20,CORDILLERA ADMINISTRATIVE REGION (CAR),BAGUIO CITY,15-24,F,S,Y,A,1
2024,5,20,NEGROS ISLAND REGION (NIR),CITY OF BACOLOD,25-64,F,S,Y,A,1
2024,5,20,REGION IV-A (CALABARZON),LAGUNA,5-14,F,S,Y,A,1
2024,5,20,REGION IX (ZAMBOANGA PENINSULA),CITY OF ZAMBOANGA,5-14,F,S,N,A,1
2024,5,20,REGION IX (ZAMBOANGA PENINSULA),ZAMBOANGA DEL NORTE,0-4,F,S,N,A,1
2024,5,20,REGION IX (ZAMBOANGA PENINSULA),ZAMBOANGA DEL NORTE,0-4,M,S,N,A,1
2024,5,20,REGION IX (ZAMBOANGA PENINSULA),ZAMBOANGA DEL NORTE,0-4,M,S,Y,A,1
2024,5,20,REGION IX (ZAMBOANGA PENINSULA),ZAMBOANGA DEL NORTE,15-24,F,S,N,A,2
2024,5,20,REGION IX (ZAMBOANGA PENINSULA),ZAMBOANGA DEL NORTE,15-24,M,S,N,A,1
2024,5,20,REGION IX (ZAMBOANGA PENINSULA),ZAMBOANGA DEL NORTE,15-24,M,S,Y,A,1
2024,5,20,REGION IX (ZAMBOANGA PENINSULA),ZAMBOANGA DEL NORTE,25-64,F,S,N,A,1
2024,5,20,REGION IX (ZAMBOANGA PENINSULA),ZAMBOANGA DEL NORTE,25-64,F,S,Y,A,2
2024,5,20,REGION IX (ZAMBOANGA PENINSULA),ZAMBOANGA DEL NORTE,25-64,M,S,Y,A,1
2024,5,20,REGION IX (ZAMBOANGA PENINSULA),ZAMBOANGA DEL NORTE,5-14,M,S,N,D,1
2024,5,20,REGION VIII (EASTERN VISAYAS),EASTERN SAMAR,15-24,F,S,N,A,1
2024,5,20,REGION VIII (EASTERN VISAYAS),EASTERN SAMAR,5-14,F,S,Y,A,1
2024,5,20,REGION VIII (EASTERN VISAYAS),LEYTE,15-24,F,S,Y,A,2
2024,5,20,REGION VIII (EASTERN VISAYAS),NORTHERN SAMAR,15-24,F,S,Y,A,2
2024,5,20,REGION VIII (EASTERN VISAYAS),NORTHERN SAMAR,25-64,F,S,Y,A,6
2024,5,20,REGION VIII (EASTERN VISAYAS),NORTHERN SAMAR,25-64,M,S,Y,A,1
2024,5,20,REGION VIII (EASTERN VISAYAS),NORTHERN SAMAR,5-14,F,S,Y,A,1
2024,5,20,REGION VIII (EASTERN VISAYAS),NORTHERN SAMAR,5-14,M,S,Y,A,1
2024,5,20,REGION VIII (EASTERN VISAYAS),NORTHERN SAMAR,65+,F,S,Y,A,2
2024,5,20,REGION VIII (EASTERN VISAYAS),NORTHERN SAMAR,65+,M,S,Y,A,1
2024,5,21,NEGROS ISLAND REGION (NIR),NEGROS OCCIDENTAL,65+,F,S,Y,A,1
2024,5,21,REGION IX (ZAMBOANGA PENINSULA),ZAMBOANGA DEL NORTE,0-4,M,S,Y,A,1
2024,5,21,REGION IX (ZAMBOANGA PENINSULA),ZAMBOANGA DEL NORTE,5-14,F,S,N,A,1
2024,5,21,REGION VIII (EASTERN VISAYAS),CITY OF TACLOBAN,25-64,F,S,Y,A,1
2024,5,21,REGION VIII (EASTERN VISAYAS),CITY OF TACLOBAN,5-14,F,S,Y,A,1
2024,5,21,REGION VIII (EASTERN VISAYAS),EASTERN SAMAR,5-14,M,S,Y,A,1
2024,5,21,REGION VIII (EASTERN VISAYAS),LEYTE,15-24,F,S,Y,A,1
2024,5,21,REGION VIII (EASTERN VISAYAS),LEYTE,25-64,F,S,Y,A,2
2024,5,21,REGION VIII (EASTERN VISAYAS),LEYTE,25-64,M,S,Y,A,1
2024,5,21,REGION VIII (EASTERN VISAYAS),NORTHERN SAMAR,25-64,F,S,Y,A,2
2024,5,21,REGION VIII (EASTERN VISAYAS),NORTHERN SAMAR,25-64,M,S,Y,A,2
2024,5,21,REGION VIII (EASTERN VISAYAS),NORTHERN SAMAR,5-14,F,S,Y,A,1
2024,5,21,REGION VIII (EASTERN VISAYAS),SAMAR,65+,M,S,Y,A,1
2024,5,21,REGION X (NORTHERN MINDANAO),MISAMIS ORIENTAL,15-24,M,S,N,A,1
2024,5,21,REGION XII (SOCCSKSARGEN),COTABATO,25-64,M,S,Y,A,1
2024,5,22,BANGSAMORO AUTONOMOUS REGION IN MUSLIM MINDANAO (BARMM),MAGUINDANAO DEL SUR,15-24,F,S,Y,A,1
2024,5,22,BANGSAMORO AUTONOMOUS REGION IN MUSLIM MINDANAO (BARMM),MAGUINDANAO DEL SUR,15-24,M,S,Y,A,1
2024,5,22,BANGSAMORO AUTONOMOUS REGION IN MUSLIM MINDANAO (BARMM),MAGUINDANAO DEL SUR,25-64,F,S,Y,A,2
2024,5,22,BANGSAMORO AUTONOMOUS REGION IN MUSLIM MINDANAO (BARMM),MAGUINDANAO DEL SUR,5-14,F,S,Y,A,1
2024,5,22,BANGSAMORO AUTONOMOUS REGION IN MUSLIM MINDANAO (BARMM),MAGUINDANAO DEL SUR,5-14,M,S,Y,A,2
2024,5,22,NEGROS ISLAND REGION (NIR),CITY OF BACOLOD,25-64,M,S,Y,A,1
2024,5,22,NEGROS ISLAND REGION (NIR),NEGROS OCCIDENTAL,25-64,M,S,Y,A,1
2024,5,22,REGION II (CAGAYAN VALLEY),ISABELA,25-64,M,C,Y,A,1
2024,5,22,REGION IX (ZAMBOANGA PENINSULA),CITY OF ZAMBOANGA,5-14,F,S,Y,A,1
2024,5,22,REGION V (BICOL REGION),SORSOGON,5-14,F,S,Y,A,1
2024,5,22,REGION V (BICOL REGION),SORSOGON,5-14,M,S,Y,A,1
2024,5,22,REGION VII (CENTRAL VISAYAS),CEBU,0-4,M,S,Y,A,1
2024,5,22,REGION VIII (EASTERN VISAYAS),CITY OF TACLOBAN,5-14,F,S,Y,A,1
2024,5,22,REGION VIII (EASTERN VISAYAS),CITY OF TACLOBAN,65+,F,S,Y,A,1
2024,5,22,REGION VIII (EASTERN VISAYAS),LEYTE,25-64,F,S,Y,A,2
2024,5,22,REGION VIII (EASTERN VISAYAS),NORTHERN SAMAR,15-24,F,S,Y,A,1
2024,5,22,REGION VIII (EASTERN VISAYAS),NORTHERN SAMAR,15-24,M,S,Y,A,1
2024,5,22,REGION VIII (EASTERN VISAYAS),NORTHERN SAMAR,25-64,F,S,Y,A,1
2024,5,22,REGION VIII (EASTERN VISAYAS),NORTHERN SAMAR,25-64,M,S,Y,A,1
2024,5,22,REGION VIII (EASTERN VISAYAS),NORTHERN SAMAR,5-14,M,S,Y,A,2
2024,5,22,REGION VIII (EASTERN VISAYAS),NORTHERN SAMAR,65+,F,S,Y,A,1
2024,5,22,REGION VIII (EASTERN VISAYAS),SAMAR,15-24,M,S,N,A,1
2024,5,22,REGION X (NORTHERN MINDANAO),MISAMIS ORIENTAL,5-14,F,S,Y,A,1
2024,5,22,REGION XI (DAVAO REGION),DAVAO DEL NORTE,0-4,M,S,Y,A,1
2024,5,22,REGION XI (DAVAO REGION),DAVAO DEL NORTE,15-24,M,S,Y,A,1
2024,6,22,REGION V (BICOL REGION),SORSOGON,65+,M,S,Y,A,1
2024,6,22,REGION VIII (EASTERN VISAYAS),NORTHERN SAMAR,0-4,M,S,Y,A,1
2024,6,22,REGION VIII (EASTERN VISAYAS),NORTHERN SAMAR,25-64,F,S,Y,A,1
2024,6,22,REGION VIII (EASTERN VISAYAS),NORTHERN SAMAR,65+,M,S,Y,A,1
2024,6,23,BANGSAMORO AUTONOMOUS REGION IN MUSLIM MINDANAO (BARMM),MAGUINDANAO DEL NORTE,5-14,F,S,Y,A,3
2024,6,23,BANGSAMORO AUTONOMOUS REGION IN MUSLIM MINDANAO (BARMM),MAGUINDANAO DEL NORTE,5-14,M,S,Y,A,1
2024,6,23,NEGROS ISLAND REGION (NIR),CITY OF BACOLOD,5-14,F,S,Y,A,1
2024,6,23,NEGROS ISLAND REGION (NIR),CITY OF BACOLOD,5-14,F,S,Y,D,1
2024,6,23,NEGROS ISLAND REGION (NIR),NEGROS OCCIDENTAL,25-64,F,S,Y,A,1
2024,6,23,REGION IV-A (CALABARZON),LAGUNA,25-64,M,S,Y,A,1
2024,6,23,REGION IX (ZAMBOANGA PENINSULA),CITY OF ZAMBOANGA,5-14,F,S,Y,A,1
2024,6,23,REGION V (BICOL REGION),SORSOGON,5-14,M,S,Y,A,1
2024,6,23,REGION VIII (EASTERN VISAYAS),LEYTE,0-4,F,S,Y,A,1
2024,6,23,REGION VIII (EASTERN VISAYAS),LEYTE,25-64,M,S,Y,A,1
2024,6,23,REGION VIII (EASTERN VISAYAS),LEYTE,5-14,M,S,Y,A,1
2024,6,23,REGION VIII (EASTERN VISAYAS),NORTHERN SAMAR,25-64,F,S,Y,A,1
2024,6,23,REGION VIII (EASTERN VISAYAS),NORTHERN SAMAR,5-14,F,S,Y,A,2
2024,6,23,REGION VIII (EASTERN VISAYAS),NORTHERN SAMAR,65+,F,S,Y,A,1
2024,6,23,REGION VIII (EASTERN VISAYAS),SAMAR,25-64,F,S,N,A,1
2024,6,23,REGION VIII (EASTERN VISAYAS),SAMAR,25-64,F,S,Y,A,1
2024,6,23,REGION VIII (EASTERN VISAYAS),SAMAR,5-14,M,S,N,A,1
2024,6,23,REGION XI (DAVAO REGION),DAVAO DEL NORTE,0-4,F,S,Y,A,1
2024,6,23,REGION XI (DAVAO REGION),DAVAO DEL NORTE,25-64,M,S,N,A,1
2024,6,23,REGION XI (DAVAO REGION),DAVAO DEL NORTE,5-14,M,S,Y,A,1
2024,6,24,CORDILLERA ADMINISTRATIVE REGION (CAR),IFUGAO,65+,F,S,Y,A,1
2024,6,24,NEGROS ISLAND REGION (NIR),CITY OF BACOLOD,25-64,F,S,Y,A,1
2024,6,24,NEGROS ISLAND REGION (NIR),CITY OF BACOLOD,25-64,M,S,Y,D,1
2024,6,24,NEGROS ISLAND REGION (NIR),CITY OF BACOLOD,65+,M,S,Y,A,1
2024,6,24,NEGROS ISLAND REGION (NIR),NEGROS OCCIDENTAL,65+,F,S,Y,A,1
2024,6,24,REGION IX (ZAMBOANGA PENINSULA),CITY OF ZAMBOANGA,0-4,F,S,N,A,1
2024,6,24,REGION IX (ZAMBOANGA PENINSULA),CITY OF ZAMBOANGA,5-14,F,S,N,A,1
2024,6,24,REGION IX (ZAMBOANGA PENINSULA),CITY OF ZAMBOANGA,5-14,M,S,N,A,1
2024,6,24,REGION IX (ZAMBOANGA PENINSULA),CITY OF ZAMBOANGA,5-14,M,S,Y,A,1
2024,6,24,REGION IX (ZAMBOANGA PENINSULA),CITY OF ZAMBOANGA,65+,F,S,Y,A,1
2024,6,24,REGION V (BICOL REGION),SORSOGON,65+,F,S,Y,A,1
2024,6,24,REGION VIII (EASTERN VISAYAS),EASTERN SAMAR,25-64,F,S,Y,A,1
2024,6,24,REGION VIII (EASTERN VISAYAS),EASTERN SAMAR,5-14,M,S,Y,A,1
2024,6,24,REGION VIII (EASTERN VISAYAS),LEYTE,25-64,M,S,Y,A,1
2024,6,24,REGION VIII (EASTERN VISAYAS),LEYTE,5-14,M,S,Y,A,2
2024,6,24,REGION VIII (EASTERN VISAYAS),LEYTE,65+,F,S,Y,A,1
2024,6,24,REGION VIII (EASTERN VISAYAS),NORTHERN SAMAR,15-24,F,S,Y,A,1
2024,6,24,REGION VIII (EASTERN VISAYAS),NORTHERN SAMAR,15-24,M,S,Y,A,1
2024,6,24,REGION VIII (EASTERN VISAYAS),NORTHERN SAMAR,25-64,F,S,Y,A,2
2024,6,24,REGION VIII (EASTERN VISAYAS),NORTHERN SAMAR,25-64,M,S,Y,A,1
2024,6,24,REGION VIII (EASTERN VISAYAS),NORTHERN SAMAR,5-14,M,S,Y,A,1
2024,6,24,REGION VIII (EASTERN VISAYAS),NORTHERN SAMAR,65+,F,S,Y,A,2
2024,6,24,REGION VIII (EASTERN VISAYAS),SAMAR,25-64,F,S,N,A,1
2024,6,24,REGION VIII (EASTERN VISAYAS),SAMAR,5-14,F,S,N,A,1
2024,6,24,REGION VIII (EASTERN VISAYAS),SAMAR,65+,M,S,Y,A,1
2024,6,24,REGION X (NORTHERN MINDANAO),MISAMIS ORIENTAL,5-14,M,S,Y,A,1
2024,6,24,REGION XII (SOCCSKSARGEN),SOUTH COTABATO,25-64,F,S,N,A,1
2024,6,24,REGION XII (SOCCSKSARGEN),SOUTH COTABATO,25-64,F,S,Y,A,1
2024,6,24,REGION XII (SOCCSKSARGEN),SOUTH COTABATO,25-64,M,C,Y,A,1
2024,6,24,REGION XII (SOCCSKSARGEN),SOUTH COTABATO,25-64,M,S,N,A,1
2024,6,24,REGION XII (SOCCSKSARGEN),SOUTH COTABATO,5-14,M,C,Y,A,1
2024,6,25,CORDILLERA ADMINISTRATIVE REGION (CAR),BENGUET,25-64,F,S,Y,A,1
2024,6,25,NEGROS ISLAND REGION (NIR),CITY OF BACOLOD,65+,M,S,Y,A,1
2024,6,25,NEGROS ISLAND REGION (NIR),NEGROS OCCIDENTAL,5-14,M,S,Y,A,1
2024,6,25,REGION II (CAGAYAN VALLEY),NUEVA VIZCAYA,25-64,M,S,Y,A,1
2024,6,25,REGION III (CENTRAL LUZON),NUEVA ECIJA,25-64,M,S,Y,D,1
2024,6,25,REGION IX (ZAMBOANGA PENINSULA),CITY OF ZAMBOANGA,25-64,F,S,Y,A,1
2024,6,25,REGION IX (ZAMBOANGA PENINSULA),CITY OF ZAMBOANGA,5-14,F,S,Y,A,1
2024,6,25,REGION IX (ZAMBOANGA PENINSULA),CITY OF ZAMBOANGA,65+,M,S,Y,A,1
2024,6,25,REGION VI (WESTERN VISAYAS),CITY OF ILOILO,5-14,F,S,Y,A,1
2024,6,25,REGION VIII (EASTERN VISAYAS),CITY OF TACLOBAN,5-14,M,S,Y,A,2
2024,6,25,REGION VIII (EASTERN VISAYAS),EASTERN SAMAR,5-14,F,S,Y,A,1
2024,6,25,REGION VIII (EASTERN VISAYAS),EASTERN SAMAR,65+,F,S,Y,A,1
2024,6,25,REGION VIII (EASTERN VISAYAS),LEYTE,25-64,M,S,Y,A,1
2024,6,25,REGION VIII (EASTERN VISAYAS),LEYTE,5-14,F,S,N,A,1
2024,6,25,REGION VIII (EASTERN VISAYAS),LEYTE,5-14,M,S,Y,A,2
2024,6,25,REGION VIII (EASTERN VISAYAS),LEYTE,65+,M,S,Y,A,1
2024,6,25,REGION VIII (EASTERN VISAYAS),NORTHERN SAMAR,15-24,F,S,Y,A,1
2024,6,25,REGION VIII (EASTERN VISAYAS),NORTHERN SAMAR,15-24,M,S,Y,A,1
2024,6,25,REGION VIII (EASTERN VISAYAS),NORTHERN SAMAR,25-64,F,S,Y,A,1
2024,6,25,REGION VIII (EASTERN VISAYAS),NORTHERN SAMAR,25-64,M,S,Y,A,2
2024,6,25,REGION VIII (EASTERN VISAYAS),NORTHERN SAMAR,5-14,F,S,Y,A,1
2024,6,25,REGION VIII (EASTERN VISAYAS),NORTHERN SAMAR,5-14,M,S,Y,A,2
2024,6,25,REGION VIII (EASTERN VISAYAS),NORTHERN SAMAR,65+,M,S,Y,A,1
2024,6,25,REGION VIII (EASTERN VISAYAS),SAMAR,0-4,M,S,N,A,1
2024,6,25,REGION VIII (EASTERN VISAYAS),SAMAR,25-64,F,S,Y,A,1
2024,6,25,REGION VIII (EASTERN VISAYAS),SAMAR,65+,M,S,N,A,1
2024,6,25,REGION X (NORTHERN MINDANAO),BUKIDNON,15-24,F,S,Y,A,1
2024,6,25,REGION XII (SOCCSKSARGEN),SOUTH COTABATO,0-4,F,S,N,A,1
2024,6,25,REGION XII (SOCCSKSARGEN),SOUTH COTABATO,0-4,M,S,N,A,1
2024,6,25,REGION XII (SOCCSKSARGEN),SOUTH COTABATO,0-4,M,S,Y,A,1
2024,6,25,REGION XII (SOCCSKSARGEN),SOUTH COTABATO,15-24,F,S,Y,A,1
2024,6,25,REGION XII (SOCCSKSARGEN),SOUTH COTABATO,15-24,M,C,Y,A,1
2024,6,25,REGION XII (SOCCSKSARGEN),SOUTH COTABATO,15-24,M,S,Y,A,2
2024,6,25,REGION XII (SOCCSKSARGEN),SOUTH COTABATO,25-64,M,S,N,A,3
2024,6,25,REGION XII (SOCCSKSARGEN),SOUTH COTABATO,25-64,M,S,Y,D,1
2024,6,25,REGION XII (SOCCSKSARGEN),SOUTH COTABATO,5-14,F,S,N,A,3
2024,6,25,REGION XII (SOCCSKSARGEN),SOUTH COTABATO,5-14,F,S,Y,A,2
2024,6,25,REGION XII (SOCCSKSARGEN),SOUTH COTABATO,5-14,M,S,N,A,1
2024,6,25,REGION XII (SOCCSKSARGEN),SOUTH COTABATO,5-14,M,S,Y,A,3
2024,6,25,REGION XIII (CARAGA),SURIGAO DEL SUR,15-24,F,S,Y,A,1
2024,6,26,CORDILLERA ADMINISTRATIVE REGION (CAR),BAGUIO CITY,25-64,F,S,Y,A,1
2024,6,26,NEGROS ISLAND REGION (NIR),CITY OF BACOLOD,25-64,M,S,Y,A,1
2024,6,26,NEGROS ISLAND REGION (NIR),CITY OF BACOLOD,5-14,M,S,Y,A,1
2024,6,26,REGION IX (ZAMBOANGA PENINSULA),CITY OF ZAMBOANGA,15-24,M,S,Y,A,1
2024,6,26,REGION VII (CENTRAL VISAYAS),CEBU,25-64,M,C,N,D,1
2024,6,26,REGION VII (CENTRAL VISAYAS),CITY OF CEBU,0-4,F,S,Y,D,1
2024,6,26,REGION VII (CENTRAL VISAYAS),CITY OF CEBU,25-64,F,S,Y,A,1
2024,6,26,REGION VIII (EASTERN VISAYAS),EASTERN SAMAR,25-64,F,S,Y,A,1
2024,6,26,REGION VIII (EASTERN VISAYAS),EASTERN SAMAR,5-14,F,S,Y,A,1
2024,6,26,REGION VIII (EASTERN VISAYAS),LEYTE,25-64,F,S,Y,A,2
2024,6,26,REGION VIII (EASTERN VISAYAS),LEYTE,25-64,M,S,Y,A,1
2024,6,26,REGION VIII (EASTERN VISAYAS),LEYTE,5-14,F,S,Y,A,2
2024,6,26,REGION VIII (EASTERN VISAYAS),NORTHERN SAMAR,15-24,F,S,Y,A,1
2024,6,26,REGION VIII (EASTERN VISAYAS),NORTHERN SAMAR,15-24,M,S,Y,A,1
2024,6,26,REGION VIII (EASTERN VISAYAS),NORTHERN SAMAR,25-64,F,S,Y,A,4
2024,6,26,REGION VIII (EASTERN VISAYAS),NORTHERN SAMAR,25-64,M,S,Y,A,2
2024,6,26,REGION VIII (EASTERN VISAYAS),NORTHERN SAMAR,5-14,M,S,Y,A,1
2024,6,26,REGION VIII (EASTERN VISAYAS),NORTHERN SAMAR,65+,F,S,Y,A,1
2024,6,26,REGION VIII (EASTERN VISAYAS),SAMAR,25-64,M,S,Y,A,2
2024,6,26,REGION VIII (EASTERN VISAYAS),SAMAR,65+,F,S,Y,A,1
2024,6,26,REGION XII (SOCCSKSARGEN),SOUTH COTABATO,15-24,M,S,Y,A,1
2024,6,26,REGION XII (SOCCSKSARGEN),SOUTH COTABATO,65+,M,S,Y,A,1
2024,6,27,REGION V (BICOL REGION),SORSOGON,5-14,M,S,Y,A,1
2024,6,27,REGION VIII (EASTERN VISAYAS),EASTERN SAMAR,65+,M,S,Y,A,1
2024,6,27,REGION VIII (EASTERN VISAYAS),NORTHERN SAMAR,65+,M,S,Y,A,1
2024,6,27,REGION XII (SOCCSKSARGEN),COTABATO,25-64,F,S,Y,A,1
2024,7,27,NEGROS ISLAND REGION (NIR),CITY OF BACOLOD,15-24,F,S,Y,A,1
2024,7,27,NEGROS ISLAND REGION (NIR),CITY OF BACOLOD,25-64,M,S,Y,A,1
2024,7,27,NEGROS ISLAND REGION (NIR),NEGROS OCCIDENTAL,15-24,F,S,Y,A,1
2024,7,27,REGION IX (ZAMBOANGA PENINSULA),CITY OF ZAMBOANGA,25-64,M,S,Y,A,2
2024,7,27,REGION V (BICOL REGION),SORSOGON,5-14,M,S,Y,A,2
2024,7,27,REGION VI (WESTERN VISAYAS),ANTIQUE,15-24,F,S,N,A,1
2024,7,27,REGION VI (WESTERN VISAYAS),ANTIQUE,25-64,M,S,Y,A,1
2024,7,27,REGION VIII (EASTERN VISAYAS),EASTERN SAMAR,25-64,F,S,N,A,1
2024,7,27,REGION VIII (EASTERN VISAYAS),EASTERN SAMAR,25-64,M,S,N,A,1
2024,7,27,REGION VIII (EASTERN VISAYAS),LEYTE,15-24,F,S,Y,A,2
2024,7,27,REGION VIII (EASTERN VISAYAS),LEYTE,25-64,M,S,Y,A,2
2024,7,27,REGION VIII (EASTERN VISAYAS),LEYTE,65+,F,S,Y,A,1
2024,7,27,REGION VIII (EASTERN VISAYAS),NORTHERN SAMAR,25-64,F,S,Y,A,3
2024,7,27,REGION VIII (EASTERN VISAYAS),NORTHERN SAMAR,25-64,M,S,Y,A,5
2024,7,27,REGION VIII (EASTERN VISAYAS),NORTHERN SAMAR,5-14,M,S,Y,A,1
2024,7,27,REGION VIII (EASTERN VISAYAS),SAMAR,15-24,F,S,N,A,2
2024,7,27,REGION VIII (EASTERN VISAYAS),SAMAR,25-64,M,S,Y,A,1
2024,7,28,CORDILLERA ADMINISTRATIVE REGION (CAR),BAGUIO CITY,25-64,F,S,Y,A,1
2024,7,28,CORDILLERA ADMINISTRATIVE REGION (CAR),BENGUET,25-64,M,S,Y,A,1
2024,7,28,MIMAROPA REGION,ROMBLON,0-4,M,S,N,A,1
2024,7,28,MIMAROPA REGION,ROMBLON,5-14,F,S,N,A,1
2024,7,28,NEGROS ISLAND REGION (NIR),CITY OF BACOLOD,25-64,F,S,Y,A,1
2024,7,28,NEGROS ISLAND REGION (NIR),CITY OF BACOLOD,65+,M,S,Y,A,1
2024,7,28,NEGROS ISLAND REGION (NIR),NEGROS OCCIDENTAL,15-24,F,S,Y,A,1
2024,7,28,REGION IX (ZAMBOANGA PENINSULA),CITY OF ZAMBOANGA,25-64,M,S,Y,A,1
2024,7,28,REGION V (BICOL REGION),SORSOGON,5-14,F,S,Y,A,1
2024,7,28,REGION V (BICOL REGION),SORSOGON,5-14,M,S,Y,A,3
2024,7,28,REGION VIII (EASTERN VISAYAS),CITY OF TACLOBAN,5-14,M,S,Y,A,1
2024,7,28,REGION VIII (EASTERN VISAYAS),CITY OF TACLOBAN,5-14,M,S,Y,D,1
2024,7,28,REGION VIII (EASTERN VISAYAS),EASTERN SAMAR,5-14,F,S,Y,A,2
2024,7,28,REGION VIII (EASTERN VISAYAS),LEYTE,25-64,F,S,N,A,1
2024,7,28,REGION VIII (EASTERN VISAYAS),LEYTE,25-64,F,S,Y,D,1
2024,7,28,REGION VIII (EASTERN VISAYAS),LEYTE,25-64,M,S,N,A,1
2024,7,28,REGION VIII (EASTERN VISAYAS),NORTHERN SAMAR,25-64,F,S,Y,A,3
2024,7,28,REGION VIII (EASTERN VISAYAS),NORTHERN SAMAR,25-64,M,S,Y,A,1
2024,7,28,REGION VIII (EASTERN VISAYAS),NORTHERN SAMAR,5-14,F,S,Y,A,2
2024,7,28,REGION VIII (EASTERN VISAYAS),NORTHERN SAMAR,5-14,M,S,Y,A,2
2024,7,28,REGION VIII (EASTERN VISAYAS),NORTHERN SAMAR,65+,F,S,Y,A,1
2024,7,28,REGION VIII (EASTERN VISAYAS),NORTHERN SAMAR,65+,M,S,Y,A,1
2024,7,28,REGION VIII (EASTERN VISAYAS),SAMAR,25-64,M,S,N,A,1
2024,7,28,REGION XII (SOCCSKSARGEN),SOUTH COTABATO,0-4,M,S,N,A,1
2024,7,28,REGION XII (SOCCSKSARGEN),SOUTH COTABATO,15-24,F,S,N,A,2
2024,7,28,REGION XII (SOCCSKSARGEN),SOUTH COTABATO,15-24,M,S,N,A,1
2024,7,28,REGION XII (SOCCSKSARGEN),SOUTH COTABATO,25-64,F,S,Y,A,2
2024,7,28,REGION XII (SOCCSKSARGEN),SOUTH COTABATO,25-64,M,S,N,A,4
2024,7,28,REGION XII (SOCCSKSARGEN),SOUTH COTABATO,25-64,M,S,Y,A,3
2024,7,28,REGION XII (SOCCSKSARGEN),SOUTH COTABATO,5-14,M,S,N,A,2
2024,7,28,REGION XII (SOCCSKSARGEN),SOUTH COTABATO,5-14,M,S,Y,A,1
2024,7,28,REGION XIII (CARAGA),SURIGAO DEL SUR,25-64,F,S,Y,A,1
2024,7,28,REGION XIII (CARAGA),SURIGAO DEL SUR,65+,F,S,Y,A,1
2024,7,29,MIMAROPA REGION,ROMBLON,0-4,F,S,N,A,1
2024,7,29,MIMAROPA REGION,ROMBLON,0-4,M,S,N,A,2
2024,7,29,MIMAROPA REGION,ROMBLON,5-14,M,S,N,A,1
2024,7,29,NEGROS ISLAND REGION (NIR),CITY OF BACOLOD,65+,F,S,N,A,1
2024,7,29,NEGROS ISLAND REGION (NIR),NEGROS OCCIDENTAL,65+,F,S,Y,A,1
2024,7,29,REGION IX (ZAMBOANGA PENINSULA),CITY OF ZAMBOANGA,25-64,M,S,N,A,1
2024,7,29,REGION IX (ZAMBOANGA PENINSULA),CITY OF ZAMBOANGA,25-64,M,S,Y,A,1
2024,7,29,REGION IX (ZAMBOANGA PENINSULA),CITY OF ZAMBOANGA,5-14,F,S,Y,A,1
2024,7,29,REGION IX (ZAMBOANGA PENINSULA),CITY OF ZAMBOANGA,5-14,M,S,Y,A,1
2024,7,29,REGION V (BICOL REGION),SORSOGON,5-14,F,S,Y,A,1
2024,7,29,REGION V (BICOL REGION),SORSOGON,5-14,M,S,Y,A,1
2024,7,29,REGION VIII (EASTERN VISAYAS),CITY OF TACLOBAN,65+,F,S,Y,A,1
2024,7,29,REGION VIII (EASTERN VISAYAS),LEYTE,15-24,M,S,Y,A,1
2024,7,29,REGION VIII (EASTERN VISAYAS),NORTHERN SAMAR,15-24,F,S,Y,A,1
2024,7,29,REGION VIII (EASTERN VISAYAS),NORTHERN SAMAR,25-64,F,S,Y,A,1
2024,7,29,REGION VIII (EASTERN VISAYAS),NORTHERN SAMAR,25-64,M,S,Y,A,2
2024,7,29,REGION VIII (EASTERN VISAYAS),NORTHERN SAMAR,5-14,M,S,Y,A,3
2024,7,29,REGION VIII (EASTERN VISAYAS),NORTHERN SAMAR,65+,F,S,Y,A,3
2024,7,29,REGION VIII (EASTERN VISAYAS),NORTHERN SAMAR,65+,M,S,Y,A,1
2024,7,29,REGION VIII (EASTERN VISAYAS),SAMAR,15-24,M,S,Y,A,1
2024,7,29,REGION VIII (EASTERN VISAYAS),SAMAR,65+,F,S,N,A,1
2024,7,29,REGION XII (SOCCSKSARGEN),SOUTH COTABATO,5-14,F,S,N,A,1
2024,7,29,REGION XII (SOCCSKSARGEN),SOUTH COTABATO,65+,M,S,N,A,1
2024,7,30,BANGSAMORO AUTONOMOUS REGION IN MUSLIM MINDANAO (BARMM),MAGUINDANAO DEL NORTE,0-4,M,S,N,A,1
2024,7,30,BANGSAMORO AUTONOMOUS REGION IN MUSLIM MINDANAO (BARMM),MAGUINDANAO DEL NORTE,15-24,M,S,Y,A,1
2024,7,30,NEGROS ISLAND REGION (NIR),CITY OF BACOLOD,65+,F,S,Y,A,2
2024,7,30,NEGROS ISLAND REGION (NIR),NEGROS OCCIDENTAL,25-64,F,S,Y,A,1
2024,7,30,NEGROS ISLAND REGION (NIR),NEGROS OCCIDENTAL,65+,F,S,Y,D,1
2024,7,30,REGION IX (ZAMBOANGA PENINSULA),CITY OF ISABELA (NOT A PROVINCE),5-14,F,S,Y,A,1
2024,7,30,REGION IX (ZAMBOANGA PENINSULA),CITY OF ZAMBOANGA,0-4,F,S,Y,A,1
2024,7,30,REGION IX (ZAMBOANGA PENINSULA),CITY OF ZAMBOANGA,15-24,F,S,Y,A,1
2024,7,30,REGION IX (ZAMBOANGA PENINSULA),CITY OF ZAMBOANGA,5-14,F,S,Y,A,1
2024,7,30,REGION IX (ZAMBOANGA PENINSULA),CITY OF ZAMBOANGA,5-14,M,S,Y,A,1
2024,7,30,REGION V (BICOL REGION),SORSOGON,5-14,M,S,Y,A,1
2024,7,30,REGION V (BICOL REGION),SORSOGON,65+,F,S,Y,A,1
2024,7,30,REGION V (BICOL REGION),SORSOGON,65+,M,S,Y,A,1
2024,7,30,REGION VIII (EASTERN VISAYAS),LEYTE,25-64,M,S,Y,A,1
2024,7,30,REGION VIII (EASTERN VISAYAS),LEYTE,5-14,M,S,Y,A,1
2024,7,30,REGION VIII (EASTERN VISAYAS),NORTHERN SAMAR,15-24,M,S,Y,A,1
2024,7,30,REGION VIII (EASTERN VISAYAS),NORTHERN SAMAR,25-64,F,S,Y,A,8
2024,7,30,REGION VIII (EASTERN VISAYAS),NORTHERN SAMAR,25-64,M,S,N,A,1
2024,7,30,REGION VIII (EASTERN VISAYAS),NORTHERN SAMAR,25-64,M,S,Y,A,3
2024,7,30,REGION VIII (EASTERN VISAYAS),NORTHERN SAMAR,5-14,F,S,Y,A,1
2024,7,30,REGION VIII (EASTERN VISAYAS),NORTHERN SAMAR,5-14,M,S,Y,A,1
2024,7,30,REGION VIII (EASTERN VISAYAS),NORTHERN SAMAR,65+,M,S,Y,A,1
2024,7,30,REGION VIII (EASTERN VISAYAS),SAMAR,5-14,M,S,Y,A,1
2024,7,30,REGION XII (SOCCSKSARGEN),SOUTH COTABATO,25-64,F,S,N,A,1
2024,7,30,REGION XII (SOCCSKSARGEN),SOUTH COTABATO,5-14,F,S,N,A,2
2024,7,30,REGION XII (SOCCSKSARGEN),SOUTH COTABATO,5-14,M,S,N,A,1
2024,7,30,REGION XIII (CARAGA),SURIGAO DEL SUR,25-64,M,S,N,A,1
2024,7,30,REGION XIII (CARAGA),SURIGAO DEL SUR,25-64,M,S,Y,A,1
2024,7,30,REGION XIII (CARAGA),SURIGAO DEL SUR,65+,F,S,Y,A,1
2024,7,31,BANGSAMORO AUTONOMOUS REGION IN MUSLIM MINDANAO (BARMM),MAGUINDANAO DEL NORTE,5-14,M,S,Y,A,1
2024,7,31,NEGROS ISLAND REGION (NIR),CITY OF BACOLOD,65+,F,S,Y,A,1
2024,7,31,REGION IX (ZAMBOANGA PENINSULA),CITY OF ZAMBOANGA,5-14,F,S,Y,A,1
2024,7,31,REGION IX (ZAMBOANGA PENINSULA),CITY OF ZAMBOANGA,65+,F,S,Y,A,1
2024,7,31,REGION VII (CENTRAL VISAYAS),CITY OF CEBU,25-64,F,S,Y,A,1
2024,7,31,REGION VIII (EASTERN VISAYAS),CITY OF TACLOBAN,25-64,F,S,Y,A,1
2024,7,31,REGION VIII (EASTERN VISAYAS),CITY OF TACLOBAN,5-14,M,S,Y,A,1
2024,7,31,REGION VIII (EASTERN VISAYAS),LEYTE,25-64,F,S,N,A,1
2024,7,31,REGION VIII (EASTERN VISAYAS),NORTHERN SAMAR,15-24,F,S,Y,A,1
2024,7,31,REGION VIII (EASTERN VISAYAS),NORTHERN SAMAR,15-24,M,S,Y,A,1
2024,7,31,REGION VIII (EASTERN VISAYAS),NORTHERN SAMAR,25-64,F,S,Y,A,3
2024,7,31,REGION VIII (EASTERN VISAYAS),NORTHERN SAMAR,5-14,M,S,Y,A,1
2024,7,31,REGION VIII (EASTERN VISAYAS),NORTHERN SAMAR,65+,F,S,Y,A,1
2024,7,31,REGION VIII (EASTERN VISAYAS),NORTHERN SAMAR,65+,M,S,Y,A,2
2024,8,31,NEGROS ISLAND REGION (NIR),CITY OF BACOLOD,25-64,M,S,Y,A,1
2024,8,31,REGION VIII (EASTERN VISAYAS),NORTHERN SAMAR,25-64,F,S,Y,A,1
2024,8,31,REGION VIII (EASTERN VISAYAS),NORTHERN SAMAR,5-14,F,S,N,A,1
2024,8,32,BANGSAMORO AUTONOMOUS REGION IN MUSLIM MINDANAO (BARMM),MAGUINDANAO DEL NORTE,0-4,F,S,Y,A,1
2024,8,32,BANGSAMORO AUTONOMOUS REGION IN MUSLIM MINDANAO (BARMM),MAGUINDANAO DEL NORTE,0-4,M,S,N,A,1
2024,8,32,BANGSAMORO AUTONOMOUS REGION IN MUSLIM MINDANAO (BARMM),MAGUINDANAO DEL NORTE,0-4,M,S,Y,A,1
2024,8,32,BANGSAMORO AUTONOMOUS REGION IN MUSLIM MINDANAO (BARMM),MAGUINDANAO DEL NORTE,15-24,M,S,N,A,1
2024,8,32,BANGSAMORO AUTONOMOUS REGION IN MUSLIM MINDANAO (BARMM),MAGUINDANAO DEL NORTE,25-64,F,S,N,A,3
2024,8,32,BANGSAMORO AUTONOMOUS REGION IN MUSLIM MINDANAO (BARMM),MAGUINDANAO DEL NORTE,25-64,M,S,N,A,4
2024,8,32,BANGSAMORO AUTONOMOUS REGION IN MUSLIM MINDANAO (BARMM),MAGUINDANAO DEL NORTE,5-14,F,S,N,A,1
2024,8,32,BANGSAMORO AUTONOMOUS REGION IN MUSLIM MINDANAO (BARMM),MAGUINDANAO DEL NORTE,5-14,F,S,Y,A,2
2024,8,32,BANGSAMORO AUTONOMOUS REGION IN MUSLIM MINDANAO (BARMM),MAGUINDANAO DEL NORTE,5-14,M,S,Y,A,1
2024,8,32,BANGSAMORO AUTONOMOUS REGION IN MUSLIM MINDANAO (BARMM),MAGUINDANAO DEL NORTE,65+,F,S,N,A,1
2024,8,32,NATIONAL CAPITAL REGION (NCR),CITY OF MANILA,25-64,F,S,Y,A,1
2024,8,32,NEGROS ISLAND REGION (NIR),CITY OF BACOLOD,25-64,F,S,Y,A,1
2024,8,32,NEGROS ISLAND REGION (NIR),CITY OF BACOLOD,65+,F,S,Y,A,1
2024,8,32,NEGROS ISLAND REGION (NIR),NEGROS OCCIDENTAL,15-24,M,S,Y,A,1
2024,8,32,NEGROS ISLAND REGION (NIR),NEGROS OCCIDENTAL,25-64,F,S,Y,A,1
2024,8,32,NEGROS ISLAND REGION (NIR),NEGROS OCCIDENTAL,65+,F,S,Y,A,1
2024,8,32,REGION IV-A (CALABARZON),LAGUNA,25-64,M,S,Y,A,2
2024,8,32,REGION IV-A (CALABARZON),LAGUNA,65+,F,S,Y,A,1
2024,8,32,REGION IX (ZAMBOANGA PENINSULA),CITY OF ZAMBOANGA,15-24,F,S,Y,A,1
2024,8,32,REGION IX (ZAMBOANGA PENINSULA),CITY OF ZAMBOANGA,25-64,F,S,Y,A,2
2024,8,32,REGION IX (ZAMBOANGA PENINSULA),CITY OF ZAMBOANGA,65+,M,C,Y,A,1
2024,8,32,REGION VIII (EASTERN VISAYAS),LEYTE,25-64,F,S,Y,A,1
2024,8,32,REGION VIII (EASTERN VISAYAS),LEYTE,5-14,M,S,Y,A,1
2024,8,32,REGION VIII (EASTERN VISAYAS),NORTHERN SAMAR,15-24,F,S,Y,A,1
2024,8,32,REGION VIII (EASTERN VISAYAS),NORTHERN SAMAR,15-24,M,S,Y,A,1
2024,8,32,REGION VIII (EASTERN VISAYAS),NORTHERN SAMAR,25-64,F,S,Y,A,6
2024,8,32,REGION VIII (EASTERN VISAYAS),NORTHERN SAMAR,25-64,M,S,Y,A,3
2024,8,32,REGION VIII (EASTERN VISAYAS),NORTHERN SAMAR,5-14,F,S,Y,A,1
2024,8,32,REGION VIII (EASTERN VISAYAS),NORTHERN SAMAR,65+,F,S,Y,A,3
2024,8,32,REGION VIII (EASTERN VISAYAS),SAMAR,65+,M,S,Y,A,1
2024,8,32,REGION XII (SOCCSKSARGEN),SOUTH COTABATO,15-24,F,S,N,A,1
2024,8,32,REGION XII (SOCCSKSARGEN),SOUTH COTABATO,5-14,F,S,N,A,1
2024,8,33,BANGSAMORO AUTONOMOUS REGION IN MUSLIM MINDANAO (BARMM),MAGUINDANAO DEL NORTE,5-14,M,S,Y,A,1
2024,8,33,MIMAROPA REGION,OCCIDENTAL MINDORO,15-24,F,S,Y,D,1
2024,8,33,REGION IX (ZAMBOANGA PENINSULA),CITY OF ZAMBOANGA,5-14,M,S,Y,A,1
2024,8,33,REGION IX (ZAMBOANGA PENINSULA),ZAMBOANGA DEL NORTE,5-14,M,S,Y,A,1
2024,8,33,REGION V (BICOL REGION),SORSOGON,5-14,F,S,Y,A,1
2024,8,33,REGION V (BICOL REGION),SORSOGON,5-14,M,S,Y,A,1
2024,8,33,REGION VIII (EASTERN VISAYAS),LEYTE,25-64,F,S,Y,A,1
2024,8,33,REGION VIII (EASTERN VISAYAS),LEYTE,25-64,M,S,Y,A,1
2024,8,33,REGION VIII (EASTERN VISAYAS),LEYTE,5-14,M,S,Y,A,1
2024,8,33,REGION VIII (EASTERN VISAYAS),NORTHERN SAMAR,15-24,F,S,Y,A,1
2024,8,33,REGION VIII (EASTERN VISAYAS),NORTHERN SAMAR,15-24,M,S,Y,A,2
2024,8,33,REGION VIII (EASTERN VISAYAS),NORTHERN SAMAR,25-64,M,S,Y,A,2
2024,8,33,REGION VIII (EASTERN VISAYAS),NORTHERN SAMAR,5-14,M,S,Y,A,2
2024,8,34,NEGROS ISLAND REGION (NIR),CITY OF BACOLOD,25-64,M,S,Y,A,1
2024,8,34,NEGROS ISLAND REGION (NIR),CITY OF BACOLOD,65+,M,S,Y,A,1
2024,8,34,NEGROS ISLAND REGION (NIR),NEGROS OCCIDENTAL,25-64,F,S,Y,A,1
2024,8,34,NEGROS ISLAND REGION (NIR),NEGROS OCCIDENTAL,25-64,M,S,Y,A,1
2024,8,34,REGION IX (ZAMBOANGA PENINSULA),CITY OF ZAMBOANGA,25-64,M,S,Y,A,1
2024,8,34,REGION IX (ZAMBOANGA PENINSULA),CITY OF ZAMBOANGA,5-14,M,S,Y,A,1
2024,8,34,REGION VIII (EASTERN VISAYAS),LEYTE,15-24,F,S,Y,A,1
2024,8,34,REGION VIII (EASTERN VISAYAS),LEYTE,15-24,M,S,Y,A,1
2024,8,34,REGION VIII (EASTERN VISAYAS),LEYTE,25-64,F,S,Y,A,1
2024,8,34,REGION VIII (EASTERN VISAYAS),LEYTE,25-64,M,S,N,A,1
2024,8,34,REGION VIII (EASTERN VISAYAS),NORTHERN SAMAR,25-64,F,S,Y,A,1
2024,8,34,REGION VIII (EASTERN VISAYAS),NORTHERN SAMAR,25-64,M,S,Y,A,1
2024,8,34,REGION VIII (EASTERN VISAYAS),NORTHERN SAMAR,5-14,F,S,Y,A,1
2024,8,34,REGION VIII (EASTERN VISAYAS),NORTHERN SAMAR,5-14,M,S,Y,A,1
2024,8,34,REGION X (NORTHERN MINDANAO),CITY OF CAGAYAN DE ORO,25-64,F,S,Y,A,1
2024,8,34,REGION XI (DAVAO REGION),DAVAO DEL NORTE,15-24,F,S,N,A,3
2024,8,34,REGION XI (DAVAO REGION),DAVAO DEL NORTE,25-64,F,S,N,A,10
2024,8,34,REGION XI (DAVAO REGION),DAVAO DEL NORTE,25-64,M,S,N,A,2
2024,8,34,REGION XI (DAVAO REGION),DAVAO DEL NORTE,5-14,F,S,N,A,3
2024,8,34,REGION XI (DAVAO REGION),DAVAO DEL NORTE,5-14,M,S,N,A,9
2024,8,34,REGION XI (DAVAO REGION),DAVAO DEL NORTE,65+,F,S,N,A,3
2024,8,35,BANGSAMORO AUTONOMOUS REGION IN MUSLIM MINDANAO (BARMM),MAGUINDANAO DEL NORTE,5-14,F,S,Y,A,1
2024,8,35,NEGROS ISLAND REGION (NIR),CITY OF BACOLOD,25-64,M,S,Y,A,1
2024,8,35,REGION IX (ZAMBOANGA PENINSULA),CITY OF ISABELA (NOT A PROVINCE),25-64,M,S,Y,A,1
2024,8,35,REGION IX (ZAMBOANGA PENINSULA),CITY OF ZAMBOANGA,25-64,F,S,Y,A,2
2024,8,35,REGION IX (ZAMBOANGA PENINSULA),CITY OF ZAMBOANGA,5-14,M,S,Y,A,1
2024,8,35,REGION VIII (EASTERN VISAYAS),EASTERN SAMAR,25-64,M,S,N,A,2
2024,8,35,REGION VIII (EASTERN VISAYAS),LEYTE,25-64,F,S,Y,A,2
2024,8,35,REGION VIII (EASTERN VISAYAS),LEYTE,5-14,M,S,Y,A,1
2024,8,35,REGION VIII (EASTERN VISAYAS),NORTHERN SAMAR,15-24,F,S,Y,A,1
2024,8,35,REGION VIII (EASTERN VISAYAS),NORTHERN SAMAR,25-64,F,S,Y,A,3
2024,8,35,REGION VIII (EASTERN VISAYAS),NORTHERN SAMAR,5-14,F,S,Y,A,1
2024,8,35,REGION VIII (EASTERN VISAYAS),NORTHERN SAMAR,5-14,M,S,Y,A,3
2024,8,35,REGION VIII (EASTERN VISAYAS),NORTHERN SAMAR,65+,F,S,Y,A,1
2024,8,35,REGION VIII (EASTERN VISAYAS),SOUTHERN LEYTE,15-24,F,S,Y,A,1
2024,8,35,REGION VIII (EASTERN VISAYAS),SOUTHERN LEYTE,5-14,M,S,Y,A,1
2024,8,35,REGION VIII (EASTERN VISAYAS),SOUTHERN LEYTE,65+,F,S,Y,A,1
2024,8,35,REGION XII (SOCCSKSARGEN),SULTAN KUDARAT,25-64,M,S,Y,A,1
2024,9,36,NEGROS ISLAND REGION (NIR),CITY OF BACOLOD,15-24,F,S,N,A,1
2024,9,36,NEGROS ISLAND REGION (NIR),NEGROS OCCIDENTAL,25-64,F,S,Y,D,1
2024,9,36,REGION IX (ZAMBOANGA PENINSULA),CITY OF ZAMBOANGA,15-24,F,S,Y,A,1
2024,9,36,REGION IX (ZAMBOANGA PENINSULA),CITY OF ZAMBOANGA,25-64,F,S,Y,A,1
2024,9,36,REGION IX (ZAMBOANGA PENINSULA),CITY OF ZAMBOANGA,25-64,M,S,Y,A,2
2024,9,36,REGION VIII (EASTERN VISAYAS),EASTERN SAMAR,5-14,F,S,N,A,1
2024,9,36,REGION VIII (EASTERN VISAYAS),NORTHERN SAMAR,25-64,F,S,Y,A,2
2024,9,36,REGION VIII (EASTERN VISAYAS),NORTHERN SAMAR,25-64,M,S,Y,A,2
2024,9,36,REGION VIII (EASTERN VISAYAS),NORTHERN SAMAR,5-14,F,S,Y,A,1
2024,9,36,REGION VIII (EASTERN VISAYAS),NORTHERN SAMAR,5-14,M,S,Y,A,1
2024,9,36,REGION VIII (EASTERN VISAYAS),SAMAR,25-64,M,S,Y,A,1
2024,9,37,BANGSAMORO AUTONOMOUS REGION IN MUSLIM MINDANAO (BARMM),SPECIAL GEOGRAPHIC AREA,25-64,F,S,Y,A,1
2024,9,37,BANGSAMORO AUTONOMOUS REGION IN MUSLIM MINDANAO (BARMM),SPECIAL GEOGRAPHIC AREA,5-14,M,S,Y,A,1
2024,9,37,NEGROS ISLAND REGION (NIR),CITY OF BACOLOD,25-64,M,S,Y,A,1
2024,9,37,NEGROS ISLAND REGION (NIR),NEGROS OCCIDENTAL,5-14,M,S,Y,A,1
2024,9,37,REGION IX (ZAMBOANGA PENINSULA),CITY OF ZAMBOANGA,15-24,F,S,Y,A,1
2024,9,37,REGION IX (ZAMBOANGA PENINSULA),CITY OF ZAMBOANGA,15-24,M,S,Y,A,1
2024,9,37,REGION IX (ZAMBOANGA PENINSULA),CITY OF ZAMBOANGA,5-14,F,S,Y,A,1
2024,9,37,REGION V (BICOL REGION),SORSOGON,25-64,F,S,Y,A,1
2024,9,37,REGION V (BICOL REGION),SORSOGON,25-64,M,S,Y,A,1
2024,9,37,REGION VII (CENTRAL VISAYAS),CITY OF CEBU,25-64,M,S,Y,A,1
2024,9,37,REGION VIII (EASTERN VISAYAS),LEYTE,25-64,F,S,Y,A,1
2024,9,37,REGION VIII (EASTERN VISAYAS),LEYTE,25-64,M,S,Y,A,1
2024,9,37,REGION VIII (EASTERN VISAYAS),NORTHERN SAMAR,5-14,F,S,Y,A,1
2024,9,37,REGION VIII (EASTERN VISAYAS),NORTHERN SAMAR,5-14,M,S,Y,A,2
2024,9,37,REGION VIII (EASTERN VISAYAS),NORTHERN SAMAR,65+,M,S,Y,A,1
2024,9,37,REGION VIII (EASTERN VISAYAS),SAMAR,5-14,F,S,N,A,1
2024,9,37,REGION XII (SOCCSKSARGEN),COTABATO,0-4,F,S,Y,A,2
2024,9,37,REGION XII (SOCCSKSARGEN),COTABATO,15-24,M,S,Y,A,1
2024,9,37,REGION XII (SOCCSKSARGEN),COTABATO,25-64,M,S,Y,A,1
2024,9,37,REGION XII (SOCCSKSARGEN),SOUTH COTABATO,0-4,M,S,N,A,1
2024,9,38,NEGROS ISLAND REGION (NIR),CITY OF BACOLOD,0-4,M,S,Y,A,1
2024,9,38,NEGROS ISLAND REGION (NIR),CITY OF BACOLOD,25-64,M,S,Y,A,2
2024,9,38,NEGROS ISLAND REGION (NIR),NEGROS OCCIDENTAL,15-24,M,S,Y,A,1
2024,9,38,NEGROS ISLAND REGION (NIR),NEGROS OCCIDENTAL,25-64,M,S,Y,A,1
2024,9,38,NEGROS ISLAND REGION (NIR),NEGROS OCCIDENTAL,5-14,M,S,Y,A,1
2024,9,38,NEGROS ISLAND REGION (NIR),NEGROS OCCIDENTAL,65+,F,S,Y,A,1
2024,9,38,REGION III (CENTRAL LUZON),PAMPANGA,15-24,F,S,Y,A,1
2024,9,38,REGION III (CENTRAL LUZON),PAMPANGA,25-64,F,S,Y,A,1
2024,9,38,REGION III (CENTRAL LUZON),PAMPANGA,25-64,M,S,Y,A,1
2024,9,38,REGION IV-A (CALABARZON),BATANGAS,25-64,M,S,Y,D,1
2024,9,38,REGION IX (ZAMBOANGA PENINSULA),CITY OF ZAMBOANGA,5-14,M,S,Y,A,1
2024,9,38,REGION VII (CENTRAL VISAYAS),CITY OF CEBU,65+,F,S,Y,A,1
2024,9,38,REGION VIII (EASTERN VISAYAS),LEYTE,25-64,M,S,N,A,1
2024,9,38,REGION VIII (EASTERN VISAYAS),LEYTE,25-64,M,S,Y,A,1
2024,9,38,REGION VIII (EASTERN VISAYAS),LEYTE,5-14,F,S,N,A,1
2024,9,38,REGION VIII (EASTERN VISAYAS),LEYTE,5-14,F,S,Y,A,1
2024,9,38,REGION VIII (EASTERN VISAYAS),LEYTE,5-14,M,S,Y,A,1
2024,9,38,REGION VIII (EASTERN VISAYAS),NORTHERN SAMAR,15-24,F,S,Y,A,2
2024,9,38,REGION VIII (EASTERN VISAYAS),NORTHERN SAMAR,25-64,M,S,Y,A,2
2024,9,38,REGION VIII (EASTERN VISAYAS),NORTHERN SAMAR,65+,F,S,Y,A,1
2024,9,38,REGION XII (SOCCSKSARGEN),CITY OF GENERAL SANTOS,25-64,M,S,Y,A,1
2024,9,38,REGION XII (SOCCSKSARGEN),COTABATO,25-64,M,S,Y,A,1
2024,9,39,BANGSAMORO AUTONOMOUS REGION IN MUSLIM MINDANAO (BARMM),SPECIAL GEOGRAPHIC AREA,0-4,F,S,Y,A,1
2024,9,39,NEGROS ISLAND REGION (NIR),CITY OF BACOLOD,65+,F,S,Y,A,1
2024,9,39,NEGROS ISLAND REGION (NIR),NEGROS OCCIDENTAL,25-64,F,S,Y,A,1
2024,9,39,REGION IX (ZAMBOANGA PENINSULA),CITY OF ZAMBOANGA,25-64,F,S,Y,A,1
2024,9,39,REGION IX (ZAMBOANGA PENINSULA),CITY OF ZAMBOANGA,5-14,F,S,Y,A,1
2024,9,39,REGION V (BICOL REGION),SORSOGON,5-14,M,S,Y,A,1
2024,9,39,REGION VIII (EASTERN VISAYAS),LEYTE,65+,M,S,N,A,1
2024,9,39,REGION VIII (EASTERN VISAYAS),NORTHERN SAMAR,25-64,M,S,Y,A,1
2024,9,39,REGION VIII (EASTERN VISAYAS),NORTHERN SAMAR,5-14,F,S,Y,A,1
2024,9,39,REGION VIII (EASTERN VISAYAS),NORTHERN SAMAR,5-14,M,S,Y,A,1
2024,9,39,REGION VIII (EASTERN VISAYAS),NORTHERN SAMAR,65+,F,S,Y,A,2
2024,9,39,REGION VIII (EASTERN VISAYAS),NORTHERN SAMAR,65+,M,S,Y,A,1
2024,9,40,NEGROS ISLAND REGION (NIR),CITY OF BACOLOD,25-64,M,S,Y,A,1
2024,9,40,NEGROS ISLAND REGION (NIR),NEGROS OCCIDENTAL,65+,M,S,Y,A,1
2024,9,40,REGION VIII (EASTERN VISAYAS),NORTHERN SAMAR,65+,F,S,Y,A,1
2024,9,40,REGION VIII (EASTERN VISAYAS),NORTHERN SAMAR,65+,M,S,Y,A,1
2024,10,40,NEGROS ISLAND REGION (NIR),CITY OF BACOLOD,15-24,F,S,Y,A,1
2024,10,40,NEGROS ISLAND REGION (NIR),CITY OF BACOLOD,25-64,F,S,Y,A,2
2024,10,40,NEGROS ISLAND REGION (NIR),CITY OF BACOLOD,25-64,M,S,Y,A,1
2024,10,40,REGION VIII (EASTERN VISAYAS),LEYTE,15-24,F,S,Y,A,1
2024,10,40,REGION VIII (EASTERN VISAYAS),LEYTE,25-64,F,S,Y,A,1
2024,10,40,REGION VIII (EASTERN VISAYAS),LEYTE,25-64,M,S,Y,A,1
2024,10,40,REGION VIII (EASTERN VISAYAS),NORTHERN SAMAR,15-24,M,S,Y,A,1
2024,10,40,REGION VIII (EASTERN VISAYAS),NORTHERN SAMAR,25-64,F,S,Y,A,2
2024,10,40,REGION VIII (EASTERN VISAYAS),NORTHERN SAMAR,25-64,M,S,Y,A,3
2024,10,40,REGION VIII (EASTERN VISAYAS),NORTHERN SAMAR,5-14,M,S,Y,A,1
2024,10,40,REGION VIII (EASTERN VISAYAS),NORTHERN SAMAR,65+,M,S,Y,A,2
2024,10,41,BANGSAMORO AUTONOMOUS REGION IN MUSLIM MINDANAO (BARMM),MAGUINDANAO DEL NORTE,65+,M,S,Y,A,1
2024,10,41,BANGSAMORO AUTONOMOUS REGION IN MUSLIM MINDANAO (BARMM),SPECIAL GEOGRAPHIC AREA,25-64,M,S,Y,A,1
2024,10,41,NEGROS ISLAND REGION (NIR),CITY OF BACOLOD,25-64,M,S,Y,A,1
2024,10,41,NEGROS ISLAND REGION (NIR),NEGROS OCCIDENTAL,65+,M,S,Y,A,1
2024,10,41,REGION IX (ZAMBOANGA PENINSULA),CITY OF ZAMBOANGA,15-24,M,S,Y,A,1
2024,10,41,REGION IX (ZAMBOANGA PENINSULA),CITY OF ZAMBOANGA,25-64,F,S,Y,A,1
2024,10,41,REGION IX (ZAMBOANGA PENINSULA),CITY OF ZAMBOANGA,25-64,M,S,Y,A,1
2024,10,41,REGION VIII (EASTERN VISAYAS),LEYTE,15-24,F,S,Y,A,2
2024,10,41,REGION VIII (EASTERN VISAYAS),NORTHERN SAMAR,15-24,F,S,Y,A,1
2024,10,41,REGION VIII (EASTERN VISAYAS),NORTHERN SAMAR,25-64,F,S,Y,A,2
2024,10,41,REGION VIII (EASTERN VISAYAS),NORTHERN SAMAR,25-64,M,S,Y,A,1
2024,10,41,REGION VIII (EASTERN VISAYAS),NORTHERN SAMAR,5-14,M,S,Y,A,2
2024,10,41,REGION VIII (EASTERN VISAYAS),NORTHERN SAMAR,65+,F,S,Y,A,2
2024,10,42,BANGSAMORO AUTONOMOUS REGION IN MUSLIM MINDANAO (BARMM),SPECIAL GEOGRAPHIC AREA,25-64,M,S,Y,A,1
2024,10,42,CORDILLERA ADMINISTRATIVE REGION (CAR),IFUGAO,15-24,M,S,Y,A,1
2024,10,42,NATIONAL CAPITAL REGION (NCR),CITY OF MANILA,25-64,F,S,Y,D,1
2024,10,42,NEGROS ISLAND REGION (NIR),CITY OF BACOLOD,25-64,F,S,Y,A,2
2024,10,42,NEGROS ISLAND REGION (NIR),NEGROS OCCIDENTAL,25-64,F,S,Y,A,1
2024,10,42,REGION III (CENTRAL LUZON),CITY OF OLONGAPO,5-14,F,S,Y,A,1
2024,10,42,REGION IX (ZAMBOANGA PENINSULA),CITY OF ZAMBOANGA,15-24,F,S,Y,A,2
2024,10,42,REGION IX (ZAMBOANGA PENINSULA),CITY OF ZAMBOANGA,5-14,F,S,Y,A,1
2024,10,42,REGION VIII (EASTERN VISAYAS),LEYTE,15-24,M,S,N,A,1
2024,10,42,REGION VIII (EASTERN VISAYAS),LEYTE,5-14,F,S,Y,A,1
2024,10,42,REGION VIII (EASTERN VISAYAS),LEYTE,5-14,M,S,Y,A,1
2024,10,42,REGION VIII (EASTERN VISAYAS),NORTHERN SAMAR,15-24,M,S,Y,A,1
2024,10,42,REGION VIII (EASTERN VISAYAS),NORTHERN SAMAR,25-64,F,S,Y,A,1
2024,10,42,REGION VIII (EASTERN VISAYAS),NORTHERN SAMAR,25-64,M,S,Y,A,3
2024,10,42,REGION VIII (EASTERN VISAYAS),NORTHERN SAMAR,5-14,M,S,Y,A,1
2024,10,42,REGION VIII (EASTERN VISAYAS),NORTHERN SAMAR,65+,M,S,Y,A,1
2024,10,42,REGION VIII (EASTERN VISAYAS),SOUTHERN LEYTE,25-64,M,S,N,A,1
2024,10,42,REGION XII (SOCCSKSARGEN),COTABATO,65+,M,S,Y,A,1
2024,10,43,NATIONAL CAPITAL REGION (NCR),CITY OF MANILA,25-64,M,C,N,A,1
2024,10,43,NEGROS ISLAND REGION (NIR),CITY OF BACOLOD,25-64,M,S,Y,A,1
2024,10,43,NEGROS ISLAND REGION (NIR),CITY OF BACOLOD,65+,M,S,Y,A,1
2024,10,43,NEGROS ISLAND REGION (NIR),NEGROS OCCIDENTAL,25-64,M,S,Y,D,1
2024,10,43,NEGROS ISLAND REGION (NIR),NEGROS OCCIDENTAL,65+,M,S,Y,A,1
2024,10,43,REGION IX (ZAMBOANGA PENINSULA),CITY OF ISABELA (NOT A PROVINCE),15-24,M,S,N,A,1
2024,10,43,REGION IX (ZAMBOANGA PENINSULA),CITY OF ZAMBOANGA,25-64,F,S,Y,A,1
2024,10,43,REGION IX (ZAMBOANGA PENINSULA),CITY OF ZAMBOANGA,5-14,F,S,Y,A,2
2024,10,43,REGION VIII (EASTERN VISAYAS),LEYTE,25-64,F,S,Y,A,1
2024,10,43,REGION VIII (EASTERN VISAYAS),LEYTE,5-14,M,S,Y,A,3
2024,10,43,REGION VIII (EASTERN VISAYAS),NORTHERN SAMAR,25-64,F,S,Y,A,4
2024,10,43,REGION VIII (EASTERN VISAYAS),NORTHERN SAMAR,5-14,M,S,Y,A,1
2024,10,43,REGION VIII (EASTERN VISAYAS),NORTHERN SAMAR,65+,F,S,Y,A,2
2024,10,43,REGION VIII (EASTERN VISAYAS),SOUTHERN LEYTE,25-64,M,S,N,A,2
2024,10,43,REGION XII (SOCCSKSARGEN),COTABATO,5-14,M,S,Y,A,1
2024,10,44,NEGROS ISLAND REGION (NIR),CITY OF BACOLOD,25-64,F,S,Y,D,1
2024,10,44,NEGROS ISLAND REGION (NIR),CITY OF BACOLOD,5-14,M,S,Y,A,1
2024,10,44,REGION VIII (EASTERN VISAYAS),LEYTE,25-64,M,S,Y,A,1
2024,10,44,REGION VIII (EASTERN VISAYAS),NORTHERN SAMAR,25-64,F,S,Y,A,2
2024,10,44,REGION VIII (EASTERN VISAYAS),NORTHERN SAMAR,25-64,M,S,Y,A,1
2024,10,44,REGION VIII (EASTERN VISAYAS),NORTHERN SAMAR,5-14,F,S,Y,A,1
2024,10,44,REGION VIII (EASTERN VISAYAS),NORTHERN SAMAR,65+,F,S,Y,A,1
2024,10,44,REGION VIII (EASTERN VISAYAS),SAMAR,5-14,F,S,N,A,1
2024,10,44,REGION VIII (EASTERN VISAYAS),SOUTHERN LEYTE,25-64,F,S,N,A,1
2024,11,11,CORDILLERA ADMINISTRATIVE REGION (CAR),BENGUET,0-4,M,S,Y,A,1
2024,11,44,BANGSAMORO AUTONOMOUS REGION IN MUSLIM MINDANAO (BARMM),BASILAN,15-24,F,S,Y,A,1
2024,11,44,NEGROS ISLAND REGION (NIR),CITY OF BACOLOD,25-64,F,S,Y,A,1
2024,11,44,REGION VIII (EASTERN VISAYAS),NORTHERN SAMAR,25-64,F,S,Y,A,2
2024,11,44,REGION VIII (EASTERN VISAYAS),NORTHERN SAMAR,5-14,M,S,Y,A,1
2024,11,44,REGION VIII (EASTERN VISAYAS),NORTHERN SAMAR,65+,F,S,Y,A,2
2024,11,44,REGION VIII (EASTERN VISAYAS),SOUTHERN LEYTE,25-64,M,S,N,A,1
2024,11,45,NATIONAL CAPITAL REGION (NCR),CITY OF MANILA,65+,F,S,Y,A,1
2024,11,45,NEGROS ISLAND REGION (NIR),CITY OF BACOLOD,25-64,F,S,Y,A,1
2024,11,45,NEGROS ISLAND REGION (NIR),CITY OF BACOLOD,25-64,M,S,Y,A,1
2024,11,45,NEGROS ISLAND REGION (NIR),CITY OF BACOLOD,5-14,F,S,Y,A,1
2024,11,45,NEGROS ISLAND REGION (NIR),CITY OF BACOLOD,65+,F,S,Y,A,1
2024,11,45,NEGROS ISLAND REGION (NIR),NEGROS OCCIDENTAL,5-14,M,S,Y,A,1
2024,11,45,REGION II (CAGAYAN VALLEY),NUEVA VIZCAYA,65+,F,S,Y,A,1
2024,11,45,REGION IX (ZAMBOANGA PENINSULA),CITY OF ZAMBOANGA,15-24,F,S,Y,A,1
2024,11,45,REGION IX (ZAMBOANGA PENINSULA),CITY OF ZAMBOANGA,15-24,M,S,Y,A,1
2024,11,45,REGION IX (ZAMBOANGA PENINSULA),CITY OF ZAMBOANGA,25-64,M,S,Y,A,3
2024,11,45,REGION IX (ZAMBOANGA PENINSULA),CITY OF ZAMBOANGA,5-14,F,S,Y,A,1
2024,11,45,REGION VIII (EASTERN VISAYAS),LEYTE,25-64,F,S,Y,A,2
2024,11,45,REGION VIII (EASTERN VISAYAS),LEYTE,25-64,M,S,Y,A,1
2024,11,45,REGION VIII (EASTERN VISAYAS),LEYTE,5-14,F,S,Y,A,1
2024,11,45,REGION VIII (EASTERN VISAYAS),LEYTE,5-14,M,S,Y,A,1
2024,11,45,REGION VIII (EASTERN VISAYAS),NORTHERN SAMAR,25-64,F,S,Y,A,1
2024,11,45,REGION VIII (EASTERN VISAYAS),NORTHERN SAMAR,25-64,M,S,Y,A,1
2024,11,45,REGION VIII (EASTERN VISAYAS),NORTHERN SAMAR,5-14,F,S,Y,A,1
2024,11,45,REGION VIII (EASTERN VISAYAS),NORTHERN SAMAR,5-14,M,S,Y,A,1
2024,11,45,REGION VIII (EASTERN VISAYAS),NORTHERN SAMAR,65+,F,S,Y,A,3
2024,11,45,REGION VIII (EASTERN VISAYAS),SAMAR,25-64,M,S,Y,A,1
2024,11,45,REGION VIII (EASTERN VISAYAS),SAMAR,65+,F,S,N,A,1
2024,11,45,REGION VIII (EASTERN VISAYAS),SAMAR,65+,M,S,Y,A,1
2024,11,45,REGION VIII (EASTERN VISAYAS),SOUTHERN LEYTE,15-24,F,S,N,A,1
2024,11,45,REGION VIII (EASTERN VISAYAS),SOUTHERN LEYTE,5-14,M,S,N,A,1
2024,11,45,REGION VIII (EASTERN VISAYAS),SOUTHERN LEYTE,65+,F,S,N,A,1
2024,11,45,REGION XI (DAVAO REGION),DAVAO ORIENTAL,0-4,F,S,Y,A,1
2024,11,45,REGION XII (SOCCSKSARGEN),COTABATO,5-14,M,S,Y,A,1
2024,11,46,BANGSAMORO AUTONOMOUS REGION IN MUSLIM MINDANAO (BARMM),SPECIAL GEOGRAPHIC AREA,15-24,F,S,Y,A,1
2024,11,46,CORDILLERA ADMINISTRATIVE REGION (CAR),BENGUET,5-14,M,S,Y,A,1
2024,11,46,NATIONAL CAPITAL REGION (NCR),CITY OF MANILA,15-24,F,S,Y,A,1
2024,11,46,NEGROS ISLAND REGION (NIR),CITY OF BACOLOD,65+,F,S,N,A,1
2024,11,46,NEGROS ISLAND REGION (NIR),CITY OF BACOLOD,65+,F,S,Y,A,1
2024,11,46,NEGROS ISLAND REGION (NIR),NEGROS OCCIDENTAL,25-64,M,S,Y,A,1
2024,11,46,NEGROS ISLAND REGION (NIR),NEGROS OCCIDENTAL,65+,M,S,Y,A,1
2024,11,46,REGION IX (ZAMBOANGA PENINSULA),CITY OF ZAMBOANGA,65+,M,S,Y,A,1
2024,11,46,REGION VIII (EASTERN VISAYAS),EASTERN SAMAR,25-64,F,S,N,A,1
2024,11,46,REGION VIII (EASTERN VISAYAS),EASTERN SAMAR,5-14,F,S,N,A,2
2024,11,46,REGION VIII (EASTERN VISAYAS),LEYTE,25-64,F,S,Y,A,1
2024,11,46,REGION VIII (EASTERN VISAYAS),LEYTE,5-14,M,S,N,A,1
2024,11,46,REGION VIII (EASTERN VISAYAS),NORTHERN SAMAR,25-64,F,S,Y,A,5
2024,11,46,REGION VIII (EASTERN VISAYAS),NORTHERN SAMAR,25-64,M,S,Y,A,1
2024,11,46,REGION VIII (EASTERN VISAYAS),NORTHERN SAMAR,5-14,M,S,Y,A,4
2024,11,46,REGION VIII (EASTERN VISAYAS),NORTHERN SAMAR,65+,F,S,Y,A,1
2024,11,46,REGION VIII (EASTERN VISAYAS),NORTHERN SAMAR,65+,M,S,Y,A,2
2024,11,46,REGION VIII (EASTERN VISAYAS),SAMAR,25-64,F,S,Y,A,1
2024,11,46,REGION XII (SOCCSKSARGEN),COTABATO,15-24,M,S,Y,A,1
2024,11,46,REGION XII (SOCCSKSARGEN),COTABATO,5-14,M,S,Y,A,1
2024,11,47,BANGSAMORO AUTONOMOUS REGION IN MUSLIM MINDANAO (BARMM),MAGUINDANAO DEL NORTE,15-24,M,S,Y,A,1
2024,11,47,NATIONAL CAPITAL REGION (NCR),CITY OF LAS PIÑAS,15-24,M,C,Y,A,1
2024,11,47,NEGROS ISLAND REGION (NIR),CITY OF BACOLOD,15-24,M,S,Y,D,1
2024,11,47,NEGROS ISLAND REGION (NIR),CITY OF BACOLOD,65+,F,S,Y,A,1
2024,11,47,REGION IX (ZAMBOANGA PENINSULA),CITY OF ZAMBOANGA,25-64,M,S,Y,A,1
2024,11,47,REGION IX (ZAMBOANGA PENINSULA),CITY OF ZAMBOANGA,65+,M,S,Y,A,1
2024,11,47,REGION VIII (EASTERN VISAYAS),LEYTE,25-64,F,S,Y,A,1
2024,11,47,REGION VIII (EASTERN VISAYAS),LEYTE,5-14,M,S,Y,A,1
2024,11,47,REGION VIII (EASTERN VISAYAS),NORTHERN SAMAR,15-24,F,S,Y,A,3
2024,11,47,REGION VIII (EASTERN VISAYAS),NORTHERN SAMAR,15-24,M,S,Y,A,1
2024,11,47,REGION VIII (EASTERN VISAYAS),NORTHERN SAMAR,25-64,F,S,Y,A,4
2024,11,47,REGION VIII (EASTERN VISAYAS),NORTHERN SAMAR,25-64,M,S,Y,A,5
2024,11,47,REGION VIII (EASTERN VISAYAS),NORTHERN SAMAR,5-14,F,S,Y,A,2
2024,11,47,REGION VIII (EASTERN VISAYAS),NORTHERN SAMAR,65+,F,S,Y,A,3
2024,11,47,REGION XIII (CARAGA),SURIGAO DEL NORTE,65+,F,S,N,A,1
2024,11,47,REGION XIII (CARAGA),SURIGAO DEL NORTE,65+,M,S,N,A,1
2024,11,48,BANGSAMORO AUTONOMOUS REGION IN MUSLIM MINDANAO (BARMM),MAGUINDANAO DEL NORTE,65+,M,S,Y,A,1
2024,11,48,NATIONAL CAPITAL REGION (NCR),CITY OF MANILA,25-64,F,S,Y,A,1
2024,11,48,REGION III (CENTRAL LUZON),BULACAN,25-64,M,C,Y,A,1
2024,11,48,REGION IX (ZAMBOANGA PENINSULA),CITY OF ZAMBOANGA,15-24,M,S,Y,A,1
2024,11,48,REGION IX (ZAMBOANGA PENINSULA),CITY OF ZAMBOANGA,25-64,F,S,Y,A,1
2024,11,48,REGION IX (ZAMBOANGA PENINSULA),CITY OF ZAMBOANGA,5-14,F,S,Y,A,1
2024,11,48,REGION VIII (EASTERN VISAYAS),LEYTE,0-4,M,S,Y,A,1
2024,11,48,REGION VIII (EASTERN VISAYAS),NORTHERN SAMAR,25-64,M,S,Y,A,3
2024,11,48,REGION VIII (EASTERN VISAYAS),NORTHERN SAMAR,5-14,F,S,Y,A,1
2024,12,49,BANGSAMORO AUTONOMOUS REGION IN MUSLIM MINDANAO (BARMM),SPECIAL GEOGRAPHIC AREA,25-64,M,S,Y,A,1
2024,12,49,NATIONAL CAPITAL REGION (NCR),CITY OF MANILA,65+,F,S,Y,A,1
2024,12,49,NEGROS ISLAND REGION (NIR),CITY OF BACOLOD,15-24,M,S,Y,A,1
2024,12,49,REGION IX (ZAMBOANGA PENINSULA),CITY OF ZAMBOANGA,5-14,M,S,Y,A,2
2024,12,49,REGION V (BICOL REGION),SORSOGON,5-14,F,S,Y,A,1
2024,12,49,REGION VIII (EASTERN VISAYAS),LEYTE,15-24,F,S,Y,A,1
2024,12,49,REGION VIII (EASTERN VISAYAS),LEYTE,25-64,M,S,Y,A,1
2024,12,49,REGION VIII (EASTERN VISAYAS),LEYTE,5-14,F,S,N,A,1
2024,12,49,REGION VIII (EASTERN VISAYAS),NORTHERN SAMAR,15-24,F,S,Y,A,1
2024,12,49,REGION VIII (EASTERN VISAYAS),NORTHERN SAMAR,15-24,M,S,Y,A,1
2024,12,49,REGION VIII (EASTERN VISAYAS),NORTHERN SAMAR,25-64,F,S,Y,A,1
2024,12,49,REGION VIII (EASTERN VISAYAS),NORTHERN SAMAR,25-64,M,S,Y,A,2
2024,12,49,REGION VIII (EASTERN VISAYAS),NORTHERN SAMAR,5-14,M,S,Y,A,2
2024,12,49,REGION VIII (EASTERN VISAYAS),NORTHERN SAMAR,65+,F,S,Y,A,2
2024,12,49,REGION VIII (EASTERN VISAYAS),NORTHERN SAMAR,65+,M,S,Y,A,1
2024,12,49,REGION VIII (EASTERN VISAYAS),SOUTHERN LEYTE,5-14,M,S,N,A,1
2024,12,50,NEGROS ISLAND REGION (NIR),CITY OF BACOLOD,25-64,F,S,N,A,1
2024,12,50,NEGROS ISLAND REGION (NIR),CITY OF BACOLOD,25-64,M,S,Y,A,1
2024,12,50,REGION IX (ZAMBOANGA PENINSULA),CITY OF ZAMBOANGA,25-64,M,S,Y,A,1
2024,12,50,REGION IX (ZAMBOANGA PENINSULA),CITY OF ZAMBOANGA,5-14,F,S,Y,A,2
2024,12,50,REGION IX (ZAMBOANGA PENINSULA),CITY OF ZAMBOANGA,5-14,M,S,Y,A,1
2024,12,50,REGION VIII (EASTERN VISAYAS),LEYTE,5-14,F,S,Y,A,1
2024,12,50,REGION VIII (EASTERN VISAYAS),LEYTE,65+,F,S,N,A,1
2024,12,50,REGION VIII (EASTERN VISAYAS),LEYTE,65+,F,S,Y,A,1
2024,12,50,REGION VIII (EASTERN VISAYAS),LEYTE,65+,M,S,Y,A,1
2024,12,50,REGION VIII (EASTERN VISAYAS),NORTHERN SAMAR,15-24,M,S,Y,A,1
2024,12,50,REGION VIII (EASTERN VISAYAS),NORTHERN SAMAR,25-64,F,S,Y,A,5
2024,12,50,REGION VIII (EASTERN VISAYAS),NORTHERN SAMAR,25-64,M,S,Y,A,1
2024,12,50,REGION VIII (EASTERN VISAYAS),NORTHERN SAMAR,65+,F,S,Y,A,2
2024,12,50,REGION VIII (EASTERN VISAYAS),NORTHERN SAMAR,65+,M,S,Y,A,1
2024,12,50,REGION VIII (EASTERN VISAYAS),SAMAR,15-24,M,S,Y,A,1
2024,12,50,REGION VIII (EASTERN VISAYAS),SOUTHERN LEYTE,15-24,M,S,N,A,1
2024,12,50,REGION VIII (EASTERN VISAYAS),SOUTHERN LEYTE,25-64,F,S,N,A,1
2024,12,50,REGION XII (SOCCSKSARGEN),COTABATO,25-64,F,S,Y,A,1
2024,12,50,REGION XII (SOCCSKSARGEN),SOUTH COTABATO,15-24,F,S,Y,A,1
2024,12,50,REGION XII (SOCCSKSARGEN),SOUTH COTABATO,15-24,M,S,Y,A,1
2024,12,51,NEGROS ISLAND REGION (NIR),CITY OF BACOLOD,15-24,F,S,Y,A,1
2024,12,51,NEGROS ISLAND REGION (NIR),NEGROS OCCIDENTAL,25-64,F,S,Y,A,1
2024,12,51,REGION IX (ZAMBOANGA PENINSULA),CITY OF ZAMBOANGA,15-24,M,S,Y,A,1
2024,12,51,REGION IX (ZAMBOANGA PENINSULA),CITY OF ZAMBOANGA,25-64,M,S,Y,A,1
2024,12,51,REGION IX (ZAMBOANGA PENINSULA),ZAMBOANGA DEL NORTE,65+,F,S,Y,A,1
2024,12,51,REGION VIII (EASTERN VISAYAS),NORTHERN SAMAR,15-24,F,S,Y,A,1
2024,12,51,REGION VIII (EASTERN VISAYAS),NORTHERN SAMAR,25-64,F,S,Y,A,1
2024,12,51,REGION VIII (EASTERN VISAYAS),NORTHERN SAMAR,5-14,F,S,Y,A,1
2024,12,51,REGION VIII (EASTERN VISAYAS),NORTHERN SAMAR,5-14,M,S,Y,A,3
2024,12,51,REGION VIII (EASTERN VISAYAS),NORTHERN SAMAR,65+,F,S,Y,A,1
2024,12,51,REGION VIII (EASTERN VISAYAS),SAMAR,15-24,M,S,Y,A,1
2024,12,51,REGION X (NORTHERN MINDANAO),MISAMIS ORIENTAL,25-64,F,S,Y,A,1
2024,12,51,REGION XII (SOCCSKSARGEN),COTABATO,0-4,M,S,Y,A,1
2024,12,52,BANGSAMORO AUTONOMOUS REGION IN MUSLIM MINDANAO (BARMM),MAGUINDANAO DEL NORTE,25-64,F,S,Y,A,1
2024,12,52,BANGSAMORO AUTONOMOUS REGION IN MUSLIM MINDANAO (BARMM),SPECIAL GEOGRAPHIC AREA,15-24,F,S,Y,A,2
2024,12,52,BANGSAMORO AUTONOMOUS REGION IN MUSLIM MINDANAO (BARMM),SPECIAL GEOGRAPHIC AREA,5-14,F,S,Y,A,1
2024,12,52,NATIONAL CAPITAL REGION (NCR),CITY OF MANILA,25-64,M,S,Y,A,1
2024,12,52,NEGROS ISLAND REGION (NIR),CITY OF BACOLOD,25-64,F,S,Y,A,1
2024,12,52,NEGROS ISLAND REGION (NIR),CITY OF BACOLOD,25-64,M,S,Y,A,2
2024,12,52,NEGROS ISLAND REGION (NIR),CITY OF BACOLOD,25-64,M,S,Y,D,1
2024,12,52,NEGROS ISLAND REGION (NIR),CITY OF BACOLOD,65+,F,S,Y,A,1
2024,12,52,NEGROS ISLAND REGION (NIR),CITY OF BACOLOD,65+,M,S,Y,A,1
2024,12,52,REGION III (CENTRAL LUZON),ZAMBALES,25-64,M,S,Y,A,1
2024,12,52,REGION IX (ZAMBOANGA PENINSULA),CITY OF ZAMBOANGA,15-24,M,S,Y,A,1
2024,12,52,REGION IX (ZAMBOANGA PENINSULA),CITY OF ZAMBOANGA,25-64,F,S,Y,A,1
2024,12,52,REGION IX (ZAMBOANGA PENINSULA),CITY OF ZAMBOANGA,25-64,M,S,Y,A,1
2024,12,52,REGION IX (ZAMBOANGA PENINSULA),CITY OF ZAMBOANGA,5-14,F,S,Y,A,1
2024,12,52,REGION VIII (EASTERN VISAYAS),CITY OF TACLOBAN,15-24,M,S,Y,A,1
2024,12,52,REGION VIII (EASTERN VISAYAS),LEYTE,0-4,F,S,Y,A,1
2024,12,52,REGION VIII (EASTERN VISAYAS),NORTHERN SAMAR,15-24,F,S,Y,A,1
2024,12,52,REGION VIII (EASTERN VISAYAS),NORTHERN SAMAR,15-24,M,S,Y,A,1
2024,12,52,REGION VIII (EASTERN VISAYAS),NORTHERN SAMAR,25-64,F,S,Y,A,3
2024,12,52,REGION VIII (EASTERN VISAYAS),NORTHERN SAMAR,25-64,M,S,Y,A,3
2024,12,52,REGION VIII (EASTERN VISAYAS),NORTHERN SAMAR,5-14,F,S,Y,A,2
2024,12,52,REGION VIII (EASTERN VISAYAS),NORTHERN SAMAR,5-14,M,S,Y,A,1
2024,12,52,REGION VIII (EASTERN VISAYAS),NORTHERN SAMAR,65+,F,S,Y,A,2
2024,12,52,REGION VIII (EASTERN VISAYAS),NORTHERN SAMAR,65+,M,S,Y,A,1
2024,12,52,REGION VIII (EASTERN VISAYAS),SAMAR,25-64,M,S,Y,A,1
2024,12,52,REGION VIII (EASTERN VISAYAS),SOUTHERN LEYTE,15-24,F,S,N,A,1
2024,12,52,REGION VIII (EASTERN VISAYAS),SOUTHERN LEYTE,5-14,M,S,N,A,1
2024,12,52,REGION VIII (EASTERN VISAYAS),SOUTHERN LEYTE,65+,F,S,N,A,1
2025,1,1,NATIONAL CAPITAL REGION (NCR),CITY OF MANILA,5-14,M,S,Y,A,1
2025,1,1,NEGROS ISLAND REGION (NIR),CITY OF BACOLOD,15-24,M,S,Y,A,1
2025,1,1,REGION V (BICOL REGION),SORSOGON,5-14,F,S,Y,A,2
2025,1,1,REGION VIII (EASTERN VISAYAS),BILIRAN,25-64,F,S,Y,A,1
2025,1,1,REGION VIII (EASTERN VISAYAS),EASTERN SAMAR,15-24,F,S,N,A,1
2025,1,1,REGION VIII (EASTERN VISAYAS),EASTERN SAMAR,15-24,F,S,Y,A,1
2025,1,1,REGION VIII (EASTERN VISAYAS),EASTERN SAMAR,25-64,F,S,Y,A,1
2025,1,1,REGION VIII (EASTERN VISAYAS),NORTHERN SAMAR,0-4,M,S,Y,A,1
2025,1,1,REGION VIII (EASTERN VISAYAS),NORTHERN SAMAR,15-24,M,S,Y,A,1
2025,1,1,REGION VIII (EASTERN VISAYAS),NORTHERN SAMAR,25-64,F,S,Y,A,3
2025,1,1,REGION VIII (EASTERN VISAYAS),NORTHERN SAMAR,25-64,M,S,Y,A,2
2025,1,1,REGION VIII (EASTERN VISAYAS),NORTHERN SAMAR,5-14,F,S,Y,A,1
2025,1,1,REGION VIII (EASTERN VISAYAS),NORTHERN SAMAR,5-14,M,S,Y,A,1
2025,1,1,REGION VIII (EASTERN VISAYAS),SAMAR,25-64,M,S,N,A,1
2025,1,1,REGION VIII (EASTERN VISAYAS),SOUTHERN LEYTE,15-24,F,S,Y,A,1
2025,1,1,REGION VIII (EASTERN VISAYAS),SOUTHERN LEYTE,15-24,M,S,Y,A,1
2025,1,1,REGION VIII (EASTERN VISAYAS),SOUTHERN LEYTE,25-64,F,S,Y,A,5
2025,1,1,REGION VIII (EASTERN VISAYAS),SOUTHERN LEYTE,25-64,M,S,Y,A,4
2025,1,1,REGION VIII (EASTERN VISAYAS),SOUTHERN LEYTE,5-14,F,S,Y,A,2
2025,1,1,REGION VIII (EASTERN VISAYAS),SOUTHERN LEYTE,5-14,M,S,Y,A,1
2025,1,1,REGION XII (SOCCSKSARGEN),COTABATO,0-4,F,S,Y,A,1
2025,1,2,REGION IX (ZAMBOANGA PENINSULA),CITY OF ZAMBOANGA,25-64,F,S,Y,A,1
2025,1,2,REGION IX (ZAMBOANGA PENINSULA),CITY OF ZAMBOANGA,25-64,M,S,Y,A,1
2025,1,2,REGION IX (ZAMBOANGA PENINSULA),CITY OF ZAMBOANGA,5-14,M,S,Y,A,1
2025,1,2,REGION VIII (EASTERN VISAYAS),EASTERN SAMAR,0-4,F,S,N,A,1
2025,1,2,REGION VIII (EASTERN VISAYAS),EASTERN SAMAR,15-24,F,S,N,A,1
2025,1,2,REGION VIII (EASTERN VISAYAS),EASTERN SAMAR,25-64,F,S,Y,A,2
2025,1,2,REGION VIII (EASTERN VISAYAS),EASTERN SAMAR,25-64,M,S,Y,A,2
2025,1,2,REGION VIII (EASTERN VISAYAS),EASTERN SAMAR,5-14,M,S,N,A,1
2025,1,2,REGION VIII (EASTERN VISAYAS),EASTERN SAMAR,5-14,M,S,Y,A,1
2025,1,2,REGION VIII (EASTERN VISAYAS),LEYTE,25-64,F,S,Y,A,1
2025,1,2,REGION VIII (EASTERN VISAYAS),LEYTE,25-64,M,S,Y,A,1
2025,1,2,REGION VIII (EASTERN VISAYAS),NORTHERN SAMAR,15-24,F,S,Y,A,3
2025,1,2,REGION VIII (EASTERN VISAYAS),NORTHERN SAMAR,5-14,F,S,Y,A,1
2025,1,2,REGION VIII (EASTERN VISAYAS),NORTHERN SAMAR,5-14,M,S,Y,A,1
2025,1,2,REGION VIII (EASTERN VISAYAS),NORTHERN SAMAR,65+,F,S,N,A,1
2025,1,2,REGION VIII (EASTERN VISAYAS),NORTHERN SAMAR,65+,F,S,Y,A,1
2025,1,2,REGION VIII (EASTERN VISAYAS),SAMAR,0-4,F,S,N,A,3
2025,1,2,REGION VIII (EASTERN VISAYAS),SAMAR,5-14,F,S,N,A,1
2025,1,2,REGION VIII (EASTERN VISAYAS),SAMAR,5-14,F,S,N,D,1
2025,1,2,REGION VIII (EASTERN VISAYAS),SOUTHERN LEYTE,15-24,F,S,Y,A,1
2025,1,2,REGION VIII (EASTERN VISAYAS),SOUTHERN LEYTE,15-24,M,S,Y,A,1
2025,1,2,REGION VIII (EASTERN VISAYAS),SOUTHERN LEYTE,25-64,F,S,Y,A,5
2025,1,2,REGION VIII (EASTERN VISAYAS),SOUTHERN LEYTE,25-64,M,S,Y,A,1
2025,1,2,REGION VIII (EASTERN VISAYAS),SOUTHERN LEYTE,5-14,M,S,Y,A,2
2025,1,2,REGION XII (SOCCSKSARGEN),COTABATO,15-24,F,S,Y,A,1
2025,1,3,BANGSAMORO AUTONOMOUS REGION IN MUSLIM MINDANAO (BARMM),MAGUINDANAO DEL NORTE,65+,F,S,Y,A,1
2025,1,3,CORDILLERA ADMINISTRATIVE REGION (CAR),CITY OF BAGUIO,25-64,F,S,Y,A,1
2025,1,3,NEGROS ISLAND REGION (NIR),CITY OF BACOLOD,25-64,M,S,Y,A,1
2025,1,3,NEGROS ISLAND REGION (NIR),CITY OF BACOLOD,5-14,F,S,Y,A,1
2025,1,3,NEGROS ISLAND REGION (NIR),NEGROS OCCIDENTAL,5-14,M,S,Y,A,1
2025,1,3,NEGROS ISLAND REGION (NIR),NEGROS OCCIDENTAL,65+,F,S,Y,A,1
2025,1,3,REGION IX (ZAMBOANGA PENINSULA),CITY OF ZAMBOANGA,15-24,M,S,Y,A,1
2025,1,3,REGION IX (ZAMBOANGA PENINSULA),CITY OF ZAMBOANGA,5-14,F,S,Y,A,1
2025,1,3,REGION IX (ZAMBOANGA PENINSULA),CITY OF ZAMBOANGA,5-14,M,S,Y,A,2
2025,1,3,REGION V (BICOL REGION),SORSOGON,5-14,F,S,Y,A,1
2025,1,3,REGION VIII (EASTERN VISAYAS),BILIRAN,65+,M,S,Y,A,1
2025,1,3,REGION VIII (EASTERN VISAYAS),EASTERN SAMAR,0-4,F,S,Y,A,2
2025,1,3,REGION VIII (EASTERN VISAYAS),EASTERN SAMAR,0-4,M,S,Y,A,1
2025,1,3,REGION VIII (EASTERN VISAYAS),EASTERN SAMAR,15-24,M,S,N,A,2
2025,1,3,REGION VIII (EASTERN VISAYAS),EASTERN SAMAR,25-64,F,S,N,A,1
2025,1,3,REGION VIII (EASTERN VISAYAS),EASTERN SAMAR,25-64,F,S,Y,A,1
2025,1,3,REGION VIII (EASTERN VISAYAS),EASTERN SAMAR,25-64,M,S,Y,A,1
2025,1,3,REGION VIII (EASTERN VISAYAS),EASTERN SAMAR,5-14,F,S,Y,A,2
2025,1,3,REGION VIII (EASTERN VISAYAS),EASTERN SAMAR,5-14,M,S,Y,A,1
2025,1,3,REGION VIII (EASTERN VISAYAS),EASTERN SAMAR,65+,F,S,Y,A,2
2025,1,3,REGION VIII (EASTERN VISAYAS),NORTHERN SAMAR,0-4,M,S,Y,A,1
2025,1,3,REGION VIII (EASTERN VISAYAS),NORTHERN SAMAR,15-24,F,S,Y,A,2
2025,1,3,REGION VIII (EASTERN VISAYAS),NORTHERN SAMAR,15-24,M,S,Y,A,1
2025,1,3,REGION VIII (EASTERN VISAYAS),NORTHERN SAMAR,25-64,F,S,Y,A,2
2025,1,3,REGION VIII (EASTERN VISAYAS),NORTHERN SAMAR,25-64,M,S,Y,A,2
2025,1,3,REGION VIII (EASTERN VISAYAS),NORTHERN SAMAR,5-14,F,S,Y,A,1
2025,1,3,REGION VIII (EASTERN VISAYAS),NORTHERN SAMAR,5-14,M,S,Y,A,1
2025,1,3,REGION VIII (EASTERN VISAYAS),NORTHERN SAMAR,65+,F,S,Y,A,4
2025,1,3,REGION VIII (EASTERN VISAYAS),NORTHERN SAMAR,65+,M,S,Y,A,1
2025,1,3,REGION VIII (EASTERN VISAYAS),SAMAR,0-4,F,S,N,A,2
2025,1,3,REGION VIII (EASTERN VISAYAS),SAMAR,25-64,F,S,Y,A,1
2025,1,3,REGION VIII (EASTERN VISAYAS),SAMAR,25-64,M,S,Y,A,1
2025,1,3,REGION VIII (EASTERN VISAYAS),SAMAR,65+,M,S,Y,A,1
2025,1,3,REGION X (NORTHERN MINDANAO),CITY OF CAGAYAN DE ORO,5-14,M,S,Y,A,1
2025,1,3,REGION XI (DAVAO REGION),DAVAO OCCIDENTAL,0-4,M,P,Y,A,1
2025,1,4,NATIONAL CAPITAL REGION (NCR),CITY OF MANILA,5-14,M,S,Y,A,1
2025,1,4,REGION III (CENTRAL LUZON),PAMPANGA,5-14,M,S,Y,A,1
2025,1,4,REGION IX (ZAMBOANGA PENINSULA),CITY OF ZAMBOANGA,15-24,F,S,Y,A,1
2025,1,4,REGION IX (ZAMBOANGA PENINSULA),CITY OF ZAMBOANGA,15-24,M,S,Y,A,2
2025,1,4,REGION IX (ZAMBOANGA PENINSULA),CITY OF ZAMBOANGA,25-64,F,S,Y,A,1
2025,1,4,REGION IX (ZAMBOANGA PENINSULA),CITY OF ZAMBOANGA,5-14,F,S,Y,A,1
2025,1,4,REGION IX (ZAMBOANGA PENINSULA),CITY OF ZAMBOANGA,5-14,M,S,Y,A,2
2025,1,4,REGION V (BICOL REGION),SORSOGON,5-14,F,S,Y,A,1
2025,1,4,REGION VIII (EASTERN VISAYAS),BILIRAN,65+,F,S,Y,A,1
2025,1,4,REGION VIII (EASTERN VISAYAS),CITY OF TACLOBAN,25-64,F,S,Y,A,2
2025,1,4,REGION VIII (EASTERN VISAYAS),EASTERN SAMAR,0-4,M,S,N,A,1
2025,1,4,REGION VIII (EASTERN VISAYAS),EASTERN SAMAR,5-14,F,S,N,A,1
2025,1,4,REGION VIII (EASTERN VISAYAS),NORTHERN SAMAR,15-24,M,S,Y,A,1
2025,1,4,REGION VIII (EASTERN VISAYAS),NORTHERN SAMAR,25-64,F,S,Y,A,4
2025,1,4,REGION VIII (EASTERN VISAYAS),NORTHERN SAMAR,25-64,M,S,Y,A,3
2025,1,4,REGION VIII (EASTERN VISAYAS),NORTHERN SAMAR,65+,F,S,Y,A,2
2025,1,4,REGION VIII (EASTERN VISAYAS),NORTHERN SAMAR,65+,M,S,Y,A,2
2025,1,4,REGION VIII (EASTERN VISAYAS),SAMAR,0-4,M,S,N,A,1
2025,1,4,REGION VIII (EASTERN VISAYAS),SAMAR,5-14,M,S,N,A,2
2025,1,4,REGION VIII (EASTERN VISAYAS),SAMAR,65+,F,S,Y,A,1
2025,1,4,REGION XII (SOCCSKSARGEN),SOUTH COTABATO,5-14,M,S,Y,A,1
2025,1,5,NATIONAL CAPITAL REGION (NCR),CITY OF MUNTINLUPA,5-14,M,S,Y,A,1
2025,1,5,NEGROS ISLAND REGION (NIR),CITY OF BACOLOD,15-24,F,S,Y,A,1
2025,1,5,REGION IX (ZAMBOANGA PENINSULA),CITY OF ZAMBOANGA,15-24,F,S,Y,A,1
2025,1,5,REGION IX (ZAMBOANGA PENINSULA),CITY OF ZAMBOANGA,5-14,F,S,Y,A,1
2025,1,5,REGION V (BICOL REGION),SORSOGON,25-64,M,S,Y,A,1
2025,1,5,REGION VIII (EASTERN VISAYAS),EASTERN SAMAR,0-4,M,S,N,A,1
2025,1,5,REGION VIII (EASTERN VISAYAS),EASTERN SAMAR,25-64,F,S,N,A,1
2025,1,5,REGION VIII (EASTERN VISAYAS),EASTERN SAMAR,5-14,F,S,Y,A,1
2025,1,5,REGION VIII (EASTERN VISAYAS),NORTHERN SAMAR,0-4,F,S,Y,A,1
2025,1,5,REGION VIII (EASTERN VISAYAS),NORTHERN SAMAR,15-24,F,S,Y,A,1
2025,1,5,REGION VIII (EASTERN VISAYAS),NORTHERN SAMAR,25-64,F,S,Y,A,2
2025,1,5,REGION VIII (EASTERN VISAYAS),NORTHERN SAMAR,25-64,M,S,Y,A,2
2025,1,5,REGION VIII (EASTERN VISAYAS),NORTHERN SAMAR,5-14,M,S,Y,A,1
2025,1,5,REGION VIII (EASTERN VISAYAS),NORTHERN SAMAR,65+,F,S,Y,A,1
2025,1,5,REGION VIII (EASTERN VISAYAS),SAMAR,15-24,F,S,Y,A,1
2025,1,5,REGION VIII (EASTERN VISAYAS),SAMAR,25-64,F,S,Y,A,1
2025,1,5,REGION VIII (EASTERN VISAYAS),SAMAR,65+,F,S,N,A,1
2025,1,5,REGION X (NORTHERN MINDANAO),BUKIDNON,5-14,F,S,Y,A,1
2025,1,5,REGION XII (SOCCSKSARGEN),COTABATO,25-64,F,S,Y,A,1
2025,1,5,REGION XII (SOCCSKSARGEN),COTABATO,25-64,M,S,Y,A,1
2025,2,5,REGION VIII (EASTERN VISAYAS),NORTHERN SAMAR,25-64,F,S,Y,A,1
2025,2,6,BANGSAMORO AUTONOMOUS REGION IN MUSLIM MINDANAO (BARMM),MAGUINDANAO DEL NORTE,65+,F,S,Y,A,1
2025,2,6,NATIONAL CAPITAL REGION (NCR),CITY OF MANILA,25-64,M,S,N,A,1
2025,2,6,NEGROS ISLAND REGION (NIR),CITY OF BACOLOD,25-64,M,S,Y,A,1
2025,2,6,NEGROS ISLAND REGION (NIR),CITY OF BACOLOD,65+,F,S,Y,A,1
2025,2,6,NEGROS ISLAND REGION (NIR),NEGROS OCCIDENTAL,15-24,F,S,Y,A,1
2025,2,6,NEGROS ISLAND REGION (NIR),NEGROS OCCIDENTAL,25-64,F,S,Y,A,1
2025,2,6,NEGROS ISLAND REGION (NIR),NEGROS OCCIDENTAL,25-64,M,S,Y,A,1
2025,2,6,REGION IX (ZAMBOANGA PENINSULA),CITY OF ZAMBOANGA,25-64,F,S,Y,A,2
2025,2,6,REGION IX (ZAMBOANGA PENINSULA),CITY OF ZAMBOANGA,65+,M,S,Y,A,1
2025,2,6,REGION VI (WESTERN VISAYAS),ILOILO,25-64,F,S,Y,A,1
2025,2,6,REGION VIII (EASTERN VISAYAS),EASTERN SAMAR,0-4,F,S,N,A,1
2025,2,6,REGION VIII (EASTERN VISAYAS),EASTERN SAMAR,15-24,F,S,Y,A,1
2025,2,6,REGION VIII (EASTERN VISAYAS),EASTERN SAMAR,5-14,F,S,N,A,1
2025,2,6,REGION VIII (EASTERN VISAYAS),EASTERN SAMAR,5-14,M,S,N,A,2
2025,2,6,REGION VIII (EASTERN VISAYAS),EASTERN SAMAR,5-14,M,S,Y,A,1
2025,2,6,REGION VIII (EASTERN VISAYAS),LEYTE,25-64,M,S,Y,A,1
2025,2,6,REGION VIII (EASTERN VISAYAS),LEYTE,5-14,M,S,Y,A,1
2025,2,6,REGION VIII (EASTERN VISAYAS),NORTHERN SAMAR,25-64,F,S,Y,A,2
2025,2,6,REGION VIII (EASTERN VISAYAS),NORTHERN SAMAR,25-64,M,S,Y,A,2
2025,2,6,REGION VIII (EASTERN VISAYAS),NORTHERN SAMAR,65+,F,S,Y,A,3
2025,2,6,REGION VIII (EASTERN VISAYAS),SAMAR,0-4,M,S,N,A,1
2025,2,6,REGION VIII (EASTERN VISAYAS),SAMAR,15-24,F,S,Y,A,1
2025,2,6,REGION VIII (EASTERN VISAYAS),SAMAR,65+,F,S,N,A,1
2025,2,6,REGION VIII (EASTERN VISAYAS),SAMAR,65+,M,S,Y,A,1
2025,2,6,REGION XII (SOCCSKSARGEN),COTABATO,5-14,M,S,Y,A,1
2025,2,6,REGION XII (SOCCSKSARGEN),COTABATO,65+,M,S,Y,A,1
2025,2,7,BANGSAMORO AUTONOMOUS REGION IN MUSLIM MINDANAO (BARMM),MAGUINDANAO DEL NORTE,0-4,F,S,Y,A,1
2025,2,7,BANGSAMORO AUTONOMOUS REGION IN MUSLIM MINDANAO (BARMM),SPECIAL GEOGRAPHIC AREA,25-64,M,S,Y,A,1
2025,2,7,NATIONAL CAPITAL REGION (NCR),CITY OF MANILA,15-24,F,S,Y,A,1
2025,2,7,NATIONAL CAPITAL REGION (NCR),CITY OF MANILA,65+,F,S,Y,A,1
2025,2,7,REGION II (CAGAYAN VALLEY),NUEVA VIZCAYA,25-64,M,S,Y,D,1
2025,2,7,REGION IV-A (CALABARZON),BATANGAS,25-64,M,P,Y,A,1
2025,2,7,REGION IX (ZAMBOANGA PENINSULA),CITY OF ZAMBOANGA,15-24,M,S,Y,A,1
2025,2,7,REGION IX (ZAMBOANGA PENINSULA),CITY OF ZAMBOANGA,25-64,F,C,Y,A,1
2025,2,7,REGION IX (ZAMBOANGA PENINSULA),CITY OF ZAMBOANGA,25-64,F,S,Y,A,3
2025,2,7,REGION IX (ZAMBOANGA PENINSULA),CITY OF ZAMBOANGA,25-64,M,S,Y,A,2
2025,2,7,REGION IX (ZAMBOANGA PENINSULA),CITY OF ZAMBOANGA,5-14,F,S,Y,A,1
2025,2,7,REGION IX (ZAMBOANGA PENINSULA),CITY OF ZAMBOANGA,5-14,M,S,Y,A,3
2025,2,7,REGION V (BICOL REGION),SORSOGON,5-14,M,S,Y,A,1
2025,2,7,REGION VIII (EASTERN VISAYAS),BILIRAN,25-64,F,S,Y,A,1
2025,2,7,REGION VIII (EASTERN VISAYAS),BILIRAN,25-64,M,S,Y,A,1
2025,2,7,REGION VIII (EASTERN VISAYAS),BILIRAN,65+,M,S,N,A,1
2025,2,7,REGION VIII (EASTERN VISAYAS),EASTERN SAMAR,15-24,F,S,Y,A,1
2025,2,7,REGION VIII (EASTERN VISAYAS),EASTERN SAMAR,15-24,M,S,Y,A,1
2025,2,7,REGION VIII (EASTERN VISAYAS),EASTERN SAMAR,5-14,F,S,Y,A,1
2025,2,7,REGION VIII (EASTERN VISAYAS),EASTERN SAMAR,65+,F,S,Y,A,1
2025,2,7,REGION VIII (EASTERN VISAYAS),EASTERN SAMAR,65+,M,S,Y,A,1
2025,2,7,REGION VIII (EASTERN VISAYAS),LEYTE,65+,M,S,Y,A,1
2025,2,7,REGION VIII (EASTERN VISAYAS),NORTHERN SAMAR,15-24,F,S,Y,A,2
2025,2,7,REGION VIII (EASTERN VISAYAS),NORTHERN SAMAR,25-64,F,S,N,A,1
2025,2,7,REGION VIII (EASTERN VISAYAS),NORTHERN SAMAR,25-64,F,S,Y,A,4
2025,2,7,REGION VIII (EASTERN VISAYAS),NORTHERN SAMAR,25-64,M,S,Y,A,3
2025,2,7,REGION VIII (EASTERN VISAYAS),NORTHERN SAMAR,5-14,F,S,Y,A,2
2025,2,7,REGION VIII (EASTERN VISAYAS),NORTHERN SAMAR,5-14,M,S,Y,A,1
2025,2,7,REGION VIII (EASTERN VISAYAS),NORTHERN SAMAR,65+,F,S,Y,A,2
2025,2,7,REGION VIII (EASTERN VISAYAS),SAMAR,0-4,M,S,N,A,1
2025,2,7,REGION VIII (EASTERN VISAYAS),SAMAR,0-4,M,S,Y,A,1
2025,2,7,REGION VIII (EASTERN VISAYAS),SAMAR,25-64,M,S,N,A,1
2025,2,7,REGION X (NORTHERN MINDANAO),CITY OF CAGAYAN DE ORO,25-64,F,S,Y,A,1
2025,2,7,REGION XI (DAVAO REGION),DAVAO ORIENTAL,25-64,M,S,N,A,1
2025,2,8,NEGROS ISLAND REGION (NIR),CITY OF BACOLOD,25-64,F,S,Y,A,1
2025,2,8,NEGROS ISLAND REGION (NIR),CITY OF BACOLOD,25-64,M,S,Y,A,1
2025,2,8,NEGROS ISLAND REGION (NIR),NEGROS OCCIDENTAL,15-24,F,S,Y,A,1
2025,2,8,NEGROS ISLAND REGION (NIR),NEGROS OCCIDENTAL,25-64,F,S,Y,A,1
2025,2,8,REGION IX (ZAMBOANGA PENINSULA),CITY OF ZAMBOANGA,25-64,F,S,Y,A,1
2025,2,8,REGION IX (ZAMBOANGA PENINSULA),CITY OF ZAMBOANGA,25-64,M,S,Y,A,2
2025,2,8,REGION IX (ZAMBOANGA PENINSULA),CITY OF ZAMBOANGA,5-14,F,S,Y,A,1
2025,2,8,REGION IX (ZAMBOANGA PENINSULA),CITY OF ZAMBOANGA,5-14,M,S,Y,A,1
2025,2,8,REGION IX (ZAMBOANGA PENINSULA),CITY OF ZAMBOANGA,65+,F,S,Y,A,1
2025,2,8,REGION VIII (EASTERN VISAYAS),EASTERN SAMAR,0-4,M,S,N,A,1
2025,2,8,REGION VIII (EASTERN VISAYAS),EASTERN SAMAR,15-24,F,S,Y,A,1
2025,2,8,REGION VIII (EASTERN VISAYAS),EASTERN SAMAR,25-64,F,S,Y,A,1
2025,2,8,REGION VIII (EASTERN VISAYAS),EASTERN SAMAR,25-64,M,S,N,A,2
2025,2,8,REGION VIII (EASTERN VISAYAS),EASTERN SAMAR,25-64,M,S,Y,A,1
2025,2,8,REGION VIII (EASTERN VISAYAS),EASTERN SAMAR,5-14,M,S,N,A,1
2025,2,8,REGION VIII (EASTERN VISAYAS),LEYTE,25-64,F,S,Y,A,1
2025,2,8,REGION VIII (EASTERN VISAYAS),LEYTE,5-14,M,S,Y,A,1
2025,2,8,REGION VIII (EASTERN VISAYAS),NORTHERN SAMAR,0-4,F,S,N,A,1
2025,2,8,REGION VIII (EASTERN VISAYAS),NORTHERN SAMAR,15-24,F,S,Y,A,1
2025,2,8,REGION VIII (EASTERN VISAYAS),NORTHERN SAMAR,15-24,M,S,Y,A,1
2025,2,8,REGION VIII (EASTERN VISAYAS),NORTHERN SAMAR,25-64,F,S,Y,A,4
2025,2,8,REGION VIII (EASTERN VISAYAS),NORTHERN SAMAR,25-64,M,S,Y,A,4
2025,2,8,REGION VIII (EASTERN VISAYAS),NORTHERN SAMAR,65+,F,S,N,A,1
2025,2,8,REGION VIII (EASTERN VISAYAS),NORTHERN SAMAR,65+,F,S,Y,A,1
2025,2,8,REGION VIII (EASTERN VISAYAS),NORTHERN SAMAR,65+,M,S,Y,A,1
2025,2,8,REGION VIII (EASTERN VISAYAS),SAMAR,5-14,F,S,N,A,1
2025,2,8,REGION VIII (EASTERN VISAYAS),SAMAR,5-14,F,S,Y,A,2
2025,2,8,REGION VIII (EASTERN VISAYAS),SAMAR,5-14,M,S,N,A,1
2025,2,8,REGION VIII (EASTERN VISAYAS),SAMAR,65+,M,S,Y,A,1
2025,2,8,REGION XI (DAVAO REGION),DAVAO ORIENTAL,0-4,M,S,N,A,1
2025,2,8,REGION XI (DAVAO REGION),DAVAO ORIENTAL,25-64,F,S,N,A,1
2025,2,9,BANGSAMORO AUTONOMOUS REGION IN MUSLIM MINDANAO (BARMM),SPECIAL GEOGRAPHIC AREA,15-24,M,S,Y,A,1
2025,2,9,NEGROS ISLAND REGION (NIR),NEGROS OCCIDENTAL,25-64,F,S,Y,A,1
2025,2,9,NEGROS ISLAND REGION (NIR),NEGROS OCCIDENTAL,25-64,M,S,Y,A,1
2025,2,9,REGION IX (ZAMBOANGA PENINSULA),CITY OF ZAMBOANGA,25-64,F,S,Y,A,4
2025,2,9,REGION IX (ZAMBOANGA PENINSULA),CITY OF ZAMBOANGA,25-64,M,S,Y,A,2
2025,2,9,REGION IX (ZAMBOANGA PENINSULA),CITY OF ZAMBOANGA,5-14,F,S,Y,A,3
2025,2,9,REGION IX (ZAMBOANGA PENINSULA),CITY OF ZAMBOANGA,5-14,M,S,Y,A,1
2025,2,9,REGION IX (ZAMBOANGA PENINSULA),ZAMBOANGA DEL NORTE,25-64,F,S,Y,A,1
2025,2,9,REGION V (BICOL REGION),SORSOGON,5-14,F,S,Y,A,1
2025,2,9,REGION VIII (EASTERN VISAYAS),EASTERN SAMAR,25-64,F,S,N,A,1
2025,2,9,REGION VIII (EASTERN VISAYAS),EASTERN SAMAR,5-14,M,S,N,A,1
2025,2,9,REGION VIII (EASTERN VISAYAS),LEYTE,15-24,M,S,Y,A,1
2025,2,9,REGION VIII (EASTERN VISAYAS),LEYTE,25-64,F,S,Y,A,1
2025,2,9,REGION VIII (EASTERN VISAYAS),LEYTE,25-64,M,S,Y,A,1
2025,2,9,REGION VIII (EASTERN VISAYAS),LEYTE,5-14,F,S,N,A,1
2025,2,9,REGION VIII (EASTERN VISAYAS),LEYTE,5-14,F,S,Y,A,1
2025,2,9,REGION VIII (EASTERN VISAYAS),LEYTE,5-14,M,S,Y,A,1
2025,2,9,REGION VIII (EASTERN VISAYAS),NORTHERN SAMAR,25-64,F,S,Y,A,2
2025,2,9,REGION VIII (EASTERN VISAYAS),NORTHERN SAMAR,25-64,M,S,Y,A,1
2025,2,9,REGION VIII (EASTERN VISAYAS),NORTHERN SAMAR,5-14,M,S,Y,A,1
2025,2,9,REGION VIII (EASTERN VISAYAS),NORTHERN SAMAR,65+,F,S,Y,A,3
2025,2,9,REGION VIII (EASTERN VISAYAS),SAMAR,5-14,F,S,Y,A,2
2025,2,9,REGION VIII (EASTERN VISAYAS),SAMAR,65+,M,S,N,A,1
2025,2,9,REGION X (NORTHERN MINDANAO),BUKIDNON,5-14,F,S,Y,A,1
2025,2,9,REGION X (NORTHERN MINDANAO),CITY OF CAGAYAN DE ORO,5-14,M,S,Y,A,1
2025,2,9,REGION X (NORTHERN MINDANAO),MISAMIS ORIENTAL,5-14,M,S,Y,A,1
2025,2,9,REGION XI (DAVAO REGION),DAVAO OCCIDENTAL,15-24,M,P,Y,A,1
2025,2,9,REGION XII (SOCCSKSARGEN),COTABATO,0-4,M,S,Y,A,1
2025,2,9,REGION XII (SOCCSKSARGEN),SOUTH COTABATO,25-64,M,S,N,A,1
2025,2,9,REGION XII (SOCCSKSARGEN),SOUTH COTABATO,5-14,M,S,N,A,1
2025,3,9,NATIONAL CAPITAL REGION (NCR),CITY OF MANILA,25-64,M,S,Y,A,1
2025,3,9,NEGROS ISLAND REGION (NIR),NEGROS OCCIDENTAL,65+,M,S,N,A,1
2025,3,9,REGION VIII (EASTERN VISAYAS),EASTERN SAMAR,5-14,M,S,N,A,1
2025,3,9,REGION VIII (EASTERN VISAYAS),LEYTE,15-24,M,S,Y,A,1
2025,3,10,BANGSAMORO AUTONOMOUS REGION IN MUSLIM MINDANAO (BARMM),MAGUINDANAO DEL NORTE,15-24,F,S,Y,A,1
2025,3,10,BANGSAMORO AUTONOMOUS REGION IN MUSLIM MINDANAO (BARMM),SPECIAL GEOGRAPHIC AREA,25-64,M,S,Y,A,1
2025,3,10,NEGROS ISLAND REGION (NIR),CITY OF BACOLOD,25-64,F,S,Y,A,1
2025,3,10,NEGROS ISLAND REGION (NIR),CITY OF BACOLOD,65+,F,S,Y,A,1
2025,3,10,NEGROS ISLAND REGION (NIR),NEGROS OCCIDENTAL,65+,M,S,Y,A,1
2025,3,10,REGION III (CENTRAL LUZON),PAMPANGA,0-4,M,S,Y,A,1
2025,3,10,REGION IX (ZAMBOANGA PENINSULA),CITY OF ZAMBOANGA,65+,M,S,Y,A,1
2025,3,10,REGION V (BICOL REGION),SORSOGON,5-14,M,S,Y,A,1
2025,3,10,REGION VIII (EASTERN VISAYAS),EASTERN SAMAR,25-64,M,S,Y,A,1
2025,3,10,REGION VIII (EASTERN VISAYAS),EASTERN SAMAR,5-14,M,S,N,A,1
2025,3,10,REGION VIII (EASTERN VISAYAS),LEYTE,15-24,F,S,Y,A,2
2025,3,10,REGION VIII (EASTERN VISAYAS),LEYTE,5-14,M,S,N,A,2
2025,3,10,REGION VIII (EASTERN VISAYAS),LEYTE,5-14,M,S,Y,A,1
2025,3,10,REGION VIII (EASTERN VISAYAS),LEYTE,65+,F,S,Y,A,2
2025,3,10,REGION VIII (EASTERN VISAYAS),NORTHERN SAMAR,15-24,F,S,Y,A,1
2025,3,10,REGION VIII (EASTERN VISAYAS),NORTHERN SAMAR,15-24,M,S,Y,A,1
2025,3,10,REGION VIII (EASTERN VISAYAS),NORTHERN SAMAR,25-64,F,S,Y,A,1
2025,3,10,REGION VIII (EASTERN VISAYAS),NORTHERN SAMAR,25-64,M,S,Y,A,1
2025,3,10,REGION VIII (EASTERN VISAYAS),NORTHERN SAMAR,5-14,F,S,Y,A,1
2025,3,10,REGION VIII (EASTERN VISAYAS),NORTHERN SAMAR,5-14,M,S,Y,A,3
2025,3,10,REGION XI (DAVAO REGION),DAVAO ORIENTAL,5-14,F,S,N,A,1
2025,3,10,REGION XI (DAVAO REGION),DAVAO ORIENTAL,5-14,M,S,N,A,1
2025,3,10,REGION XII (SOCCSKSARGEN),COTABATO,0-4,F,P,Y,A,1
2025,3,10,REGION XII (SOCCSKSARGEN),COTABATO,0-4,M,S,Y,A,1
2025,3,10,REGION XII (SOCCSKSARGEN),COTABATO,25-64,F,S,Y,A,1
2025,3,10,REGION XII (SOCCSKSARGEN),COTABATO,5-14,F,S,Y,A,1
2025,3,11,BANGSAMORO AUTONOMOUS REGION IN MUSLIM MINDANAO (BARMM),SPECIAL GEOGRAPHIC AREA,25-64,F,S,Y,A,1
2025,3,11,BANGSAMORO AUTONOMOUS REGION IN MUSLIM MINDANAO (BARMM),SPECIAL GEOGRAPHIC AREA,65+,M,S,Y,A,1
2025,3,11,REGION IX (ZAMBOANGA PENINSULA),CITY OF ZAMBOANGA,15-24,F,S,Y,A,1
2025,3,11,REGION IX (ZAMBOANGA PENINSULA),CITY OF ZAMBOANGA,25-64,M,S,N,A,1
2025,3,11,REGION IX (ZAMBOANGA PENINSULA),CITY OF ZAMBOANGA,25-64,M,S,Y,A,2
2025,3,11,REGION VIII (EASTERN VISAYAS),BILIRAN,25-64,M,S,Y,A,1
2025,3,11,REGION VIII (EASTERN VISAYAS),EASTERN SAMAR,25-64,F,S,Y,A,3
2025,3,11,REGION VIII (EASTERN VISAYAS),EASTERN SAMAR,65+,F,S,Y,A,1
2025,3,11,REGION VIII (EASTERN VISAYAS),LEYTE,5-14,F,S,Y,A,1
2025,3,11,REGION VIII (EASTERN VISAYAS),LEYTE,5-14,M,S,Y,A,1
2025,3,11,REGION VIII (EASTERN VISAYAS),LEYTE,65+,M,S,Y,A,1
2025,3,11,REGION VIII (EASTERN VISAYAS),NORTHERN SAMAR,0-4,F,S,Y,A,1
2025,3,11,REGION VIII (EASTERN VISAYAS),NORTHERN SAMAR,15-24,M,S,Y,A,1
2025,3,11,REGION VIII (EASTERN VISAYAS),NORTHERN SAMAR,25-64,F,S,Y,A,3
2025,3,11,REGION VIII (EASTERN VISAYAS),NORTHERN SAMAR,5-14,F,S,Y,A,1
2025,3,11,REGION VIII (EASTERN VISAYAS),NORTHERN SAMAR,5-14,M,S,Y,A,2
2025,3,11,REGION VIII (EASTERN VISAYAS),SAMAR,0-4,M,S,N,A,1
2025,3,11,REGION VIII (EASTERN VISAYAS),SAMAR,25-64,M,S,N,A,1
2025,3,11,REGION X (NORTHERN MINDANAO),CITY OF CAGAYAN DE ORO,25-64,M,S,Y,A,1
2025,3,11,REGION XI (DAVAO REGION),DAVAO ORIENTAL,25-64,M,S,N,A,1
2025,3,11,REGION XII (SOCCSKSARGEN),COTABATO,5-14,F,S,Y,A,2
2025,3,12,BANGSAMORO AUTONOMOUS REGION IN MUSLIM MINDANAO (BARMM),BASILAN,5-14,M,S,Y,A,1
2025,3,12,BANGSAMORO AUTONOMOUS REGION IN MUSLIM MINDANAO (BARMM),MAGUINDANAO DEL NORTE,15-24,F,S,Y,A,1
2025,3,12,BANGSAMORO AUTONOMOUS REGION IN MUSLIM MINDANAO (BARMM),SPECIAL GEOGRAPHIC AREA,25-64,F,S,Y,A,1
2025,3,12,BANGSAMORO AUTONOMOUS REGION IN MUSLIM MINDANAO (BARMM),SPECIAL GEOGRAPHIC AREA,25-64,M,S,Y,A,1
2025,3,12,CORDILLERA ADMINISTRATIVE REGION (CAR),CITY OF BAGUIO,15-24,M,S,Y,A,1
2025,3,12,NATIONAL CAPITAL REGION (NCR),CITY OF MANILA,65+,M,S,Y,A,1
2025,3,12,REGION IX (ZAMBOANGA PENINSULA),CITY OF ZAMBOANGA,15-24,F,S,Y,A,1
2025,3,12,REGION IX (ZAMBOANGA PENINSULA),CITY OF ZAMBOANGA,15-24,M,S,Y,D,1
2025,3,12,REGION IX (ZAMBOANGA PENINSULA),CITY OF ZAMBOANGA,25-64,F,S,Y,A,2
2025,3,12,REGION IX (ZAMBOANGA PENINSULA),CITY OF ZAMBOANGA,25-64,M,S,Y,A,1
2025,3,12,REGION IX (ZAMBOANGA PENINSULA),CITY OF ZAMBOANGA,5-14,F,S,Y,A,2
2025,3,12,REGION IX (ZAMBOANGA PENINSULA),CITY OF ZAMBOANGA,5-14,M,S,Y,A,1
2025,3,12,REGION VII (CENTRAL VISAYAS),CITY OF CEBU,25-64,M,S,Y,A,1
2025,3,12,REGION VIII (EASTERN VISAYAS),CITY OF TACLOBAN,25-64,F,S,Y,A,1
2025,3,12,REGION VIII (EASTERN VISAYAS),EASTERN SAMAR,5-14,F,S,Y,A,2
2025,3,12,REGION VIII (EASTERN VISAYAS),EASTERN SAMAR,5-14,M,S,N,A,1
2025,3,12,REGION VIII (EASTERN VISAYAS),LEYTE,25-64,F,S,Y,A,1
2025,3,12,REGION VIII (EASTERN VISAYAS),LEYTE,25-64,M,S,N,A,2
2025,3,12,REGION VIII (EASTERN VISAYAS),LEYTE,25-64,M,S,Y,A,1
2025,3,12,REGION VIII (EASTERN VISAYAS),LEYTE,5-14,M,S,Y,A,1
2025,3,12,REGION VIII (EASTERN VISAYAS),LEYTE,65+,F,S,Y,A,1
2025,3,12,REGION VIII (EASTERN VISAYAS),NORTHERN SAMAR,15-24,F,S,Y,A,3
2025,3,12,REGION VIII (EASTERN VISAYAS),NORTHERN SAMAR,15-24,M,S,Y,A,1
2025,3,12,REGION VIII (EASTERN VISAYAS),NORTHERN SAMAR,25-64,F,S,N,A,1
2025,3,12,REGION VIII (EASTERN VISAYAS),NORTHERN SAMAR,25-64,F,S,Y,A,2
2025,3,12,REGION VIII (EASTERN VISAYAS),NORTHERN SAMAR,25-64,M,S,Y,A,1
2025,3,12,REGION VIII (EASTERN VISAYAS),NORTHERN SAMAR,5-14,M,S,Y,A,1
2025,3,12,REGION VIII (EASTERN VISAYAS),NORTHERN SAMAR,65+,F,S,Y,A,2
2025,3,12,REGION XII (SOCCSKSARGEN),COTABATO,25-64,F,S,Y,A,1
2025,3,13,BANGSAMORO AUTONOMOUS REGION IN MUSLIM MINDANAO (BARMM),MAGUINDANAO DEL NORTE,5-14,M,S,Y,A,1
2025,3,13,BANGSAMORO AUTONOMOUS REGION IN MUSLIM MINDANAO (BARMM),SPECIAL GEOGRAPHIC AREA,25-64,F,S,Y,A,1
2025,3,13,CORDILLERA ADMINISTRATIVE REGION (CAR),CITY OF BAGUIO,65+,M,S,Y,A,1
2025,3,13,NEGROS ISLAND REGION (NIR),CITY OF BACOLOD,25-64,M,S,Y,A,2
2025,3,13,NEGROS ISLAND REGION (NIR),CITY OF BACOLOD,65+,M,S,Y,A,1
2025,3,13,NEGROS ISLAND REGION (NIR),NEGROS OCCIDENTAL,15-24,F,S,Y,A,1
2025,3,13,NEGROS ISLAND REGION (NIR),NEGROS OCCIDENTAL,65+,F,S,Y,A,1
2025,3,13,REGION II (CAGAYAN VALLEY),NUEVA VIZCAYA,65+,F,S,Y,A,1
2025,3,13,REGION IX (ZAMBOANGA PENINSULA),CITY OF ZAMBOANGA,15-24,F,S,Y,A,1
2025,3,13,REGION IX (ZAMBOANGA PENINSULA),CITY OF ZAMBOANGA,25-64,M,S,Y,A,2
2025,3,13,REGION IX (ZAMBOANGA PENINSULA),CITY OF ZAMBOANGA,5-14,F,S,Y,A,1
2025,3,13,REGION VIII (EASTERN VISAYAS),EASTERN SAMAR,25-64,F,S,Y,A,1
2025,3,13,REGION VIII (EASTERN VISAYAS),LEYTE,15-24,M,S,Y,A,1
2025,3,13,REGION VIII (EASTERN VISAYAS),LEYTE,25-64,F,S,Y,A,1
2025,3,13,REGION VIII (EASTERN VISAYAS),LEYTE,5-14,F,S,Y,A,2
2025,3,13,REGION VIII (EASTERN VISAYAS),LEYTE,5-14,M,S,Y,A,3
2025,3,13,REGION VIII (EASTERN VISAYAS),LEYTE,65+,F,S,Y,A,1
2025,3,13,REGION VIII (EASTERN VISAYAS),NORTHERN SAMAR,0-4,M,S,Y,A,1
2025,3,13,REGION VIII (EASTERN VISAYAS),NORTHERN SAMAR,25-64,F,S,Y,A,3
2025,3,13,REGION VIII (EASTERN VISAYAS),NORTHERN SAMAR,25-64,M,S,N,A,1
2025,3,13,REGION VIII (EASTERN VISAYAS),NORTHERN SAMAR,25-64,M,S,Y,A,2
2025,3,13,REGION VIII (EASTERN VISAYAS),NORTHERN SAMAR,5-14,F,S,Y,A,1
2025,3,13,REGION VIII (EASTERN VISAYAS),NORTHERN SAMAR,5-14,M,S,Y,A,2
2025,3,13,REGION VIII (EASTERN VISAYAS),SAMAR,15-24,F,S,Y,A,1
2025,3,14,NEGROS ISLAND REGION (NIR),CITY OF BACOLOD,65+,M,S,Y,A,1
2025,3,14,REGION II (CAGAYAN VALLEY),ISABELA,0-4,M,C,Y,A,1
2025,3,14,REGION V (BICOL REGION),SORSOGON,5-14,F,S,Y,A,1
2025,3,14,REGION VIII (EASTERN VISAYAS),EASTERN SAMAR,15-24,M,S,Y,A,1
2025,3,14,REGION VIII (EASTERN VISAYAS),LEYTE,25-64,F,S,Y,A,1
2025,3,14,REGION VIII (EASTERN VISAYAS),LEYTE,65+,M,S,Y,A,1
2025,3,14,REGION VIII (EASTERN VISAYAS),NORTHERN SAMAR,25-64,M,S,Y,A,1
2025,3,14,REGION VIII (EASTERN VISAYAS),NORTHERN SAMAR,5-14,F,S,Y,A,2
2025,3,14,REGION XII (SOCCSKSARGEN),COTABATO,65+,F,S,Y,A,1
2025,4,14,BANGSAMORO AUTONOMOUS REGION IN MUSLIM MINDANAO (BARMM),SULU,25-64,F,S,Y,A,1
2025,4,14,REGION IX (ZAMBOANGA PENINSULA),CITY OF ZAMBOANGA,25-64,F,S,Y,A,2
2025,4,14,REGION IX (ZAMBOANGA PENINSULA),ZAMBOANGA DEL NORTE,15-24,F,S,Y,A,1
2025,4,14,REGION VIII (EASTERN VISAYAS),EASTERN SAMAR,0-4,M,S,Y,A,1
2025,4,14,REGION VIII (EASTERN VISAYAS),EASTERN SAMAR,5-14,F,S,N,A,1
2025,4,14,REGION VIII (EASTERN VISAYAS),LEYTE,0-4,M,S,N,A,1
2025,4,14,REGION VIII (EASTERN VISAYAS),LEYTE,15-24,F,S,Y,A,2
2025,4,14,REGION VIII (EASTERN VISAYAS),LEYTE,25-64,M,S,Y,A,1
2025,4,14,REGION VIII (EASTERN VISAYAS),LEYTE,5-14,M,S,Y,A,2
2025,4,14,REGION VIII (EASTERN VISAYAS),NORTHERN SAMAR,25-64,F,S,Y,A,3
2025,4,14,REGION VIII (EASTERN VISAYAS),NORTHERN SAMAR,25-64,M,S,Y,A,2
2025,4,14,REGION VIII (EASTERN VISAYAS),NORTHERN SAMAR,5-14,M,S,Y,A,2
2025,4,14,REGION VIII (EASTERN VISAYAS),NORTHERN SAMAR,65+,M,S,Y,A,1
2025,4,14,REGION VIII (EASTERN VISAYAS),SAMAR,15-24,F,S,Y,A,2
2025,4,14,REGION XI (DAVAO REGION),DAVAO OCCIDENTAL,25-64,M,S,Y,A,1
2025,4,14,REGION XII (SOCCSKSARGEN),COTABATO,25-64,F,S,Y,A,1
2025,4,14,REGION XIII (CARAGA),DINAGAT ISLANDS,0-4,M,S,Y,D,1
2025,4,15,NATIONAL CAPITAL REGION (NCR),CITY OF MANILA,15-24,F,S,Y,A,1
2025,4,15,NATIONAL CAPITAL REGION (NCR),CITY OF MANILA,25-64,M,S,Y,A,2
2025,4,15,NEGROS ISLAND REGION (NIR),CITY OF BACOLOD,65+,F,S,Y,D,1
2025,4,15,NEGROS ISLAND REGION (NIR),CITY OF BACOLOD,65+,M,S,Y,D,2
2025,4,15,NEGROS ISLAND REGION (NIR),NEGROS OCCIDENTAL,25-64,F,S,N,A,1
2025,4,15,NEGROS ISLAND REGION (NIR),NEGROS OCCIDENTAL,25-64,F,S,Y,A,1
2025,4,15,NEGROS ISLAND REGION (NIR),NEGROS OCCIDENTAL,65+,M,S,Y,A,1
2025,4,15,REGION IV-A (CALABARZON),RIZAL,0-4,F,S,N,A,1
2025,4,15,REGION IX (ZAMBOANGA PENINSULA),CITY OF ZAMBOANGA,25-64,M,S,Y,A,1
2025,4,15,REGION IX (ZAMBOANGA PENINSULA),CITY OF ZAMBOANGA,5-14,M,S,Y,A,1
2025,4,15,REGION VI (WESTERN VISAYAS),ANTIQUE,15-24,M,S,Y,A,1
2025,4,15,REGION VIII (EASTERN VISAYAS),LEYTE,0-4,M,S,Y,A,1
2025,4,15,REGION VIII (EASTERN VISAYAS),LEYTE,15-24,F,S,Y,A,1
2025,4,15,REGION VIII (EASTERN VISAYAS),LEYTE,15-24,M,S,Y,A,1
2025,4,15,REGION VIII (EASTERN VISAYAS),LEYTE,25-64,F,S,Y,A,1
2025,4,15,REGION VIII (EASTERN VISAYAS),LEYTE,5-14,F,S,Y,A,1
2025,4,15,REGION VIII (EASTERN VISAYAS),LEYTE,65+,M,S,Y,A,1
2025,4,15,REGION VIII (EASTERN VISAYAS),NORTHERN SAMAR,15-24,F,S,Y,A,2
2025,4,15,REGION VIII (EASTERN VISAYAS),NORTHERN SAMAR,25-64,F,S,Y,A,4
2025,4,15,REGION VIII (EASTERN VISAYAS),NORTHERN SAMAR,25-64,M,S,Y,A,3
2025,4,15,REGION VIII (EASTERN VISAYAS),NORTHERN SAMAR,5-14,F,S,Y,A,1
2025,4,15,REGION VIII (EASTERN VISAYAS),NORTHERN SAMAR,5-14,M,S,Y,A,2
2025,4,15,REGION VIII (EASTERN VISAYAS),NORTHERN SAMAR,65+,F,S,Y,A,2
2025,4,15,REGION VIII (EASTERN VISAYAS),SAMAR,0-4,M,S,N,A,1
2025,4,15,REGION VIII (EASTERN VISAYAS),SAMAR,15-24,M,S,Y,A,1
2025,4,15,REGION VIII (EASTERN VISAYAS),SAMAR,25-64,M,S,Y,A,2
2025,4,15,REGION X (NORTHERN MINDANAO),BUKIDNON,0-4,M,S,Y,A,2
2025,4,15,REGION X (NORTHERN MINDANAO),BUKIDNON,5-14,M,S,Y,A,2
2025,4,15,REGION XII (SOCCSKSARGEN),COTABATO,25-64,M,S,Y,A,2
2025,4,15,REGION XII (SOCCSKSARGEN),SOUTH COTABATO,25-64,F,S,N,A,1
2025,4,15,REGION XII (SOCCSKSARGEN),SOUTH COTABATO,5-14,F,S,N,A,1
2025,4,16,NATIONAL CAPITAL REGION (NCR),CITY OF MANILA,25-64,F,S,Y,A,1
2025,4,16,NATIONAL CAPITAL REGION (NCR),CITY OF MANILA,25-64,M,S,Y,A,1
2025,4,16,NEGROS ISLAND REGION (NIR),CITY OF BACOLOD,15-24,M,S,Y,A,1
2025,4,16,NEGROS ISLAND REGION (NIR),CITY OF BACOLOD,65+,M,S,N,A,1
2025,4,16,NEGROS ISLAND REGION (NIR),NEGROS OCCIDENTAL,0-4,M,S,Y,A,1
2025,4,16,REGION II (CAGAYAN VALLEY),ISABELA,25-64,F,S,Y,A,1
2025,4,16,REGION IX (ZAMBOANGA PENINSULA),CITY OF ZAMBOANGA,15-24,M,S,Y,A,2
2025,4,16,REGION IX (ZAMBOANGA PENINSULA),CITY OF ZAMBOANGA,25-64,M,S,Y,A,2
2025,4,16,REGION V (BICOL REGION),SORSOGON,5-14,F,S,Y,A,1
2025,4,16,REGION V (BICOL REGION),SORSOGON,5-14,M,S,Y,A,2
2025,4,16,REGION VIII (EASTERN VISAYAS),CITY OF TACLOBAN,25-64,F,S,Y,A,1
2025,4,16,REGION VIII (EASTERN VISAYAS),EASTERN SAMAR,15-24,F,S,N,A,1
2025,4,16,REGION VIII (EASTERN VISAYAS),EASTERN SAMAR,5-14,F,S,N,A,1
2025,4,16,REGION VIII (EASTERN VISAYAS),LEYTE,15-24,F,S,Y,A,1
2025,4,16,REGION VIII (EASTERN VISAYAS),LEYTE,15-24,M,S,Y,A,1
2025,4,16,REGION VIII (EASTERN VISAYAS),LEYTE,25-64,F,S,Y,A,2
2025,4,16,REGION VIII (EASTERN VISAYAS),LEYTE,5-14,F,S,Y,A,3
2025,4,16,REGION VIII (EASTERN VISAYAS),LEYTE,65+,F,S,Y,A,1
2025,4,16,REGION VIII (EASTERN VISAYAS),LEYTE,65+,M,S,Y,A,2
2025,4,16,REGION VIII (EASTERN VISAYAS),NORTHERN SAMAR,15-24,F,S,Y,A,1
2025,4,16,REGION VIII (EASTERN VISAYAS),NORTHERN SAMAR,25-64,F,S,Y,A,2
2025,4,16,REGION VIII (EASTERN VISAYAS),NORTHERN SAMAR,5-14,F,S,Y,A,1
2025,4,16,REGION VIII (EASTERN VISAYAS),NORTHERN SAMAR,5-14,M,S,Y,A,4
2025,4,16,REGION VIII (EASTERN VISAYAS),NORTHERN SAMAR,65+,F,S,Y,A,2
2025,4,16,REGION VIII (EASTERN VISAYAS),SAMAR,25-64,M,S,N,A,1
2025,4,16,REGION XII (SOCCSKSARGEN),COTABATO,25-64,M,S,Y,A,1
2025,4,16,REGION XII (SOCCSKSARGEN),SOUTH COTABATO,0-4,M,S,N,A,1
2025,4,16,REGION XII (SOCCSKSARGEN),SOUTH COTABATO,15-24,F,S,N,A,3
2025,4,16,REGION XII (SOCCSKSARGEN),SOUTH COTABATO,15-24,M,S,N,A,3
2025,4,16,REGION XII (SOCCSKSARGEN),SOUTH COTABATO,25-64,F,S,N,A,4
2025,4,16,REGION XII (SOCCSKSARGEN),SOUTH COTABATO,25-64,F,S,Y,A,3
2025,4,16,REGION XII (SOCCSKSARGEN),SOUTH COTABATO,25-64,M,S,N,A,8
2025,4,16,REGION XII (SOCCSKSARGEN),SOUTH COTABATO,25-64,M,S,Y,A,2
2025,4,16,REGION XII (SOCCSKSARGEN),SOUTH COTABATO,5-14,F,S,N,A,1
2025,4,16,REGION XII (SOCCSKSARGEN),SOUTH COTABATO,5-14,F,S,Y,A,5
2025,4,16,REGION XII (SOCCSKSARGEN),SOUTH COTABATO,5-14,M,S,N,A,2
2025,4,16,REGION XII (SOCCSKSARGEN),SOUTH COTABATO,5-14,M,S,Y,A,2
2025,4,16,REGION XII (SOCCSKSARGEN),SOUTH COTABATO,65+,F,S,N,A,1
2025,4,16,REGION XII (SOCCSKSARGEN),SOUTH COTABATO,65+,M,S,N,A,1
2025,4,16,REGION XIII (CARAGA),SURIGAO DEL NORTE,0-4,F,S,Y,A,1
2025,4,17,BANGSAMORO AUTONOMOUS REGION IN MUSLIM MINDANAO (BARMM),SPECIAL GEOGRAPHIC AREA,0-4,M,S,Y,A,1
2025,4,17,BANGSAMORO AUTONOMOUS REGION IN MUSLIM MINDANAO (BARMM),SPECIAL GEOGRAPHIC AREA,25-64,F,S,Y,A,2
2025,4,17,BANGSAMORO AUTONOMOUS REGION IN MUSLIM MINDANAO (BARMM),SPECIAL GEOGRAPHIC AREA,65+,F,S,Y,A,1
2025,4,17,CORDILLERA ADMINISTRATIVE REGION (CAR),CITY OF BAGUIO,65+,F,S,Y,A,1
2025,4,17,NATIONAL CAPITAL REGION (NCR),CITY OF MANILA,25-64,F,S,Y,D,1
2025,4,17,NATIONAL CAPITAL REGION (NCR),CITY OF MANILA,65+,M,S,Y,A,1
2025,4,17,NEGROS ISLAND REGION (NIR),CITY OF BACOLOD,25-64,F,S,Y,A,1
2025,4,17,NEGROS ISLAND REGION (NIR),CITY OF BACOLOD,65+,F,S,Y,A,1
2025,4,17,NEGROS ISLAND REGION (NIR),NEGROS OCCIDENTAL,25-64,M,S,Y,A,1
2025,4,17,REGION IX (ZAMBOANGA PENINSULA),CITY OF ZAMBOANGA,5-14,M,S,Y,A,1
2025,4,17,REGION V (BICOL REGION),SORSOGON,5-14,M,S,Y,A,1
2025,4,17,REGION V (BICOL REGION),SORSOGON,65+,M,S,Y,A,1
2025,4,17,REGION VIII (EASTERN VISAYAS),LEYTE,15-24,M,S,Y,A,1
2025,4,17,REGION VIII (EASTERN VISAYAS),LEYTE,25-64,F,S,Y,A,3
2025,4,17,REGION VIII (EASTERN VISAYAS),LEYTE,25-64,M,S,Y,A,2
2025,4,17,REGION VIII (EASTERN VISAYAS),LEYTE,5-14,M,S,Y,A,1
2025,4,17,REGION VIII (EASTERN VISAYAS),NORTHERN SAMAR,15-24,F,S,Y,A,2
2025,4,17,REGION VIII (EASTERN VISAYAS),NORTHERN SAMAR,25-64,F,S,Y,A,4
2025,4,17,REGION VIII (EASTERN VISAYAS),NORTHERN SAMAR,25-64,M,S,Y,A,2
2025,4,17,REGION VIII (EASTERN VISAYAS),NORTHERN SAMAR,5-14,F,S,Y,A,1
2025,4,17,REGION VIII (EASTERN VISAYAS),NORTHERN SAMAR,5-14,M,S,Y,A,2
2025,4,17,REGION VIII (EASTERN VISAYAS),NORTHERN SAMAR,65+,F,S,Y,A,1
2025,4,17,REGION VIII (EASTERN VISAYAS),SAMAR,15-24,F,S,N,A,2
2025,4,17,REGION VIII (EASTERN VISAYAS),SAMAR,25-64,M,S,N,A,1
2025,4,17,REGION VIII (EASTERN VISAYAS),SAMAR,5-14,M,S,N,A,1
2025,4,17,REGION VIII (EASTERN VISAYAS),SOUTHERN LEYTE,65+,F,S,N,A,1
2025,4,17,REGION X (NORTHERN MINDANAO),CITY OF CAGAYAN DE ORO,25-64,M,S,Y,A,1
2025,4,17,REGION XII (SOCCSKSARGEN),SOUTH COTABATO,0-4,F,S,N,A,1
2025,4,17,REGION XII (SOCCSKSARGEN),SOUTH COTABATO,0-4,F,S,Y,A,2
2025,4,17,REGION XII (SOCCSKSARGEN),SOUTH COTABATO,15-24,F,S,N,A,3
2025,4,17,REGION XII (SOCCSKSARGEN),SOUTH COTABATO,15-24,F,S,Y,A,1
2025,4,17,REGION XII (SOCCSKSARGEN),SOUTH COTABATO,15-24,M,S,N,A,2
2025,4,17,REGION XII (SOCCSKSARGEN),SOUTH COTABATO,25-64,F,S,N,A,6
2025,4,17,REGION XII (SOCCSKSARGEN),SOUTH COTABATO,25-64,M,S,N,A,4
2025,4,17,REGION XII (SOCCSKSARGEN),SOUTH COTABATO,25-64,M,S,Y,A,2
2025,4,17,REGION XII (SOCCSKSARGEN),SOUTH COTABATO,5-14,F,S,N,A,4
2025,4,17,REGION XII (SOCCSKSARGEN),SOUTH COTABATO,5-14,M,S,N,A,2
2025,4,17,REGION XII (SOCCSKSARGEN),SOUTH COTABATO,5-14,M,S,Y,A,1
2025,4,18,BANGSAMORO AUTONOMOUS REGION IN MUSLIM MINDANAO (BARMM),SPECIAL GEOGRAPHIC AREA,5-14,M,S,Y,A,1
2025,4,18,REGION V (BICOL REGION),CAMARINES SUR,5-14,F,S,Y,A,1
2025,4,18,REGION VIII (EASTERN VISAYAS),LEYTE,15-24,M,S,Y,A,1
2025,4,18,REGION VIII (EASTERN VISAYAS),NORTHERN SAMAR,15-24,F,S,Y,A,1
2025,4,18,REGION VIII (EASTERN VISAYAS),NORTHERN SAMAR,15-24,M,S,Y,A,2
2025,4,18,REGION VIII (EASTERN VISAYAS),NORTHERN SAMAR,25-64,F,S,Y,A,3
2025,4,18,REGION VIII (EASTERN VISAYAS),NORTHERN SAMAR,5-14,F,S,Y,A,2
2025,4,18,REGION VIII (EASTERN VISAYAS),NORTHERN SAMAR,5-14,M,S,Y,A,3
2025,4,18,REGION VIII (EASTERN VISAYAS),NORTHERN SAMAR,65+,M,S,Y,A,1
2025,4,18,REGION VIII (EASTERN VISAYAS),SAMAR,0-4,M,S,N,A,1
2025,4,18,REGION VIII (EASTERN VISAYAS),SAMAR,25-64,F,S,N,A,1
2025,4,18,REGION VIII (EASTERN VISAYAS),SAMAR,25-64,M,S,N,A,1
2025,4,18,REGION VIII (EASTERN VISAYAS),SAMAR,5-14,M,S,Y,A,1
2025,4,18,REGION VIII (EASTERN VISAYAS),SAMAR,65+,F,S,Y,A,1
2025,4,18,REGION VIII (EASTERN VISAYAS),SOUTHERN LEYTE,65+,M,S,Y,A,1
2025,4,18,REGION X (NORTHERN MINDANAO),CITY OF CAGAYAN DE ORO,15-24,M,S,Y,A,1
2025,4,18,REGION XII (SOCCSKSARGEN),SOUTH COTABATO,0-4,M,P,Y,A,1
2025,4,18,REGION XII (SOCCSKSARGEN),SOUTH COTABATO,0-4,M,S,N,A,1
2025,4,18,REGION XII (SOCCSKSARGEN),SOUTH COTABATO,15-24,F,S,N,A,3
2025,4,18,REGION XII (SOCCSKSARGEN),SOUTH COTABATO,25-64,F,S,N,A,3
2025,4,18,REGION XII (SOCCSKSARGEN),SOUTH COTABATO,65+,F,S,N,A,2
2025,5,18,REGION V (BICOL REGION),CAMARINES SUR,65+,M,S,Y,A,1
2025,5,18,REGION V (BICOL REGION),SORSOGON,15-24,F,S,Y,A,1
2025,5,18,REGION VIII (EASTERN VISAYAS),NORTHERN SAMAR,65+,F,S,Y,A,2
2025,5,18,REGION XII (SOCCSKSARGEN),COTABATO,0-4,M,S,Y,A,1
2025,5,18,REGION XII (SOCCSKSARGEN),SOUTH COTABATO,15-24,F,S,N,A,1
2025,5,18,REGION XII (SOCCSKSARGEN),SOUTH COTABATO,25-64,F,S,N,A,2
2025,5,18,REGION XII (SOCCSKSARGEN),SOUTH COTABATO,25-64,M,S,N,A,1
2025,5,19,BANGSAMORO AUTONOMOUS REGION IN MUSLIM MINDANAO (BARMM),BASILAN,25-64,F,S,Y,A,1
2025,5,19,BANGSAMORO AUTONOMOUS REGION IN MUSLIM MINDANAO (BARMM),MAGUINDANAO DEL SUR,25-64,M,S,Y,A,1
2025,5,19,NATIONAL CAPITAL REGION (NCR),CITY OF CALOOCAN,0-4,M,S,Y,A,1
2025,5,19,NEGROS ISLAND REGION (NIR),CITY OF BACOLOD,25-64,M,S,Y,A,2
2025,5,19,REGION V (BICOL REGION),CAMARINES SUR,25-64,M,S,Y,A,1
2025,5,19,REGION V (BICOL REGION),SORSOGON,5-14,M,S,Y,A,1
2025,5,19,REGION VIII (EASTERN VISAYAS),LEYTE,25-64,F,S,Y,A,1
2025,5,19,REGION VIII (EASTERN VISAYAS),LEYTE,25-64,M,S,Y,A,1
2025,5,19,REGION VIII (EASTERN VISAYAS),LEYTE,65+,F,S,Y,A,2
2025,5,19,REGION VIII (EASTERN VISAYAS),LEYTE,65+,M,S,Y,A,1
2025,5,19,REGION VIII (EASTERN VISAYAS),NORTHERN SAMAR,15-24,F,S,Y,A,1
2025,5,19,REGION VIII (EASTERN VISAYAS),NORTHERN SAMAR,25-64,F,S,Y,A,3
2025,5,19,REGION VIII (EASTERN VISAYAS),NORTHERN SAMAR,25-64,M,S,Y,A,4
2025,5,19,REGION VIII (EASTERN VISAYAS),NORTHERN SAMAR,5-14,F,S,Y,A,1
2025,5,19,REGION VIII (EASTERN VISAYAS),NORTHERN SAMAR,5-14,M,S,Y,A,4
2025,5,19,REGION VIII (EASTERN VISAYAS),NORTHERN SAMAR,65+,M,S,Y,A,1
2025,5,19,REGION VIII (EASTERN VISAYAS),SAMAR,25-64,F,S,N,A,1
2025,5,19,REGION VIII (EASTERN VISAYAS),SAMAR,5-14,F,S,N,A,1
2025,5,19,REGION VIII (EASTERN VISAYAS),SAMAR,5-14,M,S,N,A,1
2025,5,19,REGION XI (DAVAO REGION),DAVAO DEL NORTE,0-4,F,S,Y,A,1
2025,5,19,REGION XI (DAVAO REGION),DAVAO ORIENTAL,15-24,F,S,N,A,1
2025,5,19,REGION XI (DAVAO REGION),DAVAO ORIENTAL,15-24,M,S,N,A,2
2025,5,19,REGION XII (SOCCSKSARGEN),COTABATO,25-64,M,S,Y,A,1
2025,5,19,REGION XII (SOCCSKSARGEN),COTABATO,5-14,M,S,Y,A,1
2025,5,19,REGION XII (SOCCSKSARGEN),COTABATO,65+,F,S,Y,A,1
2025,5,19,REGION XII (SOCCSKSARGEN),SOUTH COTABATO,0-4,F,S,N,A,1
2025,5,19,REGION XII (SOCCSKSARGEN),SOUTH COTABATO,0-4,M,P,N,A,1
2025,5,19,REGION XII (SOCCSKSARGEN),SOUTH COTABATO,15-24,F,S,N,A,2
2025,5,19,REGION XII (SOCCSKSARGEN),SOUTH COTABATO,15-24,M,S,Y,A,1
2025,5,19,REGION XII (SOCCSKSARGEN),SOUTH COTABATO,25-64,F,S,N,A,1
2025,5,19,REGION XII (SOCCSKSARGEN),SOUTH COTABATO,25-64,M,S,N,A,3
2025,5,19,REGION XII (SOCCSKSARGEN),SOUTH COTABATO,5-14,F,S,N,A,1
2025,5,19,REGION XII (SOCCSKSARGEN),SOUTH COTABATO,5-14,M,P,N,A,1
2025,5,20,BANGSAMORO AUTONOMOUS REGION IN MUSLIM MINDANAO (BARMM),SPECIAL GEOGRAPHIC AREA,25-64,F,S,Y,A,1
2025,5,20,BANGSAMORO AUTONOMOUS REGION IN MUSLIM MINDANAO (BARMM),SPECIAL GEOGRAPHIC AREA,5-14,M,S,Y,A,2
2025,5,20,CORDILLERA ADMINISTRATIVE REGION (CAR),APAYAO,15-24,M,C,Y,A,1
2025,5,20,CORDILLERA ADMINISTRATIVE REGION (CAR),APAYAO,15-24,M,S,Y,A,1
2025,5,20,CORDILLERA ADMINISTRATIVE REGION (CAR),APAYAO,25-64,M,C,Y,A,1
2025,5,20,NEGROS ISLAND REGION (NIR),CITY OF BACOLOD,25-64,F,S,Y,A,1
2025,5,20,NEGROS ISLAND REGION (NIR),NEGROS OCCIDENTAL,25-64,F,S,Y,A,1
2025,5,20,REGION IX (ZAMBOANGA PENINSULA),CITY OF ZAMBOANGA,25-64,F,S,Y,A,1
2025,5,20,REGION IX (ZAMBOANGA PENINSULA),CITY OF ZAMBOANGA,5-14,M,S,Y,A,1
2025,5,20,REGION V (BICOL REGION),SORSOGON,25-64,F,S,Y,A,1
2025,5,20,REGION V (BICOL REGION),SORSOGON,5-14,M,S,Y,A,1
2025,5,20,REGION VIII (EASTERN VISAYAS),EASTERN SAMAR,0-4,F,S,N,A,2
2025,5,20,REGION VIII (EASTERN VISAYAS),LEYTE,25-64,F,S,Y,A,3
2025,5,20,REGION VIII (EASTERN VISAYAS),LEYTE,25-64,M,S,Y,A,1
2025,5,20,REGION VIII (EASTERN VISAYAS),LEYTE,5-14,F,S,Y,A,1
2025,5,20,REGION VIII (EASTERN VISAYAS),LEYTE,5-14,M,S,Y,A,2
2025,5,20,REGION VIII (EASTERN VISAYAS),NORTHERN SAMAR,15-24,M,S,Y,A,1
2025,5,20,REGION VIII (EASTERN VISAYAS),NORTHERN SAMAR,25-64,F,S,Y,A,2
2025,5,20,REGION VIII (EASTERN VISAYAS),NORTHERN SAMAR,25-64,M,S,Y,A,2
2025,5,20,REGION VIII (EASTERN VISAYAS),NORTHERN SAMAR,25-64,M,S,Y,D,1
2025,5,20,REGION VIII (EASTERN VISAYAS),NORTHERN SAMAR,5-14,F,S,Y,A,1
2025,5,20,REGION VIII (EASTERN VISAYAS),NORTHERN SAMAR,5-14,M,S,N,A,1
2025,5,20,REGION VIII (EASTERN VISAYAS),NORTHERN SAMAR,5-14,M,S,Y,A,2
2025,5,20,REGION VIII (EASTERN VISAYAS),NORTHERN SAMAR,65+,F,S,Y,A,2
2025,5,20,REGION VIII (EASTERN VISAYAS),SAMAR,0-4,F,S,N,A,1
2025,5,20,REGION VIII (EASTERN VISAYAS),SAMAR,5-14,F,S,N,A,1
2025,5,20,REGION XII (SOCCSKSARGEN),COTABATO,25-64,M,S,Y,A,1
2025,5,20,REGION XII (SOCCSKSARGEN),SARANGANI,5-14,M,C,Y,A,1
2025,5,20,REGION XII (SOCCSKSARGEN),SOUTH COTABATO,0-4,F,S,N,A,1
2025,5,20,REGION XII (SOCCSKSARGEN),SOUTH COTABATO,0-4,M,S,Y,A,1
2025,5,20,REGION XII (SOCCSKSARGEN),SOUTH COTABATO,15-24,F,S,N,A,2
2025,5,20,REGION XII (SOCCSKSARGEN),SOUTH COTABATO,25-64,F,S,Y,A,1
2025,5,20,REGION XII (SOCCSKSARGEN),SOUTH COTABATO,25-64,M,S,N,A,1
2025,5,20,REGION XII (SOCCSKSARGEN),SOUTH COTABATO,5-14,M,S,N,A,1
2025,5,21,BANGSAMORO AUTONOMOUS REGION IN MUSLIM MINDANAO (BARMM),MAGUINDANAO DEL NORTE,25-64,F,S,Y,A,1
2025,5,21,BANGSAMORO AUTONOMOUS REGION IN MUSLIM MINDANAO (BARMM),MAGUINDANAO DEL SUR,25-64,M,S,Y,A,1
2025,5,21,BANGSAMORO AUTONOMOUS REGION IN MUSLIM MINDANAO (BARMM),SPECIAL GEOGRAPHIC AREA,0-4,M,S,Y,A,1
2025,5,21,BANGSAMORO AUTONOMOUS REGION IN MUSLIM MINDANAO (BARMM),SPECIAL GEOGRAPHIC AREA,15-24,F,S,Y,A,1
2025,5,21,CORDILLERA ADMINISTRATIVE REGION (CAR),APAYAO,0-4,M,S,Y,A,1
2025,5,21,CORDILLERA ADMINISTRATIVE REGION (CAR),APAYAO,25-64,M,C,Y,A,2
2025,5,21,CORDILLERA ADMINISTRATIVE REGION (CAR),APAYAO,5-14,F,S,Y,A,2
2025,5,21,CORDILLERA ADMINISTRATIVE REGION (CAR),APAYAO,5-14,M,S,Y,A,1
2025,5,21,CORDILLERA ADMINISTRATIVE REGION (CAR),BENGUET,25-64,F,S,Y,A,1
2025,5,21,NEGROS ISLAND REGION (NIR),NEGROS OCCIDENTAL,25-64,M,S,N,A,1
2025,5,21,NEGROS ISLAND REGION (NIR),NEGROS OCCIDENTAL,65+,F,S,N,A,1
2025,5,21,REGION IX (ZAMBOANGA PENINSULA),CITY OF ZAMBOANGA,15-24,M,S,Y,A,1
2025,5,21,REGION IX (ZAMBOANGA PENINSULA),CITY OF ZAMBOANGA,25-64,F,S,N,A,1
2025,5,21,REGION IX (ZAMBOANGA PENINSULA),CITY OF ZAMBOANGA,25-64,F,S,Y,A,1
2025,5,21,REGION V (BICOL REGION),CAMARINES SUR,5-14,M,S,Y,A,1
2025,5,21,REGION V (BICOL REGION),SORSOGON,5-14,F,S,Y,A,1
2025,5,21,REGION V (BICOL REGION),SORSOGON,5-14,M,S,Y,A,1
2025,5,21,REGION VIII (EASTERN VISAYAS),LEYTE,25-64,F,S,Y,A,1
2025,5,21,REGION VIII (EASTERN VISAYAS),LEYTE,5-14,F,S,Y,A,1
2025,5,21,REGION VIII (EASTERN VISAYAS),NORTHERN SAMAR,0-4,M,S,N,A,1
2025,5,21,REGION VIII (EASTERN VISAYAS),NORTHERN SAMAR,25-64,F,S,Y,A,3
2025,5,21,REGION VIII (EASTERN VISAYAS),NORTHERN SAMAR,25-64,M,S,Y,A,6
2025,5,21,REGION VIII (EASTERN VISAYAS),NORTHERN SAMAR,5-14,F,S,Y,A,1
2025,5,21,REGION VIII (EASTERN VISAYAS),NORTHERN SAMAR,5-14,M,S,Y,A,4
2025,5,21,REGION VIII (EASTERN VISAYAS),NORTHERN SAMAR,65+,F,S,Y,A,3
2025,5,21,REGION VIII (EASTERN VISAYAS),NORTHERN SAMAR,65+,M,S,Y,A,1
2025,5,21,REGION VIII (EASTERN VISAYAS),SAMAR,25-64,F,S,N,A,1
2025,5,21,REGION VIII (EASTERN VISAYAS),SAMAR,65+,M,S,Y,A,1
2025,5,21,REGION X (NORTHERN MINDANAO),MISAMIS ORIENTAL,25-64,F,S,Y,A,1
2025,5,21,REGION XII (SOCCSKSARGEN),COTABATO,0-4,M,S,Y,A,1
2025,5,21,REGION XII (SOCCSKSARGEN),COTABATO,15-24,M,S,Y,A,1
2025,5,21,REGION XII (SOCCSKSARGEN),COTABATO,25-64,F,S,Y,A,2
2025,5,21,REGION XII (SOCCSKSARGEN),SOUTH COTABATO,0-4,F,S,N,A,1
2025,5,21,REGION XII (SOCCSKSARGEN),SOUTH COTABATO,15-24,F,S,N,A,1
2025,5,21,REGION XII (SOCCSKSARGEN),SOUTH COTABATO,25-64,F,S,N,A,3
2025,5,21,REGION XII (SOCCSKSARGEN),SOUTH COTABATO,25-64,M,S,N,A,3
2025,5,21,REGION XII (SOCCSKSARGEN),SOUTH COTABATO,25-64,M,S,Y,A,1
2025,5,21,REGION XII (SOCCSKSARGEN),SOUTH COTABATO,5-14,F,S,N,A,1
2025,5,21,REGION XII (SOCCSKSARGEN),SOUTH COTABATO,5-14,M,S,N,A,1
2025,5,21,REGION XII (SOCCSKSARGEN),SOUTH COTABATO,65+,F,S,N,A,1
2025,5,21,REGION XII (SOCCSKSARGEN),SOUTH COTABATO,65+,M,S,Y,A,1
2025,5,22,BANGSAMORO AUTONOMOUS REGION IN MUSLIM MINDANAO (BARMM),MAGUINDANAO DEL SUR,15-24,M,S,Y,A,1
2025,5,22,BANGSAMORO AUTONOMOUS REGION IN MUSLIM MINDANAO (BARMM),SPECIAL GEOGRAPHIC AREA,0-4,F,S,Y,A,3
2025,5,22,BANGSAMORO AUTONOMOUS REGION IN MUSLIM MINDANAO (BARMM),SPECIAL GEOGRAPHIC AREA,0-4,M,S,Y,A,2
2025,5,22,BANGSAMORO AUTONOMOUS REGION IN MUSLIM MINDANAO (BARMM),SPECIAL GEOGRAPHIC AREA,15-24,M,S,Y,A,1
2025,5,22,BANGSAMORO AUTONOMOUS REGION IN MUSLIM MINDANAO (BARMM),SPECIAL GEOGRAPHIC AREA,25-64,F,S,Y,A,3
2025,5,22,BANGSAMORO AUTONOMOUS REGION IN MUSLIM MINDANAO (BARMM),SPECIAL GEOGRAPHIC AREA,25-64,M,S,Y,A,1
2025,5,22,CORDILLERA ADMINISTRATIVE REGION (CAR),APAYAO,25-64,F,S,Y,A,1
2025,5,22,CORDILLERA ADMINISTRATIVE REGION (CAR),APAYAO,25-64,M,S,Y,A,1
2025,5,22,CORDILLERA ADMINISTRATIVE REGION (CAR),APAYAO,65+,F,C,Y,A,1
2025,5,22,CORDILLERA ADMINISTRATIVE REGION (CAR),APAYAO,65+,F,S,Y,A,1
2025,5,22,CORDILLERA ADMINISTRATIVE REGION (CAR),KALINGA,0-4,F,C,Y,A,1
2025,5,22,NATIONAL CAPITAL REGION (NCR),CITY OF MANILA,65+,F,S,Y,A,1
2025,5,22,NEGROS ISLAND REGION (NIR),CITY OF BACOLOD,25-64,M,S,N,A,1
2025,5,22,REGION IX (ZAMBOANGA PENINSULA),CITY OF ZAMBOANGA,15-24,M,S,Y,A,1
2025,5,22,REGION IX (ZAMBOANGA PENINSULA),CITY OF ZAMBOANGA,25-64,M,S,Y,A,1
2025,5,22,REGION IX (ZAMBOANGA PENINSULA),CITY OF ZAMBOANGA,5-14,M,S,Y,A,2
2025,5,22,REGION V (BICOL REGION),CAMARINES SUR,25-64,F,S,Y,A,1
2025,5,22,REGION V (BICOL REGION),CAMARINES SUR,25-64,M,S,Y,A,1
2025,5,22,REGION V (BICOL REGION),SORSOGON,5-14,M,S,Y,A,1
2025,5,22,REGION VIII (EASTERN VISAYAS),NORTHERN SAMAR,0-4,F,S,N,A,1
2025,5,22,REGION VIII (EASTERN VISAYAS),NORTHERN SAMAR,0-4,M,S,N,A,2
2025,5,22,REGION VIII (EASTERN VISAYAS),NORTHERN SAMAR,15-24,F,S,Y,A,2
2025,5,22,REGION VIII (EASTERN VISAYAS),NORTHERN SAMAR,25-64,F,S,Y,A,6
2025,5,22,REGION VIII (EASTERN VISAYAS),NORTHERN SAMAR,25-64,M,S,Y,A,1
2025,5,22,REGION VIII (EASTERN VISAYAS),NORTHERN SAMAR,5-14,F,S,Y,A,2
2025,5,22,REGION VIII (EASTERN VISAYAS),NORTHERN SAMAR,5-14,M,S,Y,A,3
2025,5,22,REGION VIII (EASTERN VISAYAS),SAMAR,0-4,F,S,N,A,1
2025,5,22,REGION VIII (EASTERN VISAYAS),SAMAR,0-4,F,S,Y,A,1
2025,5,22,REGION VIII (EASTERN VISAYAS),SAMAR,0-4,M,S,N,A,1
2025,5,22,REGION VIII (EASTERN VISAYAS),SAMAR,0-4,M,S,Y,A,1
2025,5,22,REGION VIII (EASTERN VISAYAS),SAMAR,25-64,F,S,Y,A,1
2025,5,22,REGION VIII (EASTERN VISAYAS),SAMAR,25-64,M,S,N,A,1
2025,5,22,REGION XII (SOCCSKSARGEN),COTABATO,0-4,F,S,Y,A,1
2025,5,22,REGION XII (SOCCSKSARGEN),SOUTH COTABATO,0-4,F,S,N,A,1
2025,5,22,REGION XII (SOCCSKSARGEN),SOUTH COTABATO,15-24,F,S,N,A,4
2025,5,22,REGION XII (SOCCSKSARGEN),SOUTH COTABATO,15-24,F,S,Y,A,6
2025,5,22,REGION XII (SOCCSKSARGEN),SOUTH COTABATO,15-24,M,S,N,A,2
2025,5,22,REGION XII (SOCCSKSARGEN),SOUTH COTABATO,15-24,M,S,Y,A,1
2025,5,22,REGION XII (SOCCSKSARGEN),SOUTH COTABATO,25-64,F,C,Y,A,1
2025,5,22,REGION XII (SOCCSKSARGEN),SOUTH COTABATO,25-64,F,S,N,A,9
2025,5,22,REGION XII (SOCCSKSARGEN),SOUTH COTABATO,25-64,F,S,Y,A,6
2025,5,22,REGION XII (SOCCSKSARGEN),SOUTH COTABATO,25-64,M,S,N,A,6
2025,5,22,REGION XII (SOCCSKSARGEN),SOUTH COTABATO,25-64,M,S,Y,A,3
2025,5,22,REGION XII (SOCCSKSARGEN),SOUTH COTABATO,5-14,F,S,N,A,1
2025,5,22,REGION XII (SOCCSKSARGEN),SOUTH COTABATO,5-14,F,S,Y,A,1
2025,5,22,REGION XII (SOCCSKSARGEN),SOUTH COTABATO,5-14,M,S,Y,A,3
2025,5,22,REGION XIII (CARAGA),SURIGAO DEL NORTE,5-14,F,S,Y,D,1
2025,6,23,BANGSAMORO AUTONOMOUS REGION IN MUSLIM MINDANAO (BARMM),SPECIAL GEOGRAPHIC AREA,0-4,M,S,Y,A,1
2025,6,23,BANGSAMORO AUTONOMOUS REGION IN MUSLIM MINDANAO (BARMM),SPECIAL GEOGRAPHIC AREA,65+,F,S,Y,A,1
2025,6,23,CORDILLERA ADMINISTRATIVE REGION (CAR),CITY OF BAGUIO,15-24,M,S,Y,A,1
2025,6,23,NEGROS ISLAND REGION (NIR),CITY OF BACOLOD,25-64,M,S,Y,A,1
2025,6,23,NEGROS ISLAND REGION (NIR),CITY OF BACOLOD,65+,F,S,N,A,1
2025,6,23,NEGROS ISLAND REGION (NIR),NEGROS OCCIDENTAL,5-14,M,S,Y,A,1
2025,6,23,REGION V (BICOL REGION),CAMARINES SUR,65+,F,S,Y,A,1
2025,6,23,REGION VII (CENTRAL VISAYAS),CITY OF CEBU,25-64,F,S,N,A,1
2025,6,23,REGION VIII (EASTERN VISAYAS),NORTHERN SAMAR,0-4,M,S,N,A,1
2025,6,23,REGION VIII (EASTERN VISAYAS),NORTHERN SAMAR,25-64,F,S,N,A,1
2025,6,23,REGION VIII (EASTERN VISAYAS),NORTHERN SAMAR,25-64,F,S,Y,A,3
2025,6,23,REGION VIII (EASTERN VISAYAS),NORTHERN SAMAR,25-64,M,S,Y,A,2
2025,6,23,REGION VIII (EASTERN VISAYAS),NORTHERN SAMAR,5-14,F,S,N,A,1
2025,6,23,REGION VIII (EASTERN VISAYAS),NORTHERN SAMAR,5-14,M,S,N,A,1
2025,6,23,REGION VIII (EASTERN VISAYAS),NORTHERN SAMAR,5-14,M,S,Y,A,4
2025,6,23,REGION VIII (EASTERN VISAYAS),NORTHERN SAMAR,65+,M,S,Y,A,1
2025,6,23,REGION XII (SOCCSKSARGEN),COTABATO,25-64,M,S,Y,A,1
2025,6,23,REGION XII (SOCCSKSARGEN),COTABATO,65+,F,S,Y,A,1
2025,6,23,REGION XII (SOCCSKSARGEN),SOUTH COTABATO,0-4,F,S,N,A,1
2025,6,23,REGION XII (SOCCSKSARGEN),SOUTH COTABATO,0-4,M,S,N,A,1
2025,6,23,REGION XII (SOCCSKSARGEN),SOUTH COTABATO,15-24,M,S,N,A,2
2025,6,23,REGION XII (SOCCSKSARGEN),SOUTH COTABATO,15-24,M,S,Y,A,1
2025,6,23,REGION XII (SOCCSKSARGEN),SOUTH COTABATO,15-24,M,S,Y,D,1
2025,6,23,REGION XII (SOCCSKSARGEN),SOUTH COTABATO,25-64,F,S,N,A,2
2025,6,23,REGION XII (SOCCSKSARGEN),SOUTH COTABATO,25-64,F,S,Y,A,1
2025,6,23,REGION XII (SOCCSKSARGEN),SOUTH COTABATO,25-64,M,S,N,A,1
2025,6,23,REGION XII (SOCCSKSARGEN),SOUTH COTABATO,5-14,F,S,N,A,2
2025,6,23,REGION XII (SOCCSKSARGEN),SOUTH COTABATO,5-14,M,C,Y,A,1
2025,6,23,REGION XII (SOCCSKSARGEN),SOUTH COTABATO,5-14,M,S,N,A,1
2025,6,23,REGION XII (SOCCSKSARGEN),SOUTH COTABATO,5-14,M,S,Y,A,1
2025,6,23,REGION XII (SOCCSKSARGEN),SOUTH COTABATO,65+,F,S,N,A,1
2025,6,24,NEGROS ISLAND REGION (NIR),CITY OF BACOLOD,25-64,F,S,Y,A,1
2025,6,24,NEGROS ISLAND REGION (NIR),CITY OF BACOLOD,25-64,M,S,Y,A,1
2025,6,24,NEGROS ISLAND REGION (NIR),NEGROS OCCIDENTAL,25-64,M,S,N,A,1
2025,6,24,NEGROS ISLAND REGION (NIR),NEGROS OCCIDENTAL,65+,M,S,Y,A,1
2025,6,24,REGION IX (ZAMBOANGA PENINSULA),CITY OF ZAMBOANGA,25-64,M,S,Y,A,1
2025,6,24,REGION V (BICOL REGION),SORSOGON,5-14,F,S,Y,A,2
2025,6,24,REGION V (BICOL REGION),SORSOGON,5-14,M,S,Y,A,2
2025,6,24,REGION VII (CENTRAL VISAYAS),CITY OF CEBU,25-64,F,S,Y,A,1
2025,6,24,REGION VIII (EASTERN VISAYAS),BILIRAN,0-4,M,S,Y,A,1
2025,6,24,REGION VIII (EASTERN VISAYAS),NORTHERN SAMAR,15-24,F,S,Y,A,1
2025,6,24,REGION VIII (EASTERN VISAYAS),NORTHERN SAMAR,15-24,M,S,N,A,1
2025,6,24,REGION VIII (EASTERN VISAYAS),NORTHERN SAMAR,15-24,M,S,Y,A,1
2025,6,24,REGION VIII (EASTERN VISAYAS),NORTHERN SAMAR,25-64,F,S,Y,A,3
2025,6,24,REGION VIII (EASTERN VISAYAS),NORTHERN SAMAR,25-64,M,S,N,A,1
2025,6,24,REGION VIII (EASTERN VISAYAS),NORTHERN SAMAR,25-64,M,S,Y,A,2
2025,6,24,REGION VIII (EASTERN VISAYAS),NORTHERN SAMAR,5-14,F,S,Y,A,2
2025,6,24,REGION VIII (EASTERN VISAYAS),NORTHERN SAMAR,5-14,M,S,N,A,2
2025,6,24,REGION VIII (EASTERN VISAYAS),NORTHERN SAMAR,5-14,M,S,Y,A,2
2025,6,24,REGION VIII (EASTERN VISAYAS),NORTHERN SAMAR,65+,F,S,Y,A,1
2025,6,24,REGION VIII (EASTERN VISAYAS),NORTHERN SAMAR,65+,M,S,Y,A,1
2025,6,24,REGION VIII (EASTERN VISAYAS),SAMAR,0-4,F,S,N,A,1
2025,6,24,REGION VIII (EASTERN VISAYAS),SAMAR,25-64,F,S,N,A,2
2025,6,24,REGION VIII (EASTERN VISAYAS),SAMAR,25-64,M,S,N,A,2
2025,6,24,REGION VIII (EASTERN VISAYAS),SAMAR,5-14,F,S,N,A,1
2025,6,24,REGION VIII (EASTERN VISAYAS),SAMAR,5-14,M,S,N,A,1
2025,6,24,REGION VIII (EASTERN VISAYAS),SAMAR,65+,F,S,N,A,1
2025,6,24,REGION XII (SOCCSKSARGEN),SOUTH COTABATO,15-24,F,S,Y,A,1
2025,6,24,REGION XII (SOCCSKSARGEN),SOUTH COTABATO,25-64,F,S,Y,A,1
2025,6,24,REGION XII (SOCCSKSARGEN),SOUTH COTABATO,25-64,M,S,Y,A,2
2025,6,24,REGION XII (SOCCSKSARGEN),SOUTH COTABATO,5-14,F,S,Y,A,1
2025,6,24,REGION XII (SOCCSKSARGEN),SOUTH COTABATO,5-14,M,C,Y,A,1
2025,6,24,REGION XII (SOCCSKSARGEN),SOUTH COTABATO,65+,F,S,Y,A,1
2025,6,24,REGION XIII (CARAGA),DINAGAT ISLANDS,5-14,F,S,Y,D,1
2025,6,25,CORDILLERA ADMINISTRATIVE REGION (CAR),KALINGA,15-24,F,C,Y,A,1
2025,6,25,NEGROS ISLAND REGION (NIR),CITY OF BACOLOD,15-24,F,S,Y,A,1
2025,6,25,NEGROS ISLAND REGION (NIR),CITY OF BACOLOD,25-64,F,S,N,A,1
2025,6,25,NEGROS ISLAND REGION (NIR),CITY OF BACOLOD,5-14,M,S,Y,A,2
2025,6,25,NEGROS ISLAND REGION (NIR),NEGROS OCCIDENTAL,25-64,M,S,Y,A,2
2025,6,25,REGION V (BICOL REGION),SORSOGON,5-14,M,S,Y,A,1
2025,6,25,REGION VIII (EASTERN VISAYAS),BILIRAN,0-4,M,S,Y,A,1
2025,6,25,REGION VIII (EASTERN VISAYAS),NORTHERN SAMAR,15-24,M,S,Y,A,1
2025,6,25,REGION VIII (EASTERN VISAYAS),NORTHERN SAMAR,25-64,F,S,Y,A,5
2025,6,25,REGION VIII (EASTERN VISAYAS),NORTHERN SAMAR,25-64,M,S,Y,A,2
2025,6,25,REGION VIII (EASTERN VISAYAS),NORTHERN SAMAR,5-14,F,S,Y,A,4
2025,6,25,REGION VIII (EASTERN VISAYAS),NORTHERN SAMAR,5-14,M,S,Y,A,5
2025,6,25,REGION VIII (EASTERN VISAYAS),NORTHERN SAMAR,65+,F,S,Y,A,5
2025,6,25,REGION XII (SOCCSKSARGEN),COTABATO,0-4,F,S,Y,A,1
2025,6,25,REGION XII (SOCCSKSARGEN),COTABATO,65+,M,S,Y,A,1
2025,6,25,REGION XII (SOCCSKSARGEN),SOUTH COTABATO,25-64,F,S,N,A,1
2025,6,25,REGION XII (SOCCSKSARGEN),SOUTH COTABATO,25-64,M,S,N,A,1
2025,6,25,REGION XII (SOCCSKSARGEN),SOUTH COTABATO,5-14,M,S,Y,A,1
2025,6,26,BANGSAMORO AUTONOMOUS REGION IN MUSLIM MINDANAO (BARMM),MAGUINDANAO DEL NORTE,15-24,M,S,Y,A,1
2025,6,26,BANGSAMORO AUTONOMOUS REGION IN MUSLIM MINDANAO (BARMM),MAGUINDANAO DEL SUR,15-24,F,S,Y,A,1
2025,6,26,BANGSAMORO AUTONOMOUS REGION IN MUSLIM MINDANAO (BARMM),SPECIAL GEOGRAPHIC AREA,25-64,M,S,Y,A,1
2025,6,26,CORDILLERA ADMINISTRATIVE REGION (CAR),KALINGA,5-14,M,C,Y,A,1
2025,6,26,CORDILLERA ADMINISTRATIVE REGION (CAR),KALINGA,65+,F,C,Y,A,1
2025,6,26,NEGROS ISLAND REGION (NIR),CITY OF BACOLOD,25-64,F,S,Y,A,1
2025,6,26,NEGROS ISLAND REGION (NIR),CITY OF BACOLOD,25-64,M,S,Y,A,1
2025,6,26,NEGROS ISLAND REGION (NIR),CITY OF BACOLOD,65+,M,S,Y,A,1
2025,6,26,NEGROS ISLAND REGION (NIR),NEGROS OCCIDENTAL,25-64,M,S,Y,A,1
2025,6,26,REGION V (BICOL REGION),CAMARINES SUR,25-64,F,S,Y,A,1
2025,6,26,REGION V (BICOL REGION),SORSOGON,5-14,F,S,Y,A,1
2025,6,26,REGION V (BICOL REGION),SORSOGON,5-14,M,S,Y,A,1
2025,6,26,REGION VIII (EASTERN VISAYAS),NORTHERN SAMAR,15-24,F,S,Y,A,2
2025,6,26,REGION VIII (EASTERN VISAYAS),NORTHERN SAMAR,25-64,F,S,Y,A,2
2025,6,26,REGION VIII (EASTERN VISAYAS),NORTHERN SAMAR,5-14,F,S,N,A,1
2025,6,26,REGION VIII (EASTERN VISAYAS),NORTHERN SAMAR,5-14,F,S,Y,A,1
2025,6,26,REGION VIII (EASTERN VISAYAS),NORTHERN SAMAR,5-14,M,S,Y,A,2
2025,6,26,REGION VIII (EASTERN VISAYAS),NORTHERN SAMAR,65+,F,S,Y,A,2
2025,6,26,REGION VIII (EASTERN VISAYAS),NORTHERN SAMAR,65+,M,S,Y,A,1
2025,6,26,REGION XI (DAVAO REGION),DAVAO DE ORO,25-64,M,S,Y,A,1
2025,6,26,REGION XII (SOCCSKSARGEN),COTABATO,0-4,F,S,Y,A,1
2025,6,27,BANGSAMORO AUTONOMOUS REGION IN MUSLIM MINDANAO (BARMM),BASILAN,25-64,M,S,Y,A,1
2025,6,27,BANGSAMORO AUTONOMOUS REGION IN MUSLIM MINDANAO (BARMM),SPECIAL GEOGRAPHIC AREA,0-4,M,S,Y,A,1
2025,6,27,NEGROS ISLAND REGION (NIR),CITY OF BACOLOD,25-64,F,S,Y,A,1
2025,6,27,NEGROS ISLAND REGION (NIR),CITY OF BACOLOD,65+,F,S,Y,A,1
2025,6,27,REGION IX (ZAMBOANGA PENINSULA),CITY OF ZAMBOANGA,5-14,M,S,Y,A,1
2025,6,27,REGION V (BICOL REGION),SORSOGON,5-14,F,S,Y,A,1
2025,6,27,REGION VIII (EASTERN VISAYAS),BILIRAN,5-14,M,S,Y,A,1
2025,6,27,REGION VIII (EASTERN VISAYAS),NORTHERN SAMAR,15-24,F,S,Y,A,1
2025,6,27,REGION VIII (EASTERN VISAYAS),NORTHERN SAMAR,25-64,F,S,Y,A,1
2025,6,27,REGION VIII (EASTERN VISAYAS),NORTHERN SAMAR,5-14,M,S,Y,A,1
2025,6,27,REGION VIII (EASTERN VISAYAS),NORTHERN SAMAR,65+,M,S,Y,A,1
2025,6,27,REGION VIII (EASTERN VISAYAS),SAMAR,65+,F,S,N,A,1
2025,7,27,BANGSAMORO AUTONOMOUS REGION IN MUSLIM MINDANAO (BARMM),SPECIAL GEOGRAPHIC AREA,5-14,M,S,Y,A,1
2025,7,27,NEGROS ISLAND REGION (NIR),CITY OF BACOLOD,25-64,F,S,Y,A,1
2025,7,27,NEGROS ISLAND REGION (NIR),CITY OF BACOLOD,25-64,M,S,Y,A,1
2025,7,27,NEGROS ISLAND REGION (NIR),NEGROS OCCIDENTAL,25-64,F,S,Y,A,1
2025,7,27,NEGROS ISLAND REGION (NIR),NEGROS OCCIDENTAL,25-64,M,S,Y,A,1
2025,7,27,REGION V (BICOL REGION),SORSOGON,25-64,F,S,Y,A,1
2025,7,27,REGION V (BICOL REGION),SORSOGON,65+,F,S,Y,A,1
2025,7,27,REGION VIII (EASTERN VISAYAS),EASTERN SAMAR,0-4,M,S,N,A,1
2025,7,27,REGION VIII (EASTERN VISAYAS),NORTHERN SAMAR,0-4,M,S,N,A,1
2025,7,27,REGION VIII (EASTERN VISAYAS),NORTHERN SAMAR,25-64,F,S,Y,A,6
2025,7,27,REGION VIII (EASTERN VISAYAS),NORTHERN SAMAR,25-64,M,S,Y,A,2
2025,7,27,REGION VIII (EASTERN VISAYAS),NORTHERN SAMAR,5-14,M,S,Y,A,1
2025,7,27,REGION VIII (EASTERN VISAYAS),NORTHERN SAMAR,65+,F,S,Y,A,3
2025,7,27,REGION VIII (EASTERN VISAYAS),NORTHERN SAMAR,65+,M,S,Y,A,1
2025,7,27,REGION VIII (EASTERN VISAYAS),SAMAR,25-64,M,S,N,A,1
2025,7,27,REGION XII (SOCCSKSARGEN),COTABATO,25-64,F,S,Y,A,1
2025,7,27,REGION XII (SOCCSKSARGEN),COTABATO,5-14,F,S,Y,A,1
2025,7,27,REGION XII (SOCCSKSARGEN),SULTAN KUDARAT,25-64,M,S,Y,A,1
2025,7,27,REGION XIII (CARAGA),SURIGAO DEL NORTE,65+,F,S,N,A,1
2025,7,28,BANGSAMORO AUTONOMOUS REGION IN MUSLIM MINDANAO (BARMM),SPECIAL GEOGRAPHIC AREA,25-64,F,S,Y,A,1
2025,7,28,NATIONAL CAPITAL REGION (NCR),CITY OF MANILA,15-24,M,S,Y,A,1
2025,7,28,REGION IX (ZAMBOANGA PENINSULA),CITY OF ZAMBOANGA,5-14,M,S,Y,A,1
2025,7,28,REGION VIII (EASTERN VISAYAS),NORTHERN SAMAR,15-24,F,S,Y,A,3
2025,7,28,REGION VIII (EASTERN VISAYAS),NORTHERN SAMAR,25-64,F,S,Y,A,4
2025,7,28,REGION VIII (EASTERN VISAYAS),NORTHERN SAMAR,25-64,F,S,Y,D,1
2025,7,28,REGION VIII (EASTERN VISAYAS),NORTHERN SAMAR,25-64,M,S,Y,A,2
2025,7,28,REGION VIII (EASTERN VISAYAS),NORTHERN SAMAR,5-14,F,S,Y,A,1
2025,7,28,REGION VIII (EASTERN VISAYAS),NORTHERN SAMAR,5-14,M,S,Y,A,1
2025,7,28,REGION VIII (EASTERN VISAYAS),NORTHERN SAMAR,65+,F,S,Y,A,2
2025,7,28,REGION VIII (EASTERN VISAYAS),NORTHERN SAMAR,65+,M,S,Y,A,1
2025,7,28,REGION VIII (EASTERN VISAYAS),SAMAR,0-4,M,S,N,A,1
2025,7,28,REGION VIII (EASTERN VISAYAS),SAMAR,65+,F,S,N,A,1
2025,7,28,REGION XII (SOCCSKSARGEN),COTABATO,15-24,F,S,Y,A,2
2025,7,28,REGION XII (SOCCSKSARGEN),COTABATO,15-24,M,S,Y,A,1
2025,7,28,REGION XII (SOCCSKSARGEN),COTABATO,65+,F,S,Y,A,1
2025,7,29,NEGROS ISLAND REGION (NIR),CITY OF BACOLOD,25-64,F,S,Y,A,1
2025,7,29,NEGROS ISLAND REGION (NIR),CITY OF BACOLOD,25-64,M,S,Y,D,1
2025,7,29,REGION IX (ZAMBOANGA PENINSULA),CITY OF ZAMBOANGA,15-24,M,S,Y,A,1
2025,7,29,REGION IX (ZAMBOANGA PENINSULA),CITY OF ZAMBOANGA,5-14,F,S,Y,A,1
2025,7,29,REGION VIII (EASTERN VISAYAS),EASTERN SAMAR,0-4,M,S,Y,A,1
2025,7,29,REGION VIII (EASTERN VISAYAS),NORTHERN SAMAR,0-4,M,S,N,A,1
2025,7,29,REGION VIII (EASTERN VISAYAS),NORTHERN SAMAR,15-24,M,S,Y,A,1
2025,7,29,REGION VIII (EASTERN VISAYAS),NORTHERN SAMAR,25-64,F,S,Y,A,3
2025,7,29,REGION VIII (EASTERN VISAYAS),NORTHERN SAMAR,25-64,M,S,Y,A,1
2025,7,29,REGION VIII (EASTERN VISAYAS),NORTHERN SAMAR,5-14,F,S,Y,A,2
2025,7,29,REGION VIII (EASTERN VISAYAS),NORTHERN SAMAR,65+,F,S,Y,A,2
2025,7,29,REGION X (NORTHERN MINDANAO),CITY OF CAGAYAN DE ORO,25-64,M,S,Y,A,1
2025,7,29,REGION XII (SOCCSKSARGEN),COTABATO,0-4,M,S,Y,A,1
2025,7,30,BANGSAMORO AUTONOMOUS REGION IN MUSLIM MINDANAO (BARMM),SPECIAL GEOGRAPHIC AREA,25-64,F,S,Y,A,2
2025,7,30,NATIONAL CAPITAL REGION (NCR),CITY OF TAGUIG,25-64,F,S,N,A,1
2025,7,30,NEGROS ISLAND REGION (NIR),NEGROS OCCIDENTAL,25-64,F,S,Y,A,1
2025,7,30,REGION IX (ZAMBOANGA PENINSULA),CITY OF ZAMBOANGA,15-24,F,S,Y,A,2
2025,7,30,REGION V (BICOL REGION),SORSOGON,5-14,M,S,Y,A,1
2025,7,30,REGION VIII (EASTERN VISAYAS),NORTHERN SAMAR,15-24,F,S,Y,A,3
2025,7,30,REGION VIII (EASTERN VISAYAS),NORTHERN SAMAR,25-64,F,S,Y,A,8
2025,7,30,REGION VIII (EASTERN VISAYAS),NORTHERN SAMAR,25-64,M,S,Y,A,4
2025,7,30,REGION VIII (EASTERN VISAYAS),NORTHERN SAMAR,5-14,F,S,Y,A,2
2025,7,30,REGION VIII (EASTERN VISAYAS),NORTHERN SAMAR,5-14,M,S,Y,A,5
2025,7,30,REGION VIII (EASTERN VISAYAS),NORTHERN SAMAR,65+,F,S,Y,A,4
2025,7,30,REGION VIII (EASTERN VISAYAS),NORTHERN SAMAR,65+,M,S,Y,A,1
2025,7,30,REGION VIII (EASTERN VISAYAS),SAMAR,25-64,F,S,N,A,1
2025,7,30,REGION VIII (EASTERN VISAYAS),SAMAR,25-64,F,S,Y,A,1
2025,7,30,REGION X (NORTHERN MINDANAO),CITY OF CAGAYAN DE ORO,0-4,F,S,Y,A,1
2025,7,30,REGION X (NORTHERN MINDANAO),CITY OF CAGAYAN DE ORO,5-14,M,S,Y,A,1
2025,7,31,BANGSAMORO AUTONOMOUS REGION IN MUSLIM MINDANAO (BARMM),SPECIAL GEOGRAPHIC AREA,15-24,F,S,Y,A,1
2025,7,31,BANGSAMORO AUTONOMOUS REGION IN MUSLIM MINDANAO (BARMM),SPECIAL GEOGRAPHIC AREA,25-64,F,S,Y,A,1
2025,7,31,NATIONAL CAPITAL REGION (NCR),CITY OF MANILA,5-14,F,S,Y,A,1
2025,7,31,NATIONAL CAPITAL REGION (NCR),CITY OF MANILA,5-14,F,S,Y,D,1
2025,7,31,NATIONAL CAPITAL REGION (NCR),CITY OF MANILA,5-14,M,S,Y,A,2
2025,7,31,NEGROS ISLAND REGION (NIR),CITY OF BACOLOD,25-64,F,S,Y,A,1
2025,7,31,REGION IX (ZAMBOANGA PENINSULA),CITY OF ZAMBOANGA,25-64,F,C,Y,A,1
2025,7,31,REGION V (BICOL REGION),SORSOGON,25-64,M,S,Y,A,1
2025,7,31,REGION VIII (EASTERN VISAYAS),NORTHERN SAMAR,0-4,M,S,N,A,1
2025,7,31,REGION VIII (EASTERN VISAYAS),NORTHERN SAMAR,15-24,M,S,Y,A,1
2025,7,31,REGION VIII (EASTERN VISAYAS),NORTHERN SAMAR,25-64,F,S,Y,A,1
2025,7,31,REGION VIII (EASTERN VISAYAS),NORTHERN SAMAR,25-64,M,S,Y,A,2
2025,7,31,REGION VIII (EASTERN VISAYAS),NORTHERN SAMAR,5-14,M,S,Y,A,2
2025,7,31,REGION VIII (EASTERN VISAYAS),SAMAR,5-14,F,S,N,A,1
2025,8,31,NATIONAL CAPITAL REGION (NCR),QUEZON CITY,65+,M,S,Y,A,1
2025,8,31,REGION VIII (EASTERN VISAYAS),NORTHERN SAMAR,15-24,F,S,Y,A,1
2025,8,31,REGION VIII (EASTERN VISAYAS),NORTHERN SAMAR,25-64,M,S,Y,A,1
2025,8,31,REGION VIII (EASTERN VISAYAS),NORTHERN SAMAR,5-14,F,S,Y,A,1
2025,8,31,REGION VIII (EASTERN VISAYAS),NORTHERN SAMAR,5-14,M,S,Y,A,1
2025,8,32,NATIONAL CAPITAL REGION (NCR),CITY OF MANDALUYONG,25-64,M,S,N,A,1
2025,8,32,NATIONAL CAPITAL REGION (NCR),CITY OF MANILA,25-64,F,S,Y,A,1
2025,8,32,NATIONAL CAPITAL REGION (NCR),CITY OF MANILA,5-14,M,S,Y,A,1
2025,8,32,NEGROS ISLAND REGION (NIR),NEGROS OCCIDENTAL,65+,M,S,Y,A,1
2025,8,32,REGION IV-A (CALABARZON),QUEZON,25-64,M,S,Y,A,1
2025,8,32,REGION IX (ZAMBOANGA PENINSULA),CITY OF ZAMBOANGA,5-14,M,S,Y,A,1
2025,8,32,REGION VIII (EASTERN VISAYAS),NORTHERN SAMAR,65+,M,S,Y,A,1
2025,8,32,REGION VIII (EASTERN VISAYAS),SAMAR,15-24,M,S,N,A,1
2025,8,32,REGION VIII (EASTERN VISAYAS),SAMAR,25-64,F,S,Y,D,1
2025,8,33,BANGSAMORO AUTONOMOUS REGION IN MUSLIM MINDANAO (BARMM),SPECIAL GEOGRAPHIC AREA,25-64,M,S,Y,A,1
2025,8,33,NATIONAL CAPITAL REGION (NCR),CITY OF MANILA,65+,M,S,Y,D,1
2025,8,33,NEGROS ISLAND REGION (NIR),CITY OF BACOLOD,15-24,M,S,Y,A,1
2025,8,33,REGION III (CENTRAL LUZON),PAMPANGA,5-14,M,S,Y,A,1
2025,8,33,REGION IX (ZAMBOANGA PENINSULA),CITY OF ZAMBOANGA,5-14,M,S,Y,A,1
2025,8,33,REGION VI (WESTERN VISAYAS),ILOILO,65+,M,S,Y,A,1
2025,8,33,REGION VII (CENTRAL VISAYAS),CITY OF CEBU,0-4,M,C,Y,A,1
2025,8,33,REGION VIII (EASTERN VISAYAS),LEYTE,25-64,M,S,Y,A,1
2025,8,33,REGION VIII (EASTERN VISAYAS),NORTHERN SAMAR,25-64,F,S,Y,A,1
2025,8,33,REGION VIII (EASTERN VISAYAS),NORTHERN SAMAR,25-64,M,S,Y,A,1
2025,8,33,REGION VIII (EASTERN VISAYAS),NORTHERN SAMAR,5-14,M,S,Y,A,1
2025,8,33,REGION VIII (EASTERN VISAYAS),SAMAR,15-24,F,S,N,A,1
2025,8,33,REGION X (NORTHERN MINDANAO),CITY OF CAGAYAN DE ORO,15-24,M,S,Y,A,1
2025,8,33,REGION X (NORTHERN MINDANAO),CITY OF CAGAYAN DE ORO,25-64,M,S,Y,A,1
2025,8,33,REGION XII (SOCCSKSARGEN),COTABATO,25-64,F,S,Y,A,1
2025,8,34,BANGSAMORO AUTONOMOUS REGION IN MUSLIM MINDANAO (BARMM),MAGUINDANAO DEL NORTE,25-64,F,S,Y,A,1
2025,8,34,NATIONAL CAPITAL REGION (NCR),CITY OF MANILA,65+,F,S,Y,D,1
2025,8,34,NEGROS ISLAND REGION (NIR),CITY OF BACOLOD,65+,M,S,Y,A,1
2025,8,34,NEGROS ISLAND REGION (NIR),NEGROS OCCIDENTAL,65+,F,S,Y,A,1
2025,8,34,NEGROS ISLAND REGION (NIR),NEGROS OCCIDENTAL,65+,M,S,Y,A,1
2025,8,34,NEGROS ISLAND REGION (NIR),NEGROS ORIENTAL,25-64,M,S,Y,A,1
2025,8,34,REGION III (CENTRAL LUZON),PAMPANGA,25-64,F,S,Y,A,1
2025,8,34,REGION IX (ZAMBOANGA PENINSULA),CITY OF ZAMBOANGA,25-64,F,S,Y,A,1
2025,8,34,REGION IX (ZAMBOANGA PENINSULA),CITY OF ZAMBOANGA,5-14,M,S,Y,A,1
2025,8,34,REGION VIII (EASTERN VISAYAS),BILIRAN,65+,F,S,Y,A,1
2025,8,34,REGION VIII (EASTERN VISAYAS),NORTHERN SAMAR,15-24,M,S,Y,A,1
2025,8,34,REGION VIII (EASTERN VISAYAS),NORTHERN SAMAR,65+,F,S,Y,A,1
2025,8,34,REGION VIII (EASTERN VISAYAS),SAMAR,25-64,M,S,N,A,1
2025,8,34,REGION X (NORTHERN MINDANAO),CITY OF CAGAYAN DE ORO,0-4,F,S,Y,D,1
2025,8,34,REGION XII (SOCCSKSARGEN),COTABATO,25-64,F,S,Y,A,1
2025,8,34,REGION XIII (CARAGA),SURIGAO DEL NORTE,15-24,M,S,Y,D,1
2025,8,35,BANGSAMORO AUTONOMOUS REGION IN MUSLIM MINDANAO (BARMM),SPECIAL GEOGRAPHIC AREA,25-64,F,S,Y,A,1
2025,8,35,BANGSAMORO AUTONOMOUS REGION IN MUSLIM MINDANAO (BARMM),SPECIAL GEOGRAPHIC AREA,5-14,M,S,Y,A,1
2025,8,35,BANGSAMORO AUTONOMOUS REGION IN MUSLIM MINDANAO (BARMM),SULU,15-24,F,S,Y,A,1
2025,8,35,NEGROS ISLAND REGION (NIR),CITY OF BACOLOD,5-14,F,S,Y,A,1
2025,8,35,NEGROS ISLAND REGION (NIR),NEGROS OCCIDENTAL,5-14,M,S,Y,A,1
2025,8,35,REGION III (CENTRAL LUZON),PAMPANGA,25-64,M,S,Y,A,1
2025,8,35,REGION IX (ZAMBOANGA PENINSULA),CITY OF ZAMBOANGA,15-24,M,S,Y,D,1
2025,8,35,REGION IX (ZAMBOANGA PENINSULA),CITY OF ZAMBOANGA,25-64,F,S,Y,A,1
2025,8,35,REGION IX (ZAMBOANGA PENINSULA),CITY OF ZAMBOANGA,5-14,F,S,Y,A,1
2025,8,35,REGION V (BICOL REGION),SORSOGON,5-14,F,S,Y,A,1
2025,8,35,REGION VII (CENTRAL VISAYAS),CITY OF MANDAUE,5-14,M,C,Y,A,1
2025,8,35,REGION VIII (EASTERN VISAYAS),CITY OF TACLOBAN,5-14,F,S,Y,A,1
2025,8,35,REGION VIII (EASTERN VISAYAS),NORTHERN SAMAR,25-64,F,S,Y,A,1
2025,8,35,REGION VIII (EASTERN VISAYAS),NORTHERN SAMAR,5-14,F,S,Y,A,1
2025,8,35,REGION VIII (EASTERN VISAYAS),NORTHERN SAMAR,65+,F,S,Y,A,1
2025,8,35,REGION VIII (EASTERN VISAYAS),SAMAR,5-14,M,S,Y,A,1
2025,8,35,REGION XII (SOCCSKSARGEN),COTABATO,15-24,M,S,Y,A,1
2025,9,36,NEGROS ISLAND REGION (NIR),CITY OF BACOLOD,25-64,F,S,Y,A,1
2025,9,36,NEGROS ISLAND REGION (NIR),CITY OF BACOLOD,25-64,M,S,Y,A,2
2025,9,36,NEGROS ISLAND REGION (NIR),NEGROS OCCIDENTAL,25-64,M,S,N,A,1
2025,9,36,NEGROS ISLAND REGION (NIR),NEGROS OCCIDENTAL,65+,F,S,Y,D,1
2025,9,36,REGION IX (ZAMBOANGA PENINSULA),CITY OF ZAMBOANGA,25-64,F,S,Y,A,1
2025,9,36,REGION V (BICOL REGION),SORSOGON,5-14,M,S,Y,A,1
2025,9,36,REGION VIII (EASTERN VISAYAS),BILIRAN,25-64,M,S,Y,A,1
2025,9,36,REGION VIII (EASTERN VISAYAS),LEYTE,25-64,M,S,Y,A,1
2025,9,36,REGION VIII (EASTERN VISAYAS),NORTHERN SAMAR,0-4,M,S,N,A,2
2025,9,36,REGION VIII (EASTERN VISAYAS),SAMAR,0-4,M,S,Y,A,1
2025,9,36,REGION VIII (EASTERN VISAYAS),SAMAR,25-64,F,S,N,A,1
2025,9,36,REGION VIII (EASTERN VISAYAS),SAMAR,25-64,M,S,N,A,1
2025,9,37,NEGROS ISLAND REGION (NIR),CITY OF BACOLOD,25-64,F,S,Y,A,1
2025,9,37,NEGROS ISLAND REGION (NIR),CITY OF BACOLOD,25-64,M,S,Y,A,2
2025,9,37,NEGROS ISLAND REGION (NIR),CITY OF BACOLOD,25-64,M,S,Y,D,1
2025,9,37,NEGROS ISLAND REGION (NIR),CITY OF BACOLOD,65+,F,S,N,A,1
2025,9,37,NEGROS ISLAND REGION (NIR),CITY OF BACOLOD,65+,M,S,Y,A,2
2025,9,37,NEGROS ISLAND REGION (NIR),NEGROS OCCIDENTAL,25-64,F,S,Y,A,1
2025,9,37,NEGROS ISLAND REGION (NIR),NEGROS OCCIDENTAL,25-64,M,S,Y,A,1
2025,9,37,REGION IX (ZAMBOANGA PENINSULA),CITY OF ZAMBOANGA,25-64,F,S,Y,A,1
2025,9,37,REGION IX (ZAMBOANGA PENINSULA),CITY OF ZAMBOANGA,5-14,M,S,Y,A,1
2025,9,37,REGION IX (ZAMBOANGA PENINSULA),CITY OF ZAMBOANGA,65+,F,S,Y,A,1
2025,9,37,REGION IX (ZAMBOANGA PENINSULA),CITY OF ZAMBOANGA,65+,M,S,Y,A,1
2025,9,37,REGION IX (ZAMBOANGA PENINSULA),ZAMBOANGA DEL NORTE,5-14,M,S,Y,A,1
2025,9,37,REGION VIII (EASTERN VISAYAS),LEYTE,25-64,M,S,Y,A,1
2025,9,37,REGION VIII (EASTERN VISAYAS),SAMAR,25-64,F,S,N,A,1
2025,9,37,REGION VIII (EASTERN VISAYAS),SAMAR,25-64,F,S,Y,A,1
2025,9,37,REGION VIII (EASTERN VISAYAS),SAMAR,25-64,M,S,Y,D,1
2025,9,37,REGION XII (SOCCSKSARGEN),COTABATO,65+,M,S,Y,A,1
2025,9,38,CORDILLERA ADMINISTRATIVE REGION (CAR),BENGUET,25-64,M,S,Y,A,1
2025,9,38,NEGROS ISLAND REGION (NIR),CITY OF BACOLOD,15-24,F,S,N,A,1
2025,9,38,NEGROS ISLAND REGION (NIR),CITY OF BACOLOD,15-24,M,S,Y,A,1
2025,9,38,NEGROS ISLAND REGION (NIR),NEGROS OCCIDENTAL,25-64,F,S,Y,A,1
2025,9,38,NEGROS ISLAND REGION (NIR),NEGROS OCCIDENTAL,25-64,M,S,Y,A,1
2025,9,38,REGION IX (ZAMBOANGA PENINSULA),CITY OF ZAMBOANGA,25-64,F,S,Y,A,1
2025,9,38,REGION VII (CENTRAL VISAYAS),CEBU,15-24,M,S,Y,A,2
2025,9,38,REGION VII (CENTRAL VISAYAS),CEBU,5-14,M,C,N,A,1
2025,9,38,REGION VIII (EASTERN VISAYAS),SAMAR,25-64,F,S,N,A,1
2025,9,38,REGION VIII (EASTERN VISAYAS),SAMAR,25-64,M,S,Y,A,1
2025,9,38,REGION VIII (EASTERN VISAYAS),SAMAR,5-14,M,S,N,A,1
2025,9,38,REGION VIII (EASTERN VISAYAS),SAMAR,65+,F,S,Y,A,1
2025,9,38,REGION X (NORTHERN MINDANAO),CITY OF CAGAYAN DE ORO,25-64,M,S,Y,A,1
2025,9,38,REGION X (NORTHERN MINDANAO),MISAMIS ORIENTAL,5-14,M,S,Y,A,1
2025,9,38,REGION XII (SOCCSKSARGEN),COTABATO,0-4,F,S,Y,A,1
2025,9,38,REGION XII (SOCCSKSARGEN),COTABATO,5-14,F,S,N,A,1
2025,9,39,NEGROS ISLAND REGION (NIR),NEGROS OCCIDENTAL,25-64,F,S,Y,A,1
2025,9,39,NEGROS ISLAND REGION (NIR),NEGROS OCCIDENTAL,25-64,M,S,Y,A,1
2025,9,39,NEGROS ISLAND REGION (NIR),NEGROS OCCIDENTAL,65+,M,S,Y,A,1
2025,9,39,REGION IX (ZAMBOANGA PENINSULA),CITY OF ZAMBOANGA,25-64,F,S,Y,A,1
2025,9,39,REGION VII (CENTRAL VISAYAS),CITY OF MANDAUE,0-4,M,C,Y,A,1
2025,9,39,REGION VIII (EASTERN VISAYAS),LEYTE,5-14,F,S,Y,A,1
2025,9,39,REGION VIII (EASTERN VISAYAS),SAMAR,0-4,F,S,N,A,1
2025,9,39,REGION VIII (EASTERN VISAYAS),SAMAR,25-64,F,S,Y,A,1
2025,9,39,REGION XII (SOCCSKSARGEN),COTABATO,25-64,F,S,Y,A,1
2025,9,39,REGION XII (SOCCSKSARGEN),COTABATO,25-64,M,S,Y,A,2
2025,9,39,REGION XII (SOCCSKSARGEN),COTABATO,5-14,F,S,Y,A,1
2025,9,39,REGION XII (SOCCSKSARGEN),COTABATO,5-14,M,S,Y,A,4
2025,9,39,REGION XII (SOCCSKSARGEN),COTABATO,65+,F,S,Y,A,1
2025,9,40,REGION V (BICOL REGION),SORSOGON,5-14,M,S,Y,A,1
2025,9,40,REGION VII (CENTRAL VISAYAS),CEBU,0-4,F,C,N,A,1
2025,10,40,NATIONAL CAPITAL REGION (NCR),CITY OF MANILA,25-64,M,S,Y,A,1
2025,10,40,NEGROS ISLAND REGION (NIR),CITY OF BACOLOD,65+,F,S,Y,A,2
2025,10,40,REGION V (BICOL REGION),SORSOGON,5-14,M,S,Y,A,1
2025,10,40,REGION VII (CENTRAL VISAYAS),CEBU,15-24,F,C,Y,A,1
2025,10,40,REGION VII (CENTRAL VISAYAS),CITY OF CEBU,15-24,M,S,Y,A,1
2025,10,40,REGION VIII (EASTERN VISAYAS),SAMAR,5-14,F,S,N,A,1
2025,10,40,REGION VIII (EASTERN VISAYAS),SAMAR,5-14,M,S,N,A,1
2025,10,41,NEGROS ISLAND REGION (NIR),CITY OF BACOLOD,25-64,F,S,Y,A,1
2025,10,41,NEGROS ISLAND REGION (NIR),CITY OF BACOLOD,65+,F,S,Y,A,1
2025,10,41,NEGROS ISLAND REGION (NIR),CITY OF BACOLOD,65+,M,S,Y,A,1
2025,10,41,NEGROS ISLAND REGION (NIR),NEGROS OCCIDENTAL,65+,F,S,Y,A,1
2025,10,41,NEGROS ISLAND REGION (NIR),NEGROS OCCIDENTAL,65+,M,S,Y,D,1
2025,10,41,REGION IX (ZAMBOANGA PENINSULA),CITY OF ZAMBOANGA,15-24,M,S,Y,A,1
2025,10,41,REGION IX (ZAMBOANGA PENINSULA),CITY OF ZAMBOANGA,25-64,F,S,Y,A,1
2025,10,41,REGION VII (CENTRAL VISAYAS),CITY OF CEBU,15-24,M,S,Y,D,1
2025,10,41,REGION VII (CENTRAL VISAYAS),CITY OF CEBU,25-64,F,C,Y,A,1
2025,10,41,REGION VIII (EASTERN VISAYAS),LEYTE,5-14,F,S,Y,A,1
2025,10,41,REGION VIII (EASTERN VISAYAS),SAMAR,15-24,M,S,N,A,1
2025,10,41,REGION VIII (EASTERN VISAYAS),SAMAR,25-64,F,S,N,A,1
2025,10,41,REGION VIII (EASTERN VISAYAS),SAMAR,25-64,F,S,Y,A,2
2025,10,41,REGION X (NORTHERN MINDANAO),CITY OF CAGAYAN DE ORO,25-64,F,S,Y,A,1
2025,10,42,NEGROS ISLAND REGION (NIR),CITY OF BACOLOD,15-24,F,S,Y,A,1
2025,10,42,NEGROS ISLAND REGION (NIR),CITY OF BACOLOD,25-64,F,S,Y,A,1
2025,10,42,NEGROS ISLAND REGION (NIR),CITY OF BACOLOD,25-64,M,S,Y,A,1
2025,10,42,NEGROS ISLAND REGION (NIR),NEGROS OCCIDENTAL,5-14,F,S,Y,A,1
2025,10,42,REGION IX (ZAMBOANGA PENINSULA),CITY OF ZAMBOANGA,25-64,M,S,Y,A,1
2025,10,42,REGION IX (ZAMBOANGA PENINSULA),CITY OF ZAMBOANGA,5-14,F,S,Y,A,2
2025,10,42,REGION VII (CENTRAL VISAYAS),CITY OF CEBU,15-24,F,C,N,A,1
2025,10,42,REGION VII (CENTRAL VISAYAS),CITY OF CEBU,15-24,M,C,Y,A,1
2025,10,42,REGION VII (CENTRAL VISAYAS),CITY OF CEBU,25-64,F,S,Y,A,2
2025,10,42,REGION VIII (EASTERN VISAYAS),BILIRAN,25-64,M,S,Y,A,1
2025,10,42,REGION VIII (EASTERN VISAYAS),CITY OF TACLOBAN,0-4,F,S,Y,A,1
2025,10,42,REGION VIII (EASTERN VISAYAS),LEYTE,25-64,F,S,Y,A,1
2025,10,42,REGION VIII (EASTERN VISAYAS),SAMAR,15-24,F,S,Y,A,1
2025,10,42,REGION XI (DAVAO REGION),DAVAO ORIENTAL,15-24,F,S,N,A,1
2025,10,42,REGION XI (DAVAO REGION),DAVAO ORIENTAL,25-64,F,S,N,A,1
2025,10,42,REGION XI (DAVAO REGION),DAVAO ORIENTAL,25-64,M,S,N,A,1
2025,10,42,REGION XI (DAVAO REGION),DAVAO ORIENTAL,65+,M,S,N,A,1
2025,10,43,NEGROS ISLAND REGION (NIR),CITY OF BACOLOD,25-64,M,S,Y,A,1
2025,10,43,NEGROS ISLAND REGION (NIR),CITY OF BACOLOD,5-14,F,S,Y,A,1
2025,10,43,NEGROS ISLAND REGION (NIR),CITY OF BACOLOD,5-14,M,S,Y,A,1
2025,10,43,NEGROS ISLAND REGION (NIR),CITY OF BACOLOD,65+,M,S,Y,A,1
2025,10,43,NEGROS ISLAND REGION (NIR),NEGROS OCCIDENTAL,25-64,M,S,Y,A,1
2025,10,43,REGION IX (ZAMBOANGA PENINSULA),CITY OF ZAMBOANGA,5-14,F,S,Y,A,1
2025,10,43,REGION VII (CENTRAL VISAYAS),CITY OF CEBU,65+,F,C,Y,A,1
2025,10,43,REGION VII (CENTRAL VISAYAS),CITY OF LAPU-LAPU,15-24,M,C,Y,A,1
2025,10,43,REGION VII (CENTRAL VISAYAS),CITY OF MANDAUE,15-24,M,C,Y,A,1
2025,10,43,REGION VIII (EASTERN VISAYAS),EASTERN SAMAR,25-64,M,S,Y,A,1
2025,10,43,REGION VIII (EASTERN VISAYAS),SAMAR,15-24,F,S,N,A,2
2025,10,43,REGION X (NORTHERN MINDANAO),CITY OF CAGAYAN DE ORO,5-14,F,S,Y,A,1
2025,10,43,REGION XI (DAVAO REGION),DAVAO ORIENTAL,15-24,M,S,N,A,1
2025,10,43,REGION XI (DAVAO REGION),DAVAO ORIENTAL,25-64,F,S,N,A,1
2025,10,43,REGION XI (DAVAO REGION),DAVAO ORIENTAL,5-14,M,S,N,A,1
2025,10,44,REGION VII (CENTRAL VISAYAS),CEBU,0-4,M,C,Y,A,1
2025,10,44,REGION VII (CENTRAL VISAYAS),CEBU,5-14,F,S,Y,A,1
2025,10,44,REGION VII (CENTRAL VISAYAS),CITY OF MANDAUE,5-14,M,S,Y,A,1
2025,11,45,NEGROS ISLAND REGION (NIR),CITY OF BACOLOD,15-24,M,S,Y,A,1
2025,11,45,REGION I (ILOCOS REGION),LA UNION,0-4,M,S,Y,D,1
2025,11,45,REGION IX (ZAMBOANGA PENINSULA),CITY OF ZAMBOANGA,5-14,M,S,Y,A,1
2025,11,45,REGION VII (CENTRAL VISAYAS),CEBU,25-64,M,S,Y,A,1
2025,11,45,REGION VII (CENTRAL VISAYAS),CITY OF CEBU,15-24,M,C,N,A,2
2025,11,45,REGION VII (CENTRAL VISAYAS),CITY OF CEBU,5-14,M,C,Y,A,1
2025,11,45,REGION VII (CENTRAL VISAYAS),CITY OF MANDAUE,0-4,F,C,Y,A,1
2025,11,46,NEGROS ISLAND REGION (NIR),CITY OF BACOLOD,15-24,F,S,Y,A,1
2025,11,46,REGION IX (ZAMBOANGA PENINSULA),CITY OF ZAMBOANGA,15-24,M,S,Y,A,1
2025,11,46,REGION VII (CENTRAL VISAYAS),CEBU,0-4,M,S,Y,A,1
2025,11,46,REGION VII (CENTRAL VISAYAS),CITY OF CEBU,15-24,F,C,Y,A,1
2025,11,46,REGION VII (CENTRAL VISAYAS),CITY OF CEBU,15-24,M,C,Y,A,1
2025,11,46,REGION VII (CENTRAL VISAYAS),CITY OF CEBU,25-64,M,S,Y,A,1
2025,11,46,REGION VII (CENTRAL VISAYAS),CITY OF MANDAUE,0-4,M,S,Y,A,1
2025,11,46,REGION VIII (EASTERN VISAYAS),BILIRAN,25-64,F,S,Y,A,1
2025,11,47,REGION IX (ZAMBOANGA PENINSULA),CITY OF ZAMBOANGA,25-64,M,S,Y,D,1
2025,11,47,REGION VII (CENTRAL VISAYAS),CITY OF CEBU,0-4,M,S,Y,A,1
2025,11,47,REGION VII (CENTRAL VISAYAS),CITY OF CEBU,15-24,F,C,Y,A,1
2025,11,47,REGION VII (CENTRAL VISAYAS),CITY OF CEBU,25-64,M,C,Y,A,1
2025,11,47,REGION VII (CENTRAL VISAYAS),CITY OF CEBU,65+,M,S,Y,A,1
2025,11,47,REGION VII (CENTRAL VISAYAS),CITY OF MANDAUE,25-64,M,S,Y,A,1
2025,11,48,CORDILLERA ADMINISTRATIVE REGION (CAR),BENGUET,15-24,M,S,Y,A,1
2025,11,48,REGION VII (CENTRAL VISAYAS),CEBU,25-64,M,S,Y,A,1
2025,11,49,REGION VII (CENTRAL VISAYAS),CITY OF MANDAUE,0-4,F,S,Y,A,1
2025,12,49,REGION IX (ZAMBOANGA PENINSULA),CITY OF ZAMBOANGA,25-64,M,S,Y,A,1
2025,12,49,REGION IX (ZAMBOANGA PENINSULA),CITY OF ZAMBOANGA,5-14,F,S,Y,A,1
2025,12,49,REGION IX (ZAMBOANGA PENINSULA),CITY OF ZAMBOANGA,5-14,M,S,Y,A,1
2025,12,50,NEGROS ISLAND REGION (NIR),CITY OF BACOLOD,25-64,M,S,Y,A,2
2025,12,50,NEGROS ISLAND REGION (NIR),CITY OF BACOLOD,65+,F,S,Y,A,2
2025,12,50,REGION VII (CENTRAL VISAYAS),CITY OF CEBU,5-14,F,S,Y,A,1
2025,12,51,CORDILLERA ADMINISTRATIVE REGION (CAR),CITY OF BAGUIO,25-64,M,S,Y,D,1
2025,12,51,REGION VII (CENTRAL VISAYAS),CITY OF CEBU,65+,M,C,Y,A,1
2025,12,52,NATIONAL CAPITAL REGION (NCR),CITY OF MANDALUYONG,25-64,F,S,N,A,2
2025,12,52,NEGROS ISLAND REGION (NIR),CITY OF BACOLOD,25-64,M,S,Y,A,1
2025,12,52,NEGROS ISLAND REGION (NIR),CITY OF BACOLOD,5-14,M,S,Y,A,1
2025,12,52,NEGROS ISLAND REGION (NIR),CITY OF BACOLOD,65+,M,S,Y,A,1
2025,12,52,NEGROS ISLAND REGION (NIR),NEGROS OCCIDENTAL,25-64,F,S,Y,A,1
2025,12,52,NEGROS ISLAND REGION (NIR),NEGROS OCCIDENTAL,65+,F,S,Y,A,1
2025,12,52,REGION VIII (EASTERN VISAYAS),BILIRAN,0-4,M,S,Y,A,1
2025,12,52,REGION VIII (EASTERN VISAYAS),BILIRAN,25-64,M,S,Y,A,1
2025,12,52,REGION VIII (EASTERN VISAYAS),BILIRAN,5-14,M,S,Y,A,1
2025,12,53,NEGROS ISLAND REGION (NIR),CITY OF BACOLOD,15-24,F,S,Y,A,1
2025,12,53,NEGROS ISLAND REGION (NIR),CITY OF BACOLOD,25-64,F,S,Y,A,1
2026,1,1,BANGSAMORO AUTONOMOUS REGION IN MUSLIM MINDANAO (BARMM),BASILAN,5-14,M,S,Y,A,1
2026,1,1,NEGROS ISLAND REGION (NIR),CITY OF BACOLOD,15-24,F,S,Y,A,1
2026,1,1,NEGROS ISLAND REGION (NIR),CITY OF BACOLOD,25-64,M,S,Y,A,1
2026,1,1,NEGROS ISLAND REGION (NIR),NEGROS OCCIDENTAL,25-64,M,S,Y,A,2
2026,1,1,NEGROS ISLAND REGION (NIR),NEGROS OCCIDENTAL,65+,F,S,Y,A,1
2026,1,1,REGION IX (ZAMBOANGA PENINSULA),CITY OF ZAMBOANGA,5-14,F,S,Y,A,1
2026,1,1,REGION VII (CENTRAL VISAYAS),CITY OF CEBU,15-24,F,S,Y,A,1
2026,1,2,NEGROS ISLAND REGION (NIR),CITY OF BACOLOD,15-24,F,S,Y,A,1
2026,1,2,NEGROS ISLAND REGION (NIR),CITY OF BACOLOD,25-64,M,S,Y,A,1
2026,1,2,NEGROS ISLAND REGION (NIR),NEGROS OCCIDENTAL,25-64,F,C,Y,A,1
2026,1,2,REGION I (ILOCOS REGION),PANGASINAN,0-4,F,S,Y,D,1
2026,1,2,REGION I (ILOCOS REGION),PANGASINAN,25-64,F,S,Y,A,1
2026,1,2,REGION IX (ZAMBOANGA PENINSULA),CITY OF ZAMBOANGA,5-14,M,S,Y,A,1
2026,1,2,REGION V (BICOL REGION),CATANDUANES,65+,F,S,Y,A,1
2026,1,2,REGION VII (CENTRAL VISAYAS),CEBU,0-4,M,S,Y,A,1
2026,1,3,NEGROS ISLAND REGION (NIR),NEGROS OCCIDENTAL,25-64,F,S,Y,A,1
2026,1,3,NEGROS ISLAND REGION (NIR),NEGROS OCCIDENTAL,25-64,M,S,Y,A,1
2026,1,3,REGION IV-A (CALABARZON),CAVITE,65+,M,S,Y,A,1
2026,1,3,REGION V (BICOL REGION),CATANDUANES,25-64,F,S,Y,A,1
2026,1,3,REGION V (BICOL REGION),CATANDUANES,5-14,F,S,Y,A,1
2026,1,3,REGION V (BICOL REGION),CATANDUANES,65+,F,S,Y,A,1
2026,1,3,REGION VII (CENTRAL VISAYAS),BOHOL,5-14,F,S,Y,A,1
2026,1,4,NEGROS ISLAND REGION (NIR),CITY OF BACOLOD,25-64,F,S,Y,A,2
2026,1,4,NEGROS ISLAND REGION (NIR),CITY OF BACOLOD,65+,M,S,Y,A,1
2026,1,4,NEGROS ISLAND REGION (NIR),NEGROS OCCIDENTAL,15-24,F,S,Y,A,1
2026,1,4,REGION IX (ZAMBOANGA PENINSULA),CITY OF ZAMBOANGA,15-24,M,S,Y,A,1
2026,1,4,REGION IX (ZAMBOANGA PENINSULA),CITY OF ZAMBOANGA,25-64,F,S,Y,A,1
2026,1,4,REGION IX (ZAMBOANGA PENINSULA),CITY OF ZAMBOANGA,5-14,M,S,Y,A,1
2026,1,4,REGION VII (CENTRAL VISAYAS),BOHOL,65+,M,S,Y,A,1
2026,1,4,REGION VIII (EASTERN VISAYAS),SAMAR,15-24,F,S,Y,A,1
2026,1,4,REGION VIII (EASTERN VISAYAS),SAMAR,15-24,M,S,Y,A,1
2026,1,4,REGION VIII (EASTERN VISAYAS),SAMAR,25-64,M,S,Y,A,1
2026,1,4,REGION VIII (EASTERN VISAYAS),SAMAR,5-14,M,S,Y,A,1
2026,2,5,NEGROS ISLAND REGION (NIR),CITY OF BACOLOD,25-64,F,S,Y,A,1
2026,2,5,REGION IX (ZAMBOANGA PENINSULA),CITY OF ZAMBOANGA,15-24,F,S,Y,A,1
2026,2,5,REGION IX (ZAMBOANGA PENINSULA),CITY OF ZAMBOANGA,25-64,F,S,Y,A,2
2026,2,5,REGION IX (ZAMBOANGA PENINSULA),CITY OF ZAMBOANGA,5-14,F,S,Y,A,1
2026,2,5,REGION VII (CENTRAL VISAYAS),BOHOL,65+,F,S,Y,A,1
2026,2,6,NEGROS ISLAND REGION (NIR),CITY OF BACOLOD,15-24,F,S,Y,A,1
2026,2,6,NEGROS ISLAND REGION (NIR),NEGROS OCCIDENTAL,25-64,M,S,Y,A,1
2026,2,6,REGION IX (ZAMBOANGA PENINSULA),CITY OF ZAMBOANGA,25-64,F,S,Y,A,1
2026,2,6,REGION IX (ZAMBOANGA PENINSULA),CITY OF ZAMBOANGA,5-14,F,S,Y,A,1
2026,2,6,REGION IX (ZAMBOANGA PENINSULA),CITY OF ZAMBOANGA,65+,M,S,Y,A,1
2026,2,6,REGION V (BICOL REGION),CATANDUANES,25-64,M,S,Y,A,1
2026,2,6,REGION V (BICOL REGION),CATANDUANES,5-14,F,S,Y,A,1
2026,2,6,REGION VII (CENTRAL VISAYAS),BOHOL,5-14,F,S,Y,A,1
2026,2,6,REGION VII (CENTRAL VISAYAS),BOHOL,65+,M,S,Y,A,1
2026,2,6,REGION VII (CENTRAL VISAYAS),CITY OF LAPU-LAPU,65+,M,S,Y,A,1
2026,2,6,REGION VII (CENTRAL VISAYAS),CITY OF MANDAUE,15-24,F,S,N,A,1
2026,2,6,REGION VIII (EASTERN VISAYAS),BILIRAN,15-24,F,S,Y,A,1
2026,2,6,REGION VIII (EASTERN VISAYAS),SAMAR,25-64,F,S,Y,A,1
2026,2,7,CORDILLERA ADMINISTRATIVE REGION (CAR),CITY OF BAGUIO,25-64,F,S,Y,D,1
2026,2,7,NEGROS ISLAND REGION (NIR),CITY OF BACOLOD,15-24,M,S,Y,A,1
2026,2,7,NEGROS ISLAND REGION (NIR),NEGROS OCCIDENTAL,25-64,M,S,Y,A,1
2026,2,7,REGION IX (ZAMBOANGA PENINSULA),CITY OF ZAMBOANGA,15-24,M,S,Y,A,1
2026,2,7,REGION VII (CENTRAL VISAYAS),BOHOL,25-64,F,S,Y,A,1
2026,2,7,REGION VII (CENTRAL VISAYAS),BOHOL,5-14,F,S,Y,A,1
2026,2,7,REGION VII (CENTRAL VISAYAS),BOHOL,65+,F,S,Y,A,1
2026,2,7,REGION VII (CENTRAL VISAYAS),BOHOL,65+,M,S,Y,A,1
2026,2,7,REGION VIII (EASTERN VISAYAS),SAMAR,25-64,M,S,Y,A,1
2026,2,8,NEGROS ISLAND REGION (NIR),CITY OF BACOLOD,15-24,F,S,Y,A,1
2026,2,8,NEGROS ISLAND REGION (NIR),CITY OF BACOLOD,25-64,F,S,Y,A,2
2026,2,8,NEGROS ISLAND REGION (NIR),CITY OF BACOLOD,25-64,M,S,Y,A,2
2026,2,8,NEGROS ISLAND REGION (NIR),NEGROS OCCIDENTAL,25-64,M,S,Y,A,1
2026,2,8,REGION IV-A (CALABARZON),LAGUNA,0-4,M,S,N,A,1
2026,2,8,REGION IV-A (CALABARZON),LAGUNA,25-64,M,S,N,A,1
2026,2,8,REGION IX (ZAMBOANGA PENINSULA),CITY OF ZAMBOANGA,65+,M,S,Y,A,2
2026,2,8,REGION V (BICOL REGION),CATANDUANES,25-64,M,S,Y,A,1
2026,2,8,REGION VIII (EASTERN VISAYAS),SAMAR,5-14,F,S,N,A,1
2026,2,8,REGION VIII (EASTERN VISAYAS),SAMAR,65+,F,S,N,A,2
2026,2,8,REGION X (NORTHERN MINDANAO),CITY OF CAGAYAN DE ORO,15-24,F,S,Y,A,1
2026,2,8,REGION X (NORTHERN MINDANAO),CITY OF CAGAYAN DE ORO,15-24,M,S,N,A,1
2026,2,8,REGION X (NORTHERN MINDANAO),CITY OF CAGAYAN DE ORO,65+,M,S,Y,A,1
2026,3,9,NEGROS ISLAND REGION (NIR),CITY OF BACOLOD,15-24,M,S,Y,A,1
2026,3,9,NEGROS ISLAND REGION (NIR),CITY OF BACOLOD,25-64,F,S,Y,A,2
2026,3,9,REGION IX (ZAMBOANGA PENINSULA),CITY OF ZAMBOANGA,25-64,M,S,Y,A,1
2026,3,9,REGION V (BICOL REGION),CATANDUANES,5-14,F,S,Y,A,1
2026,3,9,REGION VIII (EASTERN VISAYAS),SAMAR,5-14,M,S,N,A,1
2026,3,9,REGION X (NORTHERN MINDANAO),CITY OF CAGAYAN DE ORO,0-4,M,S,Y,A,1
2026,3,10,NEGROS ISLAND REGION (NIR),CITY OF BACOLOD,25-64,M,S,Y,A,2
2026,3,10,NEGROS ISLAND REGION (NIR),CITY OF BACOLOD,65+,F,S,Y,A,2
2026,3,10,NEGROS ISLAND REGION (NIR),NEGROS OCCIDENTAL,15-24,M,S,Y,A,1
2026,3,10,REGION IX (ZAMBOANGA PENINSULA),CITY OF ZAMBOANGA,25-64,M,S,Y,A,1
2026,3,10,REGION IX (ZAMBOANGA PENINSULA),ZAMBOANGA DEL NORTE,25-64,M,S,Y,A,1
2026,3,10,REGION V (BICOL REGION),CATANDUANES,25-64,F,S,Y,A,2
2026,3,10,REGION V (BICOL REGION),CATANDUANES,5-14,M,S,Y,A,1
2026,3,10,REGION VII (CENTRAL VISAYAS),BOHOL,15-24,F,S,Y,A,1
2026,3,10,REGION VIII (EASTERN VISAYAS),SAMAR,25-64,F,S,N,A,1
2026,3,10,REGION VIII (EASTERN VISAYAS),SAMAR,25-64,F,S,Y,A,1
2026,3,10,REGION X (NORTHERN MINDANAO),CITY OF CAGAYAN DE ORO,0-4,F,S,N,A,1
2026,3,10,REGION X (NORTHERN MINDANAO),CITY OF CAGAYAN DE ORO,5-14,F,S,N,A,1
2026,3,11,NEGROS ISLAND REGION (NIR),CITY OF BACOLOD,25-64,F,S,Y,A,1
2026,3,11,REGION IX (ZAMBOANGA PENINSULA),CITY OF ZAMBOANGA,25-64,M,S,Y,A,1
2026,3,11,REGION IX (ZAMBOANGA PENINSULA),CITY OF ZAMBOANGA,5-14,M,S,Y,A,1
2026,3,11,REGION V (BICOL REGION),CATANDUANES,25-64,F,S,Y,A,1
2026,3,11,REGION V (BICOL REGION),CATANDUANES,5-14,M,S,Y,A,1
2026,3,11,REGION VII (CENTRAL VISAYAS),BOHOL,25-64,F,S,Y,A,1
2026,3,12,NEGROS ISLAND REGION (NIR),CITY OF BACOLOD,5-14,F,S,Y,A,1
2026,3,12,REGION IX (ZAMBOANGA PENINSULA),CITY OF ZAMBOANGA,25-64,F,S,Y,A,1
2026,3,12,REGION IX (ZAMBOANGA PENINSULA),CITY OF ZAMBOANGA,25-64,M,S,Y,A,1
2026,3,12,REGION V (BICOL REGION),CATANDUANES,15-24,F,S,Y,A,1
2026,3,12,REGION V (BICOL REGION),CATANDUANES,25-64,F,S,Y,A,1
2026,3,12,REGION V (BICOL REGION),SORSOGON,5-14,F,S,Y,A,1
2026,3,12,REGION VII (CENTRAL VISAYAS),BOHOL,0-4,M,S,Y,A,1
2026,3,12,REGION VII (CENTRAL VISAYAS),BOHOL,65+,F,S,Y,A,1
2026,3,13,CORDILLERA ADMINISTRATIVE REGION (CAR),BENGUET,25-64,F,S,Y,A,1
2026,3,13,REGION V (BICOL REGION),CATANDUANES,5-14,M,S,Y,A,1
2026,3,13,REGION V (BICOL REGION),SORSOGON,5-14,F,S,Y,A,1
2026,3,13,REGION VII (CENTRAL VISAYAS),CEBU,0-4,F,S,Y,A,1
2026,4,13,NEGROS ISLAND REGION (NIR),CITY OF BACOLOD,25-64,F,S,Y,A,1
2026,4,13,NEGROS ISLAND REGION (NIR),CITY OF BACOLOD,65+,F,S,Y,A,1
2026,4,13,REGION IX (ZAMBOANGA PENINSULA),CITY OF ZAMBOANGA,5-14,F,S,Y,A,1
2026,4,13,REGION V (BICOL REGION),CATANDUANES,25-64,F,S,Y,A,1
2026,4,13,REGION V (BICOL REGION),CATANDUANES,25-64,M,S,Y,A,2
2026,4,13,REGION V (BICOL REGION),CATANDUANES,5-14,M,S,Y,A,1
2026,4,13,REGION VIII (EASTERN VISAYAS),SAMAR,25-64,F,S,N,A,1
2026,4,14,REGION V (BICOL REGION),CATANDUANES,25-64,F,S,Y,A,1
2026,4,14,REGION V (BICOL REGION),CATANDUANES,25-64,M,S,Y,A,1
2026,4,14,REGION V (BICOL REGION),CATANDUANES,5-14,M,S,Y,A,1
2026,4,14,REGION VII (CENTRAL VISAYAS),CEBU,0-4,M,S,Y,A,1
2026,4,14,REGION VII (CENTRAL VISAYAS),CITY OF LAPU-LAPU,0-4,M,S,Y,A,1
2026,4,14,REGION VII (CENTRAL VISAYAS),CITY OF LAPU-LAPU,15-24,F,S,Y,A,1
2026,4,15,REGION V (BICOL REGION),CATANDUANES,25-64,F,S,Y,A,1
2026,4,15,REGION VII (CENTRAL VISAYAS),CEBU,0-4,F,S,Y,A,1
2026,4,15,REGION VII (CENTRAL VISAYAS),CEBU,25-64,F,S,Y,A,1
2026,4,15,REGION VII (CENTRAL VISAYAS),CITY OF LAPU-LAPU,65+,M,S,Y,A,1
2026,4,15,REGION VIII (EASTERN VISAYAS),SAMAR,25-64,M,S,Y,A,3
2026,4,16,CORDILLERA ADMINISTRATIVE REGION (CAR),CITY OF BAGUIO,25-64,F,S,Y,A,1
2026,4,16,NEGROS ISLAND REGION (NIR),CITY OF BACOLOD,15-24,M,S,Y,A,1
2026,4,16,NEGROS ISLAND REGION (NIR),CITY OF BACOLOD,65+,F,S,Y,A,1
2026,4,16,REGION V (BICOL REGION),CATANDUANES,5-14,M,S,Y,A,1
2026,4,16,REGION VII (CENTRAL VISAYAS),BOHOL,15-24,M,S,Y,A,1
2026,4,16,REGION VII (CENTRAL VISAYAS),BOHOL,65+,M,S,Y,A,1
2026,4,16,REGION VII (CENTRAL VISAYAS),CEBU,25-64,M,S,Y,A,1
2026,4,17,NEGROS ISLAND REGION (NIR),CITY OF BACOLOD,65+,F,S,Y,A,1
2026,4,17,REGION I (ILOCOS REGION),LA UNION,5-14,F,S,Y,D,1
2026,4,17,REGION IX (ZAMBOANGA PENINSULA),CITY OF ZAMBOANGA,15-24,F,S,Y,A,1
2026,4,17,REGION IX (ZAMBOANGA PENINSULA),CITY OF ZAMBOANGA,5-14,F,S,Y,A,1
2026,4,17,REGION IX (ZAMBOANGA PENINSULA),CITY OF ZAMBOANGA,5-14,M,S,Y,A,1
2026,4,17,REGION IX (ZAMBOANGA PENINSULA),ZAMBOANGA DEL NORTE,65+,M,S,Y,A,1
2026,4,17,REGION V (BICOL REGION),CATANDUANES,0-4,M,S,Y,A,1
2026,4,17,REGION V (BICOL REGION),CATANDUANES,25-64,F,S,Y,A,1
2026,4,17,REGION V (BICOL REGION),CATANDUANES,25-64,M,S,Y,A,1
2026,4,17,REGION V (BICOL REGION),CATANDUANES,5-14,F,S,Y,A,2
2026,4,17,REGION V (BICOL REGION),CATANDUANES,5-14,M,S,Y,A,1
2026,4,17,REGION V (BICOL REGION),CATANDUANES,65+,F,S,Y,A,1
2026,4,17,REGION V (BICOL REGION),CATANDUANES,65+,M,S,Y,A,1
2026,4,17,REGION VII (CENTRAL VISAYAS),BOHOL,0-4,M,S,Y,A,1
2026,4,17,REGION VII (CENTRAL VISAYAS),CITY OF CEBU,25-64,M,S,N,A,1
2026,4,17,REGION VII (CENTRAL VISAYAS),CITY OF MANDAUE,5-14,M,S,Y,A,1
2026,4,17,REGION VIII (EASTERN VISAYAS),CITY OF TACLOBAN,65+,M,S,Y,A,2
2026,4,17,REGION VIII (EASTERN VISAYAS),EASTERN SAMAR,15-24,M,S,Y,A,1
2026,4,17,REGION XI (DAVAO REGION),DAVAO DE ORO,0-4,F,S,N,A,1
2026,4,17,REGION XI (DAVAO REGION),DAVAO DE ORO,25-64,F,S,N,A,1
2026,4,17,REGION XI (DAVAO REGION),DAVAO DE ORO,25-64,M,S,N,A,1
2026,4,17,REGION XI (DAVAO REGION),DAVAO DE ORO,5-14,F,S,N,A,2
2026,5,17,REGION V (BICOL REGION),CATANDUANES,25-64,F,S,Y,A,1
2026,5,17,REGION VII (CENTRAL VISAYAS),CITY OF CEBU,25-64,M,S,Y,A,1
2026,5,17,REGION VII (CENTRAL VISAYAS),CITY OF CEBU,5-14,M,S,Y,A,1
2026,5,17,REGION VII (CENTRAL VISAYAS),CITY OF CEBU,65+,F,S,Y,A,1
2026,5,18,BANGSAMORO AUTONOMOUS REGION IN MUSLIM MINDANAO (BARMM),MAGUINDANAO DEL SUR,15-24,M,C,Y,A,2
2026,5,18,NEGROS ISLAND REGION (NIR),CITY OF BACOLOD,25-64,M,S,Y,A,1
2026,5,18,REGION IV-A (CALABARZON),RIZAL,5-14,M,S,N,A,1
2026,5,18,REGION V (BICOL REGION),CATANDUANES,0-4,F,S,Y,A,2
2026,5,18,REGION V (BICOL REGION),CATANDUANES,0-4,M,S,Y,A,2
2026,5,18,REGION V (BICOL REGION),CATANDUANES,15-24,F,S,N,A,2
2026,5,18,REGION V (BICOL REGION),CATANDUANES,25-64,F,S,Y,A,2
2026,5,18,REGION V (BICOL REGION),CATANDUANES,25-64,M,S,Y,A,1
2026,5,18,REGION V (BICOL REGION),CATANDUANES,5-14,F,S,N,A,1
2026,5,18,REGION V (BICOL REGION),CATANDUANES,5-14,F,S,Y,A,1
2026,5,18,REGION V (BICOL REGION),CATANDUANES,5-14,M,S,Y,A,1
2026,5,18,REGION V (BICOL REGION),CATANDUANES,65+,F,S,Y,A,1
2026,5,18,REGION V (BICOL REGION),CATANDUANES,65+,M,S,Y,A,1
2026,5,18,REGION VII (CENTRAL VISAYAS),BOHOL,5-14,M,S,Y,A,1
2026,5,18,REGION VII (CENTRAL VISAYAS),CITY OF CEBU,0-4,M,S,Y,A,2
2026,5,18,REGION VII (CENTRAL VISAYAS),CITY OF LAPU-LAPU,25-64,F,S,Y,A,1
2026,5,19,BANGSAMORO AUTONOMOUS REGION IN MUSLIM MINDANAO (BARMM),MAGUINDANAO DEL SUR,15-24,M,C,N,A,1
2026,5,19,BANGSAMORO AUTONOMOUS REGION IN MUSLIM MINDANAO (BARMM),MAGUINDANAO DEL SUR,15-24,M,C,Y,A,3
2026,5,19,BANGSAMORO AUTONOMOUS REGION IN MUSLIM MINDANAO (BARMM),MAGUINDANAO DEL SUR,25-64,M,C,Y,A,1
2026,5,19,NEGROS ISLAND REGION (NIR),CITY OF BACOLOD,15-24,F,S,Y,A,1
2026,5,19,NEGROS ISLAND REGION (NIR),CITY OF BACOLOD,5-14,M,S,Y,A,1
2026,5,19,REGION IX (ZAMBOANGA PENINSULA),CITY OF ZAMBOANGA,65+,M,S,Y,A,1
2026,5,19,REGION V (BICOL REGION),CATANDUANES,0-4,F,S,Y,A,4
2026,5,19,REGION V (BICOL REGION),CATANDUANES,0-4,M,S,Y,A,3
2026,5,19,REGION V (BICOL REGION),CATANDUANES,25-64,F,S,N,A,1
2026,5,19,REGION V (BICOL REGION),CATANDUANES,25-64,F,S,Y,A,2
2026,5,19,REGION V (BICOL REGION),CATANDUANES,25-64,M,S,N,A,2
2026,5,19,REGION V (BICOL REGION),CATANDUANES,25-64,M,S,Y,A,1
2026,5,19,REGION V (BICOL REGION),CATANDUANES,5-14,F,S,N,A,1
2026,5,19,REGION V (BICOL REGION),CATANDUANES,5-14,F,S,Y,A,2
2026,5,19,REGION V (BICOL REGION),CATANDUANES,5-14,M,S,Y,A,1
2026,5,19,REGION V (BICOL REGION),CATANDUANES,65+,F,S,Y,A,1
2026,5,19,REGION VII (CENTRAL VISAYAS),BOHOL,0-4,M,S,Y,A,1
2026,5,19,REGION VII (CENTRAL VISAYAS),BOHOL,15-24,M,S,Y,A,1
2026,5,19,REGION VII (CENTRAL VISAYAS),BOHOL,65+,M,S,Y,A,1
2026,5,19,REGION VII (CENTRAL VISAYAS),CEBU,25-64,M,S,N,A,1
2026,5,19,REGION VII (CENTRAL VISAYAS),CITY OF CEBU,25-64,F,S,Y,A,1
2026,5,19,REGION VII (CENTRAL VISAYAS),CITY OF CEBU,65+,F,S,Y,A,1
2026,5,20,NEGROS ISLAND REGION (NIR),CITY OF BACOLOD,25-64,M,S,Y,A,1
2026,5,20,NEGROS ISLAND REGION (NIR),CITY OF BACOLOD,5-14,M,S,Y,A,1
2026,5,20,REGION V (BICOL REGION),CATANDUANES,0-4,M,S,Y,A,2
2026,5,20,REGION V (BICOL REGION),CATANDUANES,15-24,F,S,Y,A,2
2026,5,20,REGION V (BICOL REGION),CATANDUANES,5-14,F,S,Y,A,3
2026,5,20,REGION VII (CENTRAL VISAYAS),CITY OF CEBU,25-64,F,S,Y,A,1
2026,5,21,NEGROS ISLAND REGION (NIR),CITY OF BACOLOD,25-64,F,S,Y,A,2
2026,5,21,NEGROS ISLAND REGION (NIR),CITY OF BACOLOD,5-14,F,S,Y,A,1
2026,5,21,NEGROS ISLAND REGION (NIR),NEGROS OCCIDENTAL,65+,F,S,Y,A,1
2026,5,21,REGION V (BICOL REGION),CATANDUANES,0-4,F,S,Y,A,4
2026,5,21,REGION V (BICOL REGION),CATANDUANES,0-4,M,S,Y,A,2
2026,5,21,REGION V (BICOL REGION),CATANDUANES,25-64,F,S,Y,A,2
2026,5,21,REGION V (BICOL REGION),CATANDUANES,25-64,M,S,Y,A,1
2026,5,21,REGION V (BICOL REGION),CATANDUANES,5-14,F,S,Y,A,1
2026,5,21,REGION V (BICOL REGION),CATANDUANES,5-14,M,S,Y,A,5
2026,5,21,REGION V (BICOL REGION),CATANDUANES,65+,F,S,Y,A,2
2026,5,21,REGION V (BICOL REGION),SORSOGON,25-64,F,S,Y,A,1
2026,5,21,REGION VII (CENTRAL VISAYAS),BOHOL,25-64,F,S,Y,A,1
2026,5,21,REGION VII (CENTRAL VISAYAS),CEBU,65+,F,S,Y,A,1
2026,5,22,NEGROS ISLAND REGION (NIR),CITY OF BACOLOD,25-64,F,S,Y,A,1
2026,6,22,NEGROS ISLAND REGION (NIR),CITY OF BACOLOD,25-64,F,S,Y,A,1
2026,6,22,NEGROS ISLAND REGION (NIR),CITY OF BACOLOD,25-64,M,S,Y,A,3
2026,6,22,NEGROS ISLAND REGION (NIR),NEGROS OCCIDENTAL,25-64,M,S,Y,A,1
2026,6,22,REGION IX (ZAMBOANGA PENINSULA),CITY OF ZAMBOANGA,25-64,F,S,Y,A,1
2026,6,22,REGION V (BICOL REGION),CATANDUANES,0-4,F,S,Y,A,4
2026,6,22,REGION V (BICOL REGION),CATANDUANES,5-14,M,S,Y,A,3
2026,6,22,REGION V (BICOL REGION),CATANDUANES,65+,F,S,Y,A,1
2026,6,22,REGION VII (CENTRAL VISAYAS),CEBU,25-64,M,S,Y,A,1
2026,6,22,REGION VIII (EASTERN VISAYAS),SOUTHERN LEYTE,25-64,F,S,Y,A,1
2026,6,22,REGION VIII (EASTERN VISAYAS),SOUTHERN LEYTE,25-64,M,S,N,A,1
2026,6,23,NATIONAL CAPITAL REGION (NCR),CITY OF MANILA,25-64,M,S,Y,A,2
2026,6,23,NATIONAL CAPITAL REGION (NCR),CITY OF MANILA,25-64,M,S,Y,D,1
2026,6,23,REGION IX (ZAMBOANGA PENINSULA),CITY OF ZAMBOANGA,25-64,F,S,Y,A,1
2026,6,23,REGION IX (ZAMBOANGA PENINSULA),CITY OF ZAMBOANGA,25-64,M,S,Y,A,1
2026,6,23,REGION V (BICOL REGION),CATANDUANES,0-4,F,S,Y,A,3
2026,6,23,REGION V (BICOL REGION),CATANDUANES,0-4,F,S,Y,D,1
2026,6,23,REGION V (BICOL REGION),CATANDUANES,15-24,F,S,Y,A,1
2026,6,23,REGION V (BICOL REGION),CATANDUANES,5-14,M,S,Y,A,1
2026,6,23,REGION V (BICOL REGION),SORSOGON,25-64,F,S,Y,A,1
2026,6,23,REGION V (BICOL REGION),SORSOGON,5-14,M,S,Y,A,1
2026,6,23,REGION VII (CENTRAL VISAYAS),CITY OF CEBU,0-4,F,S,Y,D,1
2026,6,23,REGION VII (CENTRAL VISAYAS),CITY OF CEBU,25-64,F,S,Y,A,1
2026,6,24,BANGSAMORO AUTONOMOUS REGION IN MUSLIM MINDANAO (BARMM),SULU,25-64,M,S,Y,A,1
2026,6,24,REGION IX (ZAMBOANGA PENINSULA),CITY OF ZAMBOANGA,65+,F,S,Y,A,1
2026,6,24,REGION V (BICOL REGION),CATANDUANES,0-4,M,S,N,A,1
2026,6,24,REGION V (BICOL REGION),CATANDUANES,0-4,M,S,Y,A,3
2026,6,24,REGION V (BICOL REGION),CATANDUANES,25-64,M,S,Y,A,4
2026,6,24,REGION V (BICOL REGION),CATANDUANES,5-14,F,S,N,A,1
2026,6,24,REGION V (BICOL REGION),CATANDUANES,5-14,F,S,Y,A,1
2026,6,24,REGION V (BICOL REGION),CATANDUANES,5-14,M,S,N,A,1
2026,6,24,REGION V (BICOL REGION),CATANDUANES,5-14,M,S,Y,A,2
2026,6,24,REGION V (BICOL REGION),CATANDUANES,65+,F,S,Y,A,2
2026,6,24,REGION VII (CENTRAL VISAYAS),CEBU,25-64,M,S,N,A,1
2026,6,25,CORDILLERA ADMINISTRATIVE REGION (CAR),CITY OF BAGUIO,25-64,M,S,Y,A,1
2026,6,25,REGION V (BICOL REGION),CATANDUANES,0-4,F,S,Y,A,3
2026,6,25,REGION V (BICOL REGION),CATANDUANES,25-64,F,S,Y,A,2
2026,6,25,REGION V (BICOL REGION),CATANDUANES,5-14,F,S,Y,A,3
2026,6,25,REGION V (BICOL REGION),CATANDUANES,5-14,M,S,Y,A,2
2026,6,25,REGION V (BICOL REGION),CATANDUANES,65+,F,S,Y,A,1
2026,6,25,REGION V (BICOL REGION),CATANDUANES,65+,M,S,Y,A,1
2026,6,25,REGION V (BICOL REGION),SORSOGON,5-14,M,S,Y,A,2
2026,6,25,REGION VII (CENTRAL VISAYAS),BOHOL,65+,F,S,Y,A,2
2026,6,25,REGION VII (CENTRAL VISAYAS),CEBU,0-4,M,S,Y,A,1
2026,6,25,REGION VII (CENTRAL VISAYAS),CITY OF LAPU-LAPU,15-24,F,S,Y,A,1
2026,6,25,REGION XI (DAVAO REGION),DAVAO DE ORO,5-14,M,C,Y,A,1
2026,6,26,NEGROS ISLAND REGION (NIR),NEGROS OCCIDENTAL,65+,M,S,Y,A,1
2026,6,26,REGION III (CENTRAL LUZON),PAMPANGA,15-24,F,S,Y,A,1
2026,6,26,REGION IX (ZAMBOANGA PENINSULA),ZAMBOANGA SIBUGAY,25-64,F,S,Y,A,1
2026,6,26,REGION VII (CENTRAL VISAYAS),CEBU,25-64,F,S,Y,A,1
2026,6,26,REGION VII (CENTRAL VISAYAS),CEBU,65+,F,S,Y,A,1
2026,6,26,REGION VII (CENTRAL VISAYAS),CITY OF CEBU,5-14,F,S,Y,A,1
2026,7,26,BANGSAMORO AUTONOMOUS REGION IN MUSLIM MINDANAO (BARMM),SULU,25-64,M,S,Y,A,1
2026,7,26,CORDILLERA ADMINISTRATIVE REGION (CAR),CITY OF BAGUIO,25-64,M,S,Y,A,1
2026,7,26,NEGROS ISLAND REGION (NIR),CITY OF BACOLOD,5-14,F,S,Y,A,1
2026,7,26,REGION IX (ZAMBOANGA PENINSULA),CITY OF ZAMBOANGA,25-64,F,S,Y,A,1
2026,7,26,REGION IX (ZAMBOANGA PENINSULA),CITY OF ZAMBOANGA,25-64,M,S,Y,A,1
2026,7,26,REGION IX (ZAMBOANGA PENINSULA),CITY OF ZAMBOANGA,65+,F,S,Y,A,1
2026,7,26,REGION V (BICOL REGION),CATANDUANES,25-64,M,S,Y,A,1
2026,7,26,REGION V (BICOL REGION),SORSOGON,5-14,M,S,Y,A,1
2026,7,26,REGION VII (CENTRAL VISAYAS),BOHOL,0-4,M,S,Y,A,1
2026,7,26,REGION VII (CENTRAL VISAYAS),CITY OF CEBU,25-64,M,S,N,A,1
2026,7,26,REGION VII (CENTRAL VISAYAS),CITY OF CEBU,65+,F,S,N,A,1
2026,7,27,CORDILLERA ADMINISTRATIVE REGION (CAR),BENGUET,25-64,F,S,Y,D,1
2026,7,27,NEGROS ISLAND REGION (NIR),CITY OF BACOLOD,65+,F,S,Y,A,1
2026,7,27,REGION IX (ZAMBOANGA PENINSULA),ZAMBOANGA SIBUGAY,25-64,M,S,Y,A,1
2026,7,27,REGION V (BICOL REGION),CATANDUANES,15-24,F,S,Y,A,1
2026,7,27,REGION V (BICOL REGION),CATANDUANES,5-14,F,S,Y,A,1
2026,7,27,REGION VII (CENTRAL VISAYAS),CEBU,15-24,F,S,Y,A,1
2026,7,27,REGION VII (CENTRAL VISAYAS),CEBU,25-64,F,S,N,A,1
2026,7,27,REGION VII (CENTRAL VISAYAS),CITY OF CEBU,5-14,F,S,Y,A,1
2026,7,27,REGION VIII (EASTERN VISAYAS),EASTERN SAMAR,0-4,M,S,Y,A,1
2026,7,28,REGION III (CENTRAL LUZON),BULACAN,25-64,M,S,Y,A,1
2026,7,28,REGION IX (ZAMBOANGA PENINSULA),CITY OF ZAMBOANGA,25-64,F,S,Y,A,1
2026,7,28,REGION V (BICOL REGION),CATANDUANES,65+,M,S,Y,A,1
2026,7,28,REGION VII (CENTRAL VISAYAS),BOHOL,25-64,M,S,Y,A,1
2026,7,28,REGION VII (CENTRAL VISAYAS),BOHOL,65+,M,S,Y,A,1
2026,7,28,REGION VII (CENTRAL VISAYAS),CEBU,25-64,F,S,Y,A,1
2026,7,28,REGION VII (CENTRAL VISAYAS),CITY OF LAPU-LAPU,65+,M,S,Y,D,1
2026,7,29,NEGROS ISLAND REGION (NIR),CITY OF BACOLOD,5-14,M,S,Y,A,1
2026,7,29,REGION IV-A (CALABARZON),LAGUNA,25-64,M,S,Y,A,1
2026,7,29,REGION V (BICOL REGION),CATANDUANES,0-4,F,S,Y,A,1
2026,7,29,REGION V (BICOL REGION),SORSOGON,25-64,F,S,Y,A,1
2026,7,29,REGION VII (CENTRAL VISAYAS),CITY OF LAPU-LAPU,25-64,F,S,Y,A,1
2026,7,29,REGION VIII (EASTERN VISAYAS),EASTERN SAMAR,5-14,F,S,Y,A,1
2026,7,30,CORDILLERA ADMINISTRATIVE REGION (CAR),CITY OF BAGUIO,65+,F,S,Y,A,1
2026,7,30,NEGROS ISLAND REGION (NIR),CITY OF BACOLOD,65+,M,S,Y,A,1
2026,7,30,REGION I (ILOCOS REGION),ILOCOS NORTE,0-4,M,S,Y,A,1
2026,7,30,REGION IX (ZAMBOANGA PENINSULA),CITY OF ZAMBOANGA,25-64,M,S,Y,A,1
2026,7,30,REGION IX (ZAMBOANGA PENINSULA),CITY OF ZAMBOANGA,65+,M,S,Y,A,1
2026,7,30,REGION V (BICOL REGION),CAMARINES SUR,65+,M,S,Y,A,1
2026,7,30,REGION V (BICOL REGION),CATANDUANES,0-4,F,S,Y,A,1
2026,7,30,REGION V (BICOL REGION),CATANDUANES,15-24,F,S,Y,A,1
2026,7,30,REGION VII (CENTRAL VISAYAS),BOHOL,5-14,M,S,Y,A,1
2026,7,30,REGION VII (CENTRAL VISAYAS),CEBU,15-24,M,S,Y,A,1
2026,7,30,REGION VII (CENTRAL VISAYAS),CEBU,25-64,F,S,Y,A,1
2026,7,30,REGION VII (CENTRAL VISAYAS),CEBU,25-64,M,S,Y,A,1
2026,7,30,REGION VII (CENTRAL VISAYAS),CITY OF LAPU-LAPU,25-64,M,S,Y,A,1
2026,7,30,REGION X (NORTHERN MINDANAO),CITY OF CAGAYAN DE ORO,15-24,F,S,Y,A,1
2026,8,31,BANGSAMORO AUTONOMOUS REGION IN MUSLIM MINDANAO (BARMM),MAGUINDANAO DEL NORTE,0-4,F,S,Y,A,1
2026,8,31,BANGSAMORO AUTONOMOUS REGION IN MUSLIM MINDANAO (BARMM),MAGUINDANAO DEL NORTE,0-4,M,S,Y,A,1
2026,8,31,BANGSAMORO AUTONOMOUS REGION IN MUSLIM MINDANAO (BARMM),MAGUINDANAO DEL NORTE,15-24,M,C,Y,A,1
2026,8,31,BANGSAMORO AUTONOMOUS REGION IN MUSLIM MINDANAO (BARMM),MAGUINDANAO DEL NORTE,5-14,M,S,Y,A,1
2026,8,31,NEGROS ISLAND REGION (NIR),CITY OF BACOLOD,25-64,F,S,Y,A,1
2026,8,31,NEGROS ISLAND REGION (NIR),CITY OF BACOLOD,25-64,M,S,Y,A,2
2026,8,31,REGION I (ILOCOS REGION),ILOCOS NORTE,0-4,F,S,Y,A,1
2026,8,31,REGION III (CENTRAL LUZON),PAMPANGA,15-24,F,S,Y,A,1
2026,8,31,REGION IX (ZAMBOANGA PENINSULA),CITY OF ZAMBOANGA,25-64,F,S,Y,A,1
2026,8,31,REGION V (BICOL REGION),CATANDUANES,0-4,F,S,Y,A,2
2026,8,31,REGION V (BICOL REGION),CATANDUANES,15-24,F,S,Y,A,1
2026,8,31,REGION V (BICOL REGION),CATANDUANES,25-64,F,S,Y,A,1
2026,8,31,REGION V (BICOL REGION),CATANDUANES,5-14,M,S,Y,A,1
2026,8,31,REGION VII (CENTRAL VISAYAS),BOHOL,0-4,M,S,Y,A,1
2026,8,31,REGION VII (CENTRAL VISAYAS),BOHOL,5-14,F,S,Y,A,1
2026,8,31,REGION VII (CENTRAL VISAYAS),CEBU,25-64,M,S,Y,A,2
2026,8,31,REGION VII (CENTRAL VISAYAS),CEBU,25-64,M,S,Y,D,2
2026,8,31,REGION VII (CENTRAL VISAYAS),CITY OF LAPU-LAPU,25-64,F,S,Y,A,1
2026,8,31,REGION XI (DAVAO REGION),DAVAO ORIENTAL,0-4,M,S,N,A,1
2026,8,31,REGION XI (DAVAO REGION),DAVAO ORIENTAL,5-14,F,S,N,A,2
2026,8,32,BANGSAMORO AUTONOMOUS REGION IN MUSLIM MINDANAO (BARMM),MAGUINDANAO DEL NORTE,0-4,F,S,Y,A,6
2026,8,32,BANGSAMORO AUTONOMOUS REGION IN MUSLIM MINDANAO (BARMM),MAGUINDANAO DEL NORTE,5-14,F,C,Y,A,1
2026,8,32,CORDILLERA ADMINISTRATIVE REGION (CAR),BENGUET,5-14,M,S,Y,A,1
2026,8,32,CORDILLERA ADMINISTRATIVE REGION (CAR),CITY OF BAGUIO,25-64,M,S,Y,A,1
2026,8,32,NEGROS ISLAND REGION (NIR),CITY OF BACOLOD,65+,M,S,Y,A,1
2026,8,32,NEGROS ISLAND REGION (NIR),NEGROS OCCIDENTAL,65+,F,S,Y,A,1
2026,8,32,REGION IX (ZAMBOANGA PENINSULA),ZAMBOANGA DEL NORTE,25-64,M,S,Y,A,1
2026,8,32,REGION V (BICOL REGION),CATANDUANES,0-4,F,S,Y,A,1
2026,8,32,REGION VII (CENTRAL VISAYAS),BOHOL,65+,F,S,Y,A,1
2026,8,32,REGION VII (CENTRAL VISAYAS),CEBU,0-4,F,S,Y,A,1
2026,8,32,REGION VII (CENTRAL VISAYAS),CEBU,5-14,F,S,Y,A,1
2026,8,33,NATIONAL CAPITAL REGION (NCR),CITY OF MANILA,25-64,M,S,N,D,1
2026,8,33,NEGROS ISLAND REGION (NIR),CITY OF BACOLOD,25-64,M,S,Y,A,2
2026,8,33,NEGROS ISLAND REGION (NIR),NEGROS OCCIDENTAL,15-24,F,S,Y,A,1
2026,8,33,REGION VII (CENTRAL VISAYAS),BOHOL,0-4,M,S,Y,A,1
2026,8,33,REGION VII (CENTRAL VISAYAS),CEBU,15-24,M,S,Y,A,1
2026,8,33,REGION VII (CENTRAL VISAYAS),CEBU,65+,F,S,Y,A,1
2026,8,34,NEGROS ISLAND REGION (NIR),CITY OF BACOLOD,65+,M,S,Y,A,1
2026,8,34,NEGROS ISLAND REGION (NIR),NEGROS OCCIDENTAL,25-64,M,S,Y,A,2
2026,8,34,REGION V (BICOL REGION),CATANDUANES,0-4,M,S,Y,A,1
2026,8,34,REGION VIII (EASTERN VISAYAS),EASTERN SAMAR,15-24,F,S,Y,A,1
2026,8,34,REGION VIII (EASTERN VISAYAS),EASTERN SAMAR,25-64,M,S,Y,A,1
2026,8,35,REGION IX (ZAMBOANGA PENINSULA),CITY OF ZAMBOANGA,15-24,F,S,Y,A,1
2026,8,35,REGION VI (WESTERN VISAYAS),CITY OF ILOILO,15-24,M,S,Y,A,1
2026,9,35,CORDILLERA ADMINISTRATIVE REGION (CAR),CITY OF BAGUIO,65+,M,S,Y,A,1
2026,9,35,REGION V (BICOL REGION),CATANDUANES,5-14,F,S,Y,A,1
2026,9,35,REGION VIII (EASTERN VISAYAS),EASTERN SAMAR,25-64,F,S,Y,A,1
2026,9,35,REGION VIII (EASTERN VISAYAS),EASTERN SAMAR,25-64,M,S,Y,A,1
2026,9,36,NEGROS ISLAND REGION (NIR),CITY OF BACOLOD,25-64,F,S,Y,A,1
2026,9,36,REGION IX (ZAMBOANGA PENINSULA),CITY OF ZAMBOANGA,25-64,M,S,Y,A,1
2026,9,36,REGION IX (ZAMBOANGA PENINSULA),CITY OF ZAMBOANGA,5-14,M,S,Y,A,1
2026,9,36,REGION V (BICOL REGION),CATANDUANES,15-24,M,S,Y,A,1
2026,9,36,REGION V (BICOL REGION),CATANDUANES,25-64,M,S,Y,A,1
2026,9,36,REGION VII (CENTRAL VISAYAS),CEBU,25-64,F,S,Y,A,1
2026,9,36,REGION VII (CENTRAL VISAYAS),CITY OF CEBU,15-24,M,S,N,A,1
2026,9,37,NEGROS ISLAND REGION (NIR),NEGROS OCCIDENTAL,65+,F,S,Y,A,1
2026,9,37,REGION V (BICOL REGION),CATANDUANES,25-64,F,S,Y,A,1
2026,9,37,REGION V (BICOL REGION),CATANDUANES,25-64,M,S,Y,A,1
2026,9,37,REGION VII (CENTRAL VISAYAS),CITY OF CEBU,25-64,M,S,N,A,1