Year,Month,Morbidity Weel,Region,Cases,Deaths
2022,1,1,BANGSAMORO AUTONOMOUS REGION IN MUSLIM MINDANAO (BARMM),62,0
2022,1,1,CORDILLERA ADMINISTRATIVE REGION (CAR),102,0
2022,1,1,MIMAROPA REGION,32,0
2022,1,1,NATIONAL CAPITAL REGION (NCR),120,1
2022,1,1,NEGROS ISLAND REGION (NIR),54,1
2022,1,1,REGION I (ILOCOS REGION),42,0
2022,1,1,REGION II (CAGAYAN VALLEY),121,0
2022,1,1,REGION III (CENTRAL LUZON),235,2
2022,1,1,REGION IV-A (CALABARZON),170,1
2022,1,1,REGION IX (ZAMBOANGA PENINSULA),110,1
2022,1,1,REGION V (BICOL REGION),22,2
2022,1,1,REGION VI (WESTERN VISAYAS),44,2
2022,1,1,REGION VII (CENTRAL VISAYAS),85,2
2022,1,1,REGION VIII (EASTERN VISAYAS),49,0
2022,1,1,REGION X (NORTHERN MINDANAO),221,0
2022,1,1,REGION XI (DAVAO REGION),149,1
2022,1,1,REGION XII (SOCCSKSARGEN),63,0
2022,1,1,REGION XIII (CARAGA),45,0
2022,1,2,BANGSAMORO AUTONOMOUS REGION IN MUSLIM MINDANAO (BARMM),35,0
2022,1,2,CORDILLERA ADMINISTRATIVE REGION (CAR),68,0
2022,1,2,MIMAROPA REGION,27,0
2022,1,2,NATIONAL CAPITAL REGION (NCR),154,0
2022,1,2,NEGROS ISLAND REGION (NIR),28,0
2022,1,2,REGION I (ILOCOS REGION),19,0
2022,1,2,REGION II (CAGAYAN VALLEY),48,0
2022,1,2,REGION III (CENTRAL LUZON),152,1
2022,1,2,REGION IV-A (CALABARZON),87,1
2022,1,2,REGION IX (ZAMBOANGA PENINSULA),72,0
2022,1,2,REGION V (BICOL REGION),12,0
2022,1,2,REGION VI (WESTERN VISAYAS),25,0
2022,1,2,REGION VII (CENTRAL VISAYAS),75,2
2022,1,2,REGION VIII (EASTERN VISAYAS),29,0
2022,1,2,REGION X (NORTHERN MINDANAO),148,0
2022,1,2,REGION XI (DAVAO REGION),130,0
2022,1,2,REGION XII (SOCCSKSARGEN),48,0
2022,1,2,REGION XIII (CARAGA),33,0
2022,1,3,BANGSAMORO AUTONOMOUS REGION IN MUSLIM MINDANAO (BARMM),33,0
2022,1,3,CORDILLERA ADMINISTRATIVE REGION (CAR),40,1
2022,1,3,MIMAROPA REGION,25,1
2022,1,3,NATIONAL CAPITAL REGION (NCR),200,0
2022,1,3,NEGROS ISLAND REGION (NIR),19,3
2022,1,3,REGION I (ILOCOS REGION),14,0
2022,1,3,REGION II (CAGAYAN VALLEY),73,0
2022,1,3,REGION III (CENTRAL LUZON),188,2
2022,1,3,REGION IV-A (CALABARZON),113,1
2022,1,3,REGION IX (ZAMBOANGA PENINSULA),74,4
2022,1,3,REGION V (BICOL REGION),9,0
2022,1,3,REGION VI (WESTERN VISAYAS),27,1
2022,1,3,REGION VII (CENTRAL VISAYAS),70,2
2022,1,3,REGION VIII (EASTERN VISAYAS),27,1
2022,1,3,REGION X (NORTHERN MINDANAO),99,0
2022,1,3,REGION XI (DAVAO REGION),100,2
2022,1,3,REGION XII (SOCCSKSARGEN),35,0
2022,1,3,REGION XIII (CARAGA),27,0
2022,1,4,BANGSAMORO AUTONOMOUS REGION IN MUSLIM MINDANAO (BARMM),21,0
2022,1,4,CORDILLERA ADMINISTRATIVE REGION (CAR),40,0
2022,1,4,MIMAROPA REGION,26,0
2022,1,4,NATIONAL CAPITAL REGION (NCR),138,1
2022,1,4,NEGROS ISLAND REGION (NIR),34,0
2022,1,4,REGION I (ILOCOS REGION),16,0
2022,1,4,REGION II (CAGAYAN VALLEY),64,0
2022,1,4,REGION III (CENTRAL LUZON),161,0
2022,1,4,REGION IV-A (CALABARZON),118,0
2022,1,4,REGION IX (ZAMBOANGA PENINSULA),52,3
2022,1,4,REGION V (BICOL REGION),21,0
2022,1,4,REGION VI (WESTERN VISAYAS),25,0
2022,1,4,REGION VII (CENTRAL VISAYAS),80,6
2022,1,4,REGION VIII (EASTERN VISAYAS),38,0
2022,1,4,REGION X (NORTHERN MINDANAO),103,0
2022,1,4,REGION XI (DAVAO REGION),102,0
2022,1,4,REGION XII (SOCCSKSARGEN),40,0
2022,1,4,REGION XIII (CARAGA),26,0
2022,1,5,BANGSAMORO AUTONOMOUS REGION IN MUSLIM MINDANAO (BARMM),6,0
2022,1,5,CORDILLERA ADMINISTRATIVE REGION (CAR),18,0
2022,1,5,MIMAROPA REGION,7,0
2022,1,5,NATIONAL CAPITAL REGION (NCR),42,0
2022,1,5,NEGROS ISLAND REGION (NIR),5,0
2022,1,5,REGION I (ILOCOS REGION),3,0
2022,1,5,REGION II (CAGAYAN VALLEY),26,0
2022,1,5,REGION III (CENTRAL LUZON),51,0
2022,1,5,REGION IV-A (CALABARZON),42,0
2022,1,5,REGION IX (ZAMBOANGA PENINSULA),23,0
2022,1,5,REGION V (BICOL REGION),3,0
2022,1,5,REGION VI (WESTERN VISAYAS),3,0
2022,1,5,REGION VII (CENTRAL VISAYAS),51,0
2022,1,5,REGION VIII (EASTERN VISAYAS),10,0
2022,1,5,REGION X (NORTHERN MINDANAO),30,0
2022,1,5,REGION XI (DAVAO REGION),31,1
2022,1,5,REGION XII (SOCCSKSARGEN),7,0
2022,1,5,REGION XIII (CARAGA),9,0
2022,2,5,BANGSAMORO AUTONOMOUS REGION IN MUSLIM MINDANAO (BARMM),32,0
2022,2,5,CORDILLERA ADMINISTRATIVE REGION (CAR),38,0
2022,2,5,MIMAROPA REGION,15,2
2022,2,5,NATIONAL CAPITAL REGION (NCR),123,0
2022,2,5,NEGROS ISLAND REGION (NIR),33,0
2022,2,5,REGION I (ILOCOS REGION),18,0
2022,2,5,REGION II (CAGAYAN VALLEY),73,0
2022,2,5,REGION III (CENTRAL LUZON),147,0
2022,2,5,REGION IV-A (CALABARZON),111,0
2022,2,5,REGION IX (ZAMBOANGA PENINSULA),74,1
2022,2,5,REGION V (BICOL REGION),13,0
2022,2,5,REGION VI (WESTERN VISAYAS),23,1
2022,2,5,REGION VII (CENTRAL VISAYAS),128,0
2022,2,5,REGION VIII (EASTERN VISAYAS),30,0
2022,2,5,REGION X (NORTHERN MINDANAO),105,0
2022,2,5,REGION XI (DAVAO REGION),64,1
2022,2,5,REGION XII (SOCCSKSARGEN),38,0
2022,2,5,REGION XIII (CARAGA),38,0
2022,2,6,BANGSAMORO AUTONOMOUS REGION IN MUSLIM MINDANAO (BARMM),44,0
2022,2,6,CORDILLERA ADMINISTRATIVE REGION (CAR),55,0
2022,2,6,MIMAROPA REGION,28,0
2022,2,6,NATIONAL CAPITAL REGION (NCR),201,1
2022,2,6,NEGROS ISLAND REGION (NIR),26,0
2022,2,6,REGION I (ILOCOS REGION),19,0
2022,2,6,REGION II (CAGAYAN VALLEY),86,0
2022,2,6,REGION III (CENTRAL LUZON),175,0
2022,2,6,REGION IV-A (CALABARZON),148,0
2022,2,6,REGION IX (ZAMBOANGA PENINSULA),62,1
2022,2,6,REGION V (BICOL REGION),19,0
2022,2,6,REGION VI (WESTERN VISAYAS),27,1
2022,2,6,REGION VII (CENTRAL VISAYAS),108,1
2022,2,6,REGION VIII (EASTERN VISAYAS),39,0
2022,2,6,REGION X (NORTHERN MINDANAO),108,0
2022,2,6,REGION XI (DAVAO REGION),119,1
2022,2,6,REGION XII (SOCCSKSARGEN),44,3
2022,2,6,REGION XIII (CARAGA),37,0
2022,2,7,BANGSAMORO AUTONOMOUS REGION IN MUSLIM MINDANAO (BARMM),45,1
2022,2,7,CORDILLERA ADMINISTRATIVE REGION (CAR),59,0
2022,2,7,MIMAROPA REGION,31,0
2022,2,7,NATIONAL CAPITAL REGION (NCR),172,0
2022,2,7,NEGROS ISLAND REGION (NIR),51,1
2022,2,7,REGION I (ILOCOS REGION),13,0
2022,2,7,REGION II (CAGAYAN VALLEY),91,1
2022,2,7,REGION III (CENTRAL LUZON),208,0
2022,2,7,REGION IV-A (CALABARZON),140,0
2022,2,7,REGION IX (ZAMBOANGA PENINSULA),101,1
2022,2,7,REGION V (BICOL REGION),16,0
2022,2,7,REGION VI (WESTERN VISAYAS),29,1
2022,2,7,REGION VII (CENTRAL VISAYAS),163,2
2022,2,7,REGION VIII (EASTERN VISAYAS),40,0
2022,2,7,REGION X (NORTHERN MINDANAO),137,1
2022,2,7,REGION XI (DAVAO REGION),137,0
2022,2,7,REGION XII (SOCCSKSARGEN),59,1
2022,2,7,REGION XIII (CARAGA),48,0
2022,2,8,BANGSAMORO AUTONOMOUS REGION IN MUSLIM MINDANAO (BARMM),45,1
2022,2,8,CORDILLERA ADMINISTRATIVE REGION (CAR),63,0
2022,2,8,MIMAROPA REGION,22,0
2022,2,8,NATIONAL CAPITAL REGION (NCR),157,4
2022,2,8,NEGROS ISLAND REGION (NIR),35,0
2022,2,8,REGION I (ILOCOS REGION),20,0
2022,2,8,REGION II (CAGAYAN VALLEY),71,0
2022,2,8,REGION III (CENTRAL LUZON),176,0
2022,2,8,REGION IV-A (CALABARZON),132,0
2022,2,8,REGION IX (ZAMBOANGA PENINSULA),90,0
2022,2,8,REGION V (BICOL REGION),34,0
2022,2,8,REGION VI (WESTERN VISAYAS),26,4
2022,2,8,REGION VII (CENTRAL VISAYAS),190,1
2022,2,8,REGION VIII (EASTERN VISAYAS),51,2
2022,2,8,REGION X (NORTHERN MINDANAO),106,1
2022,2,8,REGION XI (DAVAO REGION),106,1
2022,2,8,REGION XII (SOCCSKSARGEN),57,3
2022,2,8,REGION XIII (CARAGA),65,1
2022,2,9,BANGSAMORO AUTONOMOUS REGION IN MUSLIM MINDANAO (BARMM),20,2
2022,2,9,CORDILLERA ADMINISTRATIVE REGION (CAR),21,0
2022,2,9,MIMAROPA REGION,6,2
2022,2,9,NATIONAL CAPITAL REGION (NCR),51,0
2022,2,9,NEGROS ISLAND REGION (NIR),15,0
2022,2,9,REGION I (ILOCOS REGION),5,0
2022,2,9,REGION II (CAGAYAN VALLEY),33,1
2022,2,9,REGION III (CENTRAL LUZON),60,0
2022,2,9,REGION IV-A (CALABARZON),39,0
2022,2,9,REGION IX (ZAMBOANGA PENINSULA),37,1
2022,2,9,REGION V (BICOL REGION),3,0
2022,2,9,REGION VI (WESTERN VISAYAS),10,0
2022,2,9,REGION VII (CENTRAL VISAYAS),67,0
2022,2,9,REGION VIII (EASTERN VISAYAS),20,0
2022,2,9,REGION X (NORTHERN MINDANAO),43,1
2022,2,9,REGION XI (DAVAO REGION),42,0
2022,2,9,REGION XII (SOCCSKSARGEN),14,0
2022,2,9,REGION XIII (CARAGA),25,0
2022,3,9,BANGSAMORO AUTONOMOUS REGION IN MUSLIM MINDANAO (BARMM),40,1
2022,3,9,CORDILLERA ADMINISTRATIVE REGION (CAR),28,0
2022,3,9,MIMAROPA REGION,21,0
2022,3,9,NATIONAL CAPITAL REGION (NCR),131,0
2022,3,9,NEGROS ISLAND REGION (NIR),44,1
2022,3,9,REGION I (ILOCOS REGION),13,0
2022,3,9,REGION II (CAGAYAN VALLEY),57,0
2022,3,9,REGION III (CENTRAL LUZON),117,1
2022,3,9,REGION IV-A (CALABARZON),106,0
2022,3,9,REGION IX (ZAMBOANGA PENINSULA),83,0
2022,3,9,REGION V (BICOL REGION),19,0
2022,3,9,REGION VI (WESTERN VISAYAS),24,0
2022,3,9,REGION VII (CENTRAL VISAYAS),152,1
2022,3,9,REGION VIII (EASTERN VISAYAS),41,0
2022,3,9,REGION X (NORTHERN MINDANAO),84,1
2022,3,9,REGION XI (DAVAO REGION),79,1
2022,3,9,REGION XII (SOCCSKSARGEN),54,3
2022,3,9,REGION XIII (CARAGA),39,0
2022,3,10,BANGSAMORO AUTONOMOUS REGION IN MUSLIM MINDANAO (BARMM),63,1
2022,3,10,CORDILLERA ADMINISTRATIVE REGION (CAR),62,1
2022,3,10,MIMAROPA REGION,28,0
2022,3,10,NATIONAL CAPITAL REGION (NCR),192,1
2022,3,10,NEGROS ISLAND REGION (NIR),38,0
2022,3,10,REGION I (ILOCOS REGION),23,0
2022,3,10,REGION II (CAGAYAN VALLEY),89,1
2022,3,10,REGION III (CENTRAL LUZON),180,0
2022,3,10,REGION IV-A (CALABARZON),156,0
2022,3,10,REGION IX (ZAMBOANGA PENINSULA),159,0
2022,3,10,REGION V (BICOL REGION),18,0
2022,3,10,REGION VI (WESTERN VISAYAS),39,1
2022,3,10,REGION VII (CENTRAL VISAYAS),157,0
2022,3,10,REGION VIII (EASTERN VISAYAS),77,0
2022,3,10,REGION X (NORTHERN MINDANAO),115,0
2022,3,10,REGION XI (DAVAO REGION),131,0
2022,3,10,REGION XII (SOCCSKSARGEN),88,2
2022,3,10,REGION XIII (CARAGA),47,0
2022,3,11,BANGSAMORO AUTONOMOUS REGION IN MUSLIM MINDANAO (BARMM),73,0
2022,3,11,CORDILLERA ADMINISTRATIVE REGION (CAR),66,0
2022,3,11,MIMAROPA REGION,28,0
2022,3,11,NATIONAL CAPITAL REGION (NCR),172,0
2022,3,11,NEGROS ISLAND REGION (NIR),37,1
2022,3,11,REGION I (ILOCOS REGION),25,0
2022,3,11,REGION II (CAGAYAN VALLEY),79,0
2022,3,11,REGION III (CENTRAL LUZON),196,1
2022,3,11,REGION IV-A (CALABARZON),167,2
2022,3,11,REGION IX (ZAMBOANGA PENINSULA),231,3
2022,3,11,REGION V (BICOL REGION),19,0
2022,3,11,REGION VI (WESTERN VISAYAS),34,1
2022,3,11,REGION VII (CENTRAL VISAYAS),196,0
2022,3,11,REGION VIII (EASTERN VISAYAS),67,1
2022,3,11,REGION X (NORTHERN MINDANAO),132,0
2022,3,11,REGION XI (DAVAO REGION),131,0
2022,3,11,REGION XII (SOCCSKSARGEN),91,0
2022,3,11,REGION XIII (CARAGA),79,0
2022,3,12,BANGSAMORO AUTONOMOUS REGION IN MUSLIM MINDANAO (BARMM),70,0
2022,3,12,CORDILLERA ADMINISTRATIVE REGION (CAR),68,0
2022,3,12,MIMAROPA REGION,43,0
2022,3,12,NATIONAL CAPITAL REGION (NCR),161,0
2022,3,12,NEGROS ISLAND REGION (NIR),40,0
2022,3,12,REGION I (ILOCOS REGION),36,0
2022,3,12,REGION II (CAGAYAN VALLEY),101,1
2022,3,12,REGION III (CENTRAL LUZON),184,0
2022,3,12,REGION IV-A (CALABARZON),193,1
2022,3,12,REGION IX (ZAMBOANGA PENINSULA),229,0
2022,3,12,REGION V (BICOL REGION),43,0
2022,3,12,REGION VI (WESTERN VISAYAS),37,0
2022,3,12,REGION VII (CENTRAL VISAYAS),285,6
2022,3,12,REGION VIII (EASTERN VISAYAS),84,0
2022,3,12,REGION X (NORTHERN MINDANAO),168,2
2022,3,12,REGION XI (DAVAO REGION),131,0
2022,3,12,REGION XII (SOCCSKSARGEN),109,2
2022,3,12,REGION XIII (CARAGA),104,0
2022,3,13,BANGSAMORO AUTONOMOUS REGION IN MUSLIM MINDANAO (BARMM),41,0
2022,3,13,CORDILLERA ADMINISTRATIVE REGION (CAR),46,0
2022,3,13,MIMAROPA REGION,25,0
2022,3,13,NATIONAL CAPITAL REGION (NCR),100,0
2022,3,13,NEGROS ISLAND REGION (NIR),34,0
2022,3,13,REGION I (ILOCOS REGION),21,1
2022,3,13,REGION II (CAGAYAN VALLEY),77,0
2022,3,13,REGION III (CENTRAL LUZON),133,0
2022,3,13,REGION IV-A (CALABARZON),105,0
2022,3,13,REGION IX (ZAMBOANGA PENINSULA),154,0
2022,3,13,REGION V (BICOL REGION),27,0
2022,3,13,REGION VI (WESTERN VISAYAS),30,0
2022,3,13,REGION VII (CENTRAL VISAYAS),240,4
2022,3,13,REGION VIII (EASTERN VISAYAS),79,0
2022,3,13,REGION X (NORTHERN MINDANAO),136,0
2022,3,13,REGION XI (DAVAO REGION),92,0
2022,3,13,REGION XII (SOCCSKSARGEN),64,0
2022,3,13,REGION XIII (CARAGA),62,0
2022,4,13,BANGSAMORO AUTONOMOUS REGION IN MUSLIM MINDANAO (BARMM),22,0
2022,4,13,CORDILLERA ADMINISTRATIVE REGION (CAR),28,0
2022,4,13,MIMAROPA REGION,19,0
2022,4,13,NATIONAL CAPITAL REGION (NCR),54,0
2022,4,13,NEGROS ISLAND REGION (NIR),24,0
2022,4,13,REGION I (ILOCOS REGION),10,0
2022,4,13,REGION II (CAGAYAN VALLEY),43,0
2022,4,13,REGION III (CENTRAL LUZON),75,0
2022,4,13,REGION IV-A (CALABARZON),44,0
2022,4,13,REGION IX (ZAMBOANGA PENINSULA),72,1
2022,4,13,REGION V (BICOL REGION),10,0
2022,4,13,REGION VI (WESTERN VISAYAS),8,0
2022,4,13,REGION VII (CENTRAL VISAYAS),105,0
2022,4,13,REGION VIII (EASTERN VISAYAS),53,0
2022,4,13,REGION X (NORTHERN MINDANAO),83,0
2022,4,13,REGION XI (DAVAO REGION),54,0
2022,4,13,REGION XII (SOCCSKSARGEN),43,0
2022,4,13,REGION XIII (CARAGA),31,0
2022,4,14,BANGSAMORO AUTONOMOUS REGION IN MUSLIM MINDANAO (BARMM),104,1
2022,4,14,CORDILLERA ADMINISTRATIVE REGION (CAR),61,0
2022,4,14,MIMAROPA REGION,45,1
2022,4,14,NATIONAL CAPITAL REGION (NCR),181,1
2022,4,14,NEGROS ISLAND REGION (NIR),69,0
2022,4,14,REGION I (ILOCOS REGION),40,1
2022,4,14,REGION II (CAGAYAN VALLEY),130,0
2022,4,14,REGION III (CENTRAL LUZON),245,0
2022,4,14,REGION IV-A (CALABARZON),168,1
2022,4,14,REGION IX (ZAMBOANGA PENINSULA),332,3
2022,4,14,REGION V (BICOL REGION),33,0
2022,4,14,REGION VI (WESTERN VISAYAS),65,1
2022,4,14,REGION VII (CENTRAL VISAYAS),320,4
2022,4,14,REGION VIII (EASTERN VISAYAS),113,0
2022,4,14,REGION X (NORTHERN MINDANAO),162,1
2022,4,14,REGION XI (DAVAO REGION),155,0
2022,4,14,REGION XII (SOCCSKSARGEN),121,0
2022,4,14,REGION XIII (CARAGA),112,1
2022,4,15,BANGSAMORO AUTONOMOUS REGION IN MUSLIM MINDANAO (BARMM),91,2
2022,4,15,CORDILLERA ADMINISTRATIVE REGION (CAR),89,1
2022,4,15,MIMAROPA REGION,50,0
2022,4,15,NATIONAL CAPITAL REGION (NCR),184,1
2022,4,15,NEGROS ISLAND REGION (NIR),73,1
2022,4,15,REGION I (ILOCOS REGION),35,1
2022,4,15,REGION II (CAGAYAN VALLEY),136,0
2022,4,15,REGION III (CENTRAL LUZON),273,0
2022,4,15,REGION IV-A (CALABARZON),200,0
2022,4,15,REGION IX (ZAMBOANGA PENINSULA),368,3
2022,4,15,REGION V (BICOL REGION),31,1
2022,4,15,REGION VI (WESTERN VISAYAS),53,0
2022,4,15,REGION VII (CENTRAL VISAYAS),293,1
2022,4,15,REGION VIII (EASTERN VISAYAS),88,0
2022,4,15,REGION X (NORTHERN MINDANAO),185,1
2022,4,15,REGION XI (DAVAO REGION),156,0
2022,4,15,REGION XII (SOCCSKSARGEN),190,6
2022,4,15,REGION XIII (CARAGA),89,1
2022,4,16,BANGSAMORO AUTONOMOUS REGION IN MUSLIM MINDANAO (BARMM),122,2
2022,4,16,CORDILLERA ADMINISTRATIVE REGION (CAR),121,0
2022,4,16,MIMAROPA REGION,51,0
2022,4,16,NATIONAL CAPITAL REGION (NCR),198,0
2022,4,16,NEGROS ISLAND REGION (NIR),110,3
2022,4,16,REGION I (ILOCOS REGION),28,0
2022,4,16,REGION II (CAGAYAN VALLEY),179,0
2022,4,16,REGION III (CENTRAL LUZON),288,1
2022,4,16,REGION IV-A (CALABARZON),200,0
2022,4,16,REGION IX (ZAMBOANGA PENINSULA),419,1
2022,4,16,REGION V (BICOL REGION),31,0
2022,4,16,REGION VI (WESTERN VISAYAS),84,0
2022,4,16,REGION VII (CENTRAL VISAYAS),311,1
2022,4,16,REGION VIII (EASTERN VISAYAS),144,1
2022,4,16,REGION X (NORTHERN MINDANAO),229,0
2022,4,16,REGION XI (DAVAO REGION),205,0
2022,4,16,REGION XII (SOCCSKSARGEN),162,1
2022,4,16,REGION XIII (CARAGA),104,0
2022,4,17,BANGSAMORO AUTONOMOUS REGION IN MUSLIM MINDANAO (BARMM),101,0
2022,4,17,CORDILLERA ADMINISTRATIVE REGION (CAR),143,0
2022,4,17,MIMAROPA REGION,60,0
2022,4,17,NATIONAL CAPITAL REGION (NCR),177,1
2022,4,17,NEGROS ISLAND REGION (NIR),105,0
2022,4,17,REGION I (ILOCOS REGION),48,0
2022,4,17,REGION II (CAGAYAN VALLEY),170,0
2022,4,17,REGION III (CENTRAL LUZON),264,1
2022,4,17,REGION IV-A (CALABARZON),224,2
2022,4,17,REGION IX (ZAMBOANGA PENINSULA),384,2
2022,4,17,REGION V (BICOL REGION),38,0
2022,4,17,REGION VI (WESTERN VISAYAS),75,1
2022,4,17,REGION VII (CENTRAL VISAYAS),342,3
2022,4,17,REGION VIII (EASTERN VISAYAS),129,1
2022,4,17,REGION X (NORTHERN MINDANAO),229,1
2022,4,17,REGION XI (DAVAO REGION),154,0
2022,4,17,REGION XII (SOCCSKSARGEN),155,1
2022,4,17,REGION XIII (CARAGA),96,3
2022,5,18,BANGSAMORO AUTONOMOUS REGION IN MUSLIM MINDANAO (BARMM),107,3
2022,5,18,CORDILLERA ADMINISTRATIVE REGION (CAR),204,1
2022,5,18,MIMAROPA REGION,82,2
2022,5,18,NATIONAL CAPITAL REGION (NCR),232,0
2022,5,18,NEGROS ISLAND REGION (NIR),170,1
2022,5,18,REGION I (ILOCOS REGION),57,0
2022,5,18,REGION II (CAGAYAN VALLEY),257,3
2022,5,18,REGION III (CENTRAL LUZON),372,0
2022,5,18,REGION IV-A (CALABARZON),295,2
2022,5,18,REGION IX (ZAMBOANGA PENINSULA),410,1
2022,5,18,REGION V (BICOL REGION),40,2
2022,5,18,REGION VI (WESTERN VISAYAS),108,1
2022,5,18,REGION VII (CENTRAL VISAYAS),378,2
2022,5,18,REGION VIII (EASTERN VISAYAS),156,1
2022,5,18,REGION X (NORTHERN MINDANAO),227,2
2022,5,18,REGION XI (DAVAO REGION),185,0
2022,5,18,REGION XII (SOCCSKSARGEN),222,3
2022,5,18,REGION XIII (CARAGA),111,0
2022,5,19,BANGSAMORO AUTONOMOUS REGION IN MUSLIM MINDANAO (BARMM),138,3
2022,5,19,CORDILLERA ADMINISTRATIVE REGION (CAR),251,0
2022,5,19,MIMAROPA REGION,109,0
2022,5,19,NATIONAL CAPITAL REGION (NCR),257,0
2022,5,19,NEGROS ISLAND REGION (NIR),192,0
2022,5,19,REGION I (ILOCOS REGION),62,0
2022,5,19,REGION II (CAGAYAN VALLEY),276,3
2022,5,19,REGION III (CENTRAL LUZON),546,2
2022,5,19,REGION IV-A (CALABARZON),348,1
2022,5,19,REGION IX (ZAMBOANGA PENINSULA),407,1
2022,5,19,REGION V (BICOL REGION),53,0
2022,5,19,REGION VI (WESTERN VISAYAS),154,0
2022,5,19,REGION VII (CENTRAL VISAYAS),429,0
2022,5,19,REGION VIII (EASTERN VISAYAS),156,1
2022,5,19,REGION X (NORTHERN MINDANAO),288,2
2022,5,19,REGION XI (DAVAO REGION),216,1
2022,5,19,REGION XII (SOCCSKSARGEN),238,1
2022,5,19,REGION XIII (CARAGA),113,1
2022,5,20,BANGSAMORO AUTONOMOUS REGION IN MUSLIM MINDANAO (BARMM),181,2
2022,5,20,CORDILLERA ADMINISTRATIVE REGION (CAR),275,0
2022,5,20,MIMAROPA REGION,151,1
2022,5,20,NATIONAL CAPITAL REGION (NCR),284,2
2022,5,20,NEGROS ISLAND REGION (NIR),223,1
2022,5,20,REGION I (ILOCOS REGION),75,0
2022,5,20,REGION II (CAGAYAN VALLEY),309,2
2022,5,20,REGION III (CENTRAL LUZON),865,2
2022,5,20,REGION IV-A (CALABARZON),345,0
2022,5,20,REGION IX (ZAMBOANGA PENINSULA),453,2
2022,5,20,REGION V (BICOL REGION),76,0
2022,5,20,REGION VI (WESTERN VISAYAS),249,0
2022,5,20,REGION VII (CENTRAL VISAYAS),479,1
2022,5,20,REGION VIII (EASTERN VISAYAS),196,1
2022,5,20,REGION X (NORTHERN MINDANAO),303,0
2022,5,20,REGION XI (DAVAO REGION),238,1
2022,5,20,REGION XII (SOCCSKSARGEN),261,0
2022,5,20,REGION XIII (CARAGA),110,1
2022,5,21,BANGSAMORO AUTONOMOUS REGION IN MUSLIM MINDANAO (BARMM),176,2
2022,5,21,CORDILLERA ADMINISTRATIVE REGION (CAR),354,0
2022,5,21,MIMAROPA REGION,178,4
2022,5,21,NATIONAL CAPITAL REGION (NCR),379,1
2022,5,21,NEGROS ISLAND REGION (NIR),275,1
2022,5,21,REGION I (ILOCOS REGION),95,0
2022,5,21,REGION II (CAGAYAN VALLEY),366,0
2022,5,21,REGION III (CENTRAL LUZON),763,2
2022,5,21,REGION IV-A (CALABARZON),423,1
2022,5,21,REGION IX (ZAMBOANGA PENINSULA),504,2
2022,5,21,REGION V (BICOL REGION),73,0
2022,5,21,REGION VI (WESTERN VISAYAS),245,0
2022,5,21,REGION VII (CENTRAL VISAYAS),588,3
2022,5,21,REGION VIII (EASTERN VISAYAS),216,1
2022,5,21,REGION X (NORTHERN MINDANAO),302,1
2022,5,21,REGION XI (DAVAO REGION),220,1
2022,5,21,REGION XII (SOCCSKSARGEN),283,0
2022,5,21,REGION XIII (CARAGA),118,0
2022,5,22,BANGSAMORO AUTONOMOUS REGION IN MUSLIM MINDANAO (BARMM),78,0
2022,5,22,CORDILLERA ADMINISTRATIVE REGION (CAR),176,1
2022,5,22,MIMAROPA REGION,76,1
2022,5,22,NATIONAL CAPITAL REGION (NCR),201,0
2022,5,22,NEGROS ISLAND REGION (NIR),123,0
2022,5,22,REGION I (ILOCOS REGION),54,1
2022,5,22,REGION II (CAGAYAN VALLEY),134,1
2022,5,22,REGION III (CENTRAL LUZON),317,0
2022,5,22,REGION IV-A (CALABARZON),187,0
2022,5,22,REGION IX (ZAMBOANGA PENINSULA),198,0
2022,5,22,REGION V (BICOL REGION),22,0
2022,5,22,REGION VI (WESTERN VISAYAS),115,2
2022,5,22,REGION VII (CENTRAL VISAYAS),276,3
2022,5,22,REGION VIII (EASTERN VISAYAS),82,0
2022,5,22,REGION X (NORTHERN MINDANAO),134,0
2022,5,22,REGION XI (DAVAO REGION),116,1
2022,5,22,REGION XII (SOCCSKSARGEN),108,0
2022,5,22,REGION XIII (CARAGA),53,0
2022,6,22,BANGSAMORO AUTONOMOUS REGION IN MUSLIM MINDANAO (BARMM),118,1
2022,6,22,CORDILLERA ADMINISTRATIVE REGION (CAR),295,2
2022,6,22,MIMAROPA REGION,140,0
2022,6,22,NATIONAL CAPITAL REGION (NCR),277,0
2022,6,22,NEGROS ISLAND REGION (NIR),167,1
2022,6,22,REGION I (ILOCOS REGION),64,0
2022,6,22,REGION II (CAGAYAN VALLEY),199,2
2022,6,22,REGION III (CENTRAL LUZON),481,1
2022,6,22,REGION IV-A (CALABARZON),271,1
2022,6,22,REGION IX (ZAMBOANGA PENINSULA),310,0
2022,6,22,REGION V (BICOL REGION),53,0
2022,6,22,REGION VI (WESTERN VISAYAS),144,0
2022,6,22,REGION VII (CENTRAL VISAYAS),333,0
2022,6,22,REGION VIII (EASTERN VISAYAS),137,0
2022,6,22,REGION X (NORTHERN MINDANAO),179,0
2022,6,22,REGION XI (DAVAO REGION),155,1
2022,6,22,REGION XII (SOCCSKSARGEN),181,1
2022,6,22,REGION XIII (CARAGA),74,0
2022,6,23,BANGSAMORO AUTONOMOUS REGION IN MUSLIM MINDANAO (BARMM),169,1
2022,6,23,CORDILLERA ADMINISTRATIVE REGION (CAR),592,0
2022,6,23,MIMAROPA REGION,289,6
2022,6,23,NATIONAL CAPITAL REGION (NCR),537,1
2022,6,23,NEGROS ISLAND REGION (NIR),342,1
2022,6,23,REGION I (ILOCOS REGION),176,1
2022,6,23,REGION II (CAGAYAN VALLEY),486,1
2022,6,23,REGION III (CENTRAL LUZON),1247,5
2022,6,23,REGION IV-A (CALABARZON),589,2
2022,6,23,REGION IX (ZAMBOANGA PENINSULA),454,2
2022,6,23,REGION V (BICOL REGION),81,0
2022,6,23,REGION VI (WESTERN VISAYAS),423,0
2022,6,23,REGION VII (CENTRAL VISAYAS),651,4
2022,6,23,REGION VIII (EASTERN VISAYAS),241,0
2022,6,23,REGION X (NORTHERN MINDANAO),354,0
2022,6,23,REGION XI (DAVAO REGION),230,0
2022,6,23,REGION XII (SOCCSKSARGEN),304,4
2022,6,23,REGION XIII (CARAGA),128,0
2022,6,24,BANGSAMORO AUTONOMOUS REGION IN MUSLIM MINDANAO (BARMM),186,3
2022,6,24,CORDILLERA ADMINISTRATIVE REGION (CAR),672,1
2022,6,24,MIMAROPA REGION,350,2
2022,6,24,NATIONAL CAPITAL REGION (NCR),704,2
2022,6,24,NEGROS ISLAND REGION (NIR),345,1
2022,6,24,REGION I (ILOCOS REGION),193,0
2022,6,24,REGION II (CAGAYAN VALLEY),726,0
2022,6,24,REGION III (CENTRAL LUZON),1525,5
2022,6,24,REGION IV-A (CALABARZON),678,0
2022,6,24,REGION IX (ZAMBOANGA PENINSULA),434,1
2022,6,24,REGION V (BICOL REGION),98,1
2022,6,24,REGION VI (WESTERN VISAYAS),425,0
2022,6,24,REGION VII (CENTRAL VISAYAS),695,1
2022,6,24,REGION VIII (EASTERN VISAYAS),218,0
2022,6,24,REGION X (NORTHERN MINDANAO),364,3
2022,6,24,REGION XI (DAVAO REGION),261,0
2022,6,24,REGION XII (SOCCSKSARGEN),250,2
2022,6,24,REGION XIII (CARAGA),164,0
2022,6,25,BANGSAMORO AUTONOMOUS REGION IN MUSLIM MINDANAO (BARMM),193,0
2022,6,25,CORDILLERA ADMINISTRATIVE REGION (CAR),821,1
2022,6,25,MIMAROPA REGION,364,5
2022,6,25,NATIONAL CAPITAL REGION (NCR),828,1
2022,6,25,NEGROS ISLAND REGION (NIR),408,4
2022,6,25,REGION I (ILOCOS REGION),245,1
2022,6,25,REGION II (CAGAYAN VALLEY),936,0
2022,6,25,REGION III (CENTRAL LUZON),2059,4
2022,6,25,REGION IV-A (CALABARZON),807,2
2022,6,25,REGION IX (ZAMBOANGA PENINSULA),432,2
2022,6,25,REGION V (BICOL REGION),111,0
2022,6,25,REGION VI (WESTERN VISAYAS),483,3
2022,6,25,REGION VII (CENTRAL VISAYAS),614,2
2022,6,25,REGION VIII (EASTERN VISAYAS),190,0
2022,6,25,REGION X (NORTHERN MINDANAO),366,1
2022,6,25,REGION XI (DAVAO REGION),240,0
2022,6,25,REGION XII (SOCCSKSARGEN),237,1
2022,6,25,REGION XIII (CARAGA),168,1
2022,6,26,BANGSAMORO AUTONOMOUS REGION IN MUSLIM MINDANAO (BARMM),117,2
2022,6,26,CORDILLERA ADMINISTRATIVE REGION (CAR),592,1
2022,6,26,MIMAROPA REGION,274,2
2022,6,26,NATIONAL CAPITAL REGION (NCR),530,4
2022,6,26,NEGROS ISLAND REGION (NIR),288,5
2022,6,26,REGION I (ILOCOS REGION),178,0
2022,6,26,REGION II (CAGAYAN VALLEY),666,1
2022,6,26,REGION III (CENTRAL LUZON),1471,4
2022,6,26,REGION IV-A (CALABARZON),606,3
2022,6,26,REGION IX (ZAMBOANGA PENINSULA),218,2
2022,6,26,REGION V (BICOL REGION),60,1
2022,6,26,REGION VI (WESTERN VISAYAS),377,4
2022,6,26,REGION VII (CENTRAL VISAYAS),360,2
2022,6,26,REGION VIII (EASTERN VISAYAS),147,0
2022,6,26,REGION X (NORTHERN MINDANAO),244,0
2022,6,26,REGION XI (DAVAO REGION),153,1
2022,6,26,REGION XII (SOCCSKSARGEN),176,1
2022,6,26,REGION XIII (CARAGA),86,0
2022,7,26,BANGSAMORO AUTONOMOUS REGION IN MUSLIM MINDANAO (BARMM),75,1
2022,7,26,CORDILLERA ADMINISTRATIVE REGION (CAR),235,0
2022,7,26,MIMAROPA REGION,149,0
2022,7,26,NATIONAL CAPITAL REGION (NCR),232,1
2022,7,26,NEGROS ISLAND REGION (NIR),140,1
2022,7,26,REGION I (ILOCOS REGION),77,0
2022,7,26,REGION II (CAGAYAN VALLEY),287,0
2022,7,26,REGION III (CENTRAL LUZON),678,1
2022,7,26,REGION IV-A (CALABARZON),286,0
2022,7,26,REGION IX (ZAMBOANGA PENINSULA),109,1
2022,7,26,REGION V (BICOL REGION),33,1
2022,7,26,REGION VI (WESTERN VISAYAS),137,0
2022,7,26,REGION VII (CENTRAL VISAYAS),162,1
2022,7,26,REGION VIII (EASTERN VISAYAS),66,0
2022,7,26,REGION X (NORTHERN MINDANAO),129,0
2022,7,26,REGION XI (DAVAO REGION),61,0
2022,7,26,REGION XII (SOCCSKSARGEN),59,0
2022,7,26,REGION XIII (CARAGA),49,0
2022,7,27,BANGSAMORO AUTONOMOUS REGION IN MUSLIM MINDANAO (BARMM),208,0
2022,7,27,CORDILLERA ADMINISTRATIVE REGION (CAR),775,1
2022,7,27,MIMAROPA REGION,542,2
2022,7,27,NATIONAL CAPITAL REGION (NCR),956,2
2022,7,27,NEGROS ISLAND REGION (NIR),433,2
2022,7,27,REGION I (ILOCOS REGION),374,2
2022,7,27,REGION II (CAGAYAN VALLEY),1001,1
2022,7,27,REGION III (CENTRAL LUZON),2582,6
2022,7,27,REGION IV-A (CALABARZON),1144,3
2022,7,27,REGION IX (ZAMBOANGA PENINSULA),354,3
2022,7,27,REGION V (BICOL REGION),102,0
2022,7,27,REGION VI (WESTERN VISAYAS),630,1
2022,7,27,REGION VII (CENTRAL VISAYAS),403,2
2022,7,27,REGION VIII (EASTERN VISAYAS),245,1
2022,7,27,REGION X (NORTHERN MINDANAO),381,0
2022,7,27,REGION XI (DAVAO REGION),197,2
2022,7,27,REGION XII (SOCCSKSARGEN),192,0
2022,7,27,REGION XIII (CARAGA),149,2
2022,7,28,BANGSAMORO AUTONOMOUS REGION IN MUSLIM MINDANAO (BARMM),221,0
2022,7,28,CORDILLERA ADMINISTRATIVE REGION (CAR),949,6
2022,7,28,MIMAROPA REGION,618,4
2022,7,28,NATIONAL CAPITAL REGION (NCR),1199,4
2022,7,28,NEGROS ISLAND REGION (NIR),465,2
2022,7,28,REGION I (ILOCOS REGION),331,1
2022,7,28,REGION II (CAGAYAN VALLEY),1019,1
2022,7,28,REGION III (CENTRAL LUZON),2892,4
2022,7,28,REGION IV-A (CALABARZON),1185,3
2022,7,28,REGION IX (ZAMBOANGA PENINSULA),281,1
2022,7,28,REGION V (BICOL REGION),66,0
2022,7,28,REGION VI (WESTERN VISAYAS),625,5
2022,7,28,REGION VII (CENTRAL VISAYAS),557,2
2022,7,28,REGION VIII (EASTERN VISAYAS),240,1
2022,7,28,REGION X (NORTHERN MINDANAO),336,0
2022,7,28,REGION XI (DAVAO REGION),226,0
2022,7,28,REGION XII (SOCCSKSARGEN),179,0
2022,7,28,REGION XIII (CARAGA),166,0
2022,7,29,BANGSAMORO AUTONOMOUS REGION IN MUSLIM MINDANAO (BARMM),176,4
2022,7,29,CORDILLERA ADMINISTRATIVE REGION (CAR),874,1
2022,7,29,MIMAROPA REGION,558,1
2022,7,29,NATIONAL CAPITAL REGION (NCR),1191,1
2022,7,29,NEGROS ISLAND REGION (NIR),446,3
2022,7,29,REGION I (ILOCOS REGION),352,0
2022,7,29,REGION II (CAGAYAN VALLEY),915,1
2022,7,29,REGION III (CENTRAL LUZON),3047,8
2022,7,29,REGION IV-A (CALABARZON),1218,1
2022,7,29,REGION IX (ZAMBOANGA PENINSULA),289,0
2022,7,29,REGION V (BICOL REGION),114,0
2022,7,29,REGION VI (WESTERN VISAYAS),593,5
2022,7,29,REGION VII (CENTRAL VISAYAS),505,5
2022,7,29,REGION VIII (EASTERN VISAYAS),204,1
2022,7,29,REGION X (NORTHERN MINDANAO),296,1
2022,7,29,REGION XI (DAVAO REGION),206,0
2022,7,29,REGION XII (SOCCSKSARGEN),170,0
2022,7,29,REGION XIII (CARAGA),176,0
2022,7,30,BANGSAMORO AUTONOMOUS REGION IN MUSLIM MINDANAO (BARMM),165,0
2022,7,30,CORDILLERA ADMINISTRATIVE REGION (CAR),928,1
2022,7,30,MIMAROPA REGION,495,3
2022,7,30,NATIONAL CAPITAL REGION (NCR),1210,2
2022,7,30,NEGROS ISLAND REGION (NIR),517,0
2022,7,30,REGION I (ILOCOS REGION),442,1
2022,7,30,REGION II (CAGAYAN VALLEY),769,1
2022,7,30,REGION III (CENTRAL LUZON),3086,2
2022,7,30,REGION IV-A (CALABARZON),1268,0
2022,7,30,REGION IX (ZAMBOANGA PENINSULA),294,1
2022,7,30,REGION V (BICOL REGION),107,1
2022,7,30,REGION VI (WESTERN VISAYAS),504,5
2022,7,30,REGION VII (CENTRAL VISAYAS),486,2
2022,7,30,REGION VIII (EASTERN VISAYAS),179,0
2022,7,30,REGION X (NORTHERN MINDANAO),361,3
2022,7,30,REGION XI (DAVAO REGION),220,0
2022,7,30,REGION XII (SOCCSKSARGEN),120,1
2022,7,30,REGION XIII (CARAGA),183,1
2022,7,31,BANGSAMORO AUTONOMOUS REGION IN MUSLIM MINDANAO (BARMM),14,0
2022,7,31,CORDILLERA ADMINISTRATIVE REGION (CAR),158,0
2022,7,31,MIMAROPA REGION,72,0
2022,7,31,NATIONAL CAPITAL REGION (NCR),199,5
2022,7,31,NEGROS ISLAND REGION (NIR),53,0
2022,7,31,REGION I (ILOCOS REGION),55,0
2022,7,31,REGION II (CAGAYAN VALLEY),163,0
2022,7,31,REGION III (CENTRAL LUZON),508,1
2022,7,31,REGION IV-A (CALABARZON),193,1
2022,7,31,REGION IX (ZAMBOANGA PENINSULA),33,0
2022,7,31,REGION V (BICOL REGION),17,1
2022,7,31,REGION VI (WESTERN VISAYAS),73,0
2022,7,31,REGION VII (CENTRAL VISAYAS),90,0
2022,7,31,REGION VIII (EASTERN VISAYAS),35,0
2022,7,31,REGION X (NORTHERN MINDANAO),42,0
2022,7,31,REGION XI (DAVAO REGION),41,0
2022,7,31,REGION XII (SOCCSKSARGEN),15,0
2022,7,31,REGION XIII (CARAGA),14,0
2022,8,31,BANGSAMORO AUTONOMOUS REGION IN MUSLIM MINDANAO (BARMM),157,3
2022,8,31,CORDILLERA ADMINISTRATIVE REGION (CAR),739,1
2022,8,31,MIMAROPA REGION,424,1
2022,8,31,NATIONAL CAPITAL REGION (NCR),1328,2
2022,8,31,NEGROS ISLAND REGION (NIR),416,8
2022,8,31,REGION I (ILOCOS REGION),329,1
2022,8,31,REGION II (CAGAYAN VALLEY),796,0
2022,8,31,REGION III (CENTRAL LUZON),2641,5
2022,8,31,REGION IV-A (CALABARZON),1111,3
2022,8,31,REGION IX (ZAMBOANGA PENINSULA),225,1
2022,8,31,REGION V (BICOL REGION),75,0
2022,8,31,REGION VI (WESTERN VISAYAS),419,1
2022,8,31,REGION VII (CENTRAL VISAYAS),393,2
2022,8,31,REGION VIII (EASTERN VISAYAS),185,0
2022,8,31,REGION X (NORTHERN MINDANAO),272,1
2022,8,31,REGION XI (DAVAO REGION),179,1
2022,8,31,REGION XII (SOCCSKSARGEN),165,0
2022,8,31,REGION XIII (CARAGA),140,1
2022,8,32,BANGSAMORO AUTONOMOUS REGION IN MUSLIM MINDANAO (BARMM),149,3
2022,8,32,CORDILLERA ADMINISTRATIVE REGION (CAR),800,3
2022,8,32,MIMAROPA REGION,409,2
2022,8,32,NATIONAL CAPITAL REGION (NCR),1418,5
2022,8,32,NEGROS ISLAND REGION (NIR),409,1
2022,8,32,REGION I (ILOCOS REGION),342,0
2022,8,32,REGION II (CAGAYAN VALLEY),758,0
2022,8,32,REGION III (CENTRAL LUZON),2526,9
2022,8,32,REGION IV-A (CALABARZON),1190,1
2022,8,32,REGION IX (ZAMBOANGA PENINSULA),217,0
2022,8,32,REGION V (BICOL REGION),80,2
2022,8,32,REGION VI (WESTERN VISAYAS),369,3
2022,8,32,REGION VII (CENTRAL VISAYAS),422,1
2022,8,32,REGION VIII (EASTERN VISAYAS),177,1
2022,8,32,REGION X (NORTHERN MINDANAO),324,0
2022,8,32,REGION XI (DAVAO REGION),247,0
2022,8,32,REGION XII (SOCCSKSARGEN),138,0
2022,8,32,REGION XIII (CARAGA),140,1
2022,8,33,BANGSAMORO AUTONOMOUS REGION IN MUSLIM MINDANAO (BARMM),196,1
2022,8,33,CORDILLERA ADMINISTRATIVE REGION (CAR),706,1
2022,8,33,MIMAROPA REGION,360,3
2022,8,33,NATIONAL CAPITAL REGION (NCR),1395,8
2022,8,33,NEGROS ISLAND REGION (NIR),350,1
2022,8,33,REGION I (ILOCOS REGION),343,2
2022,8,33,REGION II (CAGAYAN VALLEY),653,2
2022,8,33,REGION III (CENTRAL LUZON),2137,4
2022,8,33,REGION IV-A (CALABARZON),1119,5
2022,8,33,REGION IX (ZAMBOANGA PENINSULA),213,0
2022,8,33,REGION V (BICOL REGION),80,0
2022,8,33,REGION VI (WESTERN VISAYAS),262,0
2022,8,33,REGION VII (CENTRAL VISAYAS),376,0
2022,8,33,REGION VIII (EASTERN VISAYAS),191,0
2022,8,33,REGION X (NORTHERN MINDANAO),288,0
2022,8,33,REGION XI (DAVAO REGION),208,0
2022,8,33,REGION XII (SOCCSKSARGEN),149,1
2022,8,33,REGION XIII (CARAGA),190,0
2022,8,34,BANGSAMORO AUTONOMOUS REGION IN MUSLIM MINDANAO (BARMM),180,1
2022,8,34,CORDILLERA ADMINISTRATIVE REGION (CAR),673,0
2022,8,34,MIMAROPA REGION,268,1
2022,8,34,NATIONAL CAPITAL REGION (NCR),1347,2
2022,8,34,NEGROS ISLAND REGION (NIR),305,4
2022,8,34,REGION I (ILOCOS REGION),331,1
2022,8,34,REGION II (CAGAYAN VALLEY),614,0
2022,8,34,REGION III (CENTRAL LUZON),1887,2
2022,8,34,REGION IV-A (CALABARZON),1067,2
2022,8,34,REGION IX (ZAMBOANGA PENINSULA),203,1
2022,8,34,REGION V (BICOL REGION),54,0
2022,8,34,REGION VI (WESTERN VISAYAS),245,0
2022,8,34,REGION VII (CENTRAL VISAYAS),333,6
2022,8,34,REGION VIII (EASTERN VISAYAS),160,1
2022,8,34,REGION X (NORTHERN MINDANAO),264,0
2022,8,34,REGION XI (DAVAO REGION),215,0
2022,8,34,REGION XII (SOCCSKSARGEN),135,0
2022,8,34,REGION XIII (CARAGA),150,1
2022,8,35,BANGSAMORO AUTONOMOUS REGION IN MUSLIM MINDANAO (BARMM),66,0
2022,8,35,CORDILLERA ADMINISTRATIVE REGION (CAR),323,0
2022,8,35,MIMAROPA REGION,137,0
2022,8,35,NATIONAL CAPITAL REGION (NCR),699,1
2022,8,35,NEGROS ISLAND REGION (NIR),136,0
2022,8,35,REGION I (ILOCOS REGION),157,0
2022,8,35,REGION II (CAGAYAN VALLEY),384,0
2022,8,35,REGION III (CENTRAL LUZON),878,2
2022,8,35,REGION IV-A (CALABARZON),533,0
2022,8,35,REGION IX (ZAMBOANGA PENINSULA),113,3
2022,8,35,REGION V (BICOL REGION),36,0
2022,8,35,REGION VI (WESTERN VISAYAS),140,1
2022,8,35,REGION VII (CENTRAL VISAYAS),201,0
2022,8,35,REGION VIII (EASTERN VISAYAS),78,1
2022,8,35,REGION X (NORTHERN MINDANAO),91,1
2022,8,35,REGION XI (DAVAO REGION),111,0
2022,8,35,REGION XII (SOCCSKSARGEN),57,0
2022,8,35,REGION XIII (CARAGA),90,1
2022,9,35,BANGSAMORO AUTONOMOUS REGION IN MUSLIM MINDANAO (BARMM),78,1
2022,9,35,CORDILLERA ADMINISTRATIVE REGION (CAR),293,0
2022,9,35,MIMAROPA REGION,111,0
2022,9,35,NATIONAL CAPITAL REGION (NCR),578,3
2022,9,35,NEGROS ISLAND REGION (NIR),119,0
2022,9,35,REGION I (ILOCOS REGION),121,1
2022,9,35,REGION II (CAGAYAN VALLEY),350,0
2022,9,35,REGION III (CENTRAL LUZON),905,3
2022,9,35,REGION IV-A (CALABARZON),546,2
2022,9,35,REGION IX (ZAMBOANGA PENINSULA),116,0
2022,9,35,REGION V (BICOL REGION),32,2
2022,9,35,REGION VI (WESTERN VISAYAS),118,0
2022,9,35,REGION VII (CENTRAL VISAYAS),161,1
2022,9,35,REGION VIII (EASTERN VISAYAS),73,0
2022,9,35,REGION X (NORTHERN MINDANAO),122,1
2022,9,35,REGION XI (DAVAO REGION),101,0
2022,9,35,REGION XII (SOCCSKSARGEN),67,0
2022,9,35,REGION XIII (CARAGA),72,0
2022,9,36,BANGSAMORO AUTONOMOUS REGION IN MUSLIM MINDANAO (BARMM),174,1
2022,9,36,CORDILLERA ADMINISTRATIVE REGION (CAR),563,0
2022,9,36,MIMAROPA REGION,229,3
2022,9,36,NATIONAL CAPITAL REGION (NCR),1511,2
2022,9,36,NEGROS ISLAND REGION (NIR),278,2
2022,9,36,REGION I (ILOCOS REGION),267,2
2022,9,36,REGION II (CAGAYAN VALLEY),719,0
2022,9,36,REGION III (CENTRAL LUZON),1694,6
2022,9,36,REGION IV-A (CALABARZON),1068,3
2022,9,36,REGION IX (ZAMBOANGA PENINSULA),224,0
2022,9,36,REGION V (BICOL REGION),48,1
2022,9,36,REGION VI (WESTERN VISAYAS),237,3
2022,9,36,REGION VII (CENTRAL VISAYAS),354,3
2022,9,36,REGION VIII (EASTERN VISAYAS),163,0
2022,9,36,REGION X (NORTHERN MINDANAO),314,0
2022,9,36,REGION XI (DAVAO REGION),235,0
2022,9,36,REGION XII (SOCCSKSARGEN),156,0
2022,9,36,REGION XIII (CARAGA),168,1
2022,9,37,BANGSAMORO AUTONOMOUS REGION IN MUSLIM MINDANAO (BARMM),155,1
2022,9,37,CORDILLERA ADMINISTRATIVE REGION (CAR),592,0
2022,9,37,MIMAROPA REGION,204,2
2022,9,37,NATIONAL CAPITAL REGION (NCR),1411,2
2022,9,37,NEGROS ISLAND REGION (NIR),233,1
2022,9,37,REGION I (ILOCOS REGION),208,0
2022,9,37,REGION II (CAGAYAN VALLEY),669,0
2022,9,37,REGION III (CENTRAL LUZON),1477,4
2022,9,37,REGION IV-A (CALABARZON),901,1
2022,9,37,REGION IX (ZAMBOANGA PENINSULA),197,1
2022,9,37,REGION V (BICOL REGION),41,0
2022,9,37,REGION VI (WESTERN VISAYAS),197,0
2022,9,37,REGION VII (CENTRAL VISAYAS),328,4
2022,9,37,REGION VIII (EASTERN VISAYAS),138,0
2022,9,37,REGION X (NORTHERN MINDANAO),261,3
2022,9,37,REGION XI (DAVAO REGION),264,0
2022,9,37,REGION XII (SOCCSKSARGEN),106,0
2022,9,37,REGION XIII (CARAGA),169,0
2022,9,38,BANGSAMORO AUTONOMOUS REGION IN MUSLIM MINDANAO (BARMM),147,0
2022,9,38,CORDILLERA ADMINISTRATIVE REGION (CAR),483,0
2022,9,38,MIMAROPA REGION,175,3
2022,9,38,NATIONAL CAPITAL REGION (NCR),1196,0
2022,9,38,NEGROS ISLAND REGION (NIR),219,1
2022,9,38,REGION I (ILOCOS REGION),177,0
2022,9,38,REGION II (CAGAYAN VALLEY),563,1
2022,9,38,REGION III (CENTRAL LUZON),1267,2
2022,9,38,REGION IV-A (CALABARZON),757,0
2022,9,38,REGION IX (ZAMBOANGA PENINSULA),186,1
2022,9,38,REGION V (BICOL REGION),36,2
2022,9,38,REGION VI (WESTERN VISAYAS),167,2
2022,9,38,REGION VII (CENTRAL VISAYAS),293,0
2022,9,38,REGION VIII (EASTERN VISAYAS),145,1
2022,9,38,REGION X (NORTHERN MINDANAO),272,2
2022,9,38,REGION XI (DAVAO REGION),229,0
2022,9,38,REGION XII (SOCCSKSARGEN),147,1
2022,9,38,REGION XIII (CARAGA),168,0
2022,9,39,BANGSAMORO AUTONOMOUS REGION IN MUSLIM MINDANAO (BARMM),119,0
2022,9,39,CORDILLERA ADMINISTRATIVE REGION (CAR),285,0
2022,9,39,MIMAROPA REGION,130,1
2022,9,39,NATIONAL CAPITAL REGION (NCR),902,3
2022,9,39,NEGROS ISLAND REGION (NIR),148,1
2022,9,39,REGION I (ILOCOS REGION),143,0
2022,9,39,REGION II (CAGAYAN VALLEY),392,0
2022,9,39,REGION III (CENTRAL LUZON),987,3
2022,9,39,REGION IV-A (CALABARZON),543,1
2022,9,39,REGION IX (ZAMBOANGA PENINSULA),170,1
2022,9,39,REGION V (BICOL REGION),31,0
2022,9,39,REGION VI (WESTERN VISAYAS),101,0
2022,9,39,REGION VII (CENTRAL VISAYAS),243,2
2022,9,39,REGION VIII (EASTERN VISAYAS),127,2
2022,9,39,REGION X (NORTHERN MINDANAO),218,0
2022,9,39,REGION XI (DAVAO REGION),185,0
2022,9,39,REGION XII (SOCCSKSARGEN),109,0
2022,9,39,REGION XIII (CARAGA),120,0
2022,10,39,BANGSAMORO AUTONOMOUS REGION IN MUSLIM MINDANAO (BARMM),26,1
2022,10,39,CORDILLERA ADMINISTRATIVE REGION (CAR),76,0
2022,10,39,MIMAROPA REGION,21,0
2022,10,39,NATIONAL CAPITAL REGION (NCR),156,1
2022,10,39,NEGROS ISLAND REGION (NIR),46,0
2022,10,39,REGION I (ILOCOS REGION),26,0
2022,10,39,REGION II (CAGAYAN VALLEY),97,0
2022,10,39,REGION III (CENTRAL LUZON),205,1
2022,10,39,REGION IV-A (CALABARZON),130,0
2022,10,39,REGION IX (ZAMBOANGA PENINSULA),42,0
2022,10,39,REGION V (BICOL REGION),12,1
2022,10,39,REGION VI (WESTERN VISAYAS),20,0
2022,10,39,REGION VII (CENTRAL VISAYAS),57,1
2022,10,39,REGION VIII (EASTERN VISAYAS),32,0
2022,10,39,REGION X (NORTHERN MINDANAO),47,0
2022,10,39,REGION XI (DAVAO REGION),33,0
2022,10,39,REGION XII (SOCCSKSARGEN),25,0
2022,10,39,REGION XIII (CARAGA),23,0
2022,10,40,BANGSAMORO AUTONOMOUS REGION IN MUSLIM MINDANAO (BARMM),116,0
2022,10,40,CORDILLERA ADMINISTRATIVE REGION (CAR),317,2
2022,10,40,MIMAROPA REGION,153,3
2022,10,40,NATIONAL CAPITAL REGION (NCR),1001,0
2022,10,40,NEGROS ISLAND REGION (NIR),145,0
2022,10,40,REGION I (ILOCOS REGION),154,0
2022,10,40,REGION II (CAGAYAN VALLEY),441,1
2022,10,40,REGION III (CENTRAL LUZON),1185,1
2022,10,40,REGION IV-A (CALABARZON),640,1
2022,10,40,REGION IX (ZAMBOANGA PENINSULA),140,1
2022,10,40,REGION V (BICOL REGION),16,3
2022,10,40,REGION VI (WESTERN VISAYAS),123,0
2022,10,40,REGION VII (CENTRAL VISAYAS),257,2
2022,10,40,REGION VIII (EASTERN VISAYAS),144,0
2022,10,40,REGION X (NORTHERN MINDANAO),250,2
2022,10,40,REGION XI (DAVAO REGION),230,1
2022,10,40,REGION XII (SOCCSKSARGEN),124,0
2022,10,40,REGION XIII (CARAGA),108,0
2022,10,41,BANGSAMORO AUTONOMOUS REGION IN MUSLIM MINDANAO (BARMM),115,0
2022,10,41,CORDILLERA ADMINISTRATIVE REGION (CAR),306,0
2022,10,41,MIMAROPA REGION,142,3
2022,10,41,NATIONAL CAPITAL REGION (NCR),906,0
2022,10,41,NEGROS ISLAND REGION (NIR),123,2
2022,10,41,REGION I (ILOCOS REGION),148,0
2022,10,41,REGION II (CAGAYAN VALLEY),375,0
2022,10,41,REGION III (CENTRAL LUZON),1047,5
2022,10,41,REGION IV-A (CALABARZON),598,1
2022,10,41,REGION IX (ZAMBOANGA PENINSULA),121,1
2022,10,41,REGION V (BICOL REGION),37,0
2022,10,41,REGION VI (WESTERN VISAYAS),91,0
2022,10,41,REGION VII (CENTRAL VISAYAS),267,0
2022,10,41,REGION VIII (EASTERN VISAYAS),169,0
2022,10,41,REGION X (NORTHERN MINDANAO),250,1
2022,10,41,REGION XI (DAVAO REGION),216,1
2022,10,41,REGION XII (SOCCSKSARGEN),116,1
2022,10,41,REGION XIII (CARAGA),108,1
2022,10,42,BANGSAMORO AUTONOMOUS REGION IN MUSLIM MINDANAO (BARMM),107,0
2022,10,42,CORDILLERA ADMINISTRATIVE REGION (CAR),268,1
2022,10,42,MIMAROPA REGION,172,3
2022,10,42,NATIONAL CAPITAL REGION (NCR),815,3
2022,10,42,NEGROS ISLAND REGION (NIR),124,1
2022,10,42,REGION I (ILOCOS REGION),122,0
2022,10,42,REGION II (CAGAYAN VALLEY),374,2
2022,10,42,REGION III (CENTRAL LUZON),1015,4
2022,10,42,REGION IV-A (CALABARZON),549,2
2022,10,42,REGION IX (ZAMBOANGA PENINSULA),133,0
2022,10,42,REGION V (BICOL REGION),17,0
2022,10,42,REGION VI (WESTERN VISAYAS),110,1
2022,10,42,REGION VII (CENTRAL VISAYAS),195,2
2022,10,42,REGION VIII (EASTERN VISAYAS),117,0
2022,10,42,REGION X (NORTHERN MINDANAO),213,0
2022,10,42,REGION XI (DAVAO REGION),189,0
2022,10,42,REGION XII (SOCCSKSARGEN),91,1
2022,10,42,REGION XIII (CARAGA),133,1
2022,10,43,BANGSAMORO AUTONOMOUS REGION IN MUSLIM MINDANAO (BARMM),106,2
2022,10,43,CORDILLERA ADMINISTRATIVE REGION (CAR),180,0
2022,10,43,MIMAROPA REGION,172,2
2022,10,43,NATIONAL CAPITAL REGION (NCR),647,1
2022,10,43,NEGROS ISLAND REGION (NIR),91,0
2022,10,43,REGION I (ILOCOS REGION),115,1
2022,10,43,REGION II (CAGAYAN VALLEY),380,2
2022,10,43,REGION III (CENTRAL LUZON),865,2
2022,10,43,REGION IV-A (CALABARZON),446,2
2022,10,43,REGION IX (ZAMBOANGA PENINSULA),142,1
2022,10,43,REGION V (BICOL REGION),15,0
2022,10,43,REGION VI (WESTERN VISAYAS),82,0
2022,10,43,REGION VII (CENTRAL VISAYAS),156,0
2022,10,43,REGION VIII (EASTERN VISAYAS),106,0
2022,10,43,REGION X (NORTHERN MINDANAO),176,0
2022,10,43,REGION XI (DAVAO REGION),184,0
2022,10,43,REGION XII (SOCCSKSARGEN),88,0
2022,10,43,REGION XIII (CARAGA),113,0
2022,10,44,BANGSAMORO AUTONOMOUS REGION IN MUSLIM MINDANAO (BARMM),29,1
2022,10,44,CORDILLERA ADMINISTRATIVE REGION (CAR),46,0
2022,10,44,MIMAROPA REGION,29,0
2022,10,44,NATIONAL CAPITAL REGION (NCR),178,1
2022,10,44,NEGROS ISLAND REGION (NIR),37,0
2022,10,44,REGION I (ILOCOS REGION),39,0
2022,10,44,REGION II (CAGAYAN VALLEY),76,0
2022,10,44,REGION III (CENTRAL LUZON),203,0
2022,10,44,REGION IV-A (CALABARZON),107,0
2022,10,44,REGION IX (ZAMBOANGA PENINSULA),54,0
2022,10,44,REGION V (BICOL REGION),13,0
2022,10,44,REGION VI (WESTERN VISAYAS),30,0
2022,10,44,REGION VII (CENTRAL VISAYAS),60,0
2022,10,44,REGION VIII (EASTERN VISAYAS),33,0
2022,10,44,REGION X (NORTHERN MINDANAO),61,0
2022,10,44,REGION XI (DAVAO REGION),74,0
2022,10,44,REGION XII (SOCCSKSARGEN),47,0
2022,10,44,REGION XIII (CARAGA),28,0
2022,11,44,BANGSAMORO AUTONOMOUS REGION IN MUSLIM MINDANAO (BARMM),95,1
2022,11,44,CORDILLERA ADMINISTRATIVE REGION (CAR),174,0
2022,11,44,MIMAROPA REGION,110,2
2022,11,44,NATIONAL CAPITAL REGION (NCR),455,2
2022,11,44,NEGROS ISLAND REGION (NIR),98,0
2022,11,44,REGION I (ILOCOS REGION),90,0
2022,11,44,REGION II (CAGAYAN VALLEY),247,0
2022,11,44,REGION III (CENTRAL LUZON),537,1
2022,11,44,REGION IV-A (CALABARZON),357,2
2022,11,44,REGION IX (ZAMBOANGA PENINSULA),140,1
2022,11,44,REGION V (BICOL REGION),27,0
2022,11,44,REGION VI (WESTERN VISAYAS),55,0
2022,11,44,REGION VII (CENTRAL VISAYAS),172,1
2022,11,44,REGION VIII (EASTERN VISAYAS),113,0
2022,11,44,REGION X (NORTHERN MINDANAO),151,0
2022,11,44,REGION XI (DAVAO REGION),193,0
2022,11,44,REGION XII (SOCCSKSARGEN),81,0
2022,11,44,REGION XIII (CARAGA),88,0
2022,11,45,BANGSAMORO AUTONOMOUS REGION IN MUSLIM MINDANAO (BARMM),160,2
2022,11,45,CORDILLERA ADMINISTRATIVE REGION (CAR),243,0
2022,11,45,MIMAROPA REGION,193,4
2022,11,45,NATIONAL CAPITAL REGION (NCR),658,0
2022,11,45,NEGROS ISLAND REGION (NIR),132,1
2022,11,45,REGION I (ILOCOS REGION),120,2
2022,11,45,REGION II (CAGAYAN VALLEY),378,0
2022,11,45,REGION III (CENTRAL LUZON),819,1
2022,11,45,REGION IV-A (CALABARZON),522,8
2022,11,45,REGION IX (ZAMBOANGA PENINSULA),188,1
2022,11,45,REGION V (BICOL REGION),22,0
2022,11,45,REGION VI (WESTERN VISAYAS),89,1
2022,11,45,REGION VII (CENTRAL VISAYAS),229,0
2022,11,45,REGION VIII (EASTERN VISAYAS),184,1
2022,11,45,REGION X (NORTHERN MINDANAO),221,3
2022,11,45,REGION XI (DAVAO REGION),268,0
2022,11,45,REGION XII (SOCCSKSARGEN),147,2
2022,11,45,REGION XIII (CARAGA),137,1
2022,11,46,BANGSAMORO AUTONOMOUS REGION IN MUSLIM MINDANAO (BARMM),115,2
2022,11,46,CORDILLERA ADMINISTRATIVE REGION (CAR),236,0
2022,11,46,MIMAROPA REGION,209,2
2022,11,46,NATIONAL CAPITAL REGION (NCR),613,0
2022,11,46,NEGROS ISLAND REGION (NIR),131,1
2022,11,46,REGION I (ILOCOS REGION),116,0
2022,11,46,REGION II (CAGAYAN VALLEY),380,0
2022,11,46,REGION III (CENTRAL LUZON),741,4
2022,11,46,REGION IV-A (CALABARZON),442,2
2022,11,46,REGION IX (ZAMBOANGA PENINSULA),181,0
2022,11,46,REGION V (BICOL REGION),17,0
2022,11,46,REGION VI (WESTERN VISAYAS),68,0
2022,11,46,REGION VII (CENTRAL VISAYAS),182,0
2022,11,46,REGION VIII (EASTERN VISAYAS),169,0
2022,11,46,REGION X (NORTHERN MINDANAO),244,0
2022,11,46,REGION XI (DAVAO REGION),302,0
2022,11,46,REGION XII (SOCCSKSARGEN),117,1
2022,11,46,REGION XIII (CARAGA),105,0
2022,11,47,BANGSAMORO AUTONOMOUS REGION IN MUSLIM MINDANAO (BARMM),100,1
2022,11,47,CORDILLERA ADMINISTRATIVE REGION (CAR),183,0
2022,11,47,MIMAROPA REGION,169,1
2022,11,47,NATIONAL CAPITAL REGION (NCR),560,0
2022,11,47,NEGROS ISLAND REGION (NIR),107,0
2022,11,47,REGION I (ILOCOS REGION),107,0
2022,11,47,REGION II (CAGAYAN VALLEY),342,1
2022,11,47,REGION III (CENTRAL LUZON),744,0
2022,11,47,REGION IV-A (CALABARZON),424,1
2022,11,47,REGION IX (ZAMBOANGA PENINSULA),206,0
2022,11,47,REGION V (BICOL REGION),17,0
2022,11,47,REGION VI (WESTERN VISAYAS),76,0
2022,11,47,REGION VII (CENTRAL VISAYAS),236,2
2022,11,47,REGION VIII (EASTERN VISAYAS),169,0
2022,11,47,REGION X (NORTHERN MINDANAO),210,0
2022,11,47,REGION XI (DAVAO REGION),335,0
2022,11,47,REGION XII (SOCCSKSARGEN),142,2
2022,11,47,REGION XIII (CARAGA),178,2
2022,11,48,BANGSAMORO AUTONOMOUS REGION IN MUSLIM MINDANAO (BARMM),57,0
2022,11,48,CORDILLERA ADMINISTRATIVE REGION (CAR),126,0
2022,11,48,MIMAROPA REGION,115,0
2022,11,48,NATIONAL CAPITAL REGION (NCR),366,0
2022,11,48,NEGROS ISLAND REGION (NIR),68,0
2022,11,48,REGION I (ILOCOS REGION),65,0
2022,11,48,REGION II (CAGAYAN VALLEY),183,0
2022,11,48,REGION III (CENTRAL LUZON),405,2
2022,11,48,REGION IV-A (CALABARZON),236,1
2022,11,48,REGION IX (ZAMBOANGA PENINSULA),86,0
2022,11,48,REGION V (BICOL REGION),14,0
2022,11,48,REGION VI (WESTERN VISAYAS),45,1
2022,11,48,REGION VII (CENTRAL VISAYAS),116,1
2022,11,48,REGION VIII (EASTERN VISAYAS),90,0
2022,11,48,REGION X (NORTHERN MINDANAO),124,0
2022,11,48,REGION XI (DAVAO REGION),159,0
2022,11,48,REGION XII (SOCCSKSARGEN),81,0
2022,11,48,REGION XIII (CARAGA),75,0
2022,12,48,BANGSAMORO AUTONOMOUS REGION IN MUSLIM MINDANAO (BARMM),51,0
2022,12,48,CORDILLERA ADMINISTRATIVE REGION (CAR),110,0
2022,12,48,MIMAROPA REGION,96,1
2022,12,48,NATIONAL CAPITAL REGION (NCR),274,0
2022,12,48,NEGROS ISLAND REGION (NIR),55,0
2022,12,48,REGION I (ILOCOS REGION),51,0
2022,12,48,REGION II (CAGAYAN VALLEY),145,3
2022,12,48,REGION III (CENTRAL LUZON),342,2
2022,12,48,REGION IV-A (CALABARZON),207,0
2022,12,48,REGION IX (ZAMBOANGA PENINSULA),109,0
2022,12,48,REGION V (BICOL REGION),11,0
2022,12,48,REGION VI (WESTERN VISAYAS),51,1
2022,12,48,REGION VII (CENTRAL VISAYAS),104,1
2022,12,48,REGION VIII (EASTERN VISAYAS),78,0
2022,12,48,REGION X (NORTHERN MINDANAO),106,1
2022,12,48,REGION XI (DAVAO REGION),107,0
2022,12,48,REGION XII (SOCCSKSARGEN),67,0
2022,12,48,REGION XIII (CARAGA),80,0
2022,12,49,BANGSAMORO AUTONOMOUS REGION IN MUSLIM MINDANAO (BARMM),81,0
2022,12,49,CORDILLERA ADMINISTRATIVE REGION (CAR),129,0
2022,12,49,MIMAROPA REGION,196,1
2022,12,49,NATIONAL CAPITAL REGION (NCR),534,0
2022,12,49,NEGROS ISLAND REGION (NIR),101,1
2022,12,49,REGION I (ILOCOS REGION),73,0
2022,12,49,REGION II (CAGAYAN VALLEY),300,1
2022,12,49,REGION III (CENTRAL LUZON),678,1
2022,12,49,REGION IV-A (CALABARZON),402,2
2022,12,49,REGION IX (ZAMBOANGA PENINSULA),192,1
2022,12,49,REGION V (BICOL REGION),16,0
2022,12,49,REGION VI (WESTERN VISAYAS),72,0
2022,12,49,REGION VII (CENTRAL VISAYAS),140,1
2022,12,49,REGION VIII (EASTERN VISAYAS),133,0
2022,12,49,REGION X (NORTHERN MINDANAO),211,1
2022,12,49,REGION XI (DAVAO REGION),267,1
2022,12,49,REGION XII (SOCCSKSARGEN),103,1
2022,12,49,REGION XIII (CARAGA),149,3
2022,12,50,BANGSAMORO AUTONOMOUS REGION IN MUSLIM MINDANAO (BARMM),90,3
2022,12,50,CORDILLERA ADMINISTRATIVE REGION (CAR),93,0
2022,12,50,MIMAROPA REGION,158,0
2022,12,50,NATIONAL CAPITAL REGION (NCR),500,0
2022,12,50,NEGROS ISLAND REGION (NIR),84,2
2022,12,50,REGION I (ILOCOS REGION),47,0
2022,12,50,REGION II (CAGAYAN VALLEY),261,1
2022,12,50,REGION III (CENTRAL LUZON),615,2
2022,12,50,REGION IV-A (CALABARZON),317,0
2022,12,50,REGION IX (ZAMBOANGA PENINSULA),159,1
2022,12,50,REGION V (BICOL REGION),19,0
2022,12,50,REGION VI (WESTERN VISAYAS),64,0
2022,12,50,REGION VII (CENTRAL VISAYAS),151,0
2022,12,50,REGION VIII (EASTERN VISAYAS),106,0
2022,12,50,REGION X (NORTHERN MINDANAO),199,0
2022,12,50,REGION XI (DAVAO REGION),270,2
2022,12,50,REGION XII (SOCCSKSARGEN),114,1
2022,12,50,REGION XIII (CARAGA),136,1
2022,12,51,BANGSAMORO AUTONOMOUS REGION IN MUSLIM MINDANAO (BARMM),61,1
2022,12,51,CORDILLERA ADMINISTRATIVE REGION (CAR),87,0
2022,12,51,MIMAROPA REGION,120,0
2022,12,51,NATIONAL CAPITAL REGION (NCR),390,1
2022,12,51,NEGROS ISLAND REGION (NIR),73,0
2022,12,51,REGION I (ILOCOS REGION),31,0
2022,12,51,REGION II (CAGAYAN VALLEY),80,1
2022,12,51,REGION III (CENTRAL LUZON),487,1
2022,12,51,REGION IV-A (CALABARZON),254,1
2022,12,51,REGION IX (ZAMBOANGA PENINSULA),138,0
2022,12,51,REGION V (BICOL REGION),22,0
2022,12,51,REGION VI (WESTERN VISAYAS),51,0
2022,12,51,REGION VII (CENTRAL VISAYAS),102,0
2022,12,51,REGION VIII (EASTERN VISAYAS),63,0
2022,12,51,REGION X (NORTHERN MINDANAO),110,0
2022,12,51,REGION XI (DAVAO REGION),192,2
2022,12,51,REGION XII (SOCCSKSARGEN),127,1
2022,12,51,REGION XIII (CARAGA),108,0
2022,12,52,BANGSAMORO AUTONOMOUS REGION IN MUSLIM MINDANAO (BARMM),46,0
2022,12,52,CORDILLERA ADMINISTRATIVE REGION (CAR),46,0
2022,12,52,MIMAROPA REGION,139,0
2022,12,52,NATIONAL CAPITAL REGION (NCR),194,0
2022,12,52,NEGROS ISLAND REGION (NIR),32,0
2022,12,52,REGION I (ILOCOS REGION),8,0
2022,12,52,REGION II (CAGAYAN VALLEY),43,0
2022,12,52,REGION III (CENTRAL LUZON),227,1
2022,12,52,REGION IV-A (CALABARZON),154,1
2022,12,52,REGION IX (ZAMBOANGA PENINSULA),54,0
2022,12,52,REGION V (BICOL REGION),6,0
2022,12,52,REGION VI (WESTERN VISAYAS),24,0
2022,12,52,REGION VII (CENTRAL VISAYAS),55,1
2022,12,52,REGION VIII (EASTERN VISAYAS),33,1
2022,12,52,REGION X (NORTHERN MINDANAO),26,0
2022,12,52,REGION XI (DAVAO REGION),97,0
2022,12,52,REGION XII (SOCCSKSARGEN),155,0
2022,12,52,REGION XIII (CARAGA),57,0
2023,1,1,BANGSAMORO AUTONOMOUS REGION IN MUSLIM MINDANAO (BARMM),116,0
2023,1,1,CORDILLERA ADMINISTRATIVE REGION (CAR),100,0
2023,1,1,MIMAROPA REGION,158,3
2023,1,1,NATIONAL CAPITAL REGION (NCR),422,1
2023,1,1,NEGROS ISLAND REGION (NIR),82,1
2023,1,1,REGION I (ILOCOS REGION),56,0
2023,1,1,REGION II (CAGAYAN VALLEY),146,0
2023,1,1,REGION III (CENTRAL LUZON),512,1
2023,1,1,REGION IV-A (CALABARZON),346,0
2023,1,1,REGION IX (ZAMBOANGA PENINSULA),253,1
2023,1,1,REGION V (BICOL REGION),25,0
2023,1,1,REGION VI (WESTERN VISAYAS),94,0
2023,1,1,REGION VII (CENTRAL VISAYAS),175,0
2023,1,1,REGION VIII (EASTERN VISAYAS),105,0
2023,1,1,REGION X (NORTHERN MINDANAO),291,0
2023,1,1,REGION XI (DAVAO REGION),270,2
2023,1,1,REGION XII (SOCCSKSARGEN),187,2
2023,1,1,REGION XIII (CARAGA),165,2
2023,1,2,BANGSAMORO AUTONOMOUS REGION IN MUSLIM MINDANAO (BARMM),103,1
2023,1,2,CORDILLERA ADMINISTRATIVE REGION (CAR),121,1
2023,1,2,MIMAROPA REGION,167,1
2023,1,2,NATIONAL CAPITAL REGION (NCR),476,0
2023,1,2,NEGROS ISLAND REGION (NIR),70,0
2023,1,2,REGION I (ILOCOS REGION),51,0
2023,1,2,REGION II (CAGAYAN VALLEY),135,1
2023,1,2,REGION III (CENTRAL LUZON),444,2
2023,1,2,REGION IV-A (CALABARZON),297,0
2023,1,2,REGION IX (ZAMBOANGA PENINSULA),148,0
2023,1,2,REGION V (BICOL REGION),21,0
2023,1,2,REGION VI (WESTERN VISAYAS),89,1
2023,1,2,REGION VII (CENTRAL VISAYAS),159,0
2023,1,2,REGION VIII (EASTERN VISAYAS),72,0
2023,1,2,REGION X (NORTHERN MINDANAO),228,0
2023,1,2,REGION XI (DAVAO REGION),249,0
2023,1,2,REGION XII (SOCCSKSARGEN),145,1
2023,1,2,REGION XIII (CARAGA),145,0
2023,1,3,BANGSAMORO AUTONOMOUS REGION IN MUSLIM MINDANAO (BARMM),87,0
2023,1,3,CORDILLERA ADMINISTRATIVE REGION (CAR),79,0
2023,1,3,MIMAROPA REGION,156,2
2023,1,3,NATIONAL CAPITAL REGION (NCR),423,1
2023,1,3,NEGROS ISLAND REGION (NIR),79,1
2023,1,3,REGION I (ILOCOS REGION),35,1
2023,1,3,REGION II (CAGAYAN VALLEY),133,0
2023,1,3,REGION III (CENTRAL LUZON),407,3
2023,1,3,REGION IV-A (CALABARZON),330,1
2023,1,3,REGION IX (ZAMBOANGA PENINSULA),214,0
2023,1,3,REGION V (BICOL REGION),12,0
2023,1,3,REGION VI (WESTERN VISAYAS),98,0
2023,1,3,REGION VII (CENTRAL VISAYAS),178,1
2023,1,3,REGION VIII (EASTERN VISAYAS),56,0
2023,1,3,REGION X (NORTHERN MINDANAO),281,1
2023,1,3,REGION XI (DAVAO REGION),272,1
2023,1,3,REGION XII (SOCCSKSARGEN),174,1
2023,1,3,REGION XIII (CARAGA),128,2
2023,1,4,BANGSAMORO AUTONOMOUS REGION IN MUSLIM MINDANAO (BARMM),91,1
2023,1,4,CORDILLERA ADMINISTRATIVE REGION (CAR),76,0
2023,1,4,MIMAROPA REGION,190,0
2023,1,4,NATIONAL CAPITAL REGION (NCR),374,0
2023,1,4,NEGROS ISLAND REGION (NIR),52,0
2023,1,4,REGION I (ILOCOS REGION),44,0
2023,1,4,REGION II (CAGAYAN VALLEY),125,0
2023,1,4,REGION III (CENTRAL LUZON),357,0
2023,1,4,REGION IV-A (CALABARZON),322,1
2023,1,4,REGION IX (ZAMBOANGA PENINSULA),167,1
2023,1,4,REGION V (BICOL REGION),18,0
2023,1,4,REGION VI (WESTERN VISAYAS),86,2
2023,1,4,REGION VII (CENTRAL VISAYAS),93,1
2023,1,4,REGION VIII (EASTERN VISAYAS),68,0
2023,1,4,REGION X (NORTHERN MINDANAO),282,0
2023,1,4,REGION XI (DAVAO REGION),247,1
2023,1,4,REGION XII (SOCCSKSARGEN),169,0
2023,1,4,REGION XIII (CARAGA),125,1
2023,1,5,BANGSAMORO AUTONOMOUS REGION IN MUSLIM MINDANAO (BARMM),55,0
2023,1,5,CORDILLERA ADMINISTRATIVE REGION (CAR),17,0
2023,1,5,MIMAROPA REGION,68,0
2023,1,5,NATIONAL CAPITAL REGION (NCR),185,0
2023,1,5,NEGROS ISLAND REGION (NIR),21,0
2023,1,5,REGION I (ILOCOS REGION),11,0
2023,1,5,REGION II (CAGAYAN VALLEY),40,0
2023,1,5,REGION III (CENTRAL LUZON),138,0
2023,1,5,REGION IV-A (CALABARZON),125,0
2023,1,5,REGION IX (ZAMBOANGA PENINSULA),68,1
2023,1,5,REGION V (BICOL REGION),5,1
2023,1,5,REGION VI (WESTERN VISAYAS),32,0
2023,1,5,REGION VII (CENTRAL VISAYAS),28,0
2023,1,5,REGION VIII (EASTERN VISAYAS),37,0
2023,1,5,REGION X (NORTHERN MINDANAO),119,0
2023,1,5,REGION XI (DAVAO REGION),115,0
2023,1,5,REGION XII (SOCCSKSARGEN),59,0
2023,1,5,REGION XIII (CARAGA),36,0
2023,2,5,BANGSAMORO AUTONOMOUS REGION IN MUSLIM MINDANAO (BARMM),75,0
2023,2,5,CORDILLERA ADMINISTRATIVE REGION (CAR),50,0
2023,2,5,MIMAROPA REGION,104,2
2023,2,5,NATIONAL CAPITAL REGION (NCR),270,1
2023,2,5,NEGROS ISLAND REGION (NIR),44,0
2023,2,5,REGION I (ILOCOS REGION),14,0
2023,2,5,REGION II (CAGAYAN VALLEY),49,0
2023,2,5,REGION III (CENTRAL LUZON),169,1
2023,2,5,REGION IV-A (CALABARZON),186,0
2023,2,5,REGION IX (ZAMBOANGA PENINSULA),147,0
2023,2,5,REGION V (BICOL REGION),10,0
2023,2,5,REGION VI (WESTERN VISAYAS),53,0
2023,2,5,REGION VII (CENTRAL VISAYAS),71,2
2023,2,5,REGION VIII (EASTERN VISAYAS),40,0
2023,2,5,REGION X (NORTHERN MINDANAO),173,1
2023,2,5,REGION XI (DAVAO REGION),137,1
2023,2,5,REGION XII (SOCCSKSARGEN),116,0
2023,2,5,REGION XIII (CARAGA),44,0
2023,2,6,BANGSAMORO AUTONOMOUS REGION IN MUSLIM MINDANAO (BARMM),81,0
2023,2,6,CORDILLERA ADMINISTRATIVE REGION (CAR),87,0
2023,2,6,MIMAROPA REGION,186,2
2023,2,6,NATIONAL CAPITAL REGION (NCR),426,0
2023,2,6,NEGROS ISLAND REGION (NIR),77,0
2023,2,6,REGION I (ILOCOS REGION),46,0
2023,2,6,REGION II (CAGAYAN VALLEY),107,1
2023,2,6,REGION III (CENTRAL LUZON),281,0
2023,2,6,REGION IV-A (CALABARZON),276,0
2023,2,6,REGION IX (ZAMBOANGA PENINSULA),225,1
2023,2,6,REGION V (BICOL REGION),14,0
2023,2,6,REGION VI (WESTERN VISAYAS),109,0
2023,2,6,REGION VII (CENTRAL VISAYAS),191,1
2023,2,6,REGION VIII (EASTERN VISAYAS),85,0
2023,2,6,REGION X (NORTHERN MINDANAO),252,2
2023,2,6,REGION XI (DAVAO REGION),264,4
2023,2,6,REGION XII (SOCCSKSARGEN),165,2
2023,2,6,REGION XIII (CARAGA),97,2
2023,2,7,BANGSAMORO AUTONOMOUS REGION IN MUSLIM MINDANAO (BARMM),98,2
2023,2,7,CORDILLERA ADMINISTRATIVE REGION (CAR),70,0
2023,2,7,MIMAROPA REGION,192,2
2023,2,7,NATIONAL CAPITAL REGION (NCR),398,0
2023,2,7,NEGROS ISLAND REGION (NIR),62,0
2023,2,7,REGION I (ILOCOS REGION),34,1
2023,2,7,REGION II (CAGAYAN VALLEY),91,0
2023,2,7,REGION III (CENTRAL LUZON),248,1
2023,2,7,REGION IV-A (CALABARZON),255,0
2023,2,7,REGION IX (ZAMBOANGA PENINSULA),169,0
2023,2,7,REGION V (BICOL REGION),13,0
2023,2,7,REGION VI (WESTERN VISAYAS),96,1
2023,2,7,REGION VII (CENTRAL VISAYAS),182,1
2023,2,7,REGION VIII (EASTERN VISAYAS),70,0
2023,2,7,REGION X (NORTHERN MINDANAO),238,0
2023,2,7,REGION XI (DAVAO REGION),271,1
2023,2,7,REGION XII (SOCCSKSARGEN),193,1
2023,2,7,REGION XIII (CARAGA),98,1
2023,2,8,BANGSAMORO AUTONOMOUS REGION IN MUSLIM MINDANAO (BARMM),72,0
2023,2,8,CORDILLERA ADMINISTRATIVE REGION (CAR),57,0
2023,2,8,MIMAROPA REGION,230,0
2023,2,8,NATIONAL CAPITAL REGION (NCR),298,2
2023,2,8,NEGROS ISLAND REGION (NIR),57,1
2023,2,8,REGION I (ILOCOS REGION),25,0
2023,2,8,REGION II (CAGAYAN VALLEY),70,0
2023,2,8,REGION III (CENTRAL LUZON),150,1
2023,2,8,REGION IV-A (CALABARZON),271,0
2023,2,8,REGION IX (ZAMBOANGA PENINSULA),138,0
2023,2,8,REGION V (BICOL REGION),19,0
2023,2,8,REGION VI (WESTERN VISAYAS),78,1
2023,2,8,REGION VII (CENTRAL VISAYAS),159,0
2023,2,8,REGION VIII (EASTERN VISAYAS),62,0
2023,2,8,REGION X (NORTHERN MINDANAO),212,1
2023,2,8,REGION XI (DAVAO REGION),277,0
2023,2,8,REGION XII (SOCCSKSARGEN),187,1
2023,2,8,REGION XIII (CARAGA),93,0
2023,2,9,BANGSAMORO AUTONOMOUS REGION IN MUSLIM MINDANAO (BARMM),43,1
2023,2,9,CORDILLERA ADMINISTRATIVE REGION (CAR),25,0
2023,2,9,MIMAROPA REGION,97,1
2023,2,9,NATIONAL CAPITAL REGION (NCR),124,0
2023,2,9,NEGROS ISLAND REGION (NIR),31,0
2023,2,9,REGION I (ILOCOS REGION),10,0
2023,2,9,REGION II (CAGAYAN VALLEY),35,0
2023,2,9,REGION III (CENTRAL LUZON),46,0
2023,2,9,REGION IV-A (CALABARZON),108,0
2023,2,9,REGION IX (ZAMBOANGA PENINSULA),90,0
2023,2,9,REGION V (BICOL REGION),13,0
2023,2,9,REGION VI (WESTERN VISAYAS),36,0
2023,2,9,REGION VII (CENTRAL VISAYAS),95,1
2023,2,9,REGION VIII (EASTERN VISAYAS),34,0
2023,2,9,REGION X (NORTHERN MINDANAO),96,1
2023,2,9,REGION XI (DAVAO REGION),115,0
2023,2,9,REGION XII (SOCCSKSARGEN),96,0
2023,2,9,REGION XIII (CARAGA),27,0
2023,3,9,BANGSAMORO AUTONOMOUS REGION IN MUSLIM MINDANAO (BARMM),62,2
2023,3,9,CORDILLERA ADMINISTRATIVE REGION (CAR),31,0
2023,3,9,MIMAROPA REGION,154,0
2023,3,9,NATIONAL CAPITAL REGION (NCR),201,0
2023,3,9,NEGROS ISLAND REGION (NIR),33,0
2023,3,9,REGION I (ILOCOS REGION),16,0
2023,3,9,REGION II (CAGAYAN VALLEY),55,0
2023,3,9,REGION III (CENTRAL LUZON),107,0
2023,3,9,REGION IV-A (CALABARZON),152,0
2023,3,9,REGION IX (ZAMBOANGA PENINSULA),93,0
2023,3,9,REGION V (BICOL REGION),10,0
2023,3,9,REGION VI (WESTERN VISAYAS),52,0
2023,3,9,REGION VII (CENTRAL VISAYAS),82,0
2023,3,9,REGION VIII (EASTERN VISAYAS),36,0
2023,3,9,REGION X (NORTHERN MINDANAO),137,0
2023,3,9,REGION XI (DAVAO REGION),156,0
2023,3,9,REGION XII (SOCCSKSARGEN),124,1
2023,3,9,REGION XIII (CARAGA),51,2
2023,3,10,BANGSAMORO AUTONOMOUS REGION IN MUSLIM MINDANAO (BARMM),76,1
2023,3,10,CORDILLERA ADMINISTRATIVE REGION (CAR),44,0
2023,3,10,MIMAROPA REGION,201,2
2023,3,10,NATIONAL CAPITAL REGION (NCR),295,1
2023,3,10,NEGROS ISLAND REGION (NIR),54,0
2023,3,10,REGION I (ILOCOS REGION),52,0
2023,3,10,REGION II (CAGAYAN VALLEY),63,0
2023,3,10,REGION III (CENTRAL LUZON),230,1
2023,3,10,REGION IV-A (CALABARZON),261,1
2023,3,10,REGION IX (ZAMBOANGA PENINSULA),190,0
2023,3,10,REGION V (BICOL REGION),18,0
2023,3,10,REGION VI (WESTERN VISAYAS),83,0
2023,3,10,REGION VII (CENTRAL VISAYAS),118,0
2023,3,10,REGION VIII (EASTERN VISAYAS),97,0
2023,3,10,REGION X (NORTHERN MINDANAO),222,1
2023,3,10,REGION XI (DAVAO REGION),307,0
2023,3,10,REGION XII (SOCCSKSARGEN),221,0
2023,3,10,REGION XIII (CARAGA),93,1
2023,3,11,BANGSAMORO AUTONOMOUS REGION IN MUSLIM MINDANAO (BARMM),68,1
2023,3,11,CORDILLERA ADMINISTRATIVE REGION (CAR),41,0
2023,3,11,MIMAROPA REGION,85,2
2023,3,11,NATIONAL CAPITAL REGION (NCR),237,0
2023,3,11,NEGROS ISLAND REGION (NIR),53,0
2023,3,11,REGION I (ILOCOS REGION),33,0
2023,3,11,REGION II (CAGAYAN VALLEY),62,0
2023,3,11,REGION III (CENTRAL LUZON),213,1
2023,3,11,REGION IV-A (CALABARZON),201,2
2023,3,11,REGION IX (ZAMBOANGA PENINSULA),157,1
2023,3,11,REGION V (BICOL REGION),16,1
2023,3,11,REGION VI (WESTERN VISAYAS),87,0
2023,3,11,REGION VII (CENTRAL VISAYAS),107,0
2023,3,11,REGION VIII (EASTERN VISAYAS),64,0
2023,3,11,REGION X (NORTHERN MINDANAO),211,0
2023,3,11,REGION XI (DAVAO REGION),267,1
2023,3,11,REGION XII (SOCCSKSARGEN),217,0
2023,3,11,REGION XIII (CARAGA),74,0
2023,3,12,BANGSAMORO AUTONOMOUS REGION IN MUSLIM MINDANAO (BARMM),82,0
2023,3,12,CORDILLERA ADMINISTRATIVE REGION (CAR),54,0
2023,3,12,MIMAROPA REGION,86,2
2023,3,12,NATIONAL CAPITAL REGION (NCR),239,0
2023,3,12,NEGROS ISLAND REGION (NIR),43,0
2023,3,12,REGION I (ILOCOS REGION),43,0
2023,3,12,REGION II (CAGAYAN VALLEY),58,0
2023,3,12,REGION III (CENTRAL LUZON),208,1
2023,3,12,REGION IV-A (CALABARZON),223,0
2023,3,12,REGION IX (ZAMBOANGA PENINSULA),146,0
2023,3,12,REGION V (BICOL REGION),16,0
2023,3,12,REGION VI (WESTERN VISAYAS),68,0
2023,3,12,REGION VII (CENTRAL VISAYAS),119,0
2023,3,12,REGION VIII (EASTERN VISAYAS),60,1
2023,3,12,REGION X (NORTHERN MINDANAO),201,0
2023,3,12,REGION XI (DAVAO REGION),206,0
2023,3,12,REGION XII (SOCCSKSARGEN),151,0
2023,3,12,REGION XIII (CARAGA),68,0
2023,3,13,BANGSAMORO AUTONOMOUS REGION IN MUSLIM MINDANAO (BARMM),62,0
2023,3,13,CORDILLERA ADMINISTRATIVE REGION (CAR),52,0
2023,3,13,MIMAROPA REGION,139,1
2023,3,13,NATIONAL CAPITAL REGION (NCR),189,0
2023,3,13,NEGROS ISLAND REGION (NIR),29,0
2023,3,13,REGION I (ILOCOS REGION),25,0
2023,3,13,REGION II (CAGAYAN VALLEY),48,1
2023,3,13,REGION III (CENTRAL LUZON),138,0
2023,3,13,REGION IV-A (CALABARZON),162,1
2023,3,13,REGION IX (ZAMBOANGA PENINSULA),124,0
2023,3,13,REGION V (BICOL REGION),15,1
2023,3,13,REGION VI (WESTERN VISAYAS),43,0
2023,3,13,REGION VII (CENTRAL VISAYAS),106,0
2023,3,13,REGION VIII (EASTERN VISAYAS),28,0
2023,3,13,REGION X (NORTHERN MINDANAO),135,0
2023,3,13,REGION XI (DAVAO REGION),141,0
2023,3,13,REGION XII (SOCCSKSARGEN),128,2
2023,3,13,REGION XIII (CARAGA),61,1
2023,4,13,BANGSAMORO AUTONOMOUS REGION IN MUSLIM MINDANAO (BARMM),8,0
2023,4,13,CORDILLERA ADMINISTRATIVE REGION (CAR),9,0
2023,4,13,MIMAROPA REGION,23,0
2023,4,13,NATIONAL CAPITAL REGION (NCR),36,0
2023,4,13,NEGROS ISLAND REGION (NIR),4,0
2023,4,13,REGION I (ILOCOS REGION),5,0
2023,4,13,REGION II (CAGAYAN VALLEY),11,0
2023,4,13,REGION III (CENTRAL LUZON),30,0
2023,4,13,REGION IV-A (CALABARZON),28,0
2023,4,13,REGION IX (ZAMBOANGA PENINSULA),24,0
2023,4,13,REGION VI (WESTERN VISAYAS),6,0
2023,4,13,REGION VII (CENTRAL VISAYAS),24,0
2023,4,13,REGION VIII (EASTERN VISAYAS),11,0
2023,4,13,REGION X (NORTHERN MINDANAO),26,0
2023,4,13,REGION XI (DAVAO REGION),34,1
2023,4,13,REGION XII (SOCCSKSARGEN),27,0
2023,4,13,REGION XIII (CARAGA),6,0
2023,4,14,BANGSAMORO AUTONOMOUS REGION IN MUSLIM MINDANAO (BARMM),72,1
2023,4,14,CORDILLERA ADMINISTRATIVE REGION (CAR),45,0
2023,4,14,MIMAROPA REGION,97,0
2023,4,14,NATIONAL CAPITAL REGION (NCR),228,0
2023,4,14,NEGROS ISLAND REGION (NIR),28,2
2023,4,14,REGION I (ILOCOS REGION),43,0
2023,4,14,REGION II (CAGAYAN VALLEY),54,0
2023,4,14,REGION III (CENTRAL LUZON),180,0
2023,4,14,REGION IV-A (CALABARZON),229,3
2023,4,14,REGION IX (ZAMBOANGA PENINSULA),110,0
2023,4,14,REGION V (BICOL REGION),7,0
2023,4,14,REGION VI (WESTERN VISAYAS),61,0
2023,4,14,REGION VII (CENTRAL VISAYAS),109,0
2023,4,14,REGION VIII (EASTERN VISAYAS),38,1
2023,4,14,REGION X (NORTHERN MINDANAO),142,1
2023,4,14,REGION XI (DAVAO REGION),170,1
2023,4,14,REGION XII (SOCCSKSARGEN),164,1
2023,4,14,REGION XIII (CARAGA),78,1
2023,4,15,BANGSAMORO AUTONOMOUS REGION IN MUSLIM MINDANAO (BARMM),72,1
2023,4,15,CORDILLERA ADMINISTRATIVE REGION (CAR),63,0
2023,4,15,MIMAROPA REGION,207,2
2023,4,15,NATIONAL CAPITAL REGION (NCR),195,0
2023,4,15,NEGROS ISLAND REGION (NIR),29,0
2023,4,15,REGION I (ILOCOS REGION),51,0
2023,4,15,REGION II (CAGAYAN VALLEY),57,1
2023,4,15,REGION III (CENTRAL LUZON),212,1
2023,4,15,REGION IV-A (CALABARZON),277,0
2023,4,15,REGION IX (ZAMBOANGA PENINSULA),173,1
2023,4,15,REGION V (BICOL REGION),8,0
2023,4,15,REGION VI (WESTERN VISAYAS),43,0
2023,4,15,REGION VII (CENTRAL VISAYAS),91,0
2023,4,15,REGION VIII (EASTERN VISAYAS),48,0
2023,4,15,REGION X (NORTHERN MINDANAO),211,0
2023,4,15,REGION XI (DAVAO REGION),249,1
2023,4,15,REGION XII (SOCCSKSARGEN),164,2
2023,4,15,REGION XIII (CARAGA),76,0
2023,4,16,BANGSAMORO AUTONOMOUS REGION IN MUSLIM MINDANAO (BARMM),68,0
2023,4,16,CORDILLERA ADMINISTRATIVE REGION (CAR),54,0
2023,4,16,MIMAROPA REGION,200,3
2023,4,16,NATIONAL CAPITAL REGION (NCR),213,0
2023,4,16,NEGROS ISLAND REGION (NIR),31,0
2023,4,16,REGION I (ILOCOS REGION),42,1
2023,4,16,REGION II (CAGAYAN VALLEY),76,0
2023,4,16,REGION III (CENTRAL LUZON),187,0
2023,4,16,REGION IV-A (CALABARZON),214,2
2023,4,16,REGION IX (ZAMBOANGA PENINSULA),199,1
2023,4,16,REGION V (BICOL REGION),22,0
2023,4,16,REGION VI (WESTERN VISAYAS),49,0
2023,4,16,REGION VII (CENTRAL VISAYAS),81,0
2023,4,16,REGION VIII (EASTERN VISAYAS),36,0
2023,4,16,REGION X (NORTHERN MINDANAO),162,0
2023,4,16,REGION XI (DAVAO REGION),268,0
2023,4,16,REGION XII (SOCCSKSARGEN),208,2
2023,4,16,REGION XIII (CARAGA),68,1
2023,4,17,BANGSAMORO AUTONOMOUS REGION IN MUSLIM MINDANAO (BARMM),96,1
2023,4,17,CORDILLERA ADMINISTRATIVE REGION (CAR),70,1
2023,4,17,MIMAROPA REGION,225,1
2023,4,17,NATIONAL CAPITAL REGION (NCR),181,0
2023,4,17,NEGROS ISLAND REGION (NIR),33,0
2023,4,17,REGION I (ILOCOS REGION),60,0
2023,4,17,REGION II (CAGAYAN VALLEY),73,1
2023,4,17,REGION III (CENTRAL LUZON),176,1
2023,4,17,REGION IV-A (CALABARZON),218,0
2023,4,17,REGION IX (ZAMBOANGA PENINSULA),212,1
2023,4,17,REGION V (BICOL REGION),17,0
2023,4,17,REGION VI (WESTERN VISAYAS),53,0
2023,4,17,REGION VII (CENTRAL VISAYAS),78,1
2023,4,17,REGION VIII (EASTERN VISAYAS),41,0
2023,4,17,REGION X (NORTHERN MINDANAO),167,0
2023,4,17,REGION XI (DAVAO REGION),278,0
2023,4,17,REGION XII (SOCCSKSARGEN),231,2
2023,4,17,REGION XIII (CARAGA),67,0
2023,4,18,BANGSAMORO AUTONOMOUS REGION IN MUSLIM MINDANAO (BARMM),9,0
2023,4,18,CORDILLERA ADMINISTRATIVE REGION (CAR),6,0
2023,4,18,MIMAROPA REGION,34,0
2023,4,18,NATIONAL CAPITAL REGION (NCR),21,1
2023,4,18,NEGROS ISLAND REGION (NIR),8,0
2023,4,18,REGION I (ILOCOS REGION),8,0
2023,4,18,REGION II (CAGAYAN VALLEY),11,0
2023,4,18,REGION III (CENTRAL LUZON),24,0
2023,4,18,REGION IV-A (CALABARZON),22,0
2023,4,18,REGION IX (ZAMBOANGA PENINSULA),23,0
2023,4,18,REGION V (BICOL REGION),5,0
2023,4,18,REGION VI (WESTERN VISAYAS),11,0
2023,4,18,REGION VII (CENTRAL VISAYAS),9,0
2023,4,18,REGION VIII (EASTERN VISAYAS),5,0
2023,4,18,REGION X (NORTHERN MINDANAO),39,0
2023,4,18,REGION XI (DAVAO REGION),38,0
2023,4,18,REGION XII (SOCCSKSARGEN),30,0
2023,4,18,REGION XIII (CARAGA),20,0
2023,5,18,BANGSAMORO AUTONOMOUS REGION IN MUSLIM MINDANAO (BARMM),99,1
2023,5,18,CORDILLERA ADMINISTRATIVE REGION (CAR),83,0
2023,5,18,MIMAROPA REGION,183,3
2023,5,18,NATIONAL CAPITAL REGION (NCR),179,0
2023,5,18,NEGROS ISLAND REGION (NIR),37,0
2023,5,18,REGION I (ILOCOS REGION),60,1
2023,5,18,REGION II (CAGAYAN VALLEY),66,1
2023,5,18,REGION III (CENTRAL LUZON),174,0
2023,5,18,REGION IV-A (CALABARZON),190,2
2023,5,18,REGION IX (ZAMBOANGA PENINSULA),187,0
2023,5,18,REGION V (BICOL REGION),15,0
2023,5,18,REGION VI (WESTERN VISAYAS),44,0
2023,5,18,REGION VII (CENTRAL VISAYAS),69,0
2023,5,18,REGION VIII (EASTERN VISAYAS),30,1
2023,5,18,REGION X (NORTHERN MINDANAO),178,1
2023,5,18,REGION XI (DAVAO REGION),247,1
2023,5,18,REGION XII (SOCCSKSARGEN),219,1
2023,5,18,REGION XIII (CARAGA),67,0
2023,5,19,BANGSAMORO AUTONOMOUS REGION IN MUSLIM MINDANAO (BARMM),99,1
2023,5,19,CORDILLERA ADMINISTRATIVE REGION (CAR),97,0
2023,5,19,MIMAROPA REGION,220,2
2023,5,19,NATIONAL CAPITAL REGION (NCR),197,0
2023,5,19,NEGROS ISLAND REGION (NIR),57,1
2023,5,19,REGION I (ILOCOS REGION),72,0
2023,5,19,REGION II (CAGAYAN VALLEY),84,1
2023,5,19,REGION III (CENTRAL LUZON),232,0
2023,5,19,REGION IV-A (CALABARZON),212,2
2023,5,19,REGION IX (ZAMBOANGA PENINSULA),246,0
2023,5,19,REGION V (BICOL REGION),12,0
2023,5,19,REGION VI (WESTERN VISAYAS),61,0
2023,5,19,REGION VII (CENTRAL VISAYAS),95,2
2023,5,19,REGION VIII (EASTERN VISAYAS),46,1
2023,5,19,REGION X (NORTHERN MINDANAO),245,2
2023,5,19,REGION XI (DAVAO REGION),348,2
2023,5,19,REGION XII (SOCCSKSARGEN),322,1
2023,5,19,REGION XIII (CARAGA),77,0
2023,5,20,BANGSAMORO AUTONOMOUS REGION IN MUSLIM MINDANAO (BARMM),114,1
2023,5,20,CORDILLERA ADMINISTRATIVE REGION (CAR),114,0
2023,5,20,MIMAROPA REGION,250,0
2023,5,20,NATIONAL CAPITAL REGION (NCR),234,0
2023,5,20,NEGROS ISLAND REGION (NIR),38,1
2023,5,20,REGION I (ILOCOS REGION),82,0
2023,5,20,REGION II (CAGAYAN VALLEY),83,0
2023,5,20,REGION III (CENTRAL LUZON),202,2
2023,5,20,REGION IV-A (CALABARZON),242,0
2023,5,20,REGION IX (ZAMBOANGA PENINSULA),262,0
2023,5,20,REGION V (BICOL REGION),16,0
2023,5,20,REGION VI (WESTERN VISAYAS),39,1
2023,5,20,REGION VII (CENTRAL VISAYAS),81,0
2023,5,20,REGION VIII (EASTERN VISAYAS),50,0
2023,5,20,REGION X (NORTHERN MINDANAO),259,0
2023,5,20,REGION XI (DAVAO REGION),383,3
2023,5,20,REGION XII (SOCCSKSARGEN),398,0
2023,5,20,REGION XIII (CARAGA),74,0
2023,5,21,BANGSAMORO AUTONOMOUS REGION IN MUSLIM MINDANAO (BARMM),102,0
2023,5,21,CORDILLERA ADMINISTRATIVE REGION (CAR),121,0
2023,5,21,MIMAROPA REGION,264,1
2023,5,21,NATIONAL CAPITAL REGION (NCR),273,0
2023,5,21,NEGROS ISLAND REGION (NIR),42,0
2023,5,21,REGION I (ILOCOS REGION),75,0
2023,5,21,REGION II (CAGAYAN VALLEY),111,0
2023,5,21,REGION III (CENTRAL LUZON),287,1
2023,5,21,REGION IV-A (CALABARZON),275,1
2023,5,21,REGION IX (ZAMBOANGA PENINSULA),288,1
2023,5,21,REGION V (BICOL REGION),26,0
2023,5,21,REGION VI (WESTERN VISAYAS),63,0
2023,5,21,REGION VII (CENTRAL VISAYAS),76,0
2023,5,21,REGION VIII (EASTERN VISAYAS),49,0
2023,5,21,REGION X (NORTHERN MINDANAO),242,1
2023,5,21,REGION XI (DAVAO REGION),383,1
2023,5,21,REGION XII (SOCCSKSARGEN),422,2
2023,5,21,REGION XIII (CARAGA),81,0
2023,5,22,BANGSAMORO AUTONOMOUS REGION IN MUSLIM MINDANAO (BARMM),91,1
2023,5,22,CORDILLERA ADMINISTRATIVE REGION (CAR),62,0
2023,5,22,MIMAROPA REGION,155,1
2023,5,22,NATIONAL CAPITAL REGION (NCR),187,0
2023,5,22,NEGROS ISLAND REGION (NIR),33,0
2023,5,22,REGION I (ILOCOS REGION),55,0
2023,5,22,REGION II (CAGAYAN VALLEY),56,0
2023,5,22,REGION III (CENTRAL LUZON),190,0
2023,5,22,REGION IV-A (CALABARZON),202,1
2023,5,22,REGION IX (ZAMBOANGA PENINSULA),177,1
2023,5,22,REGION V (BICOL REGION),7,0
2023,5,22,REGION VI (WESTERN VISAYAS),31,0
2023,5,22,REGION VII (CENTRAL VISAYAS),47,1
2023,5,22,REGION VIII (EASTERN VISAYAS),23,0
2023,5,22,REGION X (NORTHERN MINDANAO),132,1
2023,5,22,REGION XI (DAVAO REGION),247,0
2023,5,22,REGION XII (SOCCSKSARGEN),239,0
2023,5,22,REGION XIII (CARAGA),33,0
2023,6,22,BANGSAMORO AUTONOMOUS REGION IN MUSLIM MINDANAO (BARMM),63,0
2023,6,22,CORDILLERA ADMINISTRATIVE REGION (CAR),60,0
2023,6,22,MIMAROPA REGION,161,2
2023,6,22,NATIONAL CAPITAL REGION (NCR),167,1
2023,6,22,NEGROS ISLAND REGION (NIR),26,0
2023,6,22,REGION I (ILOCOS REGION),41,0
2023,6,22,REGION II (CAGAYAN VALLEY),45,0
2023,6,22,REGION III (CENTRAL LUZON),155,1
2023,6,22,REGION IV-A (CALABARZON),155,0
2023,6,22,REGION IX (ZAMBOANGA PENINSULA),128,0
2023,6,22,REGION V (BICOL REGION),8,0
2023,6,22,REGION VI (WESTERN VISAYAS),41,1
2023,6,22,REGION VII (CENTRAL VISAYAS),40,0
2023,6,22,REGION VIII (EASTERN VISAYAS),21,0
2023,6,22,REGION X (NORTHERN MINDANAO),123,0
2023,6,22,REGION XI (DAVAO REGION),214,2
2023,6,22,REGION XII (SOCCSKSARGEN),170,1
2023,6,22,REGION XIII (CARAGA),38,1
2023,6,23,BANGSAMORO AUTONOMOUS REGION IN MUSLIM MINDANAO (BARMM),141,0
2023,6,23,CORDILLERA ADMINISTRATIVE REGION (CAR),163,1
2023,6,23,MIMAROPA REGION,372,0
2023,6,23,NATIONAL CAPITAL REGION (NCR),395,1
2023,6,23,NEGROS ISLAND REGION (NIR),60,1
2023,6,23,REGION I (ILOCOS REGION),95,1
2023,6,23,REGION II (CAGAYAN VALLEY),133,1
2023,6,23,REGION III (CENTRAL LUZON),411,0
2023,6,23,REGION IV-A (CALABARZON),446,0
2023,6,23,REGION IX (ZAMBOANGA PENINSULA),257,0
2023,6,23,REGION V (BICOL REGION),23,0
2023,6,23,REGION VI (WESTERN VISAYAS),91,1
2023,6,23,REGION VII (CENTRAL VISAYAS),71,0
2023,6,23,REGION VIII (EASTERN VISAYAS),72,0
2023,6,23,REGION X (NORTHERN MINDANAO),307,1
2023,6,23,REGION XI (DAVAO REGION),361,1
2023,6,23,REGION XII (SOCCSKSARGEN),413,1
2023,6,23,REGION XIII (CARAGA),76,1
2023,6,24,BANGSAMORO AUTONOMOUS REGION IN MUSLIM MINDANAO (BARMM),131,0
2023,6,24,CORDILLERA ADMINISTRATIVE REGION (CAR),225,0
2023,6,24,MIMAROPA REGION,460,7
2023,6,24,NATIONAL CAPITAL REGION (NCR),546,1
2023,6,24,NEGROS ISLAND REGION (NIR),50,0
2023,6,24,REGION I (ILOCOS REGION),143,1
2023,6,24,REGION II (CAGAYAN VALLEY),130,0
2023,6,24,REGION III (CENTRAL LUZON),492,0
2023,6,24,REGION IV-A (CALABARZON),576,1
2023,6,24,REGION IX (ZAMBOANGA PENINSULA),325,5
2023,6,24,REGION V (BICOL REGION),21,0
2023,6,24,REGION VI (WESTERN VISAYAS),108,3
2023,6,24,REGION VII (CENTRAL VISAYAS),110,0
2023,6,24,REGION VIII (EASTERN VISAYAS),71,0
2023,6,24,REGION X (NORTHERN MINDANAO),285,0
2023,6,24,REGION XI (DAVAO REGION),446,3
2023,6,24,REGION XII (SOCCSKSARGEN),377,1
2023,6,24,REGION XIII (CARAGA),100,0
2023,6,25,BANGSAMORO AUTONOMOUS REGION IN MUSLIM MINDANAO (BARMM),141,0
2023,6,25,CORDILLERA ADMINISTRATIVE REGION (CAR),229,0
2023,6,25,MIMAROPA REGION,462,7
2023,6,25,NATIONAL CAPITAL REGION (NCR),574,3
2023,6,25,NEGROS ISLAND REGION (NIR),67,0
2023,6,25,REGION I (ILOCOS REGION),208,2
2023,6,25,REGION II (CAGAYAN VALLEY),131,0
2023,6,25,REGION III (CENTRAL LUZON),603,0
2023,6,25,REGION IV-A (CALABARZON),573,0
2023,6,25,REGION IX (ZAMBOANGA PENINSULA),360,5
2023,6,25,REGION V (BICOL REGION),25,0
2023,6,25,REGION VI (WESTERN VISAYAS),109,0
2023,6,25,REGION VII (CENTRAL VISAYAS),118,0
2023,6,25,REGION VIII (EASTERN VISAYAS),91,0
2023,6,25,REGION X (NORTHERN MINDANAO),325,0
2023,6,25,REGION XI (DAVAO REGION),455,3
2023,6,25,REGION XII (SOCCSKSARGEN),425,2
2023,6,25,REGION XIII (CARAGA),82,2
2023,6,26,BANGSAMORO AUTONOMOUS REGION IN MUSLIM MINDANAO (BARMM),128,0
2023,6,26,CORDILLERA ADMINISTRATIVE REGION (CAR),216,0
2023,6,26,MIMAROPA REGION,504,4
2023,6,26,NATIONAL CAPITAL REGION (NCR),400,0
2023,6,26,NEGROS ISLAND REGION (NIR),75,2
2023,6,26,REGION I (ILOCOS REGION),202,1
2023,6,26,REGION II (CAGAYAN VALLEY),98,0
2023,6,26,REGION III (CENTRAL LUZON),471,1
2023,6,26,REGION IV-A (CALABARZON),413,0
2023,6,26,REGION IX (ZAMBOANGA PENINSULA),286,0
2023,6,26,REGION V (BICOL REGION),22,0
2023,6,26,REGION VI (WESTERN VISAYAS),125,0
2023,6,26,REGION VII (CENTRAL VISAYAS),110,2
2023,6,26,REGION VIII (EASTERN VISAYAS),62,1
2023,6,26,REGION X (NORTHERN MINDANAO),250,1
2023,6,26,REGION XI (DAVAO REGION),396,2
2023,6,26,REGION XII (SOCCSKSARGEN),348,1
2023,6,26,REGION XIII (CARAGA),66,0
2023,7,26,BANGSAMORO AUTONOMOUS REGION IN MUSLIM MINDANAO (BARMM),30,2
2023,7,26,CORDILLERA ADMINISTRATIVE REGION (CAR),62,0
2023,7,26,MIMAROPA REGION,104,0
2023,7,26,NATIONAL CAPITAL REGION (NCR),95,0
2023,7,26,NEGROS ISLAND REGION (NIR),20,0
2023,7,26,REGION I (ILOCOS REGION),42,1
2023,7,26,REGION II (CAGAYAN VALLEY),32,0
2023,7,26,REGION III (CENTRAL LUZON),131,0
2023,7,26,REGION IV-A (CALABARZON),112,0
2023,7,26,REGION IX (ZAMBOANGA PENINSULA),67,1
2023,7,26,REGION V (BICOL REGION),4,0
2023,7,26,REGION VI (WESTERN VISAYAS),24,0
2023,7,26,REGION VII (CENTRAL VISAYAS),24,0
2023,7,26,REGION VIII (EASTERN VISAYAS),22,0
2023,7,26,REGION X (NORTHERN MINDANAO),68,0
2023,7,26,REGION XI (DAVAO REGION),116,0
2023,7,26,REGION XII (SOCCSKSARGEN),73,0
2023,7,26,REGION XIII (CARAGA),18,0
2023,7,27,BANGSAMORO AUTONOMOUS REGION IN MUSLIM MINDANAO (BARMM),189,3
2023,7,27,CORDILLERA ADMINISTRATIVE REGION (CAR),260,0
2023,7,27,MIMAROPA REGION,656,6
2023,7,27,NATIONAL CAPITAL REGION (NCR),463,2
2023,7,27,NEGROS ISLAND REGION (NIR),92,0
2023,7,27,REGION I (ILOCOS REGION),299,1
2023,7,27,REGION II (CAGAYAN VALLEY),174,0
2023,7,27,REGION III (CENTRAL LUZON),721,1
2023,7,27,REGION IV-A (CALABARZON),520,2
2023,7,27,REGION IX (ZAMBOANGA PENINSULA),331,1
2023,7,27,REGION V (BICOL REGION),31,0
2023,7,27,REGION VI (WESTERN VISAYAS),178,1
2023,7,27,REGION VII (CENTRAL VISAYAS),135,0
2023,7,27,REGION VIII (EASTERN VISAYAS),106,0
2023,7,27,REGION X (NORTHERN MINDANAO),369,2
2023,7,27,REGION XI (DAVAO REGION),465,4
2023,7,27,REGION XII (SOCCSKSARGEN),397,4
2023,7,27,REGION XIII (CARAGA),71,0
2023,7,28,BANGSAMORO AUTONOMOUS REGION IN MUSLIM MINDANAO (BARMM),222,2
2023,7,28,CORDILLERA ADMINISTRATIVE REGION (CAR),226,1
2023,7,28,MIMAROPA REGION,620,2
2023,7,28,NATIONAL CAPITAL REGION (NCR),415,1
2023,7,28,NEGROS ISLAND REGION (NIR),96,0
2023,7,28,REGION I (ILOCOS REGION),346,2
2023,7,28,REGION II (CAGAYAN VALLEY),151,0
2023,7,28,REGION III (CENTRAL LUZON),501,1
2023,7,28,REGION IV-A (CALABARZON),458,1
2023,7,28,REGION IX (ZAMBOANGA PENINSULA),363,3
2023,7,28,REGION V (BICOL REGION),38,0
2023,7,28,REGION VI (WESTERN VISAYAS),182,0
2023,7,28,REGION VII (CENTRAL VISAYAS),167,1
2023,7,28,REGION VIII (EASTERN VISAYAS),137,0
2023,7,28,REGION X (NORTHERN MINDANAO),439,0
2023,7,28,REGION XI (DAVAO REGION),466,0
2023,7,28,REGION XII (SOCCSKSARGEN),359,1
2023,7,28,REGION XIII (CARAGA),89,0
2023,7,29,BANGSAMORO AUTONOMOUS REGION IN MUSLIM MINDANAO (BARMM),186,1
2023,7,29,CORDILLERA ADMINISTRATIVE REGION (CAR),257,0
2023,7,29,MIMAROPA REGION,588,1
2023,7,29,NATIONAL CAPITAL REGION (NCR),353,1
2023,7,29,NEGROS ISLAND REGION (NIR),82,2
2023,7,29,REGION I (ILOCOS REGION),390,3
2023,7,29,REGION II (CAGAYAN VALLEY),121,0
2023,7,29,REGION III (CENTRAL LUZON),527,3
2023,7,29,REGION IV-A (CALABARZON),405,2
2023,7,29,REGION IX (ZAMBOANGA PENINSULA),277,0
2023,7,29,REGION V (BICOL REGION),26,0
2023,7,29,REGION VI (WESTERN VISAYAS),180,1
2023,7,29,REGION VII (CENTRAL VISAYAS),152,1
2023,7,29,REGION VIII (EASTERN VISAYAS),95,0
2023,7,29,REGION X (NORTHERN MINDANAO),409,0
2023,7,29,REGION XI (DAVAO REGION),479,3
2023,7,29,REGION XII (SOCCSKSARGEN),343,1
2023,7,29,REGION XIII (CARAGA),116,0
2023,7,30,BANGSAMORO AUTONOMOUS REGION IN MUSLIM MINDANAO (BARMM),171,3
2023,7,30,CORDILLERA ADMINISTRATIVE REGION (CAR),271,1
2023,7,30,MIMAROPA REGION,516,1
2023,7,30,NATIONAL CAPITAL REGION (NCR),361,0
2023,7,30,NEGROS ISLAND REGION (NIR),81,0
2023,7,30,REGION I (ILOCOS REGION),298,1
2023,7,30,REGION II (CAGAYAN VALLEY),104,0
2023,7,30,REGION III (CENTRAL LUZON),510,1
2023,7,30,REGION IV-A (CALABARZON),389,1
2023,7,30,REGION IX (ZAMBOANGA PENINSULA),268,0
2023,7,30,REGION V (BICOL REGION),22,0
2023,7,30,REGION VI (WESTERN VISAYAS),194,1
2023,7,30,REGION VII (CENTRAL VISAYAS),143,0
2023,7,30,REGION VIII (EASTERN VISAYAS),160,1
2023,7,30,REGION X (NORTHERN MINDANAO),446,3
2023,7,30,REGION XI (DAVAO REGION),555,5
2023,7,30,REGION XII (SOCCSKSARGEN),394,2
2023,7,30,REGION XIII (CARAGA),88,0
2023,7,31,BANGSAMORO AUTONOMOUS REGION IN MUSLIM MINDANAO (BARMM),56,0
2023,7,31,CORDILLERA ADMINISTRATIVE REGION (CAR),65,0
2023,7,31,MIMAROPA REGION,138,0
2023,7,31,NATIONAL CAPITAL REGION (NCR),68,0
2023,7,31,NEGROS ISLAND REGION (NIR),35,0
2023,7,31,REGION I (ILOCOS REGION),72,0
2023,7,31,REGION II (CAGAYAN VALLEY),26,0
2023,7,31,REGION III (CENTRAL LUZON),149,0
2023,7,31,REGION IV-A (CALABARZON),123,0
2023,7,31,REGION IX (ZAMBOANGA PENINSULA),86,1
2023,7,31,REGION V (BICOL REGION),4,0
2023,7,31,REGION VI (WESTERN VISAYAS),29,0
2023,7,31,REGION VII (CENTRAL VISAYAS),68,1
2023,7,31,REGION VIII (EASTERN VISAYAS),33,0
2023,7,31,REGION X (NORTHERN MINDANAO),135,2
2023,7,31,REGION XI (DAVAO REGION),168,1
2023,7,31,REGION XII (SOCCSKSARGEN),115,1
2023,7,31,REGION XIII (CARAGA),27,0
2023,8,31,BANGSAMORO AUTONOMOUS REGION IN MUSLIM MINDANAO (BARMM),139,1
2023,8,31,CORDILLERA ADMINISTRATIVE REGION (CAR),161,0
2023,8,31,MIMAROPA REGION,392,2
2023,8,31,NATIONAL CAPITAL REGION (NCR),319,0
2023,8,31,NEGROS ISLAND REGION (NIR),75,1
2023,8,31,REGION I (ILOCOS REGION),233,3
2023,8,31,REGION II (CAGAYAN VALLEY),112,2
2023,8,31,REGION III (CENTRAL LUZON),363,1
2023,8,31,REGION IV-A (CALABARZON),329,3
2023,8,31,REGION IX (ZAMBOANGA PENINSULA),251,1
2023,8,31,REGION V (BICOL REGION),28,0
2023,8,31,REGION VI (WESTERN VISAYAS),134,0
2023,8,31,REGION VII (CENTRAL VISAYAS),123,1
2023,8,31,REGION VIII (EASTERN VISAYAS),75,0
2023,8,31,REGION X (NORTHERN MINDANAO),387,0
2023,8,31,REGION XI (DAVAO REGION),461,3
2023,8,31,REGION XII (SOCCSKSARGEN),249,0
2023,8,31,REGION XIII (CARAGA),54,0
2023,8,32,BANGSAMORO AUTONOMOUS REGION IN MUSLIM MINDANAO (BARMM),219,0
2023,8,32,CORDILLERA ADMINISTRATIVE REGION (CAR),275,2
2023,8,32,MIMAROPA REGION,513,3
2023,8,32,NATIONAL CAPITAL REGION (NCR),493,1
2023,8,32,NEGROS ISLAND REGION (NIR),102,0
2023,8,32,REGION I (ILOCOS REGION),380,3
2023,8,32,REGION II (CAGAYAN VALLEY),138,1
2023,8,32,REGION III (CENTRAL LUZON),556,1
2023,8,32,REGION IV-A (CALABARZON),512,0
2023,8,32,REGION IX (ZAMBOANGA PENINSULA),304,2
2023,8,32,REGION V (BICOL REGION),39,0
2023,8,32,REGION VI (WESTERN VISAYAS),148,1
2023,8,32,REGION VII (CENTRAL VISAYAS),149,3
2023,8,32,REGION VIII (EASTERN VISAYAS),88,0
2023,8,32,REGION X (NORTHERN MINDANAO),501,1
2023,8,32,REGION XI (DAVAO REGION),580,4
2023,8,32,REGION XII (SOCCSKSARGEN),376,4
2023,8,32,REGION XIII (CARAGA),109,0
2023,8,33,BANGSAMORO AUTONOMOUS REGION IN MUSLIM MINDANAO (BARMM),273,1
2023,8,33,CORDILLERA ADMINISTRATIVE REGION (CAR),310,0
2023,8,33,MIMAROPA REGION,452,3
2023,8,33,NATIONAL CAPITAL REGION (NCR),528,3
2023,8,33,NEGROS ISLAND REGION (NIR),105,1
2023,8,33,REGION I (ILOCOS REGION),331,3
2023,8,33,REGION II (CAGAYAN VALLEY),162,1
2023,8,33,REGION III (CENTRAL LUZON),608,1
2023,8,33,REGION IV-A (CALABARZON),524,2
2023,8,33,REGION IX (ZAMBOANGA PENINSULA),304,0
2023,8,33,REGION V (BICOL REGION),32,0
2023,8,33,REGION VI (WESTERN VISAYAS),155,0
2023,8,33,REGION VII (CENTRAL VISAYAS),141,0
2023,8,33,REGION VIII (EASTERN VISAYAS),81,1
2023,8,33,REGION X (NORTHERN MINDANAO),437,2
2023,8,33,REGION XI (DAVAO REGION),584,1
2023,8,33,REGION XII (SOCCSKSARGEN),379,1
2023,8,33,REGION XIII (CARAGA),107,0
2023,8,34,BANGSAMORO AUTONOMOUS REGION IN MUSLIM MINDANAO (BARMM),215,1
2023,8,34,CORDILLERA ADMINISTRATIVE REGION (CAR),342,0
2023,8,34,MIMAROPA REGION,365,3
2023,8,34,NATIONAL CAPITAL REGION (NCR),556,1
2023,8,34,NEGROS ISLAND REGION (NIR),89,0
2023,8,34,REGION I (ILOCOS REGION),361,1
2023,8,34,REGION II (CAGAYAN VALLEY),179,1
2023,8,34,REGION III (CENTRAL LUZON),637,1
2023,8,34,REGION IV-A (CALABARZON),427,0
2023,8,34,REGION IX (ZAMBOANGA PENINSULA),281,1
2023,8,34,REGION V (BICOL REGION),18,0
2023,8,34,REGION VI (WESTERN VISAYAS),126,0
2023,8,34,REGION VII (CENTRAL VISAYAS),157,1
2023,8,34,REGION VIII (EASTERN VISAYAS),102,0
2023,8,34,REGION X (NORTHERN MINDANAO),417,1
2023,8,34,REGION XI (DAVAO REGION),547,2
2023,8,34,REGION XII (SOCCSKSARGEN),298,2
2023,8,34,REGION XIII (CARAGA),104,0
2023,8,35,BANGSAMORO AUTONOMOUS REGION IN MUSLIM MINDANAO (BARMM),173,0
2023,8,35,CORDILLERA ADMINISTRATIVE REGION (CAR),243,0
2023,8,35,MIMAROPA REGION,230,0
2023,8,35,NATIONAL CAPITAL REGION (NCR),381,1
2023,8,35,NEGROS ISLAND REGION (NIR),53,0
2023,8,35,REGION I (ILOCOS REGION),224,0
2023,8,35,REGION II (CAGAYAN VALLEY),152,2
2023,8,35,REGION III (CENTRAL LUZON),434,0
2023,8,35,REGION IV-A (CALABARZON),307,0
2023,8,35,REGION IX (ZAMBOANGA PENINSULA),225,1
2023,8,35,REGION V (BICOL REGION),17,0
2023,8,35,REGION VI (WESTERN VISAYAS),96,0
2023,8,35,REGION VII (CENTRAL VISAYAS),122,1
2023,8,35,REGION VIII (EASTERN VISAYAS),74,0
2023,8,35,REGION X (NORTHERN MINDANAO),272,2
2023,8,35,REGION XI (DAVAO REGION),402,5
2023,8,35,REGION XII (SOCCSKSARGEN),280,2
2023,8,35,REGION XIII (CARAGA),83,0
2023,9,35,BANGSAMORO AUTONOMOUS REGION IN MUSLIM MINDANAO (BARMM),102,1
2023,9,35,CORDILLERA ADMINISTRATIVE REGION (CAR),87,0
2023,9,35,MIMAROPA REGION,93,1
2023,9,35,NATIONAL CAPITAL REGION (NCR),180,0
2023,9,35,NEGROS ISLAND REGION (NIR),19,0
2023,9,35,REGION I (ILOCOS REGION),104,1
2023,9,35,REGION II (CAGAYAN VALLEY),55,0
2023,9,35,REGION III (CENTRAL LUZON),201,1
2023,9,35,REGION IV-A (CALABARZON),153,0
2023,9,35,REGION IX (ZAMBOANGA PENINSULA),142,1
2023,9,35,REGION V (BICOL REGION),14,0
2023,9,35,REGION VI (WESTERN VISAYAS),38,0
2023,9,35,REGION VII (CENTRAL VISAYAS),58,0
2023,9,35,REGION VIII (EASTERN VISAYAS),28,0
2023,9,35,REGION X (NORTHERN MINDANAO),153,0
2023,9,35,REGION XI (DAVAO REGION),222,2
2023,9,35,REGION XII (SOCCSKSARGEN),114,0
2023,9,35,REGION XIII (CARAGA),45,0
2023,9,36,BANGSAMORO AUTONOMOUS REGION IN MUSLIM MINDANAO (BARMM),237,1
2023,9,36,CORDILLERA ADMINISTRATIVE REGION (CAR),335,0
2023,9,36,MIMAROPA REGION,322,1
2023,9,36,NATIONAL CAPITAL REGION (NCR),652,0
2023,9,36,NEGROS ISLAND REGION (NIR),91,0
2023,9,36,REGION I (ILOCOS REGION),334,0
2023,9,36,REGION II (CAGAYAN VALLEY),220,1
2023,9,36,REGION III (CENTRAL LUZON),693,1
2023,9,36,REGION IV-A (CALABARZON),605,1
2023,9,36,REGION IX (ZAMBOANGA PENINSULA),320,0
2023,9,36,REGION V (BICOL REGION),26,0
2023,9,36,REGION VI (WESTERN VISAYAS),116,0
2023,9,36,REGION VII (CENTRAL VISAYAS),115,1
2023,9,36,REGION VIII (EASTERN VISAYAS),93,0
2023,9,36,REGION X (NORTHERN MINDANAO),433,1
2023,9,36,REGION XI (DAVAO REGION),621,3
2023,9,36,REGION XII (SOCCSKSARGEN),364,2
2023,9,36,REGION XIII (CARAGA),103,0
2023,9,37,BANGSAMORO AUTONOMOUS REGION IN MUSLIM MINDANAO (BARMM),266,1
2023,9,37,CORDILLERA ADMINISTRATIVE REGION (CAR),367,1
2023,9,37,MIMAROPA REGION,287,3
2023,9,37,NATIONAL CAPITAL REGION (NCR),747,2
2023,9,37,NEGROS ISLAND REGION (NIR),86,0
2023,9,37,REGION I (ILOCOS REGION),348,0
2023,9,37,REGION II (CAGAYAN VALLEY),207,1
2023,9,37,REGION III (CENTRAL LUZON),817,3
2023,9,37,REGION IV-A (CALABARZON),587,3
2023,9,37,REGION IX (ZAMBOANGA PENINSULA),369,0
2023,9,37,REGION V (BICOL REGION),25,0
2023,9,37,REGION VI (WESTERN VISAYAS),94,0
2023,9,37,REGION VII (CENTRAL VISAYAS),156,1
2023,9,37,REGION VIII (EASTERN VISAYAS),97,0
2023,9,37,REGION X (NORTHERN MINDANAO),438,2
2023,9,37,REGION XI (DAVAO REGION),587,2
2023,9,37,REGION XII (SOCCSKSARGEN),354,0
2023,9,37,REGION XIII (CARAGA),117,2
2023,9,38,BANGSAMORO AUTONOMOUS REGION IN MUSLIM MINDANAO (BARMM),219,0
2023,9,38,CORDILLERA ADMINISTRATIVE REGION (CAR),428,0
2023,9,38,MIMAROPA REGION,318,1
2023,9,38,NATIONAL CAPITAL REGION (NCR),728,0
2023,9,38,NEGROS ISLAND REGION (NIR),83,0
2023,9,38,REGION I (ILOCOS REGION),293,2
2023,9,38,REGION II (CAGAYAN VALLEY),264,0
2023,9,38,REGION III (CENTRAL LUZON),809,1
2023,9,38,REGION IV-A (CALABARZON),599,3
2023,9,38,REGION IX (ZAMBOANGA PENINSULA),363,1
2023,9,38,REGION V (BICOL REGION),28,0
2023,9,38,REGION VI (WESTERN VISAYAS),92,0
2023,9,38,REGION VII (CENTRAL VISAYAS),175,0
2023,9,38,REGION VIII (EASTERN VISAYAS),109,0
2023,9,38,REGION X (NORTHERN MINDANAO),441,5
2023,9,38,REGION XI (DAVAO REGION),521,4
2023,9,38,REGION XII (SOCCSKSARGEN),331,0
2023,9,38,REGION XIII (CARAGA),124,1
2023,9,39,BANGSAMORO AUTONOMOUS REGION IN MUSLIM MINDANAO (BARMM),185,0
2023,9,39,CORDILLERA ADMINISTRATIVE REGION (CAR),422,0
2023,9,39,MIMAROPA REGION,302,0
2023,9,39,NATIONAL CAPITAL REGION (NCR),770,1
2023,9,39,NEGROS ISLAND REGION (NIR),83,0
2023,9,39,REGION I (ILOCOS REGION),276,0
2023,9,39,REGION II (CAGAYAN VALLEY),247,0
2023,9,39,REGION III (CENTRAL LUZON),782,2
2023,9,39,REGION IV-A (CALABARZON),631,2
2023,9,39,REGION IX (ZAMBOANGA PENINSULA),328,2
2023,9,39,REGION V (BICOL REGION),35,0
2023,9,39,REGION VI (WESTERN VISAYAS),113,0
2023,9,39,REGION VII (CENTRAL VISAYAS),179,1
2023,9,39,REGION VIII (EASTERN VISAYAS),105,0
2023,9,39,REGION X (NORTHERN MINDANAO),414,1
2023,9,39,REGION XI (DAVAO REGION),461,1
2023,9,39,REGION XII (SOCCSKSARGEN),311,0
2023,9,39,REGION XIII (CARAGA),150,0
2023,10,40,BANGSAMORO AUTONOMOUS REGION IN MUSLIM MINDANAO (BARMM),198,1
2023,10,40,CORDILLERA ADMINISTRATIVE REGION (CAR),445,0
2023,10,40,MIMAROPA REGION,380,2
2023,10,40,NATIONAL CAPITAL REGION (NCR),751,1
2023,10,40,NEGROS ISLAND REGION (NIR),82,0
2023,10,40,REGION I (ILOCOS REGION),304,0
2023,10,40,REGION II (CAGAYAN VALLEY),297,0
2023,10,40,REGION III (CENTRAL LUZON),894,1
2023,10,40,REGION IV-A (CALABARZON),735,1
2023,10,40,REGION IX (ZAMBOANGA PENINSULA),324,1
2023,10,40,REGION V (BICOL REGION),31,0
2023,10,40,REGION VI (WESTERN VISAYAS),134,0
2023,10,40,REGION VII (CENTRAL VISAYAS),181,2
2023,10,40,REGION VIII (EASTERN VISAYAS),122,0
2023,10,40,REGION X (NORTHERN MINDANAO),537,0
2023,10,40,REGION XI (DAVAO REGION),460,1
2023,10,40,REGION XII (SOCCSKSARGEN),348,1
2023,10,40,REGION XIII (CARAGA),154,2
2023,10,41,BANGSAMORO AUTONOMOUS REGION IN MUSLIM MINDANAO (BARMM),178,1
2023,10,41,CORDILLERA ADMINISTRATIVE REGION (CAR),331,0
2023,10,41,MIMAROPA REGION,351,1
2023,10,41,NATIONAL CAPITAL REGION (NCR),789,0
2023,10,41,NEGROS ISLAND REGION (NIR),97,0
2023,10,41,REGION I (ILOCOS REGION),294,3
2023,10,41,REGION II (CAGAYAN VALLEY),314,0
2023,10,41,REGION III (CENTRAL LUZON),848,1
2023,10,41,REGION IV-A (CALABARZON),718,0
2023,10,41,REGION IX (ZAMBOANGA PENINSULA),355,2
2023,10,41,REGION V (BICOL REGION),28,0
2023,10,41,REGION VI (WESTERN VISAYAS),129,0
2023,10,41,REGION VII (CENTRAL VISAYAS),180,0
2023,10,41,REGION VIII (EASTERN VISAYAS),149,0
2023,10,41,REGION X (NORTHERN MINDANAO),461,0
2023,10,41,REGION XI (DAVAO REGION),434,2
2023,10,41,REGION XII (SOCCSKSARGEN),303,1
2023,10,41,REGION XIII (CARAGA),139,0
2023,10,42,BANGSAMORO AUTONOMOUS REGION IN MUSLIM MINDANAO (BARMM),194,0
2023,10,42,CORDILLERA ADMINISTRATIVE REGION (CAR),349,0
2023,10,42,MIMAROPA REGION,308,0
2023,10,42,NATIONAL CAPITAL REGION (NCR),713,0
2023,10,42,NEGROS ISLAND REGION (NIR),85,0
2023,10,42,REGION I (ILOCOS REGION),215,1
2023,10,42,REGION II (CAGAYAN VALLEY),343,1
2023,10,42,REGION III (CENTRAL LUZON),830,1
2023,10,42,REGION IV-A (CALABARZON),754,1
2023,10,42,REGION IX (ZAMBOANGA PENINSULA),376,1
2023,10,42,REGION V (BICOL REGION),40,0
2023,10,42,REGION VI (WESTERN VISAYAS),116,0
2023,10,42,REGION VII (CENTRAL VISAYAS),226,0
2023,10,42,REGION VIII (EASTERN VISAYAS),133,0
2023,10,42,REGION X (NORTHERN MINDANAO),412,0
2023,10,42,REGION XI (DAVAO REGION),485,2
2023,10,42,REGION XII (SOCCSKSARGEN),339,4
2023,10,42,REGION XIII (CARAGA),136,0
2023,10,43,BANGSAMORO AUTONOMOUS REGION IN MUSLIM MINDANAO (BARMM),171,0
2023,10,43,CORDILLERA ADMINISTRATIVE REGION (CAR),304,0
2023,10,43,MIMAROPA REGION,257,0
2023,10,43,NATIONAL CAPITAL REGION (NCR),648,3
2023,10,43,NEGROS ISLAND REGION (NIR),72,1
2023,10,43,REGION I (ILOCOS REGION),238,0
2023,10,43,REGION II (CAGAYAN VALLEY),318,1
2023,10,43,REGION III (CENTRAL LUZON),736,2
2023,10,43,REGION IV-A (CALABARZON),625,0
2023,10,43,REGION IX (ZAMBOANGA PENINSULA),299,2
2023,10,43,REGION V (BICOL REGION),30,0
2023,10,43,REGION VI (WESTERN VISAYAS),94,0
2023,10,43,REGION VII (CENTRAL VISAYAS),184,1
2023,10,43,REGION VIII (EASTERN VISAYAS),115,0
2023,10,43,REGION X (NORTHERN MINDANAO),354,1
2023,10,43,REGION XI (DAVAO REGION),384,1
2023,10,43,REGION XII (SOCCSKSARGEN),290,3
2023,10,43,REGION XIII (CARAGA),144,0
2023,10,44,BANGSAMORO AUTONOMOUS REGION IN MUSLIM MINDANAO (BARMM),76,0
2023,10,44,CORDILLERA ADMINISTRATIVE REGION (CAR),101,0
2023,10,44,MIMAROPA REGION,94,2
2023,10,44,NATIONAL CAPITAL REGION (NCR),315,0
2023,10,44,NEGROS ISLAND REGION (NIR),32,0
2023,10,44,REGION I (ILOCOS REGION),89,0
2023,10,44,REGION II (CAGAYAN VALLEY),93,0
2023,10,44,REGION III (CENTRAL LUZON),317,0
2023,10,44,REGION IV-A (CALABARZON),265,0
2023,10,44,REGION IX (ZAMBOANGA PENINSULA),83,1
2023,10,44,REGION V (BICOL REGION),10,0
2023,10,44,REGION VI (WESTERN VISAYAS),53,0
2023,10,44,REGION VII (CENTRAL VISAYAS),88,3
2023,10,44,REGION VIII (EASTERN VISAYAS),47,0
2023,10,44,REGION X (NORTHERN MINDANAO),151,1
2023,10,44,REGION XI (DAVAO REGION),160,0
2023,10,44,REGION XII (SOCCSKSARGEN),104,0
2023,10,44,REGION XIII (CARAGA),57,0
2023,11,44,BANGSAMORO AUTONOMOUS REGION IN MUSLIM MINDANAO (BARMM),114,0
2023,11,44,CORDILLERA ADMINISTRATIVE REGION (CAR),148,0
2023,11,44,MIMAROPA REGION,153,0
2023,11,44,NATIONAL CAPITAL REGION (NCR),470,0
2023,11,44,NEGROS ISLAND REGION (NIR),40,0
2023,11,44,REGION I (ILOCOS REGION),142,0
2023,11,44,REGION II (CAGAYAN VALLEY),177,0
2023,11,44,REGION III (CENTRAL LUZON),399,1
2023,11,44,REGION IV-A (CALABARZON),384,0
2023,11,44,REGION IX (ZAMBOANGA PENINSULA),195,0
2023,11,44,REGION V (BICOL REGION),20,0
2023,11,44,REGION VI (WESTERN VISAYAS),88,0
2023,11,44,REGION VII (CENTRAL VISAYAS),136,1
2023,11,44,REGION VIII (EASTERN VISAYAS),100,0
2023,11,44,REGION X (NORTHERN MINDANAO),265,0
2023,11,44,REGION XI (DAVAO REGION),247,2
2023,11,44,REGION XII (SOCCSKSARGEN),135,1
2023,11,44,REGION XIII (CARAGA),73,0
2023,11,45,BANGSAMORO AUTONOMOUS REGION IN MUSLIM MINDANAO (BARMM),208,1
2023,11,45,CORDILLERA ADMINISTRATIVE REGION (CAR),289,0
2023,11,45,MIMAROPA REGION,240,0
2023,11,45,NATIONAL CAPITAL REGION (NCR),826,3
2023,11,45,NEGROS ISLAND REGION (NIR),111,1
2023,11,45,REGION I (ILOCOS REGION),259,0
2023,11,45,REGION II (CAGAYAN VALLEY),297,1
2023,11,45,REGION III (CENTRAL LUZON),714,0
2023,11,45,REGION IV-A (CALABARZON),713,1
2023,11,45,REGION IX (ZAMBOANGA PENINSULA),273,0
2023,11,45,REGION V (BICOL REGION),35,0
2023,11,45,REGION VI (WESTERN VISAYAS),125,0
2023,11,45,REGION VII (CENTRAL VISAYAS),251,2
2023,11,45,REGION VIII (EASTERN VISAYAS),131,0
2023,11,45,REGION X (NORTHERN MINDANAO),435,2
2023,11,45,REGION XI (DAVAO REGION),487,4
2023,11,45,REGION XII (SOCCSKSARGEN),268,1
2023,11,45,REGION XIII (CARAGA),167,0
2023,11,46,BANGSAMORO AUTONOMOUS REGION IN MUSLIM MINDANAO (BARMM),188,0
2023,11,46,CORDILLERA ADMINISTRATIVE REGION (CAR),214,0
2023,11,46,MIMAROPA REGION,254,4
2023,11,46,NATIONAL CAPITAL REGION (NCR),794,1
2023,11,46,NEGROS ISLAND REGION (NIR),91,0
2023,11,46,REGION I (ILOCOS REGION),216,0
2023,11,46,REGION II (CAGAYAN VALLEY),269,0
2023,11,46,REGION III (CENTRAL LUZON),634,1
2023,11,46,REGION IV-A (CALABARZON),640,1
2023,11,46,REGION IX (ZAMBOANGA PENINSULA),259,1
2023,11,46,REGION V (BICOL REGION),35,1
2023,11,46,REGION VI (WESTERN VISAYAS),107,0
2023,11,46,REGION VII (CENTRAL VISAYAS),259,0
2023,11,46,REGION VIII (EASTERN VISAYAS),127,0
2023,11,46,REGION X (NORTHERN MINDANAO),374,4
2023,11,46,REGION XI (DAVAO REGION),426,1
2023,11,46,REGION XII (SOCCSKSARGEN),252,2
2023,11,46,REGION XIII (CARAGA),179,0
2023,11,47,BANGSAMORO AUTONOMOUS REGION IN MUSLIM MINDANAO (BARMM),205,1
2023,11,47,CORDILLERA ADMINISTRATIVE REGION (CAR),145,0
2023,11,47,MIMAROPA REGION,205,0
2023,11,47,NATIONAL CAPITAL REGION (NCR),658,1
2023,11,47,NEGROS ISLAND REGION (NIR),88,1
2023,11,47,REGION I (ILOCOS REGION),175,2
2023,11,47,REGION II (CAGAYAN VALLEY),225,1
2023,11,47,REGION III (CENTRAL LUZON),517,0
2023,11,47,REGION IV-A (CALABARZON),530,1
2023,11,47,REGION IX (ZAMBOANGA PENINSULA),262,0
2023,11,47,REGION V (BICOL REGION),45,0
2023,11,47,REGION VI (WESTERN VISAYAS),87,0
2023,11,47,REGION VII (CENTRAL VISAYAS),288,1
2023,11,47,REGION VIII (EASTERN VISAYAS),165,2
2023,11,47,REGION X (NORTHERN MINDANAO),375,1
2023,11,47,REGION XI (DAVAO REGION),396,2
2023,11,47,REGION XII (SOCCSKSARGEN),265,1
2023,11,47,REGION XIII (CARAGA),166,0
2023,11,48,BANGSAMORO AUTONOMOUS REGION IN MUSLIM MINDANAO (BARMM),136,1
2023,11,48,CORDILLERA ADMINISTRATIVE REGION (CAR),132,0
2023,11,48,MIMAROPA REGION,134,0
2023,11,48,NATIONAL CAPITAL REGION (NCR),419,0
2023,11,48,NEGROS ISLAND REGION (NIR),55,0
2023,11,48,REGION I (ILOCOS REGION),134,0
2023,11,48,REGION II (CAGAYAN VALLEY),149,1
2023,11,48,REGION III (CENTRAL LUZON),388,0
2023,11,48,REGION IV-A (CALABARZON),406,0
2023,11,48,REGION IX (ZAMBOANGA PENINSULA),183,0
2023,11,48,REGION V (BICOL REGION),36,0
2023,11,48,REGION VI (WESTERN VISAYAS),69,0
2023,11,48,REGION VII (CENTRAL VISAYAS),199,0
2023,11,48,REGION VIII (EASTERN VISAYAS),127,0
2023,11,48,REGION X (NORTHERN MINDANAO),248,0
2023,11,48,REGION XI (DAVAO REGION),317,1
2023,11,48,REGION XII (SOCCSKSARGEN),172,3
2023,11,48,REGION XIII (CARAGA),136,0
2023,12,48,BANGSAMORO AUTONOMOUS REGION IN MUSLIM MINDANAO (BARMM),50,0
2023,12,48,CORDILLERA ADMINISTRATIVE REGION (CAR),53,0
2023,12,48,MIMAROPA REGION,69,1
2023,12,48,NATIONAL CAPITAL REGION (NCR),188,0
2023,12,48,NEGROS ISLAND REGION (NIR),29,1
2023,12,48,REGION I (ILOCOS REGION),52,0
2023,12,48,REGION II (CAGAYAN VALLEY),63,1
2023,12,48,REGION III (CENTRAL LUZON),155,0
2023,12,48,REGION IV-A (CALABARZON),168,1
2023,12,48,REGION IX (ZAMBOANGA PENINSULA),78,0
2023,12,48,REGION V (BICOL REGION),18,0
2023,12,48,REGION VI (WESTERN VISAYAS),44,0
2023,12,48,REGION VII (CENTRAL VISAYAS),108,0
2023,12,48,REGION VIII (EASTERN VISAYAS),68,0
2023,12,48,REGION X (NORTHERN MINDANAO),173,1
2023,12,48,REGION XI (DAVAO REGION),177,0
2023,12,48,REGION XII (SOCCSKSARGEN),105,0
2023,12,48,REGION XIII (CARAGA),58,0
2023,12,49,BANGSAMORO AUTONOMOUS REGION IN MUSLIM MINDANAO (BARMM),153,3
2023,12,49,CORDILLERA ADMINISTRATIVE REGION (CAR),177,0
2023,12,49,MIMAROPA REGION,164,0
2023,12,49,NATIONAL CAPITAL REGION (NCR),523,3
2023,12,49,NEGROS ISLAND REGION (NIR),88,0
2023,12,49,REGION I (ILOCOS REGION),142,0
2023,12,49,REGION II (CAGAYAN VALLEY),185,0
2023,12,49,REGION III (CENTRAL LUZON),514,1
2023,12,49,REGION IV-A (CALABARZON),461,0
2023,12,49,REGION IX (ZAMBOANGA PENINSULA),183,0
2023,12,49,REGION V (BICOL REGION),28,0
2023,12,49,REGION VI (WESTERN VISAYAS),97,0
2023,12,49,REGION VII (CENTRAL VISAYAS),271,1
2023,12,49,REGION VIII (EASTERN VISAYAS),202,0
2023,12,49,REGION X (NORTHERN MINDANAO),371,0
2023,12,49,REGION XI (DAVAO REGION),447,4
2023,12,49,REGION XII (SOCCSKSARGEN),211,1
2023,12,49,REGION XIII (CARAGA),187,3
2023,12,50,BANGSAMORO AUTONOMOUS REGION IN MUSLIM MINDANAO (BARMM),165,1
2023,12,50,CORDILLERA ADMINISTRATIVE REGION (CAR),169,0
2023,12,50,MIMAROPA REGION,144,4
2023,12,50,NATIONAL CAPITAL REGION (NCR),535,0
2023,12,50,NEGROS ISLAND REGION (NIR),60,1
2023,12,50,REGION I (ILOCOS REGION),109,2
2023,12,50,REGION II (CAGAYAN VALLEY),209,1
2023,12,50,REGION III (CENTRAL LUZON),413,2
2023,12,50,REGION IV-A (CALABARZON),375,0
2023,12,50,REGION IX (ZAMBOANGA PENINSULA),170,1
2023,12,50,REGION V (BICOL REGION),37,0
2023,12,50,REGION VI (WESTERN VISAYAS),94,1
2023,12,50,REGION VII (CENTRAL VISAYAS),292,0
2023,12,50,REGION VIII (EASTERN VISAYAS),159,0
2023,12,50,REGION X (NORTHERN MINDANAO),433,1
2023,12,50,REGION XI (DAVAO REGION),469,2
2023,12,50,REGION XII (SOCCSKSARGEN),204,1
2023,12,50,REGION XIII (CARAGA),188,0
2023,12,51,BANGSAMORO AUTONOMOUS REGION IN MUSLIM MINDANAO (BARMM),106,1
2023,12,51,CORDILLERA ADMINISTRATIVE REGION (CAR),147,1
2023,12,51,MIMAROPA REGION,108,3
2023,12,51,NATIONAL CAPITAL REGION (NCR),377,0
2023,12,51,NEGROS ISLAND REGION (NIR),78,0
2023,12,51,REGION I (ILOCOS REGION),77,1
2023,12,51,REGION II (CAGAYAN VALLEY),130,0
2023,12,51,REGION III (CENTRAL LUZON),338,0
2023,12,51,REGION IV-A (CALABARZON),341,1
2023,12,51,REGION IX (ZAMBOANGA PENINSULA),137,0
2023,12,51,REGION V (BICOL REGION),25,0
2023,12,51,REGION VI (WESTERN VISAYAS),52,0
2023,12,51,REGION VII (CENTRAL VISAYAS),229,0
2023,12,51,REGION VIII (EASTERN VISAYAS),127,0
2023,12,51,REGION X (NORTHERN MINDANAO),343,3
2023,12,51,REGION XI (DAVAO REGION),400,1
2023,12,51,REGION XII (SOCCSKSARGEN),183,2
2023,12,51,REGION XIII (CARAGA),181,1
2023,12,52,BANGSAMORO AUTONOMOUS REGION IN MUSLIM MINDANAO (BARMM),130,1
2023,12,52,CORDILLERA ADMINISTRATIVE REGION (CAR),159,0
2023,12,52,MIMAROPA REGION,169,0
2023,12,52,NATIONAL CAPITAL REGION (NCR),426,0
2023,12,52,NEGROS ISLAND REGION (NIR),87,0
2023,12,52,REGION I (ILOCOS REGION),63,0
2023,12,52,REGION II (CAGAYAN VALLEY),127,0
2023,12,52,REGION III (CENTRAL LUZON),366,0
2023,12,52,REGION IV-A (CALABARZON),434,2
2023,12,52,REGION IX (ZAMBOANGA PENINSULA),139,0
2023,12,52,REGION V (BICOL REGION),27,0
2023,12,52,REGION VI (WESTERN VISAYAS),90,1
2023,12,52,REGION VII (CENTRAL VISAYAS),285,0
2023,12,52,REGION VIII (EASTERN VISAYAS),54,0
2023,12,52,REGION X (NORTHERN MINDANAO),396,0
2023,12,52,REGION XI (DAVAO REGION),475,0
2023,12,52,REGION XII (SOCCSKSARGEN),226,0
2023,12,52,REGION XIII (CARAGA),242,1
2024,1,1,BANGSAMORO AUTONOMOUS REGION IN MUSLIM MINDANAO (BARMM),166,2
2024,1,1,CORDILLERA ADMINISTRATIVE REGION (CAR),160,0
2024,1,1,MIMAROPA REGION,181,3
2024,1,1,NATIONAL CAPITAL REGION (NCR),436,0
2024,1,1,NEGROS ISLAND REGION (NIR),102,0
2024,1,1,REGION I (ILOCOS REGION),35,0
2024,1,1,REGION II (CAGAYAN VALLEY),143,0
2024,1,1,REGION III (CENTRAL LUZON),389,1
2024,1,1,REGION IV-A (CALABARZON),453,2
2024,1,1,REGION IX (ZAMBOANGA PENINSULA),228,0
2024,1,1,REGION V (BICOL REGION),30,0
2024,1,1,REGION VI (WESTERN VISAYAS),136,0
2024,1,1,REGION VII (CENTRAL VISAYAS),363,1
2024,1,1,REGION VIII (EASTERN VISAYAS),139,0
2024,1,1,REGION X (NORTHERN MINDANAO),437,4
2024,1,1,REGION XI (DAVAO REGION),68,1
2024,1,1,REGION XII (SOCCSKSARGEN),363,1
2024,1,1,REGION XIII (CARAGA),254,0
2024,1,2,BANGSAMORO AUTONOMOUS REGION IN MUSLIM MINDANAO (BARMM),163,1
2024,1,2,CORDILLERA ADMINISTRATIVE REGION (CAR),104,0
2024,1,2,MIMAROPA REGION,165,4
2024,1,2,NATIONAL CAPITAL REGION (NCR),481,1
2024,1,2,NEGROS ISLAND REGION (NIR),121,1
2024,1,2,REGION I (ILOCOS REGION),48,0
2024,1,2,REGION II (CAGAYAN VALLEY),153,0
2024,1,2,REGION III (CENTRAL LUZON),370,0
2024,1,2,REGION IV-A (CALABARZON),476,1
2024,1,2,REGION IX (ZAMBOANGA PENINSULA),228,0
2024,1,2,REGION V (BICOL REGION),24,0
2024,1,2,REGION VI (WESTERN VISAYAS),164,0
2024,1,2,REGION VII (CENTRAL VISAYAS),390,1
2024,1,2,REGION VIII (EASTERN VISAYAS),127,1
2024,1,2,REGION X (NORTHERN MINDANAO),404,2
2024,1,2,REGION XI (DAVAO REGION),535,3
2024,1,2,REGION XII (SOCCSKSARGEN),342,3
2024,1,2,REGION XIII (CARAGA),217,1
2024,1,3,BANGSAMORO AUTONOMOUS REGION IN MUSLIM MINDANAO (BARMM),149,2
2024,1,3,CORDILLERA ADMINISTRATIVE REGION (CAR),104,0
2024,1,3,MIMAROPA REGION,144,2
2024,1,3,NATIONAL CAPITAL REGION (NCR),422,0
2024,1,3,NEGROS ISLAND REGION (NIR),121,0
2024,1,3,REGION I (ILOCOS REGION),27,0
2024,1,3,REGION II (CAGAYAN VALLEY),120,0
2024,1,3,REGION III (CENTRAL LUZON),288,2
2024,1,3,REGION IV-A (CALABARZON),375,4
2024,1,3,REGION IX (ZAMBOANGA PENINSULA),222,0
2024,1,3,REGION V (BICOL REGION),22,1
2024,1,3,REGION VI (WESTERN VISAYAS),131,0
2024,1,3,REGION VII (CENTRAL VISAYAS),335,0
2024,1,3,REGION VIII (EASTERN VISAYAS),133,0
2024,1,3,REGION X (NORTHERN MINDANAO),419,4
2024,1,3,REGION XI (DAVAO REGION),801,4
2024,1,3,REGION XII (SOCCSKSARGEN),287,1
2024,1,3,REGION XIII (CARAGA),268,2
2024,1,4,BANGSAMORO AUTONOMOUS REGION IN MUSLIM MINDANAO (BARMM),156,2
2024,1,4,CORDILLERA ADMINISTRATIVE REGION (CAR),77,0
2024,1,4,MIMAROPA REGION,134,1
2024,1,4,NATIONAL CAPITAL REGION (NCR),406,1
2024,1,4,NEGROS ISLAND REGION (NIR),126,0
2024,1,4,REGION I (ILOCOS REGION),37,0
2024,1,4,REGION II (CAGAYAN VALLEY),131,0
2024,1,4,REGION III (CENTRAL LUZON),279,0
2024,1,4,REGION IV-A (CALABARZON),420,1
2024,1,4,REGION IX (ZAMBOANGA PENINSULA),208,0
2024,1,4,REGION V (BICOL REGION),18,1
2024,1,4,REGION VI (WESTERN VISAYAS),139,0
2024,1,4,REGION VII (CENTRAL VISAYAS),333,1
2024,1,4,REGION VIII (EASTERN VISAYAS),116,0
2024,1,4,REGION X (NORTHERN MINDANAO),472,2
2024,1,4,REGION XI (DAVAO REGION),480,3
2024,1,4,REGION XII (SOCCSKSARGEN),332,2
2024,1,4,REGION XIII (CARAGA),275,3
2024,1,5,BANGSAMORO AUTONOMOUS REGION IN MUSLIM MINDANAO (BARMM),84,0
2024,1,5,CORDILLERA ADMINISTRATIVE REGION (CAR),42,0
2024,1,5,MIMAROPA REGION,78,1
2024,1,5,NATIONAL CAPITAL REGION (NCR),247,1
2024,1,5,NEGROS ISLAND REGION (NIR),63,0
2024,1,5,REGION I (ILOCOS REGION),13,0
2024,1,5,REGION II (CAGAYAN VALLEY),55,1
2024,1,5,REGION III (CENTRAL LUZON),158,1
2024,1,5,REGION IV-A (CALABARZON),225,0
2024,1,5,REGION IX (ZAMBOANGA PENINSULA),110,0
2024,1,5,REGION V (BICOL REGION),5,0
2024,1,5,REGION VI (WESTERN VISAYAS),108,0
2024,1,5,REGION VII (CENTRAL VISAYAS),196,0
2024,1,5,REGION VIII (EASTERN VISAYAS),54,0
2024,1,5,REGION X (NORTHERN MINDANAO),216,0
2024,1,5,REGION XI (DAVAO REGION),243,2
2024,1,5,REGION XII (SOCCSKSARGEN),185,1
2024,1,5,REGION XIII (CARAGA),129,0
2024,2,5,BANGSAMORO AUTONOMOUS REGION IN MUSLIM MINDANAO (BARMM),81,0
2024,2,5,CORDILLERA ADMINISTRATIVE REGION (CAR),40,0
2024,2,5,MIMAROPA REGION,76,0
2024,2,5,NATIONAL CAPITAL REGION (NCR),202,0
2024,2,5,NEGROS ISLAND REGION (NIR),34,0
2024,2,5,REGION I (ILOCOS REGION),10,0
2024,2,5,REGION II (CAGAYAN VALLEY),56,1
2024,2,5,REGION III (CENTRAL LUZON),126,0
2024,2,5,REGION IV-A (CALABARZON),174,1
2024,2,5,REGION IX (ZAMBOANGA PENINSULA),114,0
2024,2,5,REGION V (BICOL REGION),3,0
2024,2,5,REGION VI (WESTERN VISAYAS),71,0
2024,2,5,REGION VII (CENTRAL VISAYAS),138,0
2024,2,5,REGION VIII (EASTERN VISAYAS),39,0
2024,2,5,REGION X (NORTHERN MINDANAO),178,1
2024,2,5,REGION XI (DAVAO REGION),3,0
2024,2,5,REGION XII (SOCCSKSARGEN),149,3
2024,2,5,REGION XIII (CARAGA),103,0
2024,2,6,BANGSAMORO AUTONOMOUS REGION IN MUSLIM MINDANAO (BARMM),174,0
2024,2,6,CORDILLERA ADMINISTRATIVE REGION (CAR),74,0
2024,2,6,MIMAROPA REGION,146,4
2024,2,6,NATIONAL CAPITAL REGION (NCR),377,0
2024,2,6,NEGROS ISLAND REGION (NIR),109,1
2024,2,6,REGION I (ILOCOS REGION),34,1
2024,2,6,REGION II (CAGAYAN VALLEY),97,0
2024,2,6,REGION III (CENTRAL LUZON),243,1
2024,2,6,REGION IV-A (CALABARZON),405,0
2024,2,6,REGION IX (ZAMBOANGA PENINSULA),222,0
2024,2,6,REGION V (BICOL REGION),9,0
2024,2,6,REGION VI (WESTERN VISAYAS),146,1
2024,2,6,REGION VII (CENTRAL VISAYAS),343,0
2024,2,6,REGION VIII (EASTERN VISAYAS),110,1
2024,2,6,REGION X (NORTHERN MINDANAO),428,4
2024,2,6,REGION XI (DAVAO REGION),231,2
2024,2,6,REGION XII (SOCCSKSARGEN),355,1
2024,2,6,REGION XIII (CARAGA),217,1
2024,2,7,BANGSAMORO AUTONOMOUS REGION IN MUSLIM MINDANAO (BARMM),163,1
2024,2,7,CORDILLERA ADMINISTRATIVE REGION (CAR),74,0
2024,2,7,MIMAROPA REGION,117,0
2024,2,7,NATIONAL CAPITAL REGION (NCR),402,1
2024,2,7,NEGROS ISLAND REGION (NIR),114,0
2024,2,7,REGION I (ILOCOS REGION),26,1
2024,2,7,REGION II (CAGAYAN VALLEY),90,0
2024,2,7,REGION III (CENTRAL LUZON),275,0
2024,2,7,REGION IV-A (CALABARZON),344,0
2024,2,7,REGION IX (ZAMBOANGA PENINSULA),206,0
2024,2,7,REGION V (BICOL REGION),9,1
2024,2,7,REGION VI (WESTERN VISAYAS),126,1
2024,2,7,REGION VII (CENTRAL VISAYAS),283,1
2024,2,7,REGION VIII (EASTERN VISAYAS),88,0
2024,2,7,REGION X (NORTHERN MINDANAO),417,3
2024,2,7,REGION XI (DAVAO REGION),633,4
2024,2,7,REGION XII (SOCCSKSARGEN),408,1
2024,2,7,REGION XIII (CARAGA),179,1
2024,2,8,BANGSAMORO AUTONOMOUS REGION IN MUSLIM MINDANAO (BARMM),183,0
2024,2,8,CORDILLERA ADMINISTRATIVE REGION (CAR),78,1
2024,2,8,MIMAROPA REGION,145,3
2024,2,8,NATIONAL CAPITAL REGION (NCR),336,0
2024,2,8,NEGROS ISLAND REGION (NIR),103,0
2024,2,8,REGION I (ILOCOS REGION),34,1
2024,2,8,REGION II (CAGAYAN VALLEY),83,0
2024,2,8,REGION III (CENTRAL LUZON),241,0
2024,2,8,REGION IV-A (CALABARZON),316,0
2024,2,8,REGION IX (ZAMBOANGA PENINSULA),235,0
2024,2,8,REGION V (BICOL REGION),21,1
2024,2,8,REGION VI (WESTERN VISAYAS),142,1
2024,2,8,REGION VII (CENTRAL VISAYAS),282,1
2024,2,8,REGION VIII (EASTERN VISAYAS),83,1
2024,2,8,REGION X (NORTHERN MINDANAO),374,5
2024,2,8,REGION XI (DAVAO REGION),521,2
2024,2,8,REGION XII (SOCCSKSARGEN),439,0
2024,2,8,REGION XIII (CARAGA),157,1
2024,2,9,BANGSAMORO AUTONOMOUS REGION IN MUSLIM MINDANAO (BARMM),116,1
2024,2,9,CORDILLERA ADMINISTRATIVE REGION (CAR),30,0
2024,2,9,MIMAROPA REGION,119,1
2024,2,9,NATIONAL CAPITAL REGION (NCR),245,0
2024,2,9,NEGROS ISLAND REGION (NIR),91,0
2024,2,9,REGION I (ILOCOS REGION),19,0
2024,2,9,REGION II (CAGAYAN VALLEY),49,2
2024,2,9,REGION III (CENTRAL LUZON),165,1
2024,2,9,REGION IV-A (CALABARZON),202,2
2024,2,9,REGION IX (ZAMBOANGA PENINSULA),154,0
2024,2,9,REGION V (BICOL REGION),8,0
2024,2,9,REGION VI (WESTERN VISAYAS),105,0
2024,2,9,REGION VII (CENTRAL VISAYAS),213,0
2024,2,9,REGION VIII (EASTERN VISAYAS),47,0
2024,2,9,REGION X (NORTHERN MINDANAO),257,1
2024,2,9,REGION XI (DAVAO REGION),277,3
2024,2,9,REGION XII (SOCCSKSARGEN),324,1
2024,2,9,REGION XIII (CARAGA),100,1
2024,3,9,BANGSAMORO AUTONOMOUS REGION IN MUSLIM MINDANAO (BARMM),58,0
2024,3,9,CORDILLERA ADMINISTRATIVE REGION (CAR),17,0
2024,3,9,MIMAROPA REGION,54,0
2024,3,9,NATIONAL CAPITAL REGION (NCR),128,0
2024,3,9,NEGROS ISLAND REGION (NIR),36,0
2024,3,9,REGION I (ILOCOS REGION),9,0
2024,3,9,REGION II (CAGAYAN VALLEY),23,0
2024,3,9,REGION III (CENTRAL LUZON),73,0
2024,3,9,REGION IV-A (CALABARZON),103,0
2024,3,9,REGION IX (ZAMBOANGA PENINSULA),85,0
2024,3,9,REGION V (BICOL REGION),8,0
2024,3,9,REGION VI (WESTERN VISAYAS),32,0
2024,3,9,REGION VII (CENTRAL VISAYAS),92,0
2024,3,9,REGION VIII (EASTERN VISAYAS),32,0
2024,3,9,REGION X (NORTHERN MINDANAO),141,3
2024,3,9,REGION XI (DAVAO REGION),3,0
2024,3,9,REGION XII (SOCCSKSARGEN),187,0
2024,3,9,REGION XIII (CARAGA),54,0
2024,3,10,BANGSAMORO AUTONOMOUS REGION IN MUSLIM MINDANAO (BARMM),160,1
2024,3,10,CORDILLERA ADMINISTRATIVE REGION (CAR),50,1
2024,3,10,MIMAROPA REGION,177,0
2024,3,10,NATIONAL CAPITAL REGION (NCR),295,0
2024,3,10,NEGROS ISLAND REGION (NIR),100,0
2024,3,10,REGION I (ILOCOS REGION),27,0
2024,3,10,REGION II (CAGAYAN VALLEY),53,0
2024,3,10,REGION III (CENTRAL LUZON),178,1
2024,3,10,REGION IV-A (CALABARZON),288,1
2024,3,10,REGION IX (ZAMBOANGA PENINSULA),241,0
2024,3,10,REGION V (BICOL REGION),19,0
2024,3,10,REGION VI (WESTERN VISAYAS),162,0
2024,3,10,REGION VII (CENTRAL VISAYAS),316,0
2024,3,10,REGION VIII (EASTERN VISAYAS),87,0
2024,3,10,REGION X (NORTHERN MINDANAO),324,0
2024,3,10,REGION XI (DAVAO REGION),199,2
2024,3,10,REGION XII (SOCCSKSARGEN),498,0
2024,3,10,REGION XIII (CARAGA),107,0
2024,3,11,BANGSAMORO AUTONOMOUS REGION IN MUSLIM MINDANAO (BARMM),157,2
2024,3,11,CORDILLERA ADMINISTRATIVE REGION (CAR),48,0
2024,3,11,MIMAROPA REGION,161,0
2024,3,11,NATIONAL CAPITAL REGION (NCR),272,0
2024,3,11,NEGROS ISLAND REGION (NIR),109,1
2024,3,11,REGION I (ILOCOS REGION),34,0
2024,3,11,REGION II (CAGAYAN VALLEY),38,0
2024,3,11,REGION III (CENTRAL LUZON),176,0
2024,3,11,REGION IV-A (CALABARZON),242,1
2024,3,11,REGION IX (ZAMBOANGA PENINSULA),198,0
2024,3,11,REGION V (BICOL REGION),19,0
2024,3,11,REGION VI (WESTERN VISAYAS),126,0
2024,3,11,REGION VII (CENTRAL VISAYAS),273,1
2024,3,11,REGION VIII (EASTERN VISAYAS),95,0
2024,3,11,REGION X (NORTHERN MINDANAO),339,4
2024,3,11,REGION XI (DAVAO REGION),535,4
2024,3,11,REGION XII (SOCCSKSARGEN),471,1
2024,3,11,REGION XIII (CARAGA),162,0
2024,3,12,BANGSAMORO AUTONOMOUS REGION IN MUSLIM MINDANAO (BARMM),186,1
2024,3,12,CORDILLERA ADMINISTRATIVE REGION (CAR),38,0
2024,3,12,MIMAROPA REGION,122,1
2024,3,12,NATIONAL CAPITAL REGION (NCR),222,1
2024,3,12,NEGROS ISLAND REGION (NIR),98,0
2024,3,12,REGION I (ILOCOS REGION),22,0
2024,3,12,REGION II (CAGAYAN VALLEY),48,0
2024,3,12,REGION III (CENTRAL LUZON),145,1
2024,3,12,REGION IV-A (CALABARZON),230,0
2024,3,12,REGION IX (ZAMBOANGA PENINSULA),224,0
2024,3,12,REGION V (BICOL REGION),18,0
2024,3,12,REGION VI (WESTERN VISAYAS),138,0
2024,3,12,REGION VII (CENTRAL VISAYAS),252,0
2024,3,12,REGION VIII (EASTERN VISAYAS),95,0
2024,3,12,REGION X (NORTHERN MINDANAO),319,2
2024,3,12,REGION XI (DAVAO REGION),517,6
2024,3,12,REGION XII (SOCCSKSARGEN),466,1
2024,3,12,REGION XIII (CARAGA),154,0
2024,3,13,BANGSAMORO AUTONOMOUS REGION IN MUSLIM MINDANAO (BARMM),178,1
2024,3,13,CORDILLERA ADMINISTRATIVE REGION (CAR),37,0
2024,3,13,MIMAROPA REGION,104,0
2024,3,13,NATIONAL CAPITAL REGION (NCR),193,0
2024,3,13,NEGROS ISLAND REGION (NIR),90,0
2024,3,13,REGION I (ILOCOS REGION),20,0
2024,3,13,REGION II (CAGAYAN VALLEY),63,0
2024,3,13,REGION III (CENTRAL LUZON),145,1
2024,3,13,REGION IV-A (CALABARZON),217,0
2024,3,13,REGION IX (ZAMBOANGA PENINSULA),146,1
2024,3,13,REGION V (BICOL REGION),7,0
2024,3,13,REGION VI (WESTERN VISAYAS),106,0
2024,3,13,REGION VII (CENTRAL VISAYAS),200,1
2024,3,13,REGION VIII (EASTERN VISAYAS),68,0
2024,3,13,REGION X (NORTHERN MINDANAO),269,3
2024,3,13,REGION XI (DAVAO REGION),330,1
2024,3,13,REGION XII (SOCCSKSARGEN),387,1
2024,3,13,REGION XIII (CARAGA),131,1
2024,3,14,BANGSAMORO AUTONOMOUS REGION IN MUSLIM MINDANAO (BARMM),40,0
2024,3,14,CORDILLERA ADMINISTRATIVE REGION (CAR),4,0
2024,3,14,MIMAROPA REGION,13,0
2024,3,14,NATIONAL CAPITAL REGION (NCR),37,0
2024,3,14,NEGROS ISLAND REGION (NIR),13,0
2024,3,14,REGION I (ILOCOS REGION),3,0
2024,3,14,REGION II (CAGAYAN VALLEY),8,0
2024,3,14,REGION III (CENTRAL LUZON),34,0
2024,3,14,REGION IV-A (CALABARZON),51,0
2024,3,14,REGION IX (ZAMBOANGA PENINSULA),31,0
2024,3,14,REGION V (BICOL REGION),2,0
2024,3,14,REGION VI (WESTERN VISAYAS),15,0
2024,3,14,REGION VII (CENTRAL VISAYAS),25,0
2024,3,14,REGION VIII (EASTERN VISAYAS),12,0
2024,3,14,REGION X (NORTHERN MINDANAO),48,3
2024,3,14,REGION XI (DAVAO REGION),62,0
2024,3,14,REGION XII (SOCCSKSARGEN),89,0
2024,3,14,REGION XIII (CARAGA),26,1
2024,4,14,BANGSAMORO AUTONOMOUS REGION IN MUSLIM MINDANAO (BARMM),163,0
2024,4,14,CORDILLERA ADMINISTRATIVE REGION (CAR),61,1
2024,4,14,MIMAROPA REGION,110,1
2024,4,14,NATIONAL CAPITAL REGION (NCR),176,0
2024,4,14,NEGROS ISLAND REGION (NIR),76,0
2024,4,14,REGION I (ILOCOS REGION),25,0
2024,4,14,REGION II (CAGAYAN VALLEY),52,0
2024,4,14,REGION III (CENTRAL LUZON),132,1
2024,4,14,REGION IV-A (CALABARZON),191,0
2024,4,14,REGION IX (ZAMBOANGA PENINSULA),203,0
2024,4,14,REGION V (BICOL REGION),8,0
2024,4,14,REGION VI (WESTERN VISAYAS),84,0
2024,4,14,REGION VII (CENTRAL VISAYAS),162,0
2024,4,14,REGION VIII (EASTERN VISAYAS),41,1
2024,4,14,REGION X (NORTHERN MINDANAO),254,2
2024,4,14,REGION XI (DAVAO REGION),65,0
2024,4,14,REGION XII (SOCCSKSARGEN),357,3
2024,4,14,REGION XIII (CARAGA),110,1
2024,4,15,BANGSAMORO AUTONOMOUS REGION IN MUSLIM MINDANAO (BARMM),183,2
2024,4,15,CORDILLERA ADMINISTRATIVE REGION (CAR),63,0
2024,4,15,MIMAROPA REGION,135,1
2024,4,15,NATIONAL CAPITAL REGION (NCR),179,0
2024,4,15,NEGROS ISLAND REGION (NIR),110,0
2024,4,15,REGION I (ILOCOS REGION),24,0
2024,4,15,REGION II (CAGAYAN VALLEY),68,0
2024,4,15,REGION III (CENTRAL LUZON),132,0
2024,4,15,REGION IV-A (CALABARZON),224,0
2024,4,15,REGION IX (ZAMBOANGA PENINSULA),218,1
2024,4,15,REGION V (BICOL REGION),17,0
2024,4,15,REGION VI (WESTERN VISAYAS),94,0
2024,4,15,REGION VII (CENTRAL VISAYAS),184,1
2024,4,15,REGION VIII (EASTERN VISAYAS),53,0
2024,4,15,REGION X (NORTHERN MINDANAO),288,0
2024,4,15,REGION XI (DAVAO REGION),335,3
2024,4,15,REGION XII (SOCCSKSARGEN),440,2
2024,4,15,REGION XIII (CARAGA),125,0
2024,4,16,BANGSAMORO AUTONOMOUS REGION IN MUSLIM MINDANAO (BARMM),168,0
2024,4,16,CORDILLERA ADMINISTRATIVE REGION (CAR),69,0
2024,4,16,MIMAROPA REGION,141,2
2024,4,16,NATIONAL CAPITAL REGION (NCR),190,1
2024,4,16,NEGROS ISLAND REGION (NIR),78,0
2024,4,16,REGION I (ILOCOS REGION),33,0
2024,4,16,REGION II (CAGAYAN VALLEY),47,0
2024,4,16,REGION III (CENTRAL LUZON),152,0
2024,4,16,REGION IV-A (CALABARZON),229,1
2024,4,16,REGION IX (ZAMBOANGA PENINSULA),204,0
2024,4,16,REGION V (BICOL REGION),12,0
2024,4,16,REGION VI (WESTERN VISAYAS),115,1
2024,4,16,REGION VII (CENTRAL VISAYAS),157,0
2024,4,16,REGION VIII (EASTERN VISAYAS),54,1
2024,4,16,REGION X (NORTHERN MINDANAO),305,2
2024,4,16,REGION XI (DAVAO REGION),473,4
2024,4,16,REGION XII (SOCCSKSARGEN),425,2
2024,4,16,REGION XIII (CARAGA),110,1
2024,4,17,BANGSAMORO AUTONOMOUS REGION IN MUSLIM MINDANAO (BARMM),173,1
2024,4,17,CORDILLERA ADMINISTRATIVE REGION (CAR),80,0
2024,4,17,MIMAROPA REGION,134,1
2024,4,17,NATIONAL CAPITAL REGION (NCR),161,1
2024,4,17,NEGROS ISLAND REGION (NIR),92,1
2024,4,17,REGION I (ILOCOS REGION),28,0
2024,4,17,REGION II (CAGAYAN VALLEY),51,0
2024,4,17,REGION III (CENTRAL LUZON),135,1
2024,4,17,REGION IV-A (CALABARZON),229,0
2024,4,17,REGION IX (ZAMBOANGA PENINSULA),228,0
2024,4,17,REGION V (BICOL REGION),10,0
2024,4,17,REGION VI (WESTERN VISAYAS),111,0
2024,4,17,REGION VII (CENTRAL VISAYAS),174,1
2024,4,17,REGION VIII (EASTERN VISAYAS),76,0
2024,4,17,REGION X (NORTHERN MINDANAO),275,1
2024,4,17,REGION XI (DAVAO REGION),285,2
2024,4,17,REGION XII (SOCCSKSARGEN),389,0
2024,4,17,REGION XIII (CARAGA),151,2
2024,4,18,BANGSAMORO AUTONOMOUS REGION IN MUSLIM MINDANAO (BARMM),65,0
2024,4,18,CORDILLERA ADMINISTRATIVE REGION (CAR),19,0
2024,4,18,MIMAROPA REGION,50,0
2024,4,18,NATIONAL CAPITAL REGION (NCR),81,0
2024,4,18,NEGROS ISLAND REGION (NIR),32,0
2024,4,18,REGION I (ILOCOS REGION),11,0
2024,4,18,REGION II (CAGAYAN VALLEY),31,0
2024,4,18,REGION III (CENTRAL LUZON),74,0
2024,4,18,REGION IV-A (CALABARZON),97,1
2024,4,18,REGION IX (ZAMBOANGA PENINSULA),84,0
2024,4,18,REGION V (BICOL REGION),3,0
2024,4,18,REGION VI (WESTERN VISAYAS),37,0
2024,4,18,REGION VII (CENTRAL VISAYAS),67,1
2024,4,18,REGION VIII (EASTERN VISAYAS),31,0
2024,4,18,REGION X (NORTHERN MINDANAO),115,0
2024,4,18,REGION XI (DAVAO REGION),113,2
2024,4,18,REGION XII (SOCCSKSARGEN),144,1
2024,4,18,REGION XIII (CARAGA),60,1
2024,5,18,BANGSAMORO AUTONOMOUS REGION IN MUSLIM MINDANAO (BARMM),147,0
2024,5,18,CORDILLERA ADMINISTRATIVE REGION (CAR),63,0
2024,5,18,MIMAROPA REGION,84,0
2024,5,18,NATIONAL CAPITAL REGION (NCR),98,0
2024,5,18,NEGROS ISLAND REGION (NIR),49,1
2024,5,18,REGION I (ILOCOS REGION),23,0
2024,5,18,REGION II (CAGAYAN VALLEY),32,0
2024,5,18,REGION III (CENTRAL LUZON),86,0
2024,5,18,REGION IV-A (CALABARZON),142,1
2024,5,18,REGION IX (ZAMBOANGA PENINSULA),151,0
2024,5,18,REGION V (BICOL REGION),3,0
2024,5,18,REGION VI (WESTERN VISAYAS),78,1
2024,5,18,REGION VII (CENTRAL VISAYAS),120,0
2024,5,18,REGION VIII (EASTERN VISAYAS),47,1
2024,5,18,REGION X (NORTHERN MINDANAO),191,0
2024,5,18,REGION XI (DAVAO REGION),13,0
2024,5,18,REGION XII (SOCCSKSARGEN),214,2
2024,5,18,REGION XIII (CARAGA),121,0
2024,5,19,BANGSAMORO AUTONOMOUS REGION IN MUSLIM MINDANAO (BARMM),180,1
2024,5,19,CORDILLERA ADMINISTRATIVE REGION (CAR),168,0
2024,5,19,MIMAROPA REGION,123,0
2024,5,19,NATIONAL CAPITAL REGION (NCR),163,0
2024,5,19,NEGROS ISLAND REGION (NIR),71,2
2024,5,19,REGION I (ILOCOS REGION),32,0
2024,5,19,REGION II (CAGAYAN VALLEY),70,0
2024,5,19,REGION III (CENTRAL LUZON),151,0
2024,5,19,REGION IV-A (CALABARZON),258,1
2024,5,19,REGION IX (ZAMBOANGA PENINSULA),269,0
2024,5,19,REGION V (BICOL REGION),12,0
2024,5,19,REGION VI (WESTERN VISAYAS),115,0
2024,5,19,REGION VII (CENTRAL VISAYAS),158,0
2024,5,19,REGION VIII (EASTERN VISAYAS),97,0
2024,5,19,REGION X (NORTHERN MINDANAO),300,2
2024,5,19,REGION XI (DAVAO REGION),194,0
2024,5,19,REGION XII (SOCCSKSARGEN),367,4
2024,5,19,REGION XIII (CARAGA),185,4
2024,5,20,BANGSAMORO AUTONOMOUS REGION IN MUSLIM MINDANAO (BARMM),194,0
2024,5,20,CORDILLERA ADMINISTRATIVE REGION (CAR),172,0
2024,5,20,MIMAROPA REGION,158,1
2024,5,20,NATIONAL CAPITAL REGION (NCR),141,0
2024,5,20,NEGROS ISLAND REGION (NIR),89,0
2024,5,20,REGION I (ILOCOS REGION),41,0
2024,5,20,REGION II (CAGAYAN VALLEY),69,1
2024,5,20,REGION III (CENTRAL LUZON),135,0
2024,5,20,REGION IV-A (CALABARZON),206,1
2024,5,20,REGION IX (ZAMBOANGA PENINSULA),274,0
2024,5,20,REGION V (BICOL REGION),7,0
2024,5,20,REGION VI (WESTERN VISAYAS),125,1
2024,5,20,REGION VII (CENTRAL VISAYAS),168,0
2024,5,20,REGION VIII (EASTERN VISAYAS),97,0
2024,5,20,REGION X (NORTHERN MINDANAO),295,1
2024,5,20,REGION XI (DAVAO REGION),453,1
2024,5,20,REGION XII (SOCCSKSARGEN),355,2
2024,5,20,REGION XIII (CARAGA),181,1
2024,5,21,BANGSAMORO AUTONOMOUS REGION IN MUSLIM MINDANAO (BARMM),201,3
2024,5,21,CORDILLERA ADMINISTRATIVE REGION (CAR),230,0
2024,5,21,MIMAROPA REGION,138,0
2024,5,21,NATIONAL CAPITAL REGION (NCR),144,0
2024,5,21,NEGROS ISLAND REGION (NIR),88,0
2024,5,21,REGION I (ILOCOS REGION),49,0
2024,5,21,REGION II (CAGAYAN VALLEY),82,0
2024,5,21,REGION III (CENTRAL LUZON),145,0
2024,5,21,REGION IV-A (CALABARZON),188,0
2024,5,21,REGION IX (ZAMBOANGA PENINSULA),311,0
2024,5,21,REGION V (BICOL REGION),14,0
2024,5,21,REGION VI (WESTERN VISAYAS),125,0
2024,5,21,REGION VII (CENTRAL VISAYAS),135,1
2024,5,21,REGION VIII (EASTERN VISAYAS),75,0
2024,5,21,REGION X (NORTHERN MINDANAO),301,2
2024,5,21,REGION XI (DAVAO REGION),316,4
2024,5,21,REGION XII (SOCCSKSARGEN),366,2
2024,5,21,REGION XIII (CARAGA),179,1
2024,5,22,BANGSAMORO AUTONOMOUS REGION IN MUSLIM MINDANAO (BARMM),217,2
2024,5,22,CORDILLERA ADMINISTRATIVE REGION (CAR),249,0
2024,5,22,MIMAROPA REGION,127,1
2024,5,22,NATIONAL CAPITAL REGION (NCR),117,0
2024,5,22,NEGROS ISLAND REGION (NIR),58,0
2024,5,22,REGION I (ILOCOS REGION),47,0
2024,5,22,REGION II (CAGAYAN VALLEY),97,1
2024,5,22,REGION III (CENTRAL LUZON),132,0
2024,5,22,REGION IV-A (CALABARZON),184,0
2024,5,22,REGION IX (ZAMBOANGA PENINSULA),262,0
2024,5,22,REGION V (BICOL REGION),5,0
2024,5,22,REGION VI (WESTERN VISAYAS),107,1
2024,5,22,REGION VII (CENTRAL VISAYAS),109,2
2024,5,22,REGION VIII (EASTERN VISAYAS),108,0
2024,5,22,REGION X (NORTHERN MINDANAO),316,0
2024,5,22,REGION XI (DAVAO REGION),279,1
2024,5,22,REGION XII (SOCCSKSARGEN),326,1
2024,5,22,REGION XIII (CARAGA),171,3
2024,6,22,BANGSAMORO AUTONOMOUS REGION IN MUSLIM MINDANAO (BARMM),56,0
2024,6,22,CORDILLERA ADMINISTRATIVE REGION (CAR),49,0
2024,6,22,MIMAROPA REGION,51,0
2024,6,22,NATIONAL CAPITAL REGION (NCR),37,0
2024,6,22,NEGROS ISLAND REGION (NIR),24,0
2024,6,22,REGION I (ILOCOS REGION),15,0
2024,6,22,REGION II (CAGAYAN VALLEY),22,0
2024,6,22,REGION III (CENTRAL LUZON),44,0
2024,6,22,REGION IV-A (CALABARZON),38,0
2024,6,22,REGION IX (ZAMBOANGA PENINSULA),72,0
2024,6,22,REGION V (BICOL REGION),3,0
2024,6,22,REGION VI (WESTERN VISAYAS),36,0
2024,6,22,REGION VII (CENTRAL VISAYAS),25,1
2024,6,22,REGION VIII (EASTERN VISAYAS),21,0
2024,6,22,REGION X (NORTHERN MINDANAO),54,0
2024,6,22,REGION XII (SOCCSKSARGEN),76,0
2024,6,22,REGION XIII (CARAGA),47,0
2024,6,23,BANGSAMORO AUTONOMOUS REGION IN MUSLIM MINDANAO (BARMM),264,1
2024,6,23,CORDILLERA ADMINISTRATIVE REGION (CAR),524,1
2024,6,23,MIMAROPA REGION,224,0
2024,6,23,NATIONAL CAPITAL REGION (NCR),176,0
2024,6,23,NEGROS ISLAND REGION (NIR),111,0
2024,6,23,REGION I (ILOCOS REGION),89,1
2024,6,23,REGION II (CAGAYAN VALLEY),129,0
2024,6,23,REGION III (CENTRAL LUZON),228,1
2024,6,23,REGION IV-A (CALABARZON),263,2
2024,6,23,REGION IX (ZAMBOANGA PENINSULA),361,1
2024,6,23,REGION V (BICOL REGION),18,0
2024,6,23,REGION VI (WESTERN VISAYAS),178,0
2024,6,23,REGION VII (CENTRAL VISAYAS),169,0
2024,6,23,REGION VIII (EASTERN VISAYAS),119,0
2024,6,23,REGION X (NORTHERN MINDANAO),361,1
2024,6,23,REGION XI (DAVAO REGION),185,0
2024,6,23,REGION XII (SOCCSKSARGEN),423,0
2024,6,23,REGION XIII (CARAGA),236,0
2024,6,24,BANGSAMORO AUTONOMOUS REGION IN MUSLIM MINDANAO (BARMM),262,1
2024,6,24,CORDILLERA ADMINISTRATIVE REGION (CAR),603,1
2024,6,24,MIMAROPA REGION,280,2
2024,6,24,NATIONAL CAPITAL REGION (NCR),164,2
2024,6,24,NEGROS ISLAND REGION (NIR),110,0
2024,6,24,REGION I (ILOCOS REGION),132,0
2024,6,24,REGION II (CAGAYAN VALLEY),147,0
2024,6,24,REGION III (CENTRAL LUZON),275,0
2024,6,24,REGION IV-A (CALABARZON),272,3
2024,6,24,REGION IX (ZAMBOANGA PENINSULA),408,0
2024,6,24,REGION V (BICOL REGION),18,0
2024,6,24,REGION VI (WESTERN VISAYAS),209,0
2024,6,24,REGION VII (CENTRAL VISAYAS),158,0
2024,6,24,REGION VIII (EASTERN VISAYAS),118,0
2024,6,24,REGION X (NORTHERN MINDANAO),423,2
2024,6,24,REGION XI (DAVAO REGION),556,3
2024,6,24,REGION XII (SOCCSKSARGEN),458,1
2024,6,24,REGION XIII (CARAGA),230,0
2024,6,25,BANGSAMORO AUTONOMOUS REGION IN MUSLIM MINDANAO (BARMM),264,1
2024,6,25,CORDILLERA ADMINISTRATIVE REGION (CAR),827,2
2024,6,25,MIMAROPA REGION,397,2
2024,6,25,NATIONAL CAPITAL REGION (NCR),218,0
2024,6,25,NEGROS ISLAND REGION (NIR),148,0
2024,6,25,REGION I (ILOCOS REGION),158,0
2024,6,25,REGION II (CAGAYAN VALLEY),180,0
2024,6,25,REGION III (CENTRAL LUZON),394,1
2024,6,25,REGION IV-A (CALABARZON),409,2
2024,6,25,REGION IX (ZAMBOANGA PENINSULA),462,2
2024,6,25,REGION V (BICOL REGION),16,0
2024,6,25,REGION VI (WESTERN VISAYAS),333,1
2024,6,25,REGION VII (CENTRAL VISAYAS),180,1
2024,6,25,REGION VIII (EASTERN VISAYAS),155,0
2024,6,25,REGION X (NORTHERN MINDANAO),445,0
2024,6,25,REGION XI (DAVAO REGION),650,6
2024,6,25,REGION XII (SOCCSKSARGEN),511,3
2024,6,25,REGION XIII (CARAGA),235,1
2024,6,26,BANGSAMORO AUTONOMOUS REGION IN MUSLIM MINDANAO (BARMM),370,0
2024,6,26,CORDILLERA ADMINISTRATIVE REGION (CAR),988,1
2024,6,26,MIMAROPA REGION,519,2
2024,6,26,NATIONAL CAPITAL REGION (NCR),312,0
2024,6,26,NEGROS ISLAND REGION (NIR),169,0
2024,6,26,REGION I (ILOCOS REGION),218,2
2024,6,26,REGION II (CAGAYAN VALLEY),245,1
2024,6,26,REGION III (CENTRAL LUZON),521,3
2024,6,26,REGION IV-A (CALABARZON),511,2
2024,6,26,REGION IX (ZAMBOANGA PENINSULA),543,1
2024,6,26,REGION V (BICOL REGION),23,0
2024,6,26,REGION VI (WESTERN VISAYAS),382,0
2024,6,26,REGION VII (CENTRAL VISAYAS),215,0
2024,6,26,REGION VIII (EASTERN VISAYAS),140,0
2024,6,26,REGION X (NORTHERN MINDANAO),507,5
2024,6,26,REGION XI (DAVAO REGION),591,7
2024,6,26,REGION XII (SOCCSKSARGEN),509,3
2024,6,26,REGION XIII (CARAGA),229,2
2024,6,27,BANGSAMORO AUTONOMOUS REGION IN MUSLIM MINDANAO (BARMM),57,0
2024,6,27,CORDILLERA ADMINISTRATIVE REGION (CAR),168,0
2024,6,27,MIMAROPA REGION,102,2
2024,6,27,NATIONAL CAPITAL REGION (NCR),66,0
2024,6,27,NEGROS ISLAND REGION (NIR),29,0
2024,6,27,REGION I (ILOCOS REGION),51,0
2024,6,27,REGION II (CAGAYAN VALLEY),55,0
2024,6,27,REGION III (CENTRAL LUZON),110,0
2024,6,27,REGION IV-A (CALABARZON),88,2
2024,6,27,REGION IX (ZAMBOANGA PENINSULA),102,0
2024,6,27,REGION V (BICOL REGION),8,0
2024,6,27,REGION VI (WESTERN VISAYAS),92,0
2024,6,27,REGION VII (CENTRAL VISAYAS),63,0
2024,6,27,REGION VIII (EASTERN VISAYAS),20,0
2024,6,27,REGION X (NORTHERN MINDANAO),104,0
2024,6,27,REGION XI (DAVAO REGION),103,0
2024,6,27,REGION XII (SOCCSKSARGEN),97,0
2024,6,27,REGION XIII (CARAGA),45,0
2024,7,27,BANGSAMORO AUTONOMOUS REGION IN MUSLIM MINDANAO (BARMM),328,1
2024,7,27,CORDILLERA ADMINISTRATIVE REGION (CAR),1157,2
2024,7,27,MIMAROPA REGION,542,4
2024,7,27,NATIONAL CAPITAL REGION (NCR),324,0
2024,7,27,NEGROS ISLAND REGION (NIR),262,1
2024,7,27,REGION I (ILOCOS REGION),223,4
2024,7,27,REGION II (CAGAYAN VALLEY),295,1
2024,7,27,REGION III (CENTRAL LUZON),613,3
2024,7,27,REGION IV-A (CALABARZON),616,2
2024,7,27,REGION IX (ZAMBOANGA PENINSULA),535,4
2024,7,27,REGION V (BICOL REGION),27,0
2024,7,27,REGION VI (WESTERN VISAYAS),676,1
2024,7,27,REGION VII (CENTRAL VISAYAS),285,0
2024,7,27,REGION VIII (EASTERN VISAYAS),165,0
2024,7,27,REGION X (NORTHERN MINDANAO),600,6
2024,7,27,REGION XI (DAVAO REGION),112,0
2024,7,27,REGION XII (SOCCSKSARGEN),570,3
2024,7,27,REGION XIII (CARAGA),250,2
2024,7,28,BANGSAMORO AUTONOMOUS REGION IN MUSLIM MINDANAO (BARMM),339,1
2024,7,28,CORDILLERA ADMINISTRATIVE REGION (CAR),1460,6
2024,7,28,MIMAROPA REGION,875,4
2024,7,28,NATIONAL CAPITAL REGION (NCR),476,0
2024,7,28,NEGROS ISLAND REGION (NIR),432,2
2024,7,28,REGION I (ILOCOS REGION),373,3
2024,7,28,REGION II (CAGAYAN VALLEY),442,2
2024,7,28,REGION III (CENTRAL LUZON),1003,3
2024,7,28,REGION IV-A (CALABARZON),839,1
2024,7,28,REGION IX (ZAMBOANGA PENINSULA),608,2
2024,7,28,REGION V (BICOL REGION),60,0
2024,7,28,REGION VI (WESTERN VISAYAS),951,1
2024,7,28,REGION VII (CENTRAL VISAYAS),430,1
2024,7,28,REGION VIII (EASTERN VISAYAS),227,2
2024,7,28,REGION X (NORTHERN MINDANAO),727,4
2024,7,28,REGION XI (DAVAO REGION),712,4
2024,7,28,REGION XII (SOCCSKSARGEN),634,5
2024,7,28,REGION XIII (CARAGA),349,0
2024,7,29,BANGSAMORO AUTONOMOUS REGION IN MUSLIM MINDANAO (BARMM),383,5
2024,7,29,CORDILLERA ADMINISTRATIVE REGION (CAR),1787,3
2024,7,29,MIMAROPA REGION,934,1
2024,7,29,NATIONAL CAPITAL REGION (NCR),508,2
2024,7,29,NEGROS ISLAND REGION (NIR),533,2
2024,7,29,REGION I (ILOCOS REGION),484,2
2024,7,29,REGION II (CAGAYAN VALLEY),577,4
2024,7,29,REGION III (CENTRAL LUZON),1229,0
2024,7,29,REGION IV-A (CALABARZON),1004,2
2024,7,29,REGION IX (ZAMBOANGA PENINSULA),652,2
2024,7,29,REGION V (BICOL REGION),57,0
2024,7,29,REGION VI (WESTERN VISAYAS),1185,0
2024,7,29,REGION VII (CENTRAL VISAYAS),681,1
2024,7,29,REGION VIII (EASTERN VISAYAS),254,1
2024,7,29,REGION X (NORTHERN MINDANAO),821,4
2024,7,29,REGION XI (DAVAO REGION),1188,9
2024,7,29,REGION XII (SOCCSKSARGEN),631,2
2024,7,29,REGION XIII (CARAGA),379,4
2024,7,30,BANGSAMORO AUTONOMOUS REGION IN MUSLIM MINDANAO (BARMM),401,1
2024,7,30,CORDILLERA ADMINISTRATIVE REGION (CAR),1613,6
2024,7,30,MIMAROPA REGION,1090,2
2024,7,30,NATIONAL CAPITAL REGION (NCR),627,3
2024,7,30,NEGROS ISLAND REGION (NIR),696,1
2024,7,30,REGION I (ILOCOS REGION),439,3
2024,7,30,REGION II (CAGAYAN VALLEY),570,1
2024,7,30,REGION III (CENTRAL LUZON),1255,2
2024,7,30,REGION IV-A (CALABARZON),1105,2
2024,7,30,REGION IX (ZAMBOANGA PENINSULA),667,1
2024,7,30,REGION V (BICOL REGION),59,1
2024,7,30,REGION VI (WESTERN VISAYAS),1450,2
2024,7,30,REGION VII (CENTRAL VISAYAS),942,4
2024,7,30,REGION VIII (EASTERN VISAYAS),285,1
2024,7,30,REGION X (NORTHERN MINDANAO),907,4
2024,7,30,REGION XI (DAVAO REGION),948,10
2024,7,30,REGION XII (SOCCSKSARGEN),705,4
2024,7,30,REGION XIII (CARAGA),492,4
2024,7,31,BANGSAMORO AUTONOMOUS REGION IN MUSLIM MINDANAO (BARMM),173,2
2024,7,31,CORDILLERA ADMINISTRATIVE REGION (CAR),1003,0
2024,7,31,MIMAROPA REGION,629,3
2024,7,31,NATIONAL CAPITAL REGION (NCR),367,2
2024,7,31,NEGROS ISLAND REGION (NIR),503,1
2024,7,31,REGION I (ILOCOS REGION),307,0
2024,7,31,REGION II (CAGAYAN VALLEY),365,1
2024,7,31,REGION III (CENTRAL LUZON),819,2
2024,7,31,REGION IV-A (CALABARZON),687,3
2024,7,31,REGION IX (ZAMBOANGA PENINSULA),377,1
2024,7,31,REGION V (BICOL REGION),45,0
2024,7,31,REGION VI (WESTERN VISAYAS),980,3
2024,7,31,REGION VII (CENTRAL VISAYAS),665,0
2024,7,31,REGION VIII (EASTERN VISAYAS),161,1
2024,7,31,REGION X (NORTHERN MINDANAO),532,1
2024,7,31,REGION XI (DAVAO REGION),555,3
2024,7,31,REGION XII (SOCCSKSARGEN),399,1
2024,7,31,REGION XIII (CARAGA),303,2
2024,8,31,BANGSAMORO AUTONOMOUS REGION IN MUSLIM MINDANAO (BARMM),192,0
2024,8,31,CORDILLERA ADMINISTRATIVE REGION (CAR),920,1
2024,8,31,MIMAROPA REGION,445,1
2024,8,31,NATIONAL CAPITAL REGION (NCR),449,2
2024,8,31,NEGROS ISLAND REGION (NIR),437,0
2024,8,31,REGION I (ILOCOS REGION),340,1
2024,8,31,REGION II (CAGAYAN VALLEY),351,2
2024,8,31,REGION III (CENTRAL LUZON),820,2
2024,8,31,REGION IV-A (CALABARZON),696,4
2024,8,31,REGION IX (ZAMBOANGA PENINSULA),319,1
2024,8,31,REGION V (BICOL REGION),30,0
2024,8,31,REGION VI (WESTERN VISAYAS),918,3
2024,8,31,REGION VII (CENTRAL VISAYAS),651,1
2024,8,31,REGION VIII (EASTERN VISAYAS),146,0
2024,8,31,REGION X (NORTHERN MINDANAO),484,4
2024,8,31,REGION XI (DAVAO REGION),4,0
2024,8,31,REGION XII (SOCCSKSARGEN),373,1
2024,8,31,REGION XIII (CARAGA),232,1
2024,8,32,BANGSAMORO AUTONOMOUS REGION IN MUSLIM MINDANAO (BARMM),429,3
2024,8,32,CORDILLERA ADMINISTRATIVE REGION (CAR),2461,4
2024,8,32,MIMAROPA REGION,1103,5
2024,8,32,NATIONAL CAPITAL REGION (NCR),858,2
2024,8,32,NEGROS ISLAND REGION (NIR),1007,2
2024,8,32,REGION I (ILOCOS REGION),762,3
2024,8,32,REGION II (CAGAYAN VALLEY),836,2
2024,8,32,REGION III (CENTRAL LUZON),2089,5
2024,8,32,REGION IV-A (CALABARZON),1606,6
2024,8,32,REGION IX (ZAMBOANGA PENINSULA),622,1
2024,8,32,REGION V (BICOL REGION),71,1
2024,8,32,REGION VI (WESTERN VISAYAS),2200,8
2024,8,32,REGION VII (CENTRAL VISAYAS),1607,4
2024,8,32,REGION VIII (EASTERN VISAYAS),490,2
2024,8,32,REGION X (NORTHERN MINDANAO),1088,7
2024,8,32,REGION XI (DAVAO REGION),566,4
2024,8,32,REGION XII (SOCCSKSARGEN),777,1
2024,8,32,REGION XIII (CARAGA),616,3
2024,8,33,BANGSAMORO AUTONOMOUS REGION IN MUSLIM MINDANAO (BARMM),380,4
2024,8,33,CORDILLERA ADMINISTRATIVE REGION (CAR),2545,1
2024,8,33,MIMAROPA REGION,1019,3
2024,8,33,NATIONAL CAPITAL REGION (NCR),971,2
2024,8,33,NEGROS ISLAND REGION (NIR),1037,1
2024,8,33,REGION I (ILOCOS REGION),807,2
2024,8,33,REGION II (CAGAYAN VALLEY),852,1
2024,8,33,REGION III (CENTRAL LUZON),2050,2
2024,8,33,REGION IV-A (CALABARZON),1605,8
2024,8,33,REGION IX (ZAMBOANGA PENINSULA),592,1
2024,8,33,REGION V (BICOL REGION),93,1
2024,8,33,REGION VI (WESTERN VISAYAS),2092,7
2024,8,33,REGION VII (CENTRAL VISAYAS),2037,11
2024,8,33,REGION VIII (EASTERN VISAYAS),567,0
2024,8,33,REGION X (NORTHERN MINDANAO),1164,4
2024,8,33,REGION XI (DAVAO REGION),2068,11
2024,8,33,REGION XII (SOCCSKSARGEN),872,7
2024,8,33,REGION XIII (CARAGA),679,5
2024,8,34,BANGSAMORO AUTONOMOUS REGION IN MUSLIM MINDANAO (BARMM),330,3
2024,8,34,CORDILLERA ADMINISTRATIVE REGION (CAR),1976,3
2024,8,34,MIMAROPA REGION,710,2
2024,8,34,NATIONAL CAPITAL REGION (NCR),1000,3
2024,8,34,NEGROS ISLAND REGION (NIR),917,2
2024,8,34,REGION I (ILOCOS REGION),902,2
2024,8,34,REGION II (CAGAYAN VALLEY),918,1
2024,8,34,REGION III (CENTRAL LUZON),1812,4
2024,8,34,REGION IV-A (CALABARZON),1458,4
2024,8,34,REGION IX (ZAMBOANGA PENINSULA),463,2
2024,8,34,REGION V (BICOL REGION),71,0
2024,8,34,REGION VI (WESTERN VISAYAS),1616,7
2024,8,34,REGION VII (CENTRAL VISAYAS),1754,8
2024,8,34,REGION VIII (EASTERN VISAYAS),431,0
2024,8,34,REGION X (NORTHERN MINDANAO),873,3
2024,8,34,REGION XI (DAVAO REGION),1495,7
2024,8,34,REGION XII (SOCCSKSARGEN),747,3
2024,8,34,REGION XIII (CARAGA),674,3
2024,8,35,BANGSAMORO AUTONOMOUS REGION IN MUSLIM MINDANAO (BARMM),324,1
2024,8,35,CORDILLERA ADMINISTRATIVE REGION (CAR),1757,2
2024,8,35,MIMAROPA REGION,623,2
2024,8,35,NATIONAL CAPITAL REGION (NCR),952,6
2024,8,35,NEGROS ISLAND REGION (NIR),946,1
2024,8,35,REGION I (ILOCOS REGION),859,2
2024,8,35,REGION II (CAGAYAN VALLEY),773,1
2024,8,35,REGION III (CENTRAL LUZON),1465,5
2024,8,35,REGION IV-A (CALABARZON),1291,2
2024,8,35,REGION IX (ZAMBOANGA PENINSULA),456,0
2024,8,35,REGION V (BICOL REGION),65,0
2024,8,35,REGION VI (WESTERN VISAYAS),1477,3
2024,8,35,REGION VII (CENTRAL VISAYAS),1917,6
2024,8,35,REGION VIII (EASTERN VISAYAS),323,0
2024,8,35,REGION X (NORTHERN MINDANAO),864,4
2024,8,35,REGION XI (DAVAO REGION),1109,7
2024,8,35,REGION XII (SOCCSKSARGEN),669,2
2024,8,35,REGION XIII (CARAGA),667,6
2024,9,36,BANGSAMORO AUTONOMOUS REGION IN MUSLIM MINDANAO (BARMM),364,1
2024,9,36,CORDILLERA ADMINISTRATIVE REGION (CAR),1613,2
2024,9,36,MIMAROPA REGION,574,1
2024,9,36,NATIONAL CAPITAL REGION (NCR),1063,5
2024,9,36,NEGROS ISLAND REGION (NIR),771,0
2024,9,36,REGION I (ILOCOS REGION),703,6
2024,9,36,REGION II (CAGAYAN VALLEY),736,2
2024,9,36,REGION III (CENTRAL LUZON),1329,2
2024,9,36,REGION IV-A (CALABARZON),1366,3
2024,9,36,REGION IX (ZAMBOANGA PENINSULA),413,3
2024,9,36,REGION V (BICOL REGION),51,0
2024,9,36,REGION VI (WESTERN VISAYAS),1182,3
2024,9,36,REGION VII (CENTRAL VISAYAS),1748,5
2024,9,36,REGION VIII (EASTERN VISAYAS),253,0
2024,9,36,REGION X (NORTHERN MINDANAO),778,1
2024,9,36,REGION XI (DAVAO REGION),253,2
2024,9,36,REGION XII (SOCCSKSARGEN),644,1
2024,9,36,REGION XIII (CARAGA),650,1
2024,9,37,BANGSAMORO AUTONOMOUS REGION IN MUSLIM MINDANAO (BARMM),258,3
2024,9,37,CORDILLERA ADMINISTRATIVE REGION (CAR),1198,2
2024,9,37,MIMAROPA REGION,445,6
2024,9,37,NATIONAL CAPITAL REGION (NCR),1275,7
2024,9,37,NEGROS ISLAND REGION (NIR),620,2
2024,9,37,REGION I (ILOCOS REGION),595,8
2024,9,37,REGION II (CAGAYAN VALLEY),662,2
2024,9,37,REGION III (CENTRAL LUZON),1251,3
2024,9,37,REGION IV-A (CALABARZON),1373,9
2024,9,37,REGION IX (ZAMBOANGA PENINSULA),314,1
2024,9,37,REGION V (BICOL REGION),53,1
2024,9,37,REGION VI (WESTERN VISAYAS),876,2
2024,9,37,REGION VII (CENTRAL VISAYAS),1474,4
2024,9,37,REGION VIII (EASTERN VISAYAS),229,2
2024,9,37,REGION X (NORTHERN MINDANAO),603,3
2024,9,37,REGION XI (DAVAO REGION),1120,9
2024,9,37,REGION XII (SOCCSKSARGEN),568,1
2024,9,37,REGION XIII (CARAGA),554,5
2024,9,38,BANGSAMORO AUTONOMOUS REGION IN MUSLIM MINDANAO (BARMM),307,1
2024,9,38,CORDILLERA ADMINISTRATIVE REGION (CAR),1092,2
2024,9,38,MIMAROPA REGION,310,3
2024,9,38,NATIONAL CAPITAL REGION (NCR),1452,5
2024,9,38,NEGROS ISLAND REGION (NIR),561,1
2024,9,38,REGION I (ILOCOS REGION),599,4
2024,9,38,REGION II (CAGAYAN VALLEY),591,2
2024,9,38,REGION III (CENTRAL LUZON),1144,3
2024,9,38,REGION IV-A (CALABARZON),1477,5
2024,9,38,REGION IX (ZAMBOANGA PENINSULA),339,4
2024,9,38,REGION V (BICOL REGION),35,0
2024,9,38,REGION VI (WESTERN VISAYAS),714,5
2024,9,38,REGION VII (CENTRAL VISAYAS),1406,4
2024,9,38,REGION VIII (EASTERN VISAYAS),149,0
2024,9,38,REGION X (NORTHERN MINDANAO),544,4
2024,9,38,REGION XI (DAVAO REGION),1304,5
2024,9,38,REGION XII (SOCCSKSARGEN),563,0
2024,9,38,REGION XIII (CARAGA),493,1
2024,9,39,BANGSAMORO AUTONOMOUS REGION IN MUSLIM MINDANAO (BARMM),246,1
2024,9,39,CORDILLERA ADMINISTRATIVE REGION (CAR),781,2
2024,9,39,MIMAROPA REGION,310,2
2024,9,39,NATIONAL CAPITAL REGION (NCR),1425,8
2024,9,39,NEGROS ISLAND REGION (NIR),560,1
2024,9,39,REGION I (ILOCOS REGION),456,5
2024,9,39,REGION II (CAGAYAN VALLEY),555,0
2024,9,39,REGION III (CENTRAL LUZON),1151,1
2024,9,39,REGION IV-A (CALABARZON),1534,3
2024,9,39,REGION IX (ZAMBOANGA PENINSULA),335,3
2024,9,39,REGION V (BICOL REGION),40,0
2024,9,39,REGION VI (WESTERN VISAYAS),621,2
2024,9,39,REGION VII (CENTRAL VISAYAS),1183,0
2024,9,39,REGION VIII (EASTERN VISAYAS),147,0
2024,9,39,REGION X (NORTHERN MINDANAO),466,1
2024,9,39,REGION XI (DAVAO REGION),767,2
2024,9,39,REGION XII (SOCCSKSARGEN),465,1
2024,9,39,REGION XIII (CARAGA),423,2
2024,9,40,BANGSAMORO AUTONOMOUS REGION IN MUSLIM MINDANAO (BARMM),72,1
2024,9,40,CORDILLERA ADMINISTRATIVE REGION (CAR),226,1
2024,9,40,MIMAROPA REGION,79,1
2024,9,40,NATIONAL CAPITAL REGION (NCR),458,2
2024,9,40,NEGROS ISLAND REGION (NIR),145,0
2024,9,40,REGION I (ILOCOS REGION),118,2
2024,9,40,REGION II (CAGAYAN VALLEY),163,0
2024,9,40,REGION III (CENTRAL LUZON),340,2
2024,9,40,REGION IV-A (CALABARZON),483,2
2024,9,40,REGION IX (ZAMBOANGA PENINSULA),91,0
2024,9,40,REGION V (BICOL REGION),11,0
2024,9,40,REGION VI (WESTERN VISAYAS),173,0
2024,9,40,REGION VII (CENTRAL VISAYAS),305,0
2024,9,40,REGION VIII (EASTERN VISAYAS),42,0
2024,9,40,REGION X (NORTHERN MINDANAO),157,0
2024,9,40,REGION XI (DAVAO REGION),201,0
2024,9,40,REGION XII (SOCCSKSARGEN),145,0
2024,9,40,REGION XIII (CARAGA),105,1
2024,10,40,BANGSAMORO AUTONOMOUS REGION IN MUSLIM MINDANAO (BARMM),192,1
2024,10,40,CORDILLERA ADMINISTRATIVE REGION (CAR),414,0
2024,10,40,MIMAROPA REGION,214,3
2024,10,40,NATIONAL CAPITAL REGION (NCR),1142,2
2024,10,40,NEGROS ISLAND REGION (NIR),357,1
2024,10,40,REGION I (ILOCOS REGION),329,3
2024,10,40,REGION II (CAGAYAN VALLEY),377,2
2024,10,40,REGION III (CENTRAL LUZON),952,0
2024,10,40,REGION IV-A (CALABARZON),1327,7
2024,10,40,REGION IX (ZAMBOANGA PENINSULA),193,1
2024,10,40,REGION V (BICOL REGION),43,0
2024,10,40,REGION VI (WESTERN VISAYAS),392,1
2024,10,40,REGION VII (CENTRAL VISAYAS),780,1
2024,10,40,REGION VIII (EASTERN VISAYAS),71,0
2024,10,40,REGION X (NORTHERN MINDANAO),317,0
2024,10,40,REGION XI (DAVAO REGION),86,0
2024,10,40,REGION XII (SOCCSKSARGEN),326,1
2024,10,40,REGION XIII (CARAGA),301,1
2024,10,41,BANGSAMORO AUTONOMOUS REGION IN MUSLIM MINDANAO (BARMM),210,2
2024,10,41,CORDILLERA ADMINISTRATIVE REGION (CAR),551,1
2024,10,41,MIMAROPA REGION,312,3
2024,10,41,NATIONAL CAPITAL REGION (NCR),1638,5
2024,10,41,NEGROS ISLAND REGION (NIR),438,1
2024,10,41,REGION I (ILOCOS REGION),431,2
2024,10,41,REGION II (CAGAYAN VALLEY),511,0
2024,10,41,REGION III (CENTRAL LUZON),1225,4
2024,10,41,REGION IV-A (CALABARZON),1971,9
2024,10,41,REGION IX (ZAMBOANGA PENINSULA),335,2
2024,10,41,REGION V (BICOL REGION),32,0
2024,10,41,REGION VI (WESTERN VISAYAS),442,0
2024,10,41,REGION VII (CENTRAL VISAYAS),1068,0
2024,10,41,REGION VIII (EASTERN VISAYAS),108,0
2024,10,41,REGION X (NORTHERN MINDANAO),429,1
2024,10,41,REGION XI (DAVAO REGION),549,7
2024,10,41,REGION XII (SOCCSKSARGEN),460,3
2024,10,41,REGION XIII (CARAGA),433,1
2024,10,42,BANGSAMORO AUTONOMOUS REGION IN MUSLIM MINDANAO (BARMM),221,0
2024,10,42,CORDILLERA ADMINISTRATIVE REGION (CAR),482,0
2024,10,42,MIMAROPA REGION,342,3
2024,10,42,NATIONAL CAPITAL REGION (NCR),1621,3
2024,10,42,NEGROS ISLAND REGION (NIR),472,1
2024,10,42,REGION I (ILOCOS REGION),383,7
2024,10,42,REGION II (CAGAYAN VALLEY),477,0
2024,10,42,REGION III (CENTRAL LUZON),1269,4
2024,10,42,REGION IV-A (CALABARZON),1770,4
2024,10,42,REGION IX (ZAMBOANGA PENINSULA),284,2
2024,10,42,REGION V (BICOL REGION),20,0
2024,10,42,REGION VI (WESTERN VISAYAS),373,2
2024,10,42,REGION VII (CENTRAL VISAYAS),893,3
2024,10,42,REGION VIII (EASTERN VISAYAS),75,0
2024,10,42,REGION X (NORTHERN MINDANAO),325,3
2024,10,42,REGION XI (DAVAO REGION),985,5
2024,10,42,REGION XII (SOCCSKSARGEN),378,0
2024,10,42,REGION XIII (CARAGA),362,3
2024,10,43,BANGSAMORO AUTONOMOUS REGION IN MUSLIM MINDANAO (BARMM),184,3
2024,10,43,CORDILLERA ADMINISTRATIVE REGION (CAR),358,0
2024,10,43,MIMAROPA REGION,294,0
2024,10,43,NATIONAL CAPITAL REGION (NCR),1475,4
2024,10,43,NEGROS ISLAND REGION (NIR),380,1
2024,10,43,REGION I (ILOCOS REGION),313,2
2024,10,43,REGION II (CAGAYAN VALLEY),390,0
2024,10,43,REGION III (CENTRAL LUZON),1185,3
2024,10,43,REGION IV-A (CALABARZON),1618,4
2024,10,43,REGION IX (ZAMBOANGA PENINSULA),302,1
2024,10,43,REGION V (BICOL REGION),24,0
2024,10,43,REGION VI (WESTERN VISAYAS),303,1
2024,10,43,REGION VII (CENTRAL VISAYAS),831,0
2024,10,43,REGION VIII (EASTERN VISAYAS),71,0
2024,10,43,REGION X (NORTHERN MINDANAO),296,0
2024,10,43,REGION XI (DAVAO REGION),575,6
2024,10,43,REGION XII (SOCCSKSARGEN),381,1
2024,10,43,REGION XIII (CARAGA),381,3
2024,10,44,BANGSAMORO AUTONOMOUS REGION IN MUSLIM MINDANAO (BARMM),117,0
2024,10,44,CORDILLERA ADMINISTRATIVE REGION (CAR),213,0
2024,10,44,MIMAROPA REGION,165,2
2024,10,44,NATIONAL CAPITAL REGION (NCR),1161,1
2024,10,44,NEGROS ISLAND REGION (NIR),251,1
2024,10,44,REGION I (ILOCOS REGION),198,2
2024,10,44,REGION II (CAGAYAN VALLEY),263,1
2024,10,44,REGION III (CENTRAL LUZON),810,4
2024,10,44,REGION IV-A (CALABARZON),1174,3
2024,10,44,REGION IX (ZAMBOANGA PENINSULA),153,3
2024,10,44,REGION V (BICOL REGION),26,0
2024,10,44,REGION VI (WESTERN VISAYAS),181,2
2024,10,44,REGION VII (CENTRAL VISAYAS),502,0
2024,10,44,REGION VIII (EASTERN VISAYAS),39,0
2024,10,44,REGION X (NORTHERN MINDANAO),190,2
2024,10,44,REGION XI (DAVAO REGION),341,2
2024,10,44,REGION XII (SOCCSKSARGEN),204,0
2024,10,44,REGION XIII (CARAGA),208,0
2024,11,44,BANGSAMORO AUTONOMOUS REGION IN MUSLIM MINDANAO (BARMM),54,0
2024,11,44,CORDILLERA ADMINISTRATIVE REGION (CAR),63,0
2024,11,44,MIMAROPA REGION,96,2
2024,11,44,NATIONAL CAPITAL REGION (NCR),615,4
2024,11,44,NEGROS ISLAND REGION (NIR),121,0
2024,11,44,REGION I (ILOCOS REGION),116,1
2024,11,44,REGION II (CAGAYAN VALLEY),121,0
2024,11,44,REGION III (CENTRAL LUZON),407,1
2024,11,44,REGION IV-A (CALABARZON),645,1
2024,11,44,REGION IX (ZAMBOANGA PENINSULA),64,0
2024,11,44,REGION V (BICOL REGION),8,0
2024,11,44,REGION VI (WESTERN VISAYAS),117,0
2024,11,44,REGION VII (CENTRAL VISAYAS),235,0
2024,11,44,REGION VIII (EASTERN VISAYAS),30,0
2024,11,44,REGION X (NORTHERN MINDANAO),120,1
2024,11,44,REGION XII (SOCCSKSARGEN),104,1
2024,11,44,REGION XIII (CARAGA),125,0
2024,11,45,BANGSAMORO AUTONOMOUS REGION IN MUSLIM MINDANAO (BARMM),179,0
2024,11,45,CORDILLERA ADMINISTRATIVE REGION (CAR),290,0
2024,11,45,MIMAROPA REGION,325,4
2024,11,45,NATIONAL CAPITAL REGION (NCR),1932,5
2024,11,45,NEGROS ISLAND REGION (NIR),373,3
2024,11,45,REGION I (ILOCOS REGION),273,0
2024,11,45,REGION II (CAGAYAN VALLEY),318,1
2024,11,45,REGION III (CENTRAL LUZON),1343,5
2024,11,45,REGION IV-A (CALABARZON),1892,9
2024,11,45,REGION IX (ZAMBOANGA PENINSULA),302,0
2024,11,45,REGION V (BICOL REGION),26,0
2024,11,45,REGION VI (WESTERN VISAYAS),346,3
2024,11,45,REGION VII (CENTRAL VISAYAS),767,4
2024,11,45,REGION VIII (EASTERN VISAYAS),55,0
2024,11,45,REGION X (NORTHERN MINDANAO),283,1
2024,11,45,REGION XI (DAVAO REGION),263,0
2024,11,45,REGION XII (SOCCSKSARGEN),318,0
2024,11,45,REGION XIII (CARAGA),342,0
2024,11,46,BANGSAMORO AUTONOMOUS REGION IN MUSLIM MINDANAO (BARMM),180,0
2024,11,46,CORDILLERA ADMINISTRATIVE REGION (CAR),265,0
2024,11,46,MIMAROPA REGION,304,1
2024,11,46,NATIONAL CAPITAL REGION (NCR),1982,5
2024,11,46,NEGROS ISLAND REGION (NIR),391,0
2024,11,46,REGION I (ILOCOS REGION),284,0
2024,11,46,REGION II (CAGAYAN VALLEY),320,1
2024,11,46,REGION III (CENTRAL LUZON),1375,6
2024,11,46,REGION IV-A (CALABARZON),1824,9
2024,11,46,REGION IX (ZAMBOANGA PENINSULA),245,0
2024,11,46,REGION V (BICOL REGION),25,0
2024,11,46,REGION VI (WESTERN VISAYAS),352,0
2024,11,46,REGION VII (CENTRAL VISAYAS),723,4
2024,11,46,REGION VIII (EASTERN VISAYAS),60,0
2024,11,46,REGION X (NORTHERN MINDANAO),329,1
2024,11,46,REGION XI (DAVAO REGION),713,4
2024,11,46,REGION XII (SOCCSKSARGEN),264,0
2024,11,46,REGION XIII (CARAGA),413,3
2024,11,47,BANGSAMORO AUTONOMOUS REGION IN MUSLIM MINDANAO (BARMM),117,0
2024,11,47,CORDILLERA ADMINISTRATIVE REGION (CAR),220,0
2024,11,47,MIMAROPA REGION,297,1
2024,11,47,NATIONAL CAPITAL REGION (NCR),2130,3
2024,11,47,NEGROS ISLAND REGION (NIR),382,1
2024,11,47,REGION I (ILOCOS REGION),294,2
2024,11,47,REGION II (CAGAYAN VALLEY),357,0
2024,11,47,REGION III (CENTRAL LUZON),1676,7
2024,11,47,REGION IV-A (CALABARZON),2073,4
2024,11,47,REGION IX (ZAMBOANGA PENINSULA),251,1
2024,11,47,REGION V (BICOL REGION),39,0
2024,11,47,REGION VI (WESTERN VISAYAS),373,0
2024,11,47,REGION VII (CENTRAL VISAYAS),691,0
2024,11,47,REGION VIII (EASTERN VISAYAS),59,0
2024,11,47,REGION X (NORTHERN MINDANAO),310,3
2024,11,47,REGION XI (DAVAO REGION),557,2
2024,11,47,REGION XII (SOCCSKSARGEN),314,0
2024,11,47,REGION XIII (CARAGA),396,4
2024,11,48,BANGSAMORO AUTONOMOUS REGION IN MUSLIM MINDANAO (BARMM),136,0
2024,11,48,CORDILLERA ADMINISTRATIVE REGION (CAR),257,1
2024,11,48,MIMAROPA REGION,266,1
2024,11,48,NATIONAL CAPITAL REGION (NCR),1982,3
2024,11,48,NEGROS ISLAND REGION (NIR),342,2
2024,11,48,REGION I (ILOCOS REGION),272,2
2024,11,48,REGION II (CAGAYAN VALLEY),308,1
2024,11,48,REGION III (CENTRAL LUZON),1476,5
2024,11,48,REGION IV-A (CALABARZON),2001,7
2024,11,48,REGION IX (ZAMBOANGA PENINSULA),210,2
2024,11,48,REGION V (BICOL REGION),28,0
2024,11,48,REGION VI (WESTERN VISAYAS),321,0
2024,11,48,REGION VII (CENTRAL VISAYAS),592,0
2024,11,48,REGION VIII (EASTERN VISAYAS),83,1
2024,11,48,REGION X (NORTHERN MINDANAO),276,1
2024,11,48,REGION XI (DAVAO REGION),399,2
2024,11,48,REGION XII (SOCCSKSARGEN),261,1
2024,11,48,REGION XIII (CARAGA),368,2
2024,12,49,BANGSAMORO AUTONOMOUS REGION IN MUSLIM MINDANAO (BARMM),115,0
2024,12,49,CORDILLERA ADMINISTRATIVE REGION (CAR),228,0
2024,12,49,MIMAROPA REGION,271,1
2024,12,49,NATIONAL CAPITAL REGION (NCR),1788,5
2024,12,49,NEGROS ISLAND REGION (NIR),335,1
2024,12,49,REGION I (ILOCOS REGION),237,2
2024,12,49,REGION II (CAGAYAN VALLEY),271,1
2024,12,49,REGION III (CENTRAL LUZON),1614,5
2024,12,49,REGION IV-A (CALABARZON),1993,3
2024,12,49,REGION IX (ZAMBOANGA PENINSULA),200,1
2024,12,49,REGION V (BICOL REGION),15,0
2024,12,49,REGION VI (WESTERN VISAYAS),371,2
2024,12,49,REGION VII (CENTRAL VISAYAS),562,0
2024,12,49,REGION VIII (EASTERN VISAYAS),62,1
2024,12,49,REGION X (NORTHERN MINDANAO),318,2
2024,12,49,REGION XI (DAVAO REGION),139,1
2024,12,49,REGION XII (SOCCSKSARGEN),252,0
2024,12,49,REGION XIII (CARAGA),354,1
2024,12,50,BANGSAMORO AUTONOMOUS REGION IN MUSLIM MINDANAO (BARMM),103,1
2024,12,50,CORDILLERA ADMINISTRATIVE REGION (CAR),184,2
2024,12,50,MIMAROPA REGION,208,1
2024,12,50,NATIONAL CAPITAL REGION (NCR),1648,5
2024,12,50,NEGROS ISLAND REGION (NIR),272,3
2024,12,50,REGION I (ILOCOS REGION),273,0
2024,12,50,REGION II (CAGAYAN VALLEY),250,1
2024,12,50,REGION III (CENTRAL LUZON),1478,2
2024,12,50,REGION IV-A (CALABARZON),1717,4
2024,12,50,REGION IX (ZAMBOANGA PENINSULA),144,3
2024,12,50,REGION V (BICOL REGION),13,0
2024,12,50,REGION VI (WESTERN VISAYAS),300,1
2024,12,50,REGION VII (CENTRAL VISAYAS),501,0
2024,12,50,REGION VIII (EASTERN VISAYAS),59,0
2024,12,50,REGION X (NORTHERN MINDANAO),259,0
2024,12,50,REGION XI (DAVAO REGION),448,2
2024,12,50,REGION XII (SOCCSKSARGEN),232,2
2024,12,50,REGION XIII (CARAGA),232,0
2024,12,51,BANGSAMORO AUTONOMOUS REGION IN MUSLIM MINDANAO (BARMM),91,0
2024,12,51,CORDILLERA ADMINISTRATIVE REGION (CAR),129,0
2024,12,51,MIMAROPA REGION,231,1
2024,12,51,NATIONAL CAPITAL REGION (NCR),1195,4
2024,12,51,NEGROS ISLAND REGION (NIR),225,1
2024,12,51,REGION I (ILOCOS REGION),232,1
2024,12,51,REGION II (CAGAYAN VALLEY),186,0
2024,12,51,REGION III (CENTRAL LUZON),1219,4
2024,12,51,REGION IV-A (CALABARZON),1375,2
2024,12,51,REGION IX (ZAMBOANGA PENINSULA),149,1
2024,12,51,REGION V (BICOL REGION),11,0
2024,12,51,REGION VI (WESTERN VISAYAS),215,0
2024,12,51,REGION VII (CENTRAL VISAYAS),382,0
2024,12,51,REGION VIII (EASTERN VISAYAS),34,0
2024,12,51,REGION X (NORTHERN MINDANAO),234,1
2024,12,51,REGION XI (DAVAO REGION),490,2
2024,12,51,REGION XII (SOCCSKSARGEN),159,1
2024,12,51,REGION XIII (CARAGA),235,2
2024,12,52,BANGSAMORO AUTONOMOUS REGION IN MUSLIM MINDANAO (BARMM),117,0
2024,12,52,CORDILLERA ADMINISTRATIVE REGION (CAR),177,0
2024,12,52,MIMAROPA REGION,342,2
2024,12,52,NATIONAL CAPITAL REGION (NCR),1619,3
2024,12,52,NEGROS ISLAND REGION (NIR),308,1
2024,12,52,REGION I (ILOCOS REGION),327,1
2024,12,52,REGION II (CAGAYAN VALLEY),272,3
2024,12,52,REGION III (CENTRAL LUZON),1673,4
2024,12,52,REGION IV-A (CALABARZON),1729,7
2024,12,52,REGION IX (ZAMBOANGA PENINSULA),226,1
2024,12,52,REGION V (BICOL REGION),30,0
2024,12,52,REGION VI (WESTERN VISAYAS),291,1
2024,12,52,REGION VII (CENTRAL VISAYAS),483,0
2024,12,52,REGION VIII (EASTERN VISAYAS),49,0
2024,12,52,REGION X (NORTHERN MINDANAO),273,1
2024,12,52,REGION XI (DAVAO REGION),433,1
2024,12,52,REGION XII (SOCCSKSARGEN),228,0
2024,12,52,REGION XIII (CARAGA),373,0
2025,1,1,BANGSAMORO AUTONOMOUS REGION IN MUSLIM MINDANAO (BARMM),106,0
2025,1,1,CORDILLERA ADMINISTRATIVE REGION (CAR),95,0
2025,1,1,MIMAROPA REGION,217,0
2025,1,1,NATIONAL CAPITAL REGION (NCR),979,0
2025,1,1,NEGROS ISLAND REGION (NIR),144,1
2025,1,1,REGION I (ILOCOS REGION),174,2
2025,1,1,REGION II (CAGAYAN VALLEY),164,2
2025,1,1,REGION III (CENTRAL LUZON),955,6
2025,1,1,REGION IV-A (CALABARZON),1129,1
2025,1,1,REGION IX (ZAMBOANGA PENINSULA),188,1
2025,1,1,REGION V (BICOL REGION),30,0
2025,1,1,REGION VI (WESTERN VISAYAS),207,0
2025,1,1,REGION VII (CENTRAL VISAYAS),346,1
2025,1,1,REGION VIII (EASTERN VISAYAS),94,0
2025,1,1,REGION X (NORTHERN MINDANAO),185,2
2025,1,1,REGION XI (DAVAO REGION),286,2
2025,1,1,REGION XII (SOCCSKSARGEN),156,0
2025,1,1,REGION XIII (CARAGA),265,2
2025,1,2,BANGSAMORO AUTONOMOUS REGION IN MUSLIM MINDANAO (BARMM),153,0
2025,1,2,CORDILLERA ADMINISTRATIVE REGION (CAR),150,1
2025,1,2,MIMAROPA REGION,308,2
2025,1,2,NATIONAL CAPITAL REGION (NCR),1664,5
2025,1,2,NEGROS ISLAND REGION (NIR),256,1
2025,1,2,REGION I (ILOCOS REGION),189,2
2025,1,2,REGION II (CAGAYAN VALLEY),255,1
2025,1,2,REGION III (CENTRAL LUZON),1499,3
2025,1,2,REGION IV-A (CALABARZON),1759,1
2025,1,2,REGION IX (ZAMBOANGA PENINSULA),258,3
2025,1,2,REGION V (BICOL REGION),59,0
2025,1,2,REGION VI (WESTERN VISAYAS),278,1
2025,1,2,REGION VII (CENTRAL VISAYAS),487,0
2025,1,2,REGION VIII (EASTERN VISAYAS),121,0
2025,1,2,REGION X (NORTHERN MINDANAO),298,4
2025,1,2,REGION XI (DAVAO REGION),436,6
2025,1,2,REGION XII (SOCCSKSARGEN),290,0
2025,1,2,REGION XIII (CARAGA),392,2
2025,1,3,BANGSAMORO AUTONOMOUS REGION IN MUSLIM MINDANAO (BARMM),124,0
2025,1,3,CORDILLERA ADMINISTRATIVE REGION (CAR),151,1
2025,1,3,MIMAROPA REGION,335,1
2025,1,3,NATIONAL CAPITAL REGION (NCR),1364,4
2025,1,3,NEGROS ISLAND REGION (NIR),256,0
2025,1,3,REGION I (ILOCOS REGION),165,1
2025,1,3,REGION II (CAGAYAN VALLEY),252,1
2025,1,3,REGION III (CENTRAL LUZON),1286,2
2025,1,3,REGION IV-A (CALABARZON),1518,6
2025,1,3,REGION IX (ZAMBOANGA PENINSULA),223,3
2025,1,3,REGION V (BICOL REGION),41,1
2025,1,3,REGION VI (WESTERN VISAYAS),243,2
2025,1,3,REGION VII (CENTRAL VISAYAS),437,1
2025,1,3,REGION VIII (EASTERN VISAYAS),111,0
2025,1,3,REGION X (NORTHERN MINDANAO),321,2
2025,1,3,REGION XI (DAVAO REGION),447,3
2025,1,3,REGION XII (SOCCSKSARGEN),298,3
2025,1,3,REGION XIII (CARAGA),339,6
2025,1,4,BANGSAMORO AUTONOMOUS REGION IN MUSLIM MINDANAO (BARMM),142,2
2025,1,4,CORDILLERA ADMINISTRATIVE REGION (CAR),133,0
2025,1,4,MIMAROPA REGION,333,2
2025,1,4,NATIONAL CAPITAL REGION (NCR),1550,5
2025,1,4,NEGROS ISLAND REGION (NIR),252,1
2025,1,4,REGION I (ILOCOS REGION),134,2
2025,1,4,REGION II (CAGAYAN VALLEY),245,2
2025,1,4,REGION III (CENTRAL LUZON),1383,8
2025,1,4,REGION IV-A (CALABARZON),1684,4
2025,1,4,REGION IX (ZAMBOANGA PENINSULA),209,1
2025,1,4,REGION V (BICOL REGION),63,0
2025,1,4,REGION VI (WESTERN VISAYAS),297,2
2025,1,4,REGION VII (CENTRAL VISAYAS),458,0
2025,1,4,REGION VIII (EASTERN VISAYAS),126,2
2025,1,4,REGION X (NORTHERN MINDANAO),306,1
2025,1,4,REGION XI (DAVAO REGION),407,6
2025,1,4,REGION XII (SOCCSKSARGEN),266,1
2025,1,4,REGION XIII (CARAGA),329,1
2025,1,5,BANGSAMORO AUTONOMOUS REGION IN MUSLIM MINDANAO (BARMM),98,0
2025,1,5,CORDILLERA ADMINISTRATIVE REGION (CAR),98,0
2025,1,5,MIMAROPA REGION,298,1
2025,1,5,NATIONAL CAPITAL REGION (NCR),1255,5
2025,1,5,NEGROS ISLAND REGION (NIR),219,3
2025,1,5,REGION I (ILOCOS REGION),129,1
2025,1,5,REGION II (CAGAYAN VALLEY),169,1
2025,1,5,REGION III (CENTRAL LUZON),1135,0
2025,1,5,REGION IV-A (CALABARZON),1336,4
2025,1,5,REGION IX (ZAMBOANGA PENINSULA),152,1
2025,1,5,REGION V (BICOL REGION),40,1
2025,1,5,REGION VI (WESTERN VISAYAS),218,2
2025,1,5,REGION VII (CENTRAL VISAYAS),363,0
2025,1,5,REGION VIII (EASTERN VISAYAS),123,0
2025,1,5,REGION X (NORTHERN MINDANAO),241,6
2025,1,5,REGION XI (DAVAO REGION),302,3
2025,1,5,REGION XII (SOCCSKSARGEN),258,0
2025,1,5,REGION XIII (CARAGA),236,1
2025,2,5,BANGSAMORO AUTONOMOUS REGION IN MUSLIM MINDANAO (BARMM),26,0
2025,2,5,CORDILLERA ADMINISTRATIVE REGION (CAR),22,0
2025,2,5,MIMAROPA REGION,64,0
2025,2,5,NATIONAL CAPITAL REGION (NCR),230,3
2025,2,5,NEGROS ISLAND REGION (NIR),61,0
2025,2,5,REGION I (ILOCOS REGION),28,0
2025,2,5,REGION II (CAGAYAN VALLEY),40,0
2025,2,5,REGION III (CENTRAL LUZON),239,1
2025,2,5,REGION IV-A (CALABARZON),259,0
2025,2,5,REGION IX (ZAMBOANGA PENINSULA),30,0
2025,2,5,REGION V (BICOL REGION),10,0
2025,2,5,REGION VI (WESTERN VISAYAS),57,0
2025,2,5,REGION VII (CENTRAL VISAYAS),98,1
2025,2,5,REGION VIII (EASTERN VISAYAS),26,0
2025,2,5,REGION X (NORTHERN MINDANAO),49,2
2025,2,5,REGION XI (DAVAO REGION),89,0
2025,2,5,REGION XII (SOCCSKSARGEN),53,0
2025,2,5,REGION XIII (CARAGA),58,0
2025,2,6,BANGSAMORO AUTONOMOUS REGION IN MUSLIM MINDANAO (BARMM),118,0
2025,2,6,CORDILLERA ADMINISTRATIVE REGION (CAR),130,1
2025,2,6,MIMAROPA REGION,315,3
2025,2,6,NATIONAL CAPITAL REGION (NCR),1273,5
2025,2,6,NEGROS ISLAND REGION (NIR),265,0
2025,2,6,REGION I (ILOCOS REGION),156,0
2025,2,6,REGION II (CAGAYAN VALLEY),172,1
2025,2,6,REGION III (CENTRAL LUZON),1170,0
2025,2,6,REGION IV-A (CALABARZON),1419,3
2025,2,6,REGION IX (ZAMBOANGA PENINSULA),201,1
2025,2,6,REGION V (BICOL REGION),44,0
2025,2,6,REGION VI (WESTERN VISAYAS),307,0
2025,2,6,REGION VII (CENTRAL VISAYAS),445,1
2025,2,6,REGION VIII (EASTERN VISAYAS),155,0
2025,2,6,REGION X (NORTHERN MINDANAO),326,2
2025,2,6,REGION XI (DAVAO REGION),403,5
2025,2,6,REGION XII (SOCCSKSARGEN),249,1
2025,2,6,REGION XIII (CARAGA),285,0
2025,2,7,BANGSAMORO AUTONOMOUS REGION IN MUSLIM MINDANAO (BARMM),132,1
2025,2,7,CORDILLERA ADMINISTRATIVE REGION (CAR),128,0
2025,2,7,MIMAROPA REGION,327,3
2025,2,7,NATIONAL CAPITAL REGION (NCR),1464,3
2025,2,7,NEGROS ISLAND REGION (NIR),243,1
2025,2,7,REGION I (ILOCOS REGION),156,1
2025,2,7,REGION II (CAGAYAN VALLEY),221,0
2025,2,7,REGION III (CENTRAL LUZON),1161,1
2025,2,7,REGION IV-A (CALABARZON),1399,3
2025,2,7,REGION IX (ZAMBOANGA PENINSULA),222,2
2025,2,7,REGION V (BICOL REGION),55,0
2025,2,7,REGION VI (WESTERN VISAYAS),283,2
2025,2,7,REGION VII (CENTRAL VISAYAS),392,0
2025,2,7,REGION VIII (EASTERN VISAYAS),133,0
2025,2,7,REGION X (NORTHERN MINDANAO),345,2
2025,2,7,REGION XI (DAVAO REGION),385,3
2025,2,7,REGION XII (SOCCSKSARGEN),316,1
2025,2,7,REGION XIII (CARAGA),288,3
2025,2,8,BANGSAMORO AUTONOMOUS REGION IN MUSLIM MINDANAO (BARMM),114,1
2025,2,8,CORDILLERA ADMINISTRATIVE REGION (CAR),158,0
2025,2,8,MIMAROPA REGION,347,7
2025,2,8,NATIONAL CAPITAL REGION (NCR),1682,1
2025,2,8,NEGROS ISLAND REGION (NIR),249,0
2025,2,8,REGION I (ILOCOS REGION),162,0
2025,2,8,REGION II (CAGAYAN VALLEY),236,1
2025,2,8,REGION III (CENTRAL LUZON),1152,1
2025,2,8,REGION IV-A (CALABARZON),1483,5
2025,2,8,REGION IX (ZAMBOANGA PENINSULA),217,1
2025,2,8,REGION V (BICOL REGION),77,0
2025,2,8,REGION VI (WESTERN VISAYAS),291,2
2025,2,8,REGION VII (CENTRAL VISAYAS),356,1
2025,2,8,REGION VIII (EASTERN VISAYAS),139,0
2025,2,8,REGION X (NORTHERN MINDANAO),376,3
2025,2,8,REGION XI (DAVAO REGION),385,0
2025,2,8,REGION XII (SOCCSKSARGEN),297,0
2025,2,8,REGION XIII (CARAGA),247,1
2025,2,9,BANGSAMORO AUTONOMOUS REGION IN MUSLIM MINDANAO (BARMM),101,0
2025,2,9,CORDILLERA ADMINISTRATIVE REGION (CAR),129,0
2025,2,9,MIMAROPA REGION,292,0
2025,2,9,NATIONAL CAPITAL REGION (NCR),1152,2
2025,2,9,NEGROS ISLAND REGION (NIR),155,0
2025,2,9,REGION I (ILOCOS REGION),129,0
2025,2,9,REGION II (CAGAYAN VALLEY),232,1
2025,2,9,REGION III (CENTRAL LUZON),961,1
2025,2,9,REGION IV-A (CALABARZON),1030,0
2025,2,9,REGION IX (ZAMBOANGA PENINSULA),210,1
2025,2,9,REGION V (BICOL REGION),54,0
2025,2,9,REGION VI (WESTERN VISAYAS),286,1
2025,2,9,REGION VII (CENTRAL VISAYAS),283,0
2025,2,9,REGION VIII (EASTERN VISAYAS),118,0
2025,2,9,REGION X (NORTHERN MINDANAO),306,2
2025,2,9,REGION XI (DAVAO REGION),290,0
2025,2,9,REGION XII (SOCCSKSARGEN),211,1
2025,2,9,REGION XIII (CARAGA),193,1
2025,3,9,BANGSAMORO AUTONOMOUS REGION IN MUSLIM MINDANAO (BARMM),29,0
2025,3,9,CORDILLERA ADMINISTRATIVE REGION (CAR),21,0
2025,3,9,MIMAROPA REGION,52,1
2025,3,9,NATIONAL CAPITAL REGION (NCR),230,0
2025,3,9,NEGROS ISLAND REGION (NIR),30,0
2025,3,9,REGION I (ILOCOS REGION),29,0
2025,3,9,REGION II (CAGAYAN VALLEY),57,0
2025,3,9,REGION III (CENTRAL LUZON),182,1
2025,3,9,REGION IV-A (CALABARZON),210,2
2025,3,9,REGION IX (ZAMBOANGA PENINSULA),42,0
2025,3,9,REGION V (BICOL REGION),11,0
2025,3,9,REGION VI (WESTERN VISAYAS),47,0
2025,3,9,REGION VII (CENTRAL VISAYAS),40,0
2025,3,9,REGION VIII (EASTERN VISAYAS),24,0
2025,3,9,REGION X (NORTHERN MINDANAO),79,0
2025,3,9,REGION XI (DAVAO REGION),60,3
2025,3,9,REGION XII (SOCCSKSARGEN),37,0
2025,3,9,REGION XIII (CARAGA),46,0
2025,3,10,BANGSAMORO AUTONOMOUS REGION IN MUSLIM MINDANAO (BARMM),127,0
2025,3,10,CORDILLERA ADMINISTRATIVE REGION (CAR),142,0
2025,3,10,MIMAROPA REGION,265,2
2025,3,10,NATIONAL CAPITAL REGION (NCR),1113,4
2025,3,10,NEGROS ISLAND REGION (NIR),145,0
2025,3,10,REGION I (ILOCOS REGION),130,0
2025,3,10,REGION II (CAGAYAN VALLEY),182,0
2025,3,10,REGION III (CENTRAL LUZON),986,4
2025,3,10,REGION IV-A (CALABARZON),1074,2
2025,3,10,REGION IX (ZAMBOANGA PENINSULA),190,0
2025,3,10,REGION V (BICOL REGION),63,1
2025,3,10,REGION VI (WESTERN VISAYAS),284,0
2025,3,10,REGION VII (CENTRAL VISAYAS),271,1
2025,3,10,REGION VIII (EASTERN VISAYAS),95,0
2025,3,10,REGION X (NORTHERN MINDANAO),345,3
2025,3,10,REGION XI (DAVAO REGION),358,3
2025,3,10,REGION XII (SOCCSKSARGEN),293,0
2025,3,10,REGION XIII (CARAGA),219,1
2025,3,11,BANGSAMORO AUTONOMOUS REGION IN MUSLIM MINDANAO (BARMM),100,0
2025,3,11,CORDILLERA ADMINISTRATIVE REGION (CAR),144,0
2025,3,11,MIMAROPA REGION,303,4
2025,3,11,NATIONAL CAPITAL REGION (NCR),964,2
2025,3,11,NEGROS ISLAND REGION (NIR),159,0
2025,3,11,REGION I (ILOCOS REGION),114,0
2025,3,11,REGION II (CAGAYAN VALLEY),165,1
2025,3,11,REGION III (CENTRAL LUZON),1006,5
2025,3,11,REGION IV-A (CALABARZON),913,2
2025,3,11,REGION IX (ZAMBOANGA PENINSULA),203,0
2025,3,11,REGION V (BICOL REGION),50,0
2025,3,11,REGION VI (WESTERN VISAYAS),271,0
2025,3,11,REGION VII (CENTRAL VISAYAS),234,2
2025,3,11,REGION VIII (EASTERN VISAYAS),96,1
2025,3,11,REGION X (NORTHERN MINDANAO),331,0
2025,3,11,REGION XI (DAVAO REGION),341,0
2025,3,11,REGION XII (SOCCSKSARGEN),314,0
2025,3,11,REGION XIII (CARAGA),191,0
2025,3,12,BANGSAMORO AUTONOMOUS REGION IN MUSLIM MINDANAO (BARMM),98,2
2025,3,12,CORDILLERA ADMINISTRATIVE REGION (CAR),97,0
2025,3,12,MIMAROPA REGION,299,0
2025,3,12,NATIONAL CAPITAL REGION (NCR),817,3
2025,3,12,NEGROS ISLAND REGION (NIR),142,1
2025,3,12,REGION I (ILOCOS REGION),125,0
2025,3,12,REGION II (CAGAYAN VALLEY),154,0
2025,3,12,REGION III (CENTRAL LUZON),861,2
2025,3,12,REGION IV-A (CALABARZON),789,2
2025,3,12,REGION IX (ZAMBOANGA PENINSULA),191,3
2025,3,12,REGION V (BICOL REGION),39,0
2025,3,12,REGION VI (WESTERN VISAYAS),200,0
2025,3,12,REGION VII (CENTRAL VISAYAS),226,1
2025,3,12,REGION VIII (EASTERN VISAYAS),77,0
2025,3,12,REGION X (NORTHERN MINDANAO),301,1
2025,3,12,REGION XI (DAVAO REGION),406,0
2025,3,12,REGION XII (SOCCSKSARGEN),293,0
2025,3,12,REGION XIII (CARAGA),153,0
2025,3,13,BANGSAMORO AUTONOMOUS REGION IN MUSLIM MINDANAO (BARMM),108,2
2025,3,13,CORDILLERA ADMINISTRATIVE REGION (CAR),124,0
2025,3,13,MIMAROPA REGION,266,2
2025,3,13,NATIONAL CAPITAL REGION (NCR),613,4
2025,3,13,NEGROS ISLAND REGION (NIR),111,2
2025,3,13,REGION I (ILOCOS REGION),108,1
2025,3,13,REGION II (CAGAYAN VALLEY),154,0
2025,3,13,REGION III (CENTRAL LUZON),647,2
2025,3,13,REGION IV-A (CALABARZON),649,4
2025,3,13,REGION IX (ZAMBOANGA PENINSULA),157,0
2025,3,13,REGION V (BICOL REGION),22,0
2025,3,13,REGION VI (WESTERN VISAYAS),206,0
2025,3,13,REGION VII (CENTRAL VISAYAS),212,0
2025,3,13,REGION VIII (EASTERN VISAYAS),69,0
2025,3,13,REGION X (NORTHERN MINDANAO),269,4
2025,3,13,REGION XI (DAVAO REGION),338,2
2025,3,13,REGION XII (SOCCSKSARGEN),231,1
2025,3,13,REGION XIII (CARAGA),150,1
2025,3,14,BANGSAMORO AUTONOMOUS REGION IN MUSLIM MINDANAO (BARMM),26,0
2025,3,14,CORDILLERA ADMINISTRATIVE REGION (CAR),23,0
2025,3,14,MIMAROPA REGION,84,1
2025,3,14,NATIONAL CAPITAL REGION (NCR),165,0
2025,3,14,NEGROS ISLAND REGION (NIR),35,0
2025,3,14,REGION I (ILOCOS REGION),29,0
2025,3,14,REGION II (CAGAYAN VALLEY),36,0
2025,3,14,REGION III (CENTRAL LUZON),200,0
2025,3,14,REGION IV-A (CALABARZON),164,1
2025,3,14,REGION IX (ZAMBOANGA PENINSULA),54,0
2025,3,14,REGION V (BICOL REGION),7,0
2025,3,14,REGION VI (WESTERN VISAYAS),50,0
2025,3,14,REGION VII (CENTRAL VISAYAS),56,1
2025,3,14,REGION VIII (EASTERN VISAYAS),29,0
2025,3,14,REGION X (NORTHERN MINDANAO),71,1
2025,3,14,REGION XI (DAVAO REGION),111,1
2025,3,14,REGION XII (SOCCSKSARGEN),78,1
2025,3,14,REGION XIII (CARAGA),48,1
2025,4,14,BANGSAMORO AUTONOMOUS REGION IN MUSLIM MINDANAO (BARMM),69,0
2025,4,14,CORDILLERA ADMINISTRATIVE REGION (CAR),84,1
2025,4,14,MIMAROPA REGION,220,2
2025,4,14,NATIONAL CAPITAL REGION (NCR),420,1
2025,4,14,NEGROS ISLAND REGION (NIR),89,0
2025,4,14,REGION I (ILOCOS REGION),67,0
2025,4,14,REGION II (CAGAYAN VALLEY),88,0
2025,4,14,REGION III (CENTRAL LUZON),462,3
2025,4,14,REGION IV-A (CALABARZON),407,0
2025,4,14,REGION IX (ZAMBOANGA PENINSULA),124,0
2025,4,14,REGION V (BICOL REGION),29,1
2025,4,14,REGION VI (WESTERN VISAYAS),143,1
2025,4,14,REGION VII (CENTRAL VISAYAS),113,0
2025,4,14,REGION VIII (EASTERN VISAYAS),46,0
2025,4,14,REGION X (NORTHERN MINDANAO),190,2
2025,4,14,REGION XI (DAVAO REGION),263,1
2025,4,14,REGION XII (SOCCSKSARGEN),174,3
2025,4,14,REGION XIII (CARAGA),112,0
2025,4,15,BANGSAMORO AUTONOMOUS REGION IN MUSLIM MINDANAO (BARMM),101,1
2025,4,15,CORDILLERA ADMINISTRATIVE REGION (CAR),100,1
2025,4,15,MIMAROPA REGION,229,1
2025,4,15,NATIONAL CAPITAL REGION (NCR),491,2
2025,4,15,NEGROS ISLAND REGION (NIR),112,0
2025,4,15,REGION I (ILOCOS REGION),95,1
2025,4,15,REGION II (CAGAYAN VALLEY),107,1
2025,4,15,REGION III (CENTRAL LUZON),541,7
2025,4,15,REGION IV-A (CALABARZON),534,2
2025,4,15,REGION IX (ZAMBOANGA PENINSULA),155,1
2025,4,15,REGION V (BICOL REGION),33,1
2025,4,15,REGION VI (WESTERN VISAYAS),179,0
2025,4,15,REGION VII (CENTRAL VISAYAS),140,0
2025,4,15,REGION VIII (EASTERN VISAYAS),74,0
2025,4,15,REGION X (NORTHERN MINDANAO),236,2
2025,4,15,REGION XI (DAVAO REGION),297,1
2025,4,15,REGION XII (SOCCSKSARGEN),224,1
2025,4,15,REGION XIII (CARAGA),152,1
2025,4,16,BANGSAMORO AUTONOMOUS REGION IN MUSLIM MINDANAO (BARMM),111,2
2025,4,16,CORDILLERA ADMINISTRATIVE REGION (CAR),71,0
2025,4,16,MIMAROPA REGION,198,1
2025,4,16,NATIONAL CAPITAL REGION (NCR),392,0
2025,4,16,NEGROS ISLAND REGION (NIR),113,0
2025,4,16,REGION I (ILOCOS REGION),77,1
2025,4,16,REGION II (CAGAYAN VALLEY),108,1
2025,4,16,REGION III (CENTRAL LUZON),512,3
2025,4,16,REGION IV-A (CALABARZON),463,1
2025,4,16,REGION IX (ZAMBOANGA PENINSULA),141,0
2025,4,16,REGION V (BICOL REGION),32,0
2025,4,16,REGION VI (WESTERN VISAYAS),201,1
2025,4,16,REGION VII (CENTRAL VISAYAS),126,0
2025,4,16,REGION VIII (EASTERN VISAYAS),60,0
2025,4,16,REGION X (NORTHERN MINDANAO),253,1
2025,4,16,REGION XI (DAVAO REGION),284,3
2025,4,16,REGION XII (SOCCSKSARGEN),208,0
2025,4,16,REGION XIII (CARAGA),120,0
2025,4,17,BANGSAMORO AUTONOMOUS REGION IN MUSLIM MINDANAO (BARMM),122,0
2025,4,17,CORDILLERA ADMINISTRATIVE REGION (CAR),111,0
2025,4,17,MIMAROPA REGION,242,2
2025,4,17,NATIONAL CAPITAL REGION (NCR),385,4
2025,4,17,NEGROS ISLAND REGION (NIR),117,0
2025,4,17,REGION I (ILOCOS REGION),95,0
2025,4,17,REGION II (CAGAYAN VALLEY),98,0
2025,4,17,REGION III (CENTRAL LUZON),502,2
2025,4,17,REGION IV-A (CALABARZON),390,1
2025,4,17,REGION IX (ZAMBOANGA PENINSULA),160,1
2025,4,17,REGION V (BICOL REGION),22,0
2025,4,17,REGION VI (WESTERN VISAYAS),197,2
2025,4,17,REGION VII (CENTRAL VISAYAS),151,0
2025,4,17,REGION VIII (EASTERN VISAYAS),63,0
2025,4,17,REGION X (NORTHERN MINDANAO),223,2
2025,4,17,REGION XI (DAVAO REGION),305,4
2025,4,17,REGION XII (SOCCSKSARGEN),237,0
2025,4,17,REGION XIII (CARAGA),122,2
2025,4,18,BANGSAMORO AUTONOMOUS REGION IN MUSLIM MINDANAO (BARMM),54,1
2025,4,18,CORDILLERA ADMINISTRATIVE REGION (CAR),56,2
2025,4,18,MIMAROPA REGION,102,0
2025,4,18,NATIONAL CAPITAL REGION (NCR),189,1
2025,4,18,NEGROS ISLAND REGION (NIR),75,0
2025,4,18,REGION I (ILOCOS REGION),45,0
2025,4,18,REGION II (CAGAYAN VALLEY),53,0
2025,4,18,REGION III (CENTRAL LUZON),224,1
2025,4,18,REGION IV-A (CALABARZON),240,1
2025,4,18,REGION IX (ZAMBOANGA PENINSULA),95,0
2025,4,18,REGION V (BICOL REGION),14,0
2025,4,18,REGION VI (WESTERN VISAYAS),108,0
2025,4,18,REGION VII (CENTRAL VISAYAS),60,0
2025,4,18,REGION VIII (EASTERN VISAYAS),22,0
2025,4,18,REGION X (NORTHERN MINDANAO),149,3
2025,4,18,REGION XI (DAVAO REGION),159,2
2025,4,18,REGION XII (SOCCSKSARGEN),111,1
2025,4,18,REGION XIII (CARAGA),65,1
2025,5,18,BANGSAMORO AUTONOMOUS REGION IN MUSLIM MINDANAO (BARMM),61,1
2025,5,18,CORDILLERA ADMINISTRATIVE REGION (CAR),34,0
2025,5,18,MIMAROPA REGION,95,0
2025,5,18,NATIONAL CAPITAL REGION (NCR),93,0
2025,5,18,NEGROS ISLAND REGION (NIR),54,0
2025,5,18,REGION I (ILOCOS REGION),30,1
2025,5,18,REGION II (CAGAYAN VALLEY),45,0
2025,5,18,REGION III (CENTRAL LUZON),175,0
2025,5,18,REGION IV-A (CALABARZON),176,0
2025,5,18,REGION IX (ZAMBOANGA PENINSULA),84,0
2025,5,18,REGION V (BICOL REGION),21,0
2025,5,18,REGION VI (WESTERN VISAYAS),100,0
2025,5,18,REGION VII (CENTRAL VISAYAS),63,1
2025,5,18,REGION VIII (EASTERN VISAYAS),22,0
2025,5,18,REGION X (NORTHERN MINDANAO),118,1
2025,5,18,REGION XI (DAVAO REGION),112,1
2025,5,18,REGION XII (SOCCSKSARGEN),124,0
2025,5,18,REGION XIII (CARAGA),65,0
2025,5,19,BANGSAMORO AUTONOMOUS REGION IN MUSLIM MINDANAO (BARMM),101,0
2025,5,19,CORDILLERA ADMINISTRATIVE REGION (CAR),91,0
2025,5,19,MIMAROPA REGION,214,2
2025,5,19,NATIONAL CAPITAL REGION (NCR),287,1
2025,5,19,NEGROS ISLAND REGION (NIR),123,0
2025,5,19,REGION I (ILOCOS REGION),79,1
2025,5,19,REGION II (CAGAYAN VALLEY),88,0
2025,5,19,REGION III (CENTRAL LUZON),331,0
2025,5,19,REGION IV-A (CALABARZON),343,2
2025,5,19,REGION IX (ZAMBOANGA PENINSULA),174,0
2025,5,19,REGION V (BICOL REGION),32,0
2025,5,19,REGION VI (WESTERN VISAYAS),197,0
2025,5,19,REGION VII (CENTRAL VISAYAS),120,0
2025,5,19,REGION VIII (EASTERN VISAYAS),40,0
2025,5,19,REGION X (NORTHERN MINDANAO),231,1
2025,5,19,REGION XI (DAVAO REGION),236,1
2025,5,19,REGION XII (SOCCSKSARGEN),228,2
2025,5,19,REGION XIII (CARAGA),123,2
2025,5,20,BANGSAMORO AUTONOMOUS REGION IN MUSLIM MINDANAO (BARMM),118,0
2025,5,20,CORDILLERA ADMINISTRATIVE REGION (CAR),96,1
2025,5,20,MIMAROPA REGION,206,2
2025,5,20,NATIONAL CAPITAL REGION (NCR),243,2
2025,5,20,NEGROS ISLAND REGION (NIR),125,0
2025,5,20,REGION I (ILOCOS REGION),72,0
2025,5,20,REGION II (CAGAYAN VALLEY),103,0
2025,5,20,REGION III (CENTRAL LUZON),374,1
2025,5,20,REGION IV-A (CALABARZON),366,0
2025,5,20,REGION IX (ZAMBOANGA PENINSULA),214,0
2025,5,20,REGION V (BICOL REGION),29,0
2025,5,20,REGION VI (WESTERN VISAYAS),233,0
2025,5,20,REGION VII (CENTRAL VISAYAS),104,0
2025,5,20,REGION VIII (EASTERN VISAYAS),50,0
2025,5,20,REGION X (NORTHERN MINDANAO),269,0
2025,5,20,REGION XI (DAVAO REGION),259,3
2025,5,20,REGION XII (SOCCSKSARGEN),279,1
2025,5,20,REGION XIII (CARAGA),119,0
2025,5,21,BANGSAMORO AUTONOMOUS REGION IN MUSLIM MINDANAO (BARMM),131,0
2025,5,21,CORDILLERA ADMINISTRATIVE REGION (CAR),120,0
2025,5,21,MIMAROPA REGION,211,0
2025,5,21,NATIONAL CAPITAL REGION (NCR),258,0
2025,5,21,NEGROS ISLAND REGION (NIR),180,0
2025,5,21,REGION I (ILOCOS REGION),100,0
2025,5,21,REGION II (CAGAYAN VALLEY),93,0
2025,5,21,REGION III (CENTRAL LUZON),363,2
2025,5,21,REGION IV-A (CALABARZON),368,1
2025,5,21,REGION IX (ZAMBOANGA PENINSULA),205,0
2025,5,21,REGION V (BICOL REGION),19,0
2025,5,21,REGION VI (WESTERN VISAYAS),300,1
2025,5,21,REGION VII (CENTRAL VISAYAS),126,0
2025,5,21,REGION VIII (EASTERN VISAYAS),53,0
2025,5,21,REGION X (NORTHERN MINDANAO),240,0
2025,5,21,REGION XI (DAVAO REGION),261,1
2025,5,21,REGION XII (SOCCSKSARGEN),290,0
2025,5,21,REGION XIII (CARAGA),114,0
2025,5,22,BANGSAMORO AUTONOMOUS REGION IN MUSLIM MINDANAO (BARMM),143,0
2025,5,22,CORDILLERA ADMINISTRATIVE REGION (CAR),122,0
2025,5,22,MIMAROPA REGION,218,2
2025,5,22,NATIONAL CAPITAL REGION (NCR),253,0
2025,5,22,NEGROS ISLAND REGION (NIR),195,0
2025,5,22,REGION I (ILOCOS REGION),117,0
2025,5,22,REGION II (CAGAYAN VALLEY),109,2
2025,5,22,REGION III (CENTRAL LUZON),490,2
2025,5,22,REGION IV-A (CALABARZON),356,2
2025,5,22,REGION IX (ZAMBOANGA PENINSULA),180,0
2025,5,22,REGION V (BICOL REGION),24,0
2025,5,22,REGION VI (WESTERN VISAYAS),351,1
2025,5,22,REGION VII (CENTRAL VISAYAS),113,1
2025,5,22,REGION VIII (EASTERN VISAYAS),56,0
2025,5,22,REGION X (NORTHERN MINDANAO),258,1
2025,5,22,REGION XI (DAVAO REGION),255,2
2025,5,22,REGION XII (SOCCSKSARGEN),246,1
2025,5,22,REGION XIII (CARAGA),94,0
2025,6,23,BANGSAMORO AUTONOMOUS REGION IN MUSLIM MINDANAO (BARMM),165,0
2025,6,23,CORDILLERA ADMINISTRATIVE REGION (CAR),164,0
2025,6,23,MIMAROPA REGION,202,2
2025,6,23,NATIONAL CAPITAL REGION (NCR),270,3
2025,6,23,NEGROS ISLAND REGION (NIR),222,0
2025,6,23,REGION I (ILOCOS REGION),126,0
2025,6,23,REGION II (CAGAYAN VALLEY),117,0
2025,6,23,REGION III (CENTRAL LUZON),571,4
2025,6,23,REGION IV-A (CALABARZON),404,4
2025,6,23,REGION IX (ZAMBOANGA PENINSULA),177,1
2025,6,23,REGION V (BICOL REGION),28,1
2025,6,23,REGION VI (WESTERN VISAYAS),373,1
2025,6,23,REGION VII (CENTRAL VISAYAS),103,2
2025,6,23,REGION VIII (EASTERN VISAYAS),36,1
2025,6,23,REGION X (NORTHERN MINDANAO),288,2
2025,6,23,REGION XI (DAVAO REGION),300,2
2025,6,23,REGION XII (SOCCSKSARGEN),261,0
2025,6,23,REGION XIII (CARAGA),106,0
2025,6,24,BANGSAMORO AUTONOMOUS REGION IN MUSLIM MINDANAO (BARMM),190,1
2025,6,24,CORDILLERA ADMINISTRATIVE REGION (CAR),197,0
2025,6,24,MIMAROPA REGION,312,2
2025,6,24,NATIONAL CAPITAL REGION (NCR),310,2
2025,6,24,NEGROS ISLAND REGION (NIR),221,1
2025,6,24,REGION I (ILOCOS REGION),207,1
2025,6,24,REGION II (CAGAYAN VALLEY),159,0
2025,6,24,REGION III (CENTRAL LUZON),703,3
2025,6,24,REGION IV-A (CALABARZON),469,2
2025,6,24,REGION IX (ZAMBOANGA PENINSULA),178,1
2025,6,24,REGION V (BICOL REGION),38,0
2025,6,24,REGION VI (WESTERN VISAYAS),431,0
2025,6,24,REGION VII (CENTRAL VISAYAS),118,0
2025,6,24,REGION VIII (EASTERN VISAYAS),31,0
2025,6,24,REGION X (NORTHERN MINDANAO),271,0
2025,6,24,REGION XI (DAVAO REGION),254,4
2025,6,24,REGION XII (SOCCSKSARGEN),307,1
2025,6,24,REGION XIII (CARAGA),109,1
2025,6,25,BANGSAMORO AUTONOMOUS REGION IN MUSLIM MINDANAO (BARMM),157,0
2025,6,25,CORDILLERA ADMINISTRATIVE REGION (CAR),212,0
2025,6,25,MIMAROPA REGION,420,0
2025,6,25,NATIONAL CAPITAL REGION (NCR),374,4
2025,6,25,NEGROS ISLAND REGION (NIR),287,0
2025,6,25,REGION I (ILOCOS REGION),315,2
2025,6,25,REGION II (CAGAYAN VALLEY),179,0
2025,6,25,REGION III (CENTRAL LUZON),861,1
2025,6,25,REGION IV-A (CALABARZON),610,0
2025,6,25,REGION IX (ZAMBOANGA PENINSULA),175,1
2025,6,25,REGION V (BICOL REGION),37,0
2025,6,25,REGION VI (WESTERN VISAYAS),540,3
2025,6,25,REGION VII (CENTRAL VISAYAS),176,0
2025,6,25,REGION VIII (EASTERN VISAYAS),53,0
2025,6,25,REGION X (NORTHERN MINDANAO),291,1
2025,6,25,REGION XI (DAVAO REGION),293,1
2025,6,25,REGION XII (SOCCSKSARGEN),308,1
2025,6,25,REGION XIII (CARAGA),76,0
2025,6,26,BANGSAMORO AUTONOMOUS REGION IN MUSLIM MINDANAO (BARMM),156,0
2025,6,26,CORDILLERA ADMINISTRATIVE REGION (CAR),181,1
2025,6,26,MIMAROPA REGION,381,1
2025,6,26,NATIONAL CAPITAL REGION (NCR),465,6
2025,6,26,NEGROS ISLAND REGION (NIR),271,0
2025,6,26,REGION I (ILOCOS REGION),408,1
2025,6,26,REGION II (CAGAYAN VALLEY),188,0
2025,6,26,REGION III (CENTRAL LUZON),1193,5
2025,6,26,REGION IV-A (CALABARZON),660,4
2025,6,26,REGION IX (ZAMBOANGA PENINSULA),169,4
2025,6,26,REGION V (BICOL REGION),43,0
2025,6,26,REGION VI (WESTERN VISAYAS),544,1
2025,6,26,REGION VII (CENTRAL VISAYAS),152,1
2025,6,26,REGION VIII (EASTERN VISAYAS),37,0
2025,6,26,REGION X (NORTHERN MINDANAO),288,1
2025,6,26,REGION XI (DAVAO REGION),290,1
2025,6,26,REGION XII (SOCCSKSARGEN),289,0
2025,6,26,REGION XIII (CARAGA),94,0
2025,6,27,BANGSAMORO AUTONOMOUS REGION IN MUSLIM MINDANAO (BARMM),42,0
2025,6,27,CORDILLERA ADMINISTRATIVE REGION (CAR),71,0
2025,6,27,MIMAROPA REGION,120,0
2025,6,27,NATIONAL CAPITAL REGION (NCR),149,0
2025,6,27,NEGROS ISLAND REGION (NIR),90,0
2025,6,27,REGION I (ILOCOS REGION),137,1
2025,6,27,REGION II (CAGAYAN VALLEY),53,0
2025,6,27,REGION III (CENTRAL LUZON),388,2
2025,6,27,REGION IV-A (CALABARZON),208,1
2025,6,27,REGION IX (ZAMBOANGA PENINSULA),52,0
2025,6,27,REGION V (BICOL REGION),16,0
2025,6,27,REGION VI (WESTERN VISAYAS),148,0
2025,6,27,REGION VII (CENTRAL VISAYAS),54,0
2025,6,27,REGION VIII (EASTERN VISAYAS),10,0
2025,6,27,REGION X (NORTHERN MINDANAO),104,1
2025,6,27,REGION XI (DAVAO REGION),103,1
2025,6,27,REGION XII (SOCCSKSARGEN),113,0
2025,6,27,REGION XIII (CARAGA),26,0
2025,7,27,BANGSAMORO AUTONOMOUS REGION IN MUSLIM MINDANAO (BARMM),129,1
2025,7,27,CORDILLERA ADMINISTRATIVE REGION (CAR),144,1
2025,7,27,MIMAROPA REGION,333,2
2025,7,27,NATIONAL CAPITAL REGION (NCR),406,0
2025,7,27,NEGROS ISLAND REGION (NIR),201,1
2025,7,27,REGION I (ILOCOS REGION),362,0
2025,7,27,REGION II (CAGAYAN VALLEY),144,0
2025,7,27,REGION III (CENTRAL LUZON),1136,2
2025,7,27,REGION IV-A (CALABARZON),686,4
2025,7,27,REGION IX (ZAMBOANGA PENINSULA),144,1
2025,7,27,REGION V (BICOL REGION),35,0
2025,7,27,REGION VI (WESTERN VISAYAS),386,2
2025,7,27,REGION VII (CENTRAL VISAYAS),137,2
2025,7,27,REGION VIII (EASTERN VISAYAS),28,0
2025,7,27,REGION X (NORTHERN MINDANAO),232,1
2025,7,27,REGION XI (DAVAO REGION),221,0
2025,7,27,REGION XII (SOCCSKSARGEN),220,0
2025,7,27,REGION XIII (CARAGA),68,0
2025,7,28,BANGSAMORO AUTONOMOUS REGION IN MUSLIM MINDANAO (BARMM),152,1
2025,7,28,CORDILLERA ADMINISTRATIVE REGION (CAR),225,1
2025,7,28,MIMAROPA REGION,461,8
2025,7,28,NATIONAL CAPITAL REGION (NCR),613,8
2025,7,28,NEGROS ISLAND REGION (NIR),301,1
2025,7,28,REGION I (ILOCOS REGION),541,1
2025,7,28,REGION II (CAGAYAN VALLEY),227,0
2025,7,28,REGION III (CENTRAL LUZON),1893,7
2025,7,28,REGION IV-A (CALABARZON),960,5
2025,7,28,REGION IX (ZAMBOANGA PENINSULA),177,2
2025,7,28,REGION V (BICOL REGION),55,0
2025,7,28,REGION VI (WESTERN VISAYAS),668,1
2025,7,28,REGION VII (CENTRAL VISAYAS),224,1
2025,7,28,REGION VIII (EASTERN VISAYAS),60,1
2025,7,28,REGION X (NORTHERN MINDANAO),279,1
2025,7,28,REGION XI (DAVAO REGION),293,3
2025,7,28,REGION XII (SOCCSKSARGEN),278,0
2025,7,28,REGION XIII (CARAGA),94,1
2025,7,29,BANGSAMORO AUTONOMOUS REGION IN MUSLIM MINDANAO (BARMM),175,2
2025,7,29,CORDILLERA ADMINISTRATIVE REGION (CAR),187,0
2025,7,29,MIMAROPA REGION,402,4
2025,7,29,NATIONAL CAPITAL REGION (NCR),654,2
2025,7,29,NEGROS ISLAND REGION (NIR),252,2
2025,7,29,REGION I (ILOCOS REGION),612,6
2025,7,29,REGION II (CAGAYAN VALLEY),244,1
2025,7,29,REGION III (CENTRAL LUZON),2202,9
2025,7,29,REGION IV-A (CALABARZON),1076,4
2025,7,29,REGION IX (ZAMBOANGA PENINSULA),169,2
2025,7,29,REGION V (BICOL REGION),61,0
2025,7,29,REGION VI (WESTERN VISAYAS),567,1
2025,7,29,REGION VII (CENTRAL VISAYAS),222,2
2025,7,29,REGION VIII (EASTERN VISAYAS),30,0
2025,7,29,REGION X (NORTHERN MINDANAO),272,1
2025,7,29,REGION XI (DAVAO REGION),294,1
2025,7,29,REGION XII (SOCCSKSARGEN),300,2
2025,7,29,REGION XIII (CARAGA),96,0
2025,7,30,BANGSAMORO AUTONOMOUS REGION IN MUSLIM MINDANAO (BARMM),187,1
2025,7,30,CORDILLERA ADMINISTRATIVE REGION (CAR),183,0
2025,7,30,MIMAROPA REGION,452,2
2025,7,30,NATIONAL CAPITAL REGION (NCR),787,5
2025,7,30,NEGROS ISLAND REGION (NIR),245,0
2025,7,30,REGION I (ILOCOS REGION),665,5
2025,7,30,REGION II (CAGAYAN VALLEY),322,1
2025,7,30,REGION III (CENTRAL LUZON),2141,7
2025,7,30,REGION IV-A (CALABARZON),967,5
2025,7,30,REGION IX (ZAMBOANGA PENINSULA),132,0
2025,7,30,REGION V (BICOL REGION),73,2
2025,7,30,REGION VI (WESTERN VISAYAS),543,0
2025,7,30,REGION VII (CENTRAL VISAYAS),223,3
2025,7,30,REGION VIII (EASTERN VISAYAS),64,0
2025,7,30,REGION X (NORTHERN MINDANAO),306,0
2025,7,30,REGION XI (DAVAO REGION),257,3
2025,7,30,REGION XII (SOCCSKSARGEN),321,0
2025,7,30,REGION XIII (CARAGA),69,0
2025,7,31,BANGSAMORO AUTONOMOUS REGION IN MUSLIM MINDANAO (BARMM),113,1
2025,7,31,CORDILLERA ADMINISTRATIVE REGION (CAR),123,0
2025,7,31,MIMAROPA REGION,324,0
2025,7,31,NATIONAL CAPITAL REGION (NCR),721,6
2025,7,31,NEGROS ISLAND REGION (NIR),182,1
2025,7,31,REGION I (ILOCOS REGION),507,0
2025,7,31,REGION II (CAGAYAN VALLEY),298,2
2025,7,31,REGION III (CENTRAL LUZON),1753,5
2025,7,31,REGION IV-A (CALABARZON),862,6
2025,7,31,REGION IX (ZAMBOANGA PENINSULA),104,1
2025,7,31,REGION V (BICOL REGION),52,0
2025,7,31,REGION VI (WESTERN VISAYAS),352,1
2025,7,31,REGION VII (CENTRAL VISAYAS),159,0
2025,7,31,REGION VIII (EASTERN VISAYAS),36,0
2025,7,31,REGION X (NORTHERN MINDANAO),189,0
2025,7,31,REGION XI (DAVAO REGION),163,2
2025,7,31,REGION XII (SOCCSKSARGEN),173,0
2025,7,31,REGION XIII (CARAGA),42,0
2025,8,31,BANGSAMORO AUTONOMOUS REGION IN MUSLIM MINDANAO (BARMM),72,0
2025,8,31,CORDILLERA ADMINISTRATIVE REGION (CAR),61,0
2025,8,31,MIMAROPA REGION,188,0
2025,8,31,NATIONAL CAPITAL REGION (NCR),363,1
2025,8,31,NEGROS ISLAND REGION (NIR),108,0
2025,8,31,REGION I (ILOCOS REGION),242,1
2025,8,31,REGION II (CAGAYAN VALLEY),117,0
2025,8,31,REGION III (CENTRAL LUZON),979,3
2025,8,31,REGION IV-A (CALABARZON),459,1
2025,8,31,REGION IX (ZAMBOANGA PENINSULA),57,0
2025,8,31,REGION V (BICOL REGION),28,1
2025,8,31,REGION VI (WESTERN VISAYAS),134,0
2025,8,31,REGION VII (CENTRAL VISAYAS),57,0
2025,8,31,REGION VIII (EASTERN VISAYAS),23,0
2025,8,31,REGION X (NORTHERN MINDANAO),109,0
2025,8,31,REGION XI (DAVAO REGION),82,2
2025,8,31,REGION XII (SOCCSKSARGEN),96,0
2025,8,31,REGION XIII (CARAGA),20,0
2025,8,32,BANGSAMORO AUTONOMOUS REGION IN MUSLIM MINDANAO (BARMM),180,0
2025,8,32,CORDILLERA ADMINISTRATIVE REGION (CAR),227,2
2025,8,32,MIMAROPA REGION,452,3
2025,8,32,NATIONAL CAPITAL REGION (NCR),1159,3
2025,8,32,NEGROS ISLAND REGION (NIR),231,0
2025,8,32,REGION I (ILOCOS REGION),827,2
2025,8,32,REGION II (CAGAYAN VALLEY),420,1
2025,8,32,REGION III (CENTRAL LUZON),2900,3
2025,8,32,REGION IV-A (CALABARZON),1379,5
2025,8,32,REGION IX (ZAMBOANGA PENINSULA),145,0
2025,8,32,REGION V (BICOL REGION),76,1
2025,8,32,REGION VI (WESTERN VISAYAS),384,2
2025,8,32,REGION VII (CENTRAL VISAYAS),208,1
2025,8,32,REGION VIII (EASTERN VISAYAS),67,0
2025,8,32,REGION X (NORTHERN MINDANAO),224,2
2025,8,32,REGION XI (DAVAO REGION),238,2
2025,8,32,REGION XII (SOCCSKSARGEN),301,0
2025,8,32,REGION XIII (CARAGA),59,0
2025,8,33,BANGSAMORO AUTONOMOUS REGION IN MUSLIM MINDANAO (BARMM),159,0
2025,8,33,CORDILLERA ADMINISTRATIVE REGION (CAR),235,0
2025,8,33,MIMAROPA REGION,362,0
2025,8,33,NATIONAL CAPITAL REGION (NCR),1216,3
2025,8,33,NEGROS ISLAND REGION (NIR),225,1
2025,8,33,REGION I (ILOCOS REGION),781,2
2025,8,33,REGION II (CAGAYAN VALLEY),505,1
2025,8,33,REGION III (CENTRAL LUZON),2938,5
2025,8,33,REGION IV-A (CALABARZON),1354,7
2025,8,33,REGION IX (ZAMBOANGA PENINSULA),127,0
2025,8,33,REGION V (BICOL REGION),95,0
2025,8,33,REGION VI (WESTERN VISAYAS),355,0
2025,8,33,REGION VII (CENTRAL VISAYAS),215,2
2025,8,33,REGION VIII (EASTERN VISAYAS),67,0
2025,8,33,REGION X (NORTHERN MINDANAO),195,1
2025,8,33,REGION XI (DAVAO REGION),240,2
2025,8,33,REGION XII (SOCCSKSARGEN),288,0
2025,8,33,REGION XIII (CARAGA),55,0
2025,8,34,BANGSAMORO AUTONOMOUS REGION IN MUSLIM MINDANAO (BARMM),153,3
2025,8,34,CORDILLERA ADMINISTRATIVE REGION (CAR),206,0
2025,8,34,MIMAROPA REGION,255,3
2025,8,34,NATIONAL CAPITAL REGION (NCR),1111,2
2025,8,34,NEGROS ISLAND REGION (NIR),156,1
2025,8,34,REGION I (ILOCOS REGION),675,2
2025,8,34,REGION II (CAGAYAN VALLEY),485,1
2025,8,34,REGION III (CENTRAL LUZON),2502,12
2025,8,34,REGION IV-A (CALABARZON),1289,4
2025,8,34,REGION IX (ZAMBOANGA PENINSULA),93,1
2025,8,34,REGION V (BICOL REGION),82,0
2025,8,34,REGION VI (WESTERN VISAYAS),306,2
2025,8,34,REGION VII (CENTRAL VISAYAS),183,0
2025,8,34,REGION VIII (EASTERN VISAYAS),47,0
2025,8,34,REGION X (NORTHERN MINDANAO),187,0
2025,8,34,REGION XI (DAVAO REGION),215,4
2025,8,34,REGION XII (SOCCSKSARGEN),182,0
2025,8,34,REGION XIII (CARAGA),46,0
2025,8,35,BANGSAMORO AUTONOMOUS REGION IN MUSLIM MINDANAO (BARMM),130,2
2025,8,35,CORDILLERA ADMINISTRATIVE REGION (CAR),248,0
2025,8,35,MIMAROPA REGION,265,1
2025,8,35,NATIONAL CAPITAL REGION (NCR),998,5
2025,8,35,NEGROS ISLAND REGION (NIR),154,0
2025,8,35,REGION I (ILOCOS REGION),667,0
2025,8,35,REGION II (CAGAYAN VALLEY),530,2
2025,8,35,REGION III (CENTRAL LUZON),2335,10
2025,8,35,REGION IV-A (CALABARZON),1183,2
2025,8,35,REGION IX (ZAMBOANGA PENINSULA),93,1
2025,8,35,REGION V (BICOL REGION),67,0
2025,8,35,REGION VI (WESTERN VISAYAS),280,0
2025,8,35,REGION VII (CENTRAL VISAYAS),180,0
2025,8,35,REGION VIII (EASTERN VISAYAS),56,0
2025,8,35,REGION X (NORTHERN MINDANAO),181,1
2025,8,35,REGION XI (DAVAO REGION),202,1
2025,8,35,REGION XII (SOCCSKSARGEN),239,0
2025,8,35,REGION XIII (CARAGA),48,0
2025,8,36,BANGSAMORO AUTONOMOUS REGION IN MUSLIM MINDANAO (BARMM),15,0
2025,8,36,CORDILLERA ADMINISTRATIVE REGION (CAR),24,0
2025,8,36,MIMAROPA REGION,48,0
2025,8,36,NATIONAL CAPITAL REGION (NCR),184,1
2025,8,36,NEGROS ISLAND REGION (NIR),16,0
2025,8,36,REGION I (ILOCOS REGION),106,1
2025,8,36,REGION II (CAGAYAN VALLEY),91,0
2025,8,36,REGION III (CENTRAL LUZON),361,1
2025,8,36,REGION IV-A (CALABARZON),197,1
2025,8,36,REGION IX (ZAMBOANGA PENINSULA),15,0
2025,8,36,REGION V (BICOL REGION),20,0
2025,8,36,REGION VI (WESTERN VISAYAS),37,0
2025,8,36,REGION VII (CENTRAL VISAYAS),33,0
2025,8,36,REGION VIII (EASTERN VISAYAS),10,0
2025,8,36,REGION X (NORTHERN MINDANAO),35,1
2025,8,36,REGION XI (DAVAO REGION),25,0
2025,8,36,REGION XII (SOCCSKSARGEN),34,0
2025,8,36,REGION XIII (CARAGA),7,0
2025,9,36,BANGSAMORO AUTONOMOUS REGION IN MUSLIM MINDANAO (BARMM),112,0
2025,9,36,CORDILLERA ADMINISTRATIVE REGION (CAR),200,0
2025,9,36,MIMAROPA REGION,228,2
2025,9,36,NATIONAL CAPITAL REGION (NCR),939,5
2025,9,36,NEGROS ISLAND REGION (NIR),154,1
2025,9,36,REGION I (ILOCOS REGION),561,2
2025,9,36,REGION II (CAGAYAN VALLEY),469,1
2025,9,36,REGION III (CENTRAL LUZON),2132,8
2025,9,36,REGION IV-A (CALABARZON),1051,6
2025,9,36,REGION IX (ZAMBOANGA PENINSULA),99,0
2025,9,36,REGION V (BICOL REGION),47,0
2025,9,36,REGION VI (WESTERN VISAYAS),235,3
2025,9,36,REGION VII (CENTRAL VISAYAS),172,2
2025,9,36,REGION VIII (EASTERN VISAYAS),35,1
2025,9,36,REGION X (NORTHERN MINDANAO),169,3
2025,9,36,REGION XI (DAVAO REGION),219,1
2025,9,36,REGION XII (SOCCSKSARGEN),171,0
2025,9,36,REGION XIII (CARAGA),49,0
2025,9,37,BANGSAMORO AUTONOMOUS REGION IN MUSLIM MINDANAO (BARMM),93,0
2025,9,37,CORDILLERA ADMINISTRATIVE REGION (CAR),240,0
2025,9,37,MIMAROPA REGION,241,0
2025,9,37,NATIONAL CAPITAL REGION (NCR),1192,5
2025,9,37,NEGROS ISLAND REGION (NIR),145,0
2025,9,37,REGION I (ILOCOS REGION),530,1
2025,9,37,REGION II (CAGAYAN VALLEY),504,1
2025,9,37,REGION III (CENTRAL LUZON),2222,9
2025,9,37,REGION IV-A (CALABARZON),1199,3
2025,9,37,REGION IX (ZAMBOANGA PENINSULA),110,0
2025,9,37,REGION V (BICOL REGION),43,0
2025,9,37,REGION VI (WESTERN VISAYAS),275,0
2025,9,37,REGION VII (CENTRAL VISAYAS),177,0
2025,9,37,REGION VIII (EASTERN VISAYAS),45,0
2025,9,37,REGION X (NORTHERN MINDANAO),181,0
2025,9,37,REGION XI (DAVAO REGION),215,0
2025,9,37,REGION XII (SOCCSKSARGEN),214,0
2025,9,37,REGION XIII (CARAGA),52,0
2025,9,38,BANGSAMORO AUTONOMOUS REGION IN MUSLIM MINDANAO (BARMM),104,0
2025,9,38,CORDILLERA ADMINISTRATIVE REGION (CAR),249,1
2025,9,38,MIMAROPA REGION,221,1
2025,9,38,NATIONAL CAPITAL REGION (NCR),1174,3
2025,9,38,NEGROS ISLAND REGION (NIR),166,0
2025,9,38,REGION I (ILOCOS REGION),434,0
2025,9,38,REGION II (CAGAYAN VALLEY),505,0
2025,9,38,REGION III (CENTRAL LUZON),2064,8
2025,9,38,REGION IV-A (CALABARZON),1087,1
2025,9,38,REGION IX (ZAMBOANGA PENINSULA),76,0
2025,9,38,REGION V (BICOL REGION),60,0
2025,9,38,REGION VI (WESTERN VISAYAS),302,0
2025,9,38,REGION VII (CENTRAL VISAYAS),175,0
2025,9,38,REGION VIII (EASTERN VISAYAS),47,0
2025,9,38,REGION X (NORTHERN MINDANAO),189,0
2025,9,38,REGION XI (DAVAO REGION),245,0
2025,9,38,REGION XII (SOCCSKSARGEN),203,3
2025,9,38,REGION XIII (CARAGA),33,1
2025,9,39,BANGSAMORO AUTONOMOUS REGION IN MUSLIM MINDANAO (BARMM),97,1
2025,9,39,CORDILLERA ADMINISTRATIVE REGION (CAR),265,0
2025,9,39,MIMAROPA REGION,198,2
2025,9,39,NATIONAL CAPITAL REGION (NCR),1235,7
2025,9,39,NEGROS ISLAND REGION (NIR),118,1
2025,9,39,REGION I (ILOCOS REGION),408,2
2025,9,39,REGION II (CAGAYAN VALLEY),491,1
2025,9,39,REGION III (CENTRAL LUZON),1878,7
2025,9,39,REGION IV-A (CALABARZON),1149,4
2025,9,39,REGION IX (ZAMBOANGA PENINSULA),118,1
2025,9,39,REGION V (BICOL REGION),67,1
2025,9,39,REGION VI (WESTERN VISAYAS),230,1
2025,9,39,REGION VII (CENTRAL VISAYAS),202,0
2025,9,39,REGION VIII (EASTERN VISAYAS),41,0
2025,9,39,REGION X (NORTHERN MINDANAO),163,0
2025,9,39,REGION XI (DAVAO REGION),251,1
2025,9,39,REGION XII (SOCCSKSARGEN),189,1
2025,9,39,REGION XIII (CARAGA),44,0
2025,9,40,BANGSAMORO AUTONOMOUS REGION IN MUSLIM MINDANAO (BARMM),41,0
2025,9,40,CORDILLERA ADMINISTRATIVE REGION (CAR),142,0
2025,9,40,MIMAROPA REGION,118,0
2025,9,40,NATIONAL CAPITAL REGION (NCR),555,3
2025,9,40,NEGROS ISLAND REGION (NIR),48,0
2025,9,40,REGION I (ILOCOS REGION),157,0
2025,9,40,REGION II (CAGAYAN VALLEY),189,0
2025,9,40,REGION III (CENTRAL LUZON),723,4
2025,9,40,REGION IV-A (CALABARZON),476,1
2025,9,40,REGION IX (ZAMBOANGA PENINSULA),53,0
2025,9,40,REGION V (BICOL REGION),40,0
2025,9,40,REGION VI (WESTERN VISAYAS),109,1
2025,9,40,REGION VII (CENTRAL VISAYAS),67,1
2025,9,40,REGION VIII (EASTERN VISAYAS),25,0
2025,9,40,REGION X (NORTHERN MINDANAO),71,1
2025,9,40,REGION XI (DAVAO REGION),81,0
2025,9,40,REGION XII (SOCCSKSARGEN),82,0
2025,9,40,REGION XIII (CARAGA),22,0
2025,10,40,BANGSAMORO AUTONOMOUS REGION IN MUSLIM MINDANAO (BARMM),53,0
2025,10,40,CORDILLERA ADMINISTRATIVE REGION (CAR),201,0
2025,10,40,MIMAROPA REGION,121,0
2025,10,40,NATIONAL CAPITAL REGION (NCR),884,1
2025,10,40,NEGROS ISLAND REGION (NIR),61,0
2025,10,40,REGION I (ILOCOS REGION),248,1
2025,10,40,REGION II (CAGAYAN VALLEY),226,0
2025,10,40,REGION III (CENTRAL LUZON),1243,6
2025,10,40,REGION IV-A (CALABARZON),864,5
2025,10,40,REGION IX (ZAMBOANGA PENINSULA),68,0
2025,10,40,REGION V (BICOL REGION),38,0
2025,10,40,REGION VI (WESTERN VISAYAS),161,0
2025,10,40,REGION VII (CENTRAL VISAYAS),113,0
2025,10,40,REGION VIII (EASTERN VISAYAS),43,0
2025,10,40,REGION X (NORTHERN MINDANAO),118,1
2025,10,40,REGION XI (DAVAO REGION),159,1
2025,10,40,REGION XII (SOCCSKSARGEN),142,1
2025,10,40,REGION XIII (CARAGA),28,1
2025,10,41,BANGSAMORO AUTONOMOUS REGION IN MUSLIM MINDANAO (BARMM),105,0
2025,10,41,CORDILLERA ADMINISTRATIVE REGION (CAR),347,0
2025,10,41,MIMAROPA REGION,221,1
2025,10,41,NATIONAL CAPITAL REGION (NCR),1441,5
2025,10,41,NEGROS ISLAND REGION (NIR),122,0
2025,10,41,REGION I (ILOCOS REGION),394,1
2025,10,41,REGION II (CAGAYAN VALLEY),394,1
2025,10,41,REGION III (CENTRAL LUZON),1994,8
2025,10,41,REGION IV-A (CALABARZON),1276,7
2025,10,41,REGION IX (ZAMBOANGA PENINSULA),71,0
2025,10,41,REGION V (BICOL REGION),75,1
2025,10,41,REGION VI (WESTERN VISAYAS),264,2
2025,10,41,REGION VII (CENTRAL VISAYAS),213,0
2025,10,41,REGION VIII (EASTERN VISAYAS),85,0
2025,10,41,REGION X (NORTHERN MINDANAO),208,0
2025,10,41,REGION XI (DAVAO REGION),239,2
2025,10,41,REGION XII (SOCCSKSARGEN),199,0
2025,10,41,REGION XIII (CARAGA),60,0
2025,10,42,BANGSAMORO AUTONOMOUS REGION IN MUSLIM MINDANAO (BARMM),103,1
2025,10,42,CORDILLERA ADMINISTRATIVE REGION (CAR),345,1
2025,10,42,MIMAROPA REGION,250,1
2025,10,42,NATIONAL CAPITAL REGION (NCR),1253,7
2025,10,42,NEGROS ISLAND REGION (NIR),120,2
2025,10,42,REGION I (ILOCOS REGION),399,0
2025,10,42,REGION II (CAGAYAN VALLEY),372,1
2025,10,42,REGION III (CENTRAL LUZON),1912,7
2025,10,42,REGION IV-A (CALABARZON),1150,5
2025,10,42,REGION IX (ZAMBOANGA PENINSULA),84,1
2025,10,42,REGION V (BICOL REGION),49,0
2025,10,42,REGION VI (WESTERN VISAYAS),321,2
2025,10,42,REGION VII (CENTRAL VISAYAS),199,0
2025,10,42,REGION VIII (EASTERN VISAYAS),47,0
2025,10,42,REGION X (NORTHERN MINDANAO),192,0
2025,10,42,REGION XI (DAVAO REGION),251,0
2025,10,42,REGION XII (SOCCSKSARGEN),206,0
2025,10,42,REGION XIII (CARAGA),63,0
2025,10,43,BANGSAMORO AUTONOMOUS REGION IN MUSLIM MINDANAO (BARMM),91,0
2025,10,43,CORDILLERA ADMINISTRATIVE REGION (CAR),316,1
2025,10,43,MIMAROPA REGION,270,4
2025,10,43,NATIONAL CAPITAL REGION (NCR),1322,11
2025,10,43,NEGROS ISLAND REGION (NIR),107,0
2025,10,43,REGION I (ILOCOS REGION),342,8
2025,10,43,REGION II (CAGAYAN VALLEY),373,0
2025,10,43,REGION III (CENTRAL LUZON),1795,4
2025,10,43,REGION IV-A (CALABARZON),1135,11
2025,10,43,REGION IX (ZAMBOANGA PENINSULA),103,0
2025,10,43,REGION V (BICOL REGION),59,0
2025,10,43,REGION VI (WESTERN VISAYAS),324,1
2025,10,43,REGION VII (CENTRAL VISAYAS),228,1
2025,10,43,REGION VIII (EASTERN VISAYAS),59,0
2025,10,43,REGION X (NORTHERN MINDANAO),219,2
2025,10,43,REGION XI (DAVAO REGION),289,1
2025,10,43,REGION XII (SOCCSKSARGEN),203,1
2025,10,43,REGION XIII (CARAGA),55,0
2025,10,44,BANGSAMORO AUTONOMOUS REGION IN MUSLIM MINDANAO (BARMM),59,0
2025,10,44,CORDILLERA ADMINISTRATIVE REGION (CAR),226,0
2025,10,44,MIMAROPA REGION,210,2
2025,10,44,NATIONAL CAPITAL REGION (NCR),735,1
2025,10,44,NEGROS ISLAND REGION (NIR),80,0
2025,10,44,REGION I (ILOCOS REGION),224,1
2025,10,44,REGION II (CAGAYAN VALLEY),210,0
2025,10,44,REGION III (CENTRAL LUZON),1248,2
2025,10,44,REGION IV-A (CALABARZON),671,4
2025,10,44,REGION IX (ZAMBOANGA PENINSULA),71,0
2025,10,44,REGION V (BICOL REGION),38,1
2025,10,44,REGION VI (WESTERN VISAYAS),247,3
2025,10,44,REGION VII (CENTRAL VISAYAS),141,1
2025,10,44,REGION VIII (EASTERN VISAYAS),14,0
2025,10,44,REGION X (NORTHERN MINDANAO),139,1
2025,10,44,REGION XI (DAVAO REGION),196,1
2025,10,44,REGION XII (SOCCSKSARGEN),115,1
2025,10,44,REGION XIII (CARAGA),50,0
2025,11,44,BANGSAMORO AUTONOMOUS REGION IN MUSLIM MINDANAO (BARMM),12,0
2025,11,44,CORDILLERA ADMINISTRATIVE REGION (CAR),44,0
2025,11,44,MIMAROPA REGION,61,0
2025,11,44,NATIONAL CAPITAL REGION (NCR),87,0
2025,11,44,NEGROS ISLAND REGION (NIR),14,0
2025,11,44,REGION I (ILOCOS REGION),35,0
2025,11,44,REGION II (CAGAYAN VALLEY),21,0
2025,11,44,REGION III (CENTRAL LUZON),251,0
2025,11,44,REGION IV-A (CALABARZON),135,1
2025,11,44,REGION IX (ZAMBOANGA PENINSULA),18,0
2025,11,44,REGION V (BICOL REGION),5,0
2025,11,44,REGION VI (WESTERN VISAYAS),37,0
2025,11,44,REGION VII (CENTRAL VISAYAS),33,0
2025,11,44,REGION VIII (EASTERN VISAYAS),1,0
2025,11,44,REGION X (NORTHERN MINDANAO),26,0
2025,11,44,REGION XI (DAVAO REGION),37,0
2025,11,44,REGION XII (SOCCSKSARGEN),14,0
2025,11,44,REGION XIII (CARAGA),5,0
2025,11,45,BANGSAMORO AUTONOMOUS REGION IN MUSLIM MINDANAO (BARMM),58,0
2025,11,45,CORDILLERA ADMINISTRATIVE REGION (CAR),194,0
2025,11,45,MIMAROPA REGION,227,0
2025,11,45,NATIONAL CAPITAL REGION (NCR),174,2
2025,11,45,NEGROS ISLAND REGION (NIR),55,0
2025,11,45,REGION I (ILOCOS REGION),140,1
2025,11,45,REGION II (CAGAYAN VALLEY),63,0
2025,11,45,REGION III (CENTRAL LUZON),1143,3
2025,11,45,REGION IV-A (CALABARZON),550,2
2025,11,45,REGION IX (ZAMBOANGA PENINSULA),33,0
2025,11,45,REGION V (BICOL REGION),33,0
2025,11,45,REGION VI (WESTERN VISAYAS),208,0
2025,11,45,REGION VII (CENTRAL VISAYAS),149,0
2025,11,45,REGION VIII (EASTERN VISAYAS),5,0
2025,11,45,REGION X (NORTHERN MINDANAO),80,1
2025,11,45,REGION XI (DAVAO REGION),145,1
2025,11,45,REGION XII (SOCCSKSARGEN),28,0
2025,11,45,REGION XIII (CARAGA),49,0
2025,11,46,BANGSAMORO AUTONOMOUS REGION IN MUSLIM MINDANAO (BARMM),39,1
2025,11,46,CORDILLERA ADMINISTRATIVE REGION (CAR),150,0
2025,11,46,MIMAROPA REGION,221,2
2025,11,46,NATIONAL CAPITAL REGION (NCR),140,1
2025,11,46,NEGROS ISLAND REGION (NIR),61,0
2025,11,46,REGION I (ILOCOS REGION),188,0
2025,11,46,REGION II (CAGAYAN VALLEY),57,0
2025,11,46,REGION III (CENTRAL LUZON),1421,11
2025,11,46,REGION IV-A (CALABARZON),513,4
2025,11,46,REGION IX (ZAMBOANGA PENINSULA),35,0
2025,11,46,REGION V (BICOL REGION),48,0
2025,11,46,REGION VI (WESTERN VISAYAS),153,0
2025,11,46,REGION VII (CENTRAL VISAYAS),129,1
2025,11,46,REGION VIII (EASTERN VISAYAS),10,0
2025,11,46,REGION X (NORTHERN MINDANAO),105,1
2025,11,46,REGION XI (DAVAO REGION),110,0
2025,11,46,REGION XII (SOCCSKSARGEN),37,0
2025,11,46,REGION XIII (CARAGA),74,0
2025,11,47,BANGSAMORO AUTONOMOUS REGION IN MUSLIM MINDANAO (BARMM),45,3
2025,11,47,CORDILLERA ADMINISTRATIVE REGION (CAR),137,0
2025,11,47,MIMAROPA REGION,269,0
2025,11,47,NATIONAL CAPITAL REGION (NCR),151,0
2025,11,47,NEGROS ISLAND REGION (NIR),71,0
2025,11,47,REGION I (ILOCOS REGION),226,2
2025,11,47,REGION II (CAGAYAN VALLEY),70,0
2025,11,47,REGION III (CENTRAL LUZON),1696,3
2025,11,47,REGION IV-A (CALABARZON),493,6
2025,11,47,REGION IX (ZAMBOANGA PENINSULA),90,0
2025,11,47,REGION V (BICOL REGION),34,0
2025,11,47,REGION VI (WESTERN VISAYAS),103,0
2025,11,47,REGION VII (CENTRAL VISAYAS),100,0
2025,11,47,REGION VIII (EASTERN VISAYAS),4,0
2025,11,47,REGION X (NORTHERN MINDANAO),106,0
2025,11,47,REGION XI (DAVAO REGION),92,0
2025,11,47,REGION XII (SOCCSKSARGEN),53,0
2025,11,47,REGION XIII (CARAGA),40,0
2025,11,48,BANGSAMORO AUTONOMOUS REGION IN MUSLIM MINDANAO (BARMM),49,0
2025,11,48,CORDILLERA ADMINISTRATIVE REGION (CAR),109,0
2025,11,48,MIMAROPA REGION,249,1
2025,11,48,NATIONAL CAPITAL REGION (NCR),126,2
2025,11,48,NEGROS ISLAND REGION (NIR),54,0
2025,11,48,REGION I (ILOCOS REGION),194,0
2025,11,48,REGION II (CAGAYAN VALLEY),56,0
2025,11,48,REGION III (CENTRAL LUZON),1483,2
2025,11,48,REGION IV-A (CALABARZON),507,3
2025,11,48,REGION IX (ZAMBOANGA PENINSULA),49,0
2025,11,48,REGION V (BICOL REGION),32,0
2025,11,48,REGION VI (WESTERN VISAYAS),95,0
2025,11,48,REGION VII (CENTRAL VISAYAS),83,0
2025,11,48,REGION VIII (EASTERN VISAYAS),5,0
2025,11,48,REGION X (NORTHERN MINDANAO),66,1
2025,11,48,REGION XI (DAVAO REGION),141,0
2025,11,48,REGION XII (SOCCSKSARGEN),62,0
2025,11,48,REGION XIII (CARAGA),32,0
2025,11,49,BANGSAMORO AUTONOMOUS REGION IN MUSLIM MINDANAO (BARMM),4,0
2025,11,49,CORDILLERA ADMINISTRATIVE REGION (CAR),23,0
2025,11,49,MIMAROPA REGION,37,0
2025,11,49,NATIONAL CAPITAL REGION (NCR),26,0
2025,11,49,NEGROS ISLAND REGION (NIR),8,0
2025,11,49,REGION I (ILOCOS REGION),34,0
2025,11,49,REGION II (CAGAYAN VALLEY),14,0
2025,11,49,REGION III (CENTRAL LUZON),280,0
2025,11,49,REGION IV-A (CALABARZON),76,0
2025,11,49,REGION IX (ZAMBOANGA PENINSULA),11,0
2025,11,49,REGION V (BICOL REGION),4,0
2025,11,49,REGION VI (WESTERN VISAYAS),11,0
2025,11,49,REGION VII (CENTRAL VISAYAS),14,0
2025,11,49,REGION VIII (EASTERN VISAYAS),1,0
2025,11,49,REGION X (NORTHERN MINDANAO),13,0
2025,11,49,REGION XI (DAVAO REGION),30,0
2025,11,49,REGION XII (SOCCSKSARGEN),10,0
2025,11,49,REGION XIII (CARAGA),7,0
2025,12,49,BANGSAMORO AUTONOMOUS REGION IN MUSLIM MINDANAO (BARMM),53,0
2025,12,49,CORDILLERA ADMINISTRATIVE REGION (CAR),95,0
2025,12,49,MIMAROPA REGION,130,1
2025,12,49,NATIONAL CAPITAL REGION (NCR),127,0
2025,12,49,NEGROS ISLAND REGION (NIR),53,0
2025,12,49,REGION I (ILOCOS REGION),187,1
2025,12,49,REGION II (CAGAYAN VALLEY),34,0
2025,12,49,REGION III (CENTRAL LUZON),1465,6
2025,12,49,REGION IV-A (CALABARZON),386,2
2025,12,49,REGION IX (ZAMBOANGA PENINSULA),38,0
2025,12,49,REGION V (BICOL REGION),25,0
2025,12,49,REGION VI (WESTERN VISAYAS),66,0
2025,12,49,REGION VII (CENTRAL VISAYAS),98,1
2025,12,49,REGION VIII (EASTERN VISAYAS),5,0
2025,12,49,REGION X (NORTHERN MINDANAO),88,0
2025,12,49,REGION XI (DAVAO REGION),106,1
2025,12,49,REGION XII (SOCCSKSARGEN),30,0
2025,12,49,REGION XIII (CARAGA),29,0
2025,12,50,BANGSAMORO AUTONOMOUS REGION IN MUSLIM MINDANAO (BARMM),51,2
2025,12,50,CORDILLERA ADMINISTRATIVE REGION (CAR),86,0
2025,12,50,MIMAROPA REGION,152,1
2025,12,50,NATIONAL CAPITAL REGION (NCR),130,1
2025,12,50,NEGROS ISLAND REGION (NIR),56,0
2025,12,50,REGION I (ILOCOS REGION),141,1
2025,12,50,REGION II (CAGAYAN VALLEY),35,0
2025,12,50,REGION III (CENTRAL LUZON),1427,3
2025,12,50,REGION IV-A (CALABARZON),438,1
2025,12,50,REGION IX (ZAMBOANGA PENINSULA),40,0
2025,12,50,REGION V (BICOL REGION),27,0
2025,12,50,REGION VI (WESTERN VISAYAS),78,1
2025,12,50,REGION VII (CENTRAL VISAYAS),121,0
2025,12,50,REGION VIII (EASTERN VISAYAS),4,0
2025,12,50,REGION X (NORTHERN MINDANAO),88,0
2025,12,50,REGION XI (DAVAO REGION),65,0
2025,12,50,REGION XII (SOCCSKSARGEN),30,1
2025,12,50,REGION XIII (CARAGA),28,0
2025,12,51,BANGSAMORO AUTONOMOUS REGION IN MUSLIM MINDANAO (BARMM),48,2
2025,12,51,CORDILLERA ADMINISTRATIVE REGION (CAR),59,1
2025,12,51,MIMAROPA REGION,150,1
2025,12,51,NATIONAL CAPITAL REGION (NCR),113,0
2025,12,51,NEGROS ISLAND REGION (NIR),66,0
2025,12,51,REGION I (ILOCOS REGION),141,1
2025,12,51,REGION II (CAGAYAN VALLEY),33,0
2025,12,51,REGION III (CENTRAL LUZON),1047,1
2025,12,51,REGION IV-A (CALABARZON),394,1
2025,12,51,REGION IX (ZAMBOANGA PENINSULA),55,2
2025,12,51,REGION V (BICOL REGION),23,0
2025,12,51,REGION VI (WESTERN VISAYAS),54,0
2025,12,51,REGION VII (CENTRAL VISAYAS),116,0
2025,12,51,REGION VIII (EASTERN VISAYAS),4,0
2025,12,51,REGION X (NORTHERN MINDANAO),88,0
2025,12,51,REGION XI (DAVAO REGION),10,1
2025,12,51,REGION XII (SOCCSKSARGEN),17,0
2025,12,51,REGION XIII (CARAGA),31,0
2025,12,52,BANGSAMORO AUTONOMOUS REGION IN MUSLIM MINDANAO (BARMM),26,0
2025,12,52,CORDILLERA ADMINISTRATIVE REGION (CAR),75,0
2025,12,52,MIMAROPA REGION,107,0
2025,12,52,NATIONAL CAPITAL REGION (NCR),95,0
2025,12,52,NEGROS ISLAND REGION (NIR),64,0
2025,12,52,REGION I (ILOCOS REGION),183,0
2025,12,52,REGION II (CAGAYAN VALLEY),36,0
2025,12,52,REGION III (CENTRAL LUZON),460,1
2025,12,52,REGION IV-A (CALABARZON),359,1
2025,12,52,REGION IX (ZAMBOANGA PENINSULA),64,0
2025,12,52,REGION V (BICOL REGION),23,0
2025,12,52,REGION VI (WESTERN VISAYAS),27,0
2025,12,52,REGION VII (CENTRAL VISAYAS),90,1
2025,12,52,REGION VIII (EASTERN VISAYAS),3,0
2025,12,52,REGION X (NORTHERN MINDANAO),72,0
2025,12,52,REGION XI (DAVAO REGION),58,1
2025,12,52,REGION XII (SOCCSKSARGEN),16,0
2025,12,52,REGION XIII (CARAGA),27,0
2025,12,53,BANGSAMORO AUTONOMOUS REGION IN MUSLIM MINDANAO (BARMM),18,0
2025,12,53,CORDILLERA ADMINISTRATIVE REGION (CAR),43,0
2025,12,53,MIMAROPA REGION,64,0
2025,12,53,NATIONAL CAPITAL REGION (NCR),83,1
2025,12,53,NEGROS ISLAND REGION (NIR),34,0
2025,12,53,REGION I (ILOCOS REGION),106,0
2025,12,53,REGION II (CAGAYAN VALLEY),57,0
2025,12,53,REGION III (CENTRAL LUZON),341,2
2025,12,53,REGION IV-A (CALABARZON),208,1
2025,12,53,REGION IX (ZAMBOANGA PENINSULA),49,3
2025,12,53,REGION V (BICOL REGION),17,0
2025,12,53,REGION VI (WESTERN VISAYAS),21,0
2025,12,53,REGION VII (CENTRAL VISAYAS),50,0
2025,12,53,REGION VIII (EASTERN VISAYAS),2,0
2025,12,53,REGION X (NORTHERN MINDANAO),40,0
2025,12,53,REGION XI (DAVAO REGION),36,0
2025,12,53,REGION XII (SOCCSKSARGEN),24,0
2025,12,53,REGION XIII (CARAGA),21,0
2026,1,1,BANGSAMORO AUTONOMOUS REGION IN MUSLIM MINDANAO (BARMM),85,1
2026,1,1,CORDILLERA ADMINISTRATIVE REGION (CAR),91,0
2026,1,1,MIMAROPA REGION,182,4
2026,1,1,NATIONAL CAPITAL REGION (NCR),882,5
2026,1,1,NEGROS ISLAND REGION (NIR),99,1
2026,1,1,REGION I (ILOCOS REGION),182,0
2026,1,1,REGION II (CAGAYAN VALLEY),162,0
2026,1,1,REGION III (CENTRAL LUZON),1278,5
2026,1,1,REGION IV-A (CALABARZON),696,1
2026,1,1,REGION IX (ZAMBOANGA PENINSULA),155,0
2026,1,1,REGION V (BICOL REGION),48,0
2026,1,1,REGION VI (WESTERN VISAYAS),111,0
2026,1,1,REGION VII (CENTRAL VISAYAS),151,1
2026,1,1,REGION VIII (EASTERN VISAYAS),25,0
2026,1,1,REGION X (NORTHERN MINDANAO),79,0
2026,1,1,REGION XI (DAVAO REGION),205,1
2026,1,1,REGION XII (SOCCSKSARGEN),105,0
2026,1,1,REGION XIII (CARAGA),49,1
2026,1,2,BANGSAMORO AUTONOMOUS REGION IN MUSLIM MINDANAO (BARMM),90,1
2026,1,2,CORDILLERA ADMINISTRATIVE REGION (CAR),94,0
2026,1,2,MIMAROPA REGION,191,2
2026,1,2,NATIONAL CAPITAL REGION (NCR),830,5
2026,1,2,NEGROS ISLAND REGION (NIR),72,1
2026,1,2,REGION I (ILOCOS REGION),185,0
2026,1,2,REGION II (CAGAYAN VALLEY),122,0
2026,1,2,REGION III (CENTRAL LUZON),1255,9
2026,1,2,REGION IV-A (CALABARZON),702,2
2026,1,2,REGION IX (ZAMBOANGA PENINSULA),144,0
2026,1,2,REGION V (BICOL REGION),39,0
2026,1,2,REGION VI (WESTERN VISAYAS),98,0
2026,1,2,REGION VII (CENTRAL VISAYAS),165,1
2026,1,2,REGION VIII (EASTERN VISAYAS),15,0
2026,1,2,REGION X (NORTHERN MINDANAO),89,1
2026,1,2,REGION XI (DAVAO REGION),194,1
2026,1,2,REGION XII (SOCCSKSARGEN),71,0
2026,1,2,REGION XIII (CARAGA),41,0
2026,1,3,BANGSAMORO AUTONOMOUS REGION IN MUSLIM MINDANAO (BARMM),62,1
2026,1,3,CORDILLERA ADMINISTRATIVE REGION (CAR),83,0
2026,1,3,MIMAROPA REGION,182,0
2026,1,3,NATIONAL CAPITAL REGION (NCR),812,3
2026,1,3,NEGROS ISLAND REGION (NIR),72,0
2026,1,3,REGION I (ILOCOS REGION),193,0
2026,1,3,REGION II (CAGAYAN VALLEY),129,0
2026,1,3,REGION III (CENTRAL LUZON),1171,4
2026,1,3,REGION IV-A (CALABARZON),650,2
2026,1,3,REGION IX (ZAMBOANGA PENINSULA),161,0
2026,1,3,REGION V (BICOL REGION),41,0
2026,1,3,REGION VI (WESTERN VISAYAS),93,1
2026,1,3,REGION VII (CENTRAL VISAYAS),161,0
2026,1,3,REGION VIII (EASTERN VISAYAS),18,0
2026,1,3,REGION X (NORTHERN MINDANAO),91,1
2026,1,3,REGION XI (DAVAO REGION),154,0
2026,1,3,REGION XII (SOCCSKSARGEN),88,0
2026,1,3,REGION XIII (CARAGA),65,0
2026,1,4,BANGSAMORO AUTONOMOUS REGION IN MUSLIM MINDANAO (BARMM),73,0
2026,1,4,CORDILLERA ADMINISTRATIVE REGION (CAR),88,0
2026,1,4,MIMAROPA REGION,153,1
2026,1,4,NATIONAL CAPITAL REGION (NCR),682,2
2026,1,4,NEGROS ISLAND REGION (NIR),64,1
2026,1,4,REGION I (ILOCOS REGION),121,0
2026,1,4,REGION II (CAGAYAN VALLEY),112,0
2026,1,4,REGION III (CENTRAL LUZON),1016,3
2026,1,4,REGION IV-A (CALABARZON),469,0
2026,1,4,REGION IX (ZAMBOANGA PENINSULA),153,2
2026,1,4,REGION V (BICOL REGION),40,1
2026,1,4,REGION VI (WESTERN VISAYAS),89,1
2026,1,4,REGION VII (CENTRAL VISAYAS),141,2
2026,1,4,REGION VIII (EASTERN VISAYAS),25,0
2026,1,4,REGION X (NORTHERN MINDANAO),74,0
2026,1,4,REGION XI (DAVAO REGION),164,3
2026,1,4,REGION XII (SOCCSKSARGEN),106,0
2026,1,4,REGION XIII (CARAGA),37,1
2026,1,53,BANGSAMORO AUTONOMOUS REGION IN MUSLIM MINDANAO (BARMM),26,1
2026,1,53,CORDILLERA ADMINISTRATIVE REGION (CAR),49,0
2026,1,53,MIMAROPA REGION,68,1
2026,1,53,NATIONAL CAPITAL REGION (NCR),246,0
2026,1,53,NEGROS ISLAND REGION (NIR),39,0
2026,1,53,REGION I (ILOCOS REGION),83,0
2026,1,53,REGION II (CAGAYAN VALLEY),66,0
2026,1,53,REGION III (CENTRAL LUZON),594,4
2026,1,53,REGION IV-A (CALABARZON),252,2
2026,1,53,REGION IX (ZAMBOANGA PENINSULA),54,0
2026,1,53,REGION V (BICOL REGION),15,0
2026,1,53,REGION VI (WESTERN VISAYAS),41,0
2026,1,53,REGION VII (CENTRAL VISAYAS),48,0
2026,1,53,REGION VIII (EASTERN VISAYAS),4,0
2026,1,53,REGION X (NORTHERN MINDANAO),47,0
2026,1,53,REGION XI (DAVAO REGION),21,0
2026,1,53,REGION XII (SOCCSKSARGEN),46,0
2026,1,53,REGION XIII (CARAGA),21,0
2026,2,5,BANGSAMORO AUTONOMOUS REGION IN MUSLIM MINDANAO (BARMM),64,0
2026,2,5,CORDILLERA ADMINISTRATIVE REGION (CAR),105,0
2026,2,5,MIMAROPA REGION,143,1
2026,2,5,NATIONAL CAPITAL REGION (NCR),696,3
2026,2,5,NEGROS ISLAND REGION (NIR),51,0
2026,2,5,REGION I (ILOCOS REGION),125,0
2026,2,5,REGION II (CAGAYAN VALLEY),81,0
2026,2,5,REGION III (CENTRAL LUZON),883,3
2026,2,5,REGION IV-A (CALABARZON),512,4
2026,2,5,REGION IX (ZAMBOANGA PENINSULA),135,0
2026,2,5,REGION V (BICOL REGION),29,0
2026,2,5,REGION VI (WESTERN VISAYAS),89,0
2026,2,5,REGION VII (CENTRAL VISAYAS),124,0
2026,2,5,REGION VIII (EASTERN VISAYAS),32,0
2026,2,5,REGION X (NORTHERN MINDANAO),81,0
2026,2,5,REGION XI (DAVAO REGION),154,1
2026,2,5,REGION XII (SOCCSKSARGEN),78,0
2026,2,5,REGION XIII (CARAGA),59,0
2026,2,6,BANGSAMORO AUTONOMOUS REGION IN MUSLIM MINDANAO (BARMM),63,0
2026,2,6,CORDILLERA ADMINISTRATIVE REGION (CAR),112,0
2026,2,6,MIMAROPA REGION,142,1
2026,2,6,NATIONAL CAPITAL REGION (NCR),493,2
2026,2,6,NEGROS ISLAND REGION (NIR),80,0
2026,2,6,REGION I (ILOCOS REGION),111,0
2026,2,6,REGION II (CAGAYAN VALLEY),86,0
2026,2,6,REGION III (CENTRAL LUZON),705,1
2026,2,6,REGION IV-A (CALABARZON),387,2
2026,2,6,REGION IX (ZAMBOANGA PENINSULA),118,0
2026,2,6,REGION V (BICOL REGION),31,0
2026,2,6,REGION VI (WESTERN VISAYAS),84,0
2026,2,6,REGION VII (CENTRAL VISAYAS),136,0
2026,2,6,REGION VIII (EASTERN VISAYAS),24,0
2026,2,6,REGION X (NORTHERN MINDANAO),91,2
2026,2,6,REGION XI (DAVAO REGION),191,1
2026,2,6,REGION XII (SOCCSKSARGEN),43,0
2026,2,6,REGION XIII (CARAGA),48,1
2026,2,7,BANGSAMORO AUTONOMOUS REGION IN MUSLIM MINDANAO (BARMM),67,0
2026,2,7,CORDILLERA ADMINISTRATIVE REGION (CAR),88,0
2026,2,7,MIMAROPA REGION,148,0
2026,2,7,NATIONAL CAPITAL REGION (NCR),488,0
2026,2,7,NEGROS ISLAND REGION (NIR),75,1
2026,2,7,REGION I (ILOCOS REGION),96,0
2026,2,7,REGION II (CAGAYAN VALLEY),98,0
2026,2,7,REGION III (CENTRAL LUZON),705,3
2026,2,7,REGION IV-A (CALABARZON),385,2
2026,2,7,REGION IX (ZAMBOANGA PENINSULA),122,0
2026,2,7,REGION V (BICOL REGION),41,0
2026,2,7,REGION VI (WESTERN VISAYAS),85,1
2026,2,7,REGION VII (CENTRAL VISAYAS),146,1
2026,2,7,REGION VIII (EASTERN VISAYAS),22,0
2026,2,7,REGION X (NORTHERN MINDANAO),99,3
2026,2,7,REGION XI (DAVAO REGION),164,0
2026,2,7,REGION XII (SOCCSKSARGEN),53,0
2026,2,7,REGION XIII (CARAGA),61,1
2026,2,8,BANGSAMORO AUTONOMOUS REGION IN MUSLIM MINDANAO (BARMM),74,0
2026,2,8,CORDILLERA ADMINISTRATIVE REGION (CAR),90,0
2026,2,8,MIMAROPA REGION,131,2
2026,2,8,NATIONAL CAPITAL REGION (NCR),459,1
2026,2,8,NEGROS ISLAND REGION (NIR),74,0
2026,2,8,REGION I (ILOCOS REGION),92,0
2026,2,8,REGION II (CAGAYAN VALLEY),70,0
2026,2,8,REGION III (CENTRAL LUZON),608,3
2026,2,8,REGION IV-A (CALABARZON),341,2
2026,2,8,REGION IX (ZAMBOANGA PENINSULA),130,1
2026,2,8,REGION V (BICOL REGION),33,0
2026,2,8,REGION VI (WESTERN VISAYAS),88,0
2026,2,8,REGION VII (CENTRAL VISAYAS),176,3
2026,2,8,REGION VIII (EASTERN VISAYAS),31,0
2026,2,8,REGION X (NORTHERN MINDANAO),90,0
2026,2,8,REGION XI (DAVAO REGION),171,0
2026,2,8,REGION XII (SOCCSKSARGEN),47,1
2026,2,8,REGION XIII (CARAGA),55,0
2026,3,9,BANGSAMORO AUTONOMOUS REGION IN MUSLIM MINDANAO (BARMM),83,1
2026,3,9,CORDILLERA ADMINISTRATIVE REGION (CAR),70,0
2026,3,9,MIMAROPA REGION,132,1
2026,3,9,NATIONAL CAPITAL REGION (NCR),364,3
2026,3,9,NEGROS ISLAND REGION (NIR),88,0
2026,3,9,REGION I (ILOCOS REGION),108,0
2026,3,9,REGION II (CAGAYAN VALLEY),97,0
2026,3,9,REGION III (CENTRAL LUZON),591,1
2026,3,9,REGION IV-A (CALABARZON),323,4
2026,3,9,REGION IX (ZAMBOANGA PENINSULA),154,0
2026,3,9,REGION V (BICOL REGION),31,1
2026,3,9,REGION VI (WESTERN VISAYAS),88,1
2026,3,9,REGION VII (CENTRAL VISAYAS),178,3
2026,3,9,REGION VIII (EASTERN VISAYAS),18,0
2026,3,9,REGION X (NORTHERN MINDANAO),94,0
2026,3,9,REGION XI (DAVAO REGION),193,1
2026,3,9,REGION XII (SOCCSKSARGEN),64,0
2026,3,9,REGION XIII (CARAGA),52,0
2026,3,10,BANGSAMORO AUTONOMOUS REGION IN MUSLIM MINDANAO (BARMM),87,0
2026,3,10,CORDILLERA ADMINISTRATIVE REGION (CAR),76,0
2026,3,10,MIMAROPA REGION,114,1
2026,3,10,NATIONAL CAPITAL REGION (NCR),363,2
2026,3,10,NEGROS ISLAND REGION (NIR),85,2
2026,3,10,REGION I (ILOCOS REGION),107,0
2026,3,10,REGION II (CAGAYAN VALLEY),97,1
2026,3,10,REGION III (CENTRAL LUZON),503,1
2026,3,10,REGION IV-A (CALABARZON),303,6
2026,3,10,REGION IX (ZAMBOANGA PENINSULA),133,2
2026,3,10,REGION V (BICOL REGION),20,0
2026,3,10,REGION VI (WESTERN VISAYAS),93,0
2026,3,10,REGION VII (CENTRAL VISAYAS),157,1
2026,3,10,REGION VIII (EASTERN VISAYAS),21,0
2026,3,10,REGION X (NORTHERN MINDANAO),91,1
2026,3,10,REGION XI (DAVAO REGION),178,1
2026,3,10,REGION XII (SOCCSKSARGEN),59,2
2026,3,10,REGION XIII (CARAGA),50,0
2026,3,11,BANGSAMORO AUTONOMOUS REGION IN MUSLIM MINDANAO (BARMM),64,1
2026,3,11,CORDILLERA ADMINISTRATIVE REGION (CAR),55,1
2026,3,11,MIMAROPA REGION,118,0
2026,3,11,NATIONAL CAPITAL REGION (NCR),240,1
2026,3,11,NEGROS ISLAND REGION (NIR),48,1
2026,3,11,REGION I (ILOCOS REGION),94,1
2026,3,11,REGION II (CAGAYAN VALLEY),81,0
2026,3,11,REGION III (CENTRAL LUZON),383,0
2026,3,11,REGION IV-A (CALABARZON),247,1
2026,3,11,REGION IX (ZAMBOANGA PENINSULA),113,0
2026,3,11,REGION V (BICOL REGION),19,0
2026,3,11,REGION VI (WESTERN VISAYAS),72,1
2026,3,11,REGION VII (CENTRAL VISAYAS),166,0
2026,3,11,REGION VIII (EASTERN VISAYAS),17,0
2026,3,11,REGION X (NORTHERN MINDANAO),94,2
2026,3,11,REGION XI (DAVAO REGION),170,0
2026,3,11,REGION XII (SOCCSKSARGEN),55,0
2026,3,11,REGION XIII (CARAGA),48,0
2026,3,12,BANGSAMORO AUTONOMOUS REGION IN MUSLIM MINDANAO (BARMM),76,0
2026,3,12,CORDILLERA ADMINISTRATIVE REGION (CAR),61,0
2026,3,12,MIMAROPA REGION,84,2
2026,3,12,NATIONAL CAPITAL REGION (NCR),255,0
2026,3,12,NEGROS ISLAND REGION (NIR),61,0
2026,3,12,REGION I (ILOCOS REGION),62,1
2026,3,12,REGION II (CAGAYAN VALLEY),62,0
2026,3,12,REGION III (CENTRAL LUZON),325,1
2026,3,12,REGION IV-A (CALABARZON),259,1
2026,3,12,REGION IX (ZAMBOANGA PENINSULA),136,3
2026,3,12,REGION V (BICOL REGION),22,0
2026,3,12,REGION VI (WESTERN VISAYAS),87,1
2026,3,12,REGION VII (CENTRAL VISAYAS),160,2
2026,3,12,REGION VIII (EASTERN VISAYAS),26,0
2026,3,12,REGION X (NORTHERN MINDANAO),100,0
2026,3,12,REGION XI (DAVAO REGION),161,1
2026,3,12,REGION XII (SOCCSKSARGEN),111,2
2026,3,12,REGION XIII (CARAGA),48,0
2026,3,13,BANGSAMORO AUTONOMOUS REGION IN MUSLIM MINDANAO (BARMM),34,0
2026,3,13,CORDILLERA ADMINISTRATIVE REGION (CAR),31,0
2026,3,13,MIMAROPA REGION,34,0
2026,3,13,NATIONAL CAPITAL REGION (NCR),119,0
2026,3,13,NEGROS ISLAND REGION (NIR),23,0
2026,3,13,REGION I (ILOCOS REGION),31,0
2026,3,13,REGION II (CAGAYAN VALLEY),21,0
2026,3,13,REGION III (CENTRAL LUZON),135,0
2026,3,13,REGION IV-A (CALABARZON),107,0
2026,3,13,REGION IX (ZAMBOANGA PENINSULA),49,0
2026,3,13,REGION V (BICOL REGION),10,0
2026,3,13,REGION VI (WESTERN VISAYAS),29,0
2026,3,13,REGION VII (CENTRAL VISAYAS),42,1
2026,3,13,REGION VIII (EASTERN VISAYAS),7,0
2026,3,13,REGION X (NORTHERN MINDANAO),58,0
2026,3,13,REGION XI (DAVAO REGION),67,1
2026,3,13,REGION XII (SOCCSKSARGEN),44,1
2026,3,13,REGION XIII (CARAGA),18,0
2026,4,13,BANGSAMORO AUTONOMOUS REGION IN MUSLIM MINDANAO (BARMM),50,0
2026,4,13,CORDILLERA ADMINISTRATIVE REGION (CAR),26,0
2026,4,13,MIMAROPA REGION,45,0
2026,4,13,NATIONAL CAPITAL REGION (NCR),150,0
2026,4,13,NEGROS ISLAND REGION (NIR),28,0
2026,4,13,REGION I (ILOCOS REGION),34,0
2026,4,13,REGION II (CAGAYAN VALLEY),41,0
2026,4,13,REGION III (CENTRAL LUZON),222,0
2026,4,13,REGION IV-A (CALABARZON),139,0
2026,4,13,REGION IX (ZAMBOANGA PENINSULA),69,0
2026,4,13,REGION V (BICOL REGION),18,0
2026,4,13,REGION VI (WESTERN VISAYAS),41,0
2026,4,13,REGION VII (CENTRAL VISAYAS),71,1
2026,4,13,REGION VIII (EASTERN VISAYAS),15,0
2026,4,13,REGION X (NORTHERN MINDANAO),60,0
2026,4,13,REGION XI (DAVAO REGION),76,0
2026,4,13,REGION XII (SOCCSKSARGEN),78,1
2026,4,13,REGION XIII (CARAGA),35,0
2026,4,14,BANGSAMORO AUTONOMOUS REGION IN MUSLIM MINDANAO (BARMM),82,0
2026,4,14,CORDILLERA ADMINISTRATIVE REGION (CAR),54,0
2026,4,14,MIMAROPA REGION,92,0
2026,4,14,NATIONAL CAPITAL REGION (NCR),204,2
2026,4,14,NEGROS ISLAND REGION (NIR),45,0
2026,4,14,REGION I (ILOCOS REGION),68,0
2026,4,14,REGION II (CAGAYAN VALLEY),74,0
2026,4,14,REGION III (CENTRAL LUZON),294,2
2026,4,14,REGION IV-A (CALABARZON),226,0
2026,4,14,REGION IX (ZAMBOANGA PENINSULA),116,2
2026,4,14,REGION V (BICOL REGION),30,2
2026,4,14,REGION VI (WESTERN VISAYAS),80,1
2026,4,14,REGION VII (CENTRAL VISAYAS),125,0
2026,4,14,REGION VIII (EASTERN VISAYAS),29,0
2026,4,14,REGION X (NORTHERN MINDANAO),98,0
2026,4,14,REGION XI (DAVAO REGION),166,0
2026,4,14,REGION XII (SOCCSKSARGEN),108,0
2026,4,14,REGION XIII (CARAGA),59,1
2026,4,15,BANGSAMORO AUTONOMOUS REGION IN MUSLIM MINDANAO (BARMM),88,0
2026,4,15,CORDILLERA ADMINISTRATIVE REGION (CAR),54,0
2026,4,15,MIMAROPA REGION,120,2
2026,4,15,NATIONAL CAPITAL REGION (NCR),211,0
2026,4,15,NEGROS ISLAND REGION (NIR),63,1
2026,4,15,REGION I (ILOCOS REGION),73,0
2026,4,15,REGION II (CAGAYAN VALLEY),68,1
2026,4,15,REGION III (CENTRAL LUZON),298,0
2026,4,15,REGION IV-A (CALABARZON),268,1
2026,4,15,REGION IX (ZAMBOANGA PENINSULA),122,0
2026,4,15,REGION V (BICOL REGION),25,0
2026,4,15,REGION VI (WESTERN VISAYAS),92,0
2026,4,15,REGION VII (CENTRAL VISAYAS),138,1
2026,4,15,REGION VIII (EASTERN VISAYAS),25,0
2026,4,15,REGION X (NORTHERN MINDANAO),93,0
2026,4,15,REGION XI (DAVAO REGION),146,0
2026,4,15,REGION XII (SOCCSKSARGEN),141,0
2026,4,15,REGION XIII (CARAGA),57,1
2026,4,16,BANGSAMORO AUTONOMOUS REGION IN MUSLIM MINDANAO (BARMM),101,0
2026,4,16,CORDILLERA ADMINISTRATIVE REGION (CAR),65,0
2026,4,16,MIMAROPA REGION,101,0
2026,4,16,NATIONAL CAPITAL REGION (NCR),145,0
2026,4,16,NEGROS ISLAND REGION (NIR),45,0
2026,4,16,REGION I (ILOCOS REGION),58,0
2026,4,16,REGION II (CAGAYAN VALLEY),48,0
2026,4,16,REGION III (CENTRAL LUZON),272,0
2026,4,16,REGION IV-A (CALABARZON),224,0
2026,4,16,REGION IX (ZAMBOANGA PENINSULA),144,0
2026,4,16,REGION V (BICOL REGION),25,1
2026,4,16,REGION VI (WESTERN VISAYAS),69,2
2026,4,16,REGION VII (CENTRAL VISAYAS),122,1
2026,4,16,REGION VIII (EASTERN VISAYAS),25,0
2026,4,16,REGION X (NORTHERN MINDANAO),109,0
2026,4,16,REGION XI (DAVAO REGION),165,0
2026,4,16,REGION XII (SOCCSKSARGEN),190,0
2026,4,16,REGION XIII (CARAGA),37,0
2026,4,17,BANGSAMORO AUTONOMOUS REGION IN MUSLIM MINDANAO (BARMM),40,0
2026,4,17,CORDILLERA ADMINISTRATIVE REGION (CAR),39,0
2026,4,17,MIMAROPA REGION,58,0
2026,4,17,NATIONAL CAPITAL REGION (NCR),138,0
2026,4,17,NEGROS ISLAND REGION (NIR),26,0
2026,4,17,REGION I (ILOCOS REGION),51,0
2026,4,17,REGION II (CAGAYAN VALLEY),35,0
2026,4,17,REGION III (CENTRAL LUZON),170,1
2026,4,17,REGION IV-A (CALABARZON),168,0
2026,4,17,REGION IX (ZAMBOANGA PENINSULA),73,1
2026,4,17,REGION V (BICOL REGION),20,0
2026,4,17,REGION VI (WESTERN VISAYAS),54,0
2026,4,17,REGION VII (CENTRAL VISAYAS),99,0
2026,4,17,REGION VIII (EASTERN VISAYAS),18,0
2026,4,17,REGION X (NORTHERN MINDANAO),59,0
2026,4,17,REGION XI (DAVAO REGION),106,1
2026,4,17,REGION XII (SOCCSKSARGEN),123,2
2026,4,17,REGION XIII (CARAGA),26,0
2026,5,17,BANGSAMORO AUTONOMOUS REGION IN MUSLIM MINDANAO (BARMM),27,0
2026,5,17,CORDILLERA ADMINISTRATIVE REGION (CAR),22,0
2026,5,17,MIMAROPA REGION,37,1
2026,5,17,NATIONAL CAPITAL REGION (NCR),67,0
2026,5,17,NEGROS ISLAND REGION (NIR),13,0
2026,5,17,REGION I (ILOCOS REGION),26,0
2026,5,17,REGION II (CAGAYAN VALLEY),15,0
2026,5,17,REGION III (CENTRAL LUZON),70,0
2026,5,17,REGION IV-A (CALABARZON),81,0
2026,5,17,REGION IX (ZAMBOANGA PENINSULA),55,1
2026,5,17,REGION V (BICOL REGION),8,0
2026,5,17,REGION VI (WESTERN VISAYAS),26,0
2026,5,17,REGION VII (CENTRAL VISAYAS),40,1
2026,5,17,REGION VIII (EASTERN VISAYAS),5,0
2026,5,17,REGION X (NORTHERN MINDANAO),39,0
2026,5,17,REGION XI (DAVAO REGION),53,0
2026,5,17,REGION XII (SOCCSKSARGEN),78,0
2026,5,17,REGION XIII (CARAGA),18,0
2026,5,18,BANGSAMORO AUTONOMOUS REGION IN MUSLIM MINDANAO (BARMM),95,0
2026,5,18,CORDILLERA ADMINISTRATIVE REGION (CAR),70,0
2026,5,18,MIMAROPA REGION,92,0
2026,5,18,NATIONAL CAPITAL REGION (NCR),218,1
2026,5,18,NEGROS ISLAND REGION (NIR),53,0
2026,5,18,REGION I (ILOCOS REGION),77,0
2026,5,18,REGION II (CAGAYAN VALLEY),56,0
2026,5,18,REGION III (CENTRAL LUZON),223,0
2026,5,18,REGION IV-A (CALABARZON),231,0
2026,5,18,REGION IX (ZAMBOANGA PENINSULA),174,0
2026,5,18,REGION V (BICOL REGION),21,0
2026,5,18,REGION VI (WESTERN VISAYAS),57,0
2026,5,18,REGION VII (CENTRAL VISAYAS),103,1
2026,5,18,REGION VIII (EASTERN VISAYAS),19,0
2026,5,18,REGION X (NORTHERN MINDANAO),107,4
2026,5,18,REGION XI (DAVAO REGION),156,0
2026,5,18,REGION XII (SOCCSKSARGEN),205,0
2026,5,18,REGION XIII (CARAGA),53,1
2026,5,19,BANGSAMORO AUTONOMOUS REGION IN MUSLIM MINDANAO (BARMM),94,0
2026,5,19,CORDILLERA ADMINISTRATIVE REGION (CAR),68,1
2026,5,19,MIMAROPA REGION,93,0
2026,5,19,NATIONAL CAPITAL REGION (NCR),195,0
2026,5,19,NEGROS ISLAND REGION (NIR),49,0
2026,5,19,REGION I (ILOCOS REGION),88,1
2026,5,19,REGION II (CAGAYAN VALLEY),58,0
2026,5,19,REGION III (CENTRAL LUZON),240,1
2026,5,19,REGION IV-A (CALABARZON),238,2
2026,5,19,REGION IX (ZAMBOANGA PENINSULA),146,0
2026,5,19,REGION V (BICOL REGION),23,0
2026,5,19,REGION VI (WESTERN VISAYAS),62,0
2026,5,19,REGION VII (CENTRAL VISAYAS),120,0
2026,5,19,REGION VIII (EASTERN VISAYAS),15,0
2026,5,19,REGION X (NORTHERN MINDANAO),110,1
2026,5,19,REGION XI (DAVAO REGION),222,0
2026,5,19,REGION XII (SOCCSKSARGEN),194,0
2026,5,19,REGION XIII (CARAGA),34,0
2026,5,20,BANGSAMORO AUTONOMOUS REGION IN MUSLIM MINDANAO (BARMM),109,0
2026,5,20,CORDILLERA ADMINISTRATIVE REGION (CAR),72,0
2026,5,20,MIMAROPA REGION,82,0
2026,5,20,NATIONAL CAPITAL REGION (NCR),180,1
2026,5,20,NEGROS ISLAND REGION (NIR),43,0
2026,5,20,REGION I (ILOCOS REGION),110,1
2026,5,20,REGION II (CAGAYAN VALLEY),72,0
2026,5,20,REGION III (CENTRAL LUZON),218,1
2026,5,20,REGION IV-A (CALABARZON),216,0
2026,5,20,REGION IX (ZAMBOANGA PENINSULA),171,0
2026,5,20,REGION V (BICOL REGION),35,1
2026,5,20,REGION VI (WESTERN VISAYAS),65,2
2026,5,20,REGION VII (CENTRAL VISAYAS),126,0
2026,5,20,REGION VIII (EASTERN VISAYAS),22,0
2026,5,20,REGION X (NORTHERN MINDANAO),105,0
2026,5,20,REGION XI (DAVAO REGION),210,2
2026,5,20,REGION XII (SOCCSKSARGEN),162,0
2026,5,20,REGION XIII (CARAGA),58,0
2026,5,21,BANGSAMORO AUTONOMOUS REGION IN MUSLIM MINDANAO (BARMM),104,2
2026,5,21,CORDILLERA ADMINISTRATIVE REGION (CAR),92,0
2026,5,21,MIMAROPA REGION,78,1
2026,5,21,NATIONAL CAPITAL REGION (NCR),143,0
2026,5,21,NEGROS ISLAND REGION (NIR),47,0
2026,5,21,REGION I (ILOCOS REGION),125,0
2026,5,21,REGION II (CAGAYAN VALLEY),62,1
2026,5,21,REGION III (CENTRAL LUZON),209,0
2026,5,21,REGION IV-A (CALABARZON),234,1
2026,5,21,REGION IX (ZAMBOANGA PENINSULA),186,1
2026,5,21,REGION V (BICOL REGION),26,0
2026,5,21,REGION VI (WESTERN VISAYAS),65,0
2026,5,21,REGION VII (CENTRAL VISAYAS),126,1
2026,5,21,REGION VIII (EASTERN VISAYAS),26,0
2026,5,21,REGION X (NORTHERN MINDANAO),123,0
2026,5,21,REGION XI (DAVAO REGION),224,1
2026,5,21,REGION XII (SOCCSKSARGEN),214,1
2026,5,21,REGION XIII (CARAGA),55,0
2026,5,22,BANGSAMORO AUTONOMOUS REGION IN MUSLIM MINDANAO (BARMM),11,0
2026,5,22,CORDILLERA ADMINISTRATIVE REGION (CAR),13,0
2026,5,22,MIMAROPA REGION,16,0
2026,5,22,NATIONAL CAPITAL REGION (NCR),29,1
2026,5,22,NEGROS ISLAND REGION (NIR),12,0
2026,5,22,REGION I (ILOCOS REGION),18,0
2026,5,22,REGION II (CAGAYAN VALLEY),11,0
2026,5,22,REGION III (CENTRAL LUZON),30,1
2026,5,22,REGION IV-A (CALABARZON),31,0
2026,5,22,REGION IX (ZAMBOANGA PENINSULA),27,1
2026,5,22,REGION V (BICOL REGION),2,0
2026,5,22,REGION VI (WESTERN VISAYAS),11,0
2026,5,22,REGION VII (CENTRAL VISAYAS),20,0
2026,5,22,REGION VIII (EASTERN VISAYAS),2,0
2026,5,22,REGION X (NORTHERN MINDANAO),19,0
2026,5,22,REGION XI (DAVAO REGION),26,0
2026,5,22,REGION XII (SOCCSKSARGEN),36,1
2026,5,22,REGION XIII (CARAGA),8,1
2026,6,22,BANGSAMORO AUTONOMOUS REGION IN MUSLIM MINDANAO (BARMM),132,2
2026,6,22,CORDILLERA ADMINISTRATIVE REGION (CAR),108,0
2026,6,22,MIMAROPA REGION,91,0
2026,6,22,NATIONAL CAPITAL REGION (NCR),180,0
2026,6,22,NEGROS ISLAND REGION (NIR),56,0
2026,6,22,REGION I (ILOCOS REGION),89,0
2026,6,22,REGION II (CAGAYAN VALLEY),67,0
2026,6,22,REGION III (CENTRAL LUZON),236,0
2026,6,22,REGION IV-A (CALABARZON),231,1
2026,6,22,REGION IX (ZAMBOANGA PENINSULA),224,2
2026,6,22,REGION V (BICOL REGION),29,0
2026,6,22,REGION VI (WESTERN VISAYAS),82,0
2026,6,22,REGION VII (CENTRAL VISAYAS),115,2
2026,6,22,REGION VIII (EASTERN VISAYAS),29,0
2026,6,22,REGION X (NORTHERN MINDANAO),115,0
2026,6,22,REGION XI (DAVAO REGION),220,2
2026,6,22,REGION XII (SOCCSKSARGEN),195,0
2026,6,22,REGION XIII (CARAGA),50,0
2026,6,23,BANGSAMORO AUTONOMOUS REGION IN MUSLIM MINDANAO (BARMM),154,2
2026,6,23,CORDILLERA ADMINISTRATIVE REGION (CAR),154,0
2026,6,23,MIMAROPA REGION,137,2
2026,6,23,NATIONAL CAPITAL REGION (NCR),178,1
2026,6,23,NEGROS ISLAND REGION (NIR),74,0
2026,6,23,REGION I (ILOCOS REGION),142,1
2026,6,23,REGION II (CAGAYAN VALLEY),55,0
2026,6,23,REGION III (CENTRAL LUZON),282,2
2026,6,23,REGION IV-A (CALABARZON),289,5
2026,6,23,REGION IX (ZAMBOANGA PENINSULA),351,4
2026,6,23,REGION V (BICOL REGION),47,0
2026,6,23,REGION VI (WESTERN VISAYAS),98,1
2026,6,23,REGION VII (CENTRAL VISAYAS),148,1
2026,6,23,REGION VIII (EASTERN VISAYAS),39,0
2026,6,23,REGION X (NORTHERN MINDANAO),186,4
2026,6,23,REGION XI (DAVAO REGION),308,2
2026,6,23,REGION XII (SOCCSKSARGEN),307,2
2026,6,23,REGION XIII (CARAGA),58,1
2026,6,24,BANGSAMORO AUTONOMOUS REGION IN MUSLIM MINDANAO (BARMM),143,0
2026,6,24,CORDILLERA ADMINISTRATIVE REGION (CAR),207,2
2026,6,24,MIMAROPA REGION,169,0
2026,6,24,NATIONAL CAPITAL REGION (NCR),239,0
2026,6,24,NEGROS ISLAND REGION (NIR),94,1
2026,6,24,REGION I (ILOCOS REGION),171,2
2026,6,24,REGION II (CAGAYAN VALLEY),80,0
2026,6,24,REGION III (CENTRAL LUZON),392,2
2026,6,24,REGION IV-A (CALABARZON),335,1
2026,6,24,REGION IX (ZAMBOANGA PENINSULA),397,2
2026,6,24,REGION V (BICOL REGION),48,0
2026,6,24,REGION VI (WESTERN VISAYAS),117,1
2026,6,24,REGION VII (CENTRAL VISAYAS),201,1
2026,6,24,REGION VIII (EASTERN VISAYAS),51,0
2026,6,24,REGION X (NORTHERN MINDANAO),176,0
2026,6,24,REGION XI (DAVAO REGION),419,1
2026,6,24,REGION XII (SOCCSKSARGEN),414,0
2026,6,24,REGION XIII (CARAGA),114,0
2026,6,25,BANGSAMORO AUTONOMOUS REGION IN MUSLIM MINDANAO (BARMM),211,0
2026,6,25,CORDILLERA ADMINISTRATIVE REGION (CAR),217,1
2026,6,25,MIMAROPA REGION,189,1
2026,6,25,NATIONAL CAPITAL REGION (NCR),247,1
2026,6,25,NEGROS ISLAND REGION (NIR),107,0
2026,6,25,REGION I (ILOCOS REGION),218,1
2026,6,25,REGION II (CAGAYAN VALLEY),98,0
2026,6,25,REGION III (CENTRAL LUZON),458,2
2026,6,25,REGION IV-A (CALABARZON),372,1
2026,6,25,REGION IX (ZAMBOANGA PENINSULA),475,5
2026,6,25,REGION V (BICOL REGION),57,0
2026,6,25,REGION VI (WESTERN VISAYAS),150,0
2026,6,25,REGION VII (CENTRAL VISAYAS),221,1
2026,6,25,REGION VIII (EASTERN VISAYAS),53,0
2026,6,25,REGION X (NORTHERN MINDANAO),231,4
2026,6,25,REGION XI (DAVAO REGION),420,1
2026,6,25,REGION XII (SOCCSKSARGEN),438,0
2026,6,25,REGION XIII (CARAGA),98,1
2026,6,26,BANGSAMORO AUTONOMOUS REGION IN MUSLIM MINDANAO (BARMM),100,0
2026,6,26,CORDILLERA ADMINISTRATIVE REGION (CAR),143,0
2026,6,26,MIMAROPA REGION,75,0
2026,6,26,NATIONAL CAPITAL REGION (NCR),106,1
2026,6,26,NEGROS ISLAND REGION (NIR),39,1
2026,6,26,REGION I (ILOCOS REGION),138,0
2026,6,26,REGION II (CAGAYAN VALLEY),41,0
2026,6,26,REGION III (CENTRAL LUZON),210,1
2026,6,26,REGION IV-A (CALABARZON),168,1
2026,6,26,REGION IX (ZAMBOANGA PENINSULA),206,1
2026,6,26,REGION V (BICOL REGION),21,0
2026,6,26,REGION VI (WESTERN VISAYAS),81,0
2026,6,26,REGION VII (CENTRAL VISAYAS),116,0
2026,6,26,REGION VIII (EASTERN VISAYAS),21,0
2026,6,26,REGION X (NORTHERN MINDANAO),91,0
2026,6,26,REGION XI (DAVAO REGION),204,1
2026,6,26,REGION XII (SOCCSKSARGEN),226,0
2026,6,26,REGION XIII (CARAGA),50,0
2026,7,26,BANGSAMORO AUTONOMOUS REGION IN MUSLIM MINDANAO (BARMM),163,2
2026,7,26,CORDILLERA ADMINISTRATIVE REGION (CAR),221,1
2026,7,26,MIMAROPA REGION,125,1
2026,7,26,NATIONAL CAPITAL REGION (NCR),184,0
2026,7,26,NEGROS ISLAND REGION (NIR),97,1
2026,7,26,REGION I (ILOCOS REGION),157,0
2026,7,26,REGION II (CAGAYAN VALLEY),63,0
2026,7,26,REGION III (CENTRAL LUZON),290,1
2026,7,26,REGION IV-A (CALABARZON),209,1
2026,7,26,REGION IX (ZAMBOANGA PENINSULA),266,2
2026,7,26,REGION V (BICOL REGION),43,0
2026,7,26,REGION VI (WESTERN VISAYAS),124,0
2026,7,26,REGION VII (CENTRAL VISAYAS),168,0
2026,7,26,REGION VIII (EASTERN VISAYAS),31,0
2026,7,26,REGION X (NORTHERN MINDANAO),114,0
2026,7,26,REGION XI (DAVAO REGION),331,1
2026,7,26,REGION XII (SOCCSKSARGEN),289,0
2026,7,26,REGION XIII (CARAGA),87,0
2026,7,27,BANGSAMORO AUTONOMOUS REGION IN MUSLIM MINDANAO (BARMM),192,2
2026,7,27,CORDILLERA ADMINISTRATIVE REGION (CAR),427,2
2026,7,27,MIMAROPA REGION,247,1
2026,7,27,NATIONAL CAPITAL REGION (NCR),323,1
2026,7,27,NEGROS ISLAND REGION (NIR),181,1
2026,7,27,REGION I (ILOCOS REGION),372,2
2026,7,27,REGION II (CAGAYAN VALLEY),135,0
2026,7,27,REGION III (CENTRAL LUZON),677,2
2026,7,27,REGION IV-A (CALABARZON),423,3
2026,7,27,REGION IX (ZAMBOANGA PENINSULA),483,3
2026,7,27,REGION V (BICOL REGION),84,2
2026,7,27,REGION VI (WESTERN VISAYAS),299,0
2026,7,27,REGION VII (CENTRAL VISAYAS),352,2
2026,7,27,REGION VIII (EASTERN VISAYAS),81,0
2026,7,27,REGION X (NORTHERN MINDANAO),221,0
2026,7,27,REGION XI (DAVAO REGION),600,3
2026,7,27,REGION XII (SOCCSKSARGEN),481,3
2026,7,27,REGION XIII (CARAGA),151,1
2026,7,28,BANGSAMORO AUTONOMOUS REGION IN MUSLIM MINDANAO (BARMM),223,0
2026,7,28,CORDILLERA ADMINISTRATIVE REGION (CAR),457,1
2026,7,28,MIMAROPA REGION,288,1
2026,7,28,NATIONAL CAPITAL REGION (NCR),384,1
2026,7,28,NEGROS ISLAND REGION (NIR),208,1
2026,7,28,REGION I (ILOCOS REGION),470,2
2026,7,28,REGION II (CAGAYAN VALLEY),155,0
2026,7,28,REGION III (CENTRAL LUZON),731,2
2026,7,28,REGION IV-A (CALABARZON),503,1
2026,7,28,REGION IX (ZAMBOANGA PENINSULA),545,0
2026,7,28,REGION V (BICOL REGION),101,0
2026,7,28,REGION VI (WESTERN VISAYAS),300,0
2026,7,28,REGION VII (CENTRAL VISAYAS),402,2
2026,7,28,REGION VIII (EASTERN VISAYAS),81,0
2026,7,28,REGION X (NORTHERN MINDANAO),231,0
2026,7,28,REGION XI (DAVAO REGION),581,2
2026,7,28,REGION XII (SOCCSKSARGEN),257,0
2026,7,28,REGION XIII (CARAGA),195,2
2026,7,29,BANGSAMORO AUTONOMOUS REGION IN MUSLIM MINDANAO (BARMM),208,0
2026,7,29,CORDILLERA ADMINISTRATIVE REGION (CAR),505,0
2026,7,29,MIMAROPA REGION,271,3
2026,7,29,NATIONAL CAPITAL REGION (NCR),448,4
2026,7,29,NEGROS ISLAND REGION (NIR),264,1
2026,7,29,REGION I (ILOCOS REGION),547,1
2026,7,29,REGION II (CAGAYAN VALLEY),156,0
2026,7,29,REGION III (CENTRAL LUZON),901,6
2026,7,29,REGION IV-A (CALABARZON),616,0
2026,7,29,REGION IX (ZAMBOANGA PENINSULA),421,1
2026,7,29,REGION V (BICOL REGION),112,0
2026,7,29,REGION VI (WESTERN VISAYAS),399,1
2026,7,29,REGION VII (CENTRAL VISAYAS),471,2
2026,7,29,REGION VIII (EASTERN VISAYAS),108,0
2026,7,29,REGION X (NORTHERN MINDANAO),255,1
2026,7,29,REGION XI (DAVAO REGION),545,3
2026,7,29,REGION XII (SOCCSKSARGEN),336,1
2026,7,29,REGION XIII (CARAGA),207,2
2026,7,30,BANGSAMORO AUTONOMOUS REGION IN MUSLIM MINDANAO (BARMM),191,1
2026,7,30,CORDILLERA ADMINISTRATIVE REGION (CAR),455,2
2026,7,30,MIMAROPA REGION,243,3
2026,7,30,NATIONAL CAPITAL REGION (NCR),415,0
2026,7,30,NEGROS ISLAND REGION (NIR),226,0
2026,7,30,REGION I (ILOCOS REGION),496,1
2026,7,30,REGION II (CAGAYAN VALLEY),147,0
2026,7,30,REGION III (CENTRAL LUZON),692,1
2026,7,30,REGION IV-A (CALABARZON),519,0
2026,7,30,REGION IX (ZAMBOANGA PENINSULA),350,1
2026,7,30,REGION V (BICOL REGION),124,1
2026,7,30,REGION VI (WESTERN VISAYAS),374,3
2026,7,30,REGION VII (CENTRAL VISAYAS),468,4
2026,7,30,REGION VIII (EASTERN VISAYAS),67,0
2026,7,30,REGION X (NORTHERN MINDANAO),209,0
2026,7,30,REGION XI (DAVAO REGION),536,1
2026,7,30,REGION XII (SOCCSKSARGEN),381,0
2026,7,30,REGION XIII (CARAGA),225,2
2026,8,30,BANGSAMORO AUTONOMOUS REGION IN MUSLIM MINDANAO (BARMM),58,0
2026,8,30,CORDILLERA ADMINISTRATIVE REGION (CAR),68,0
2026,8,30,MIMAROPA REGION,80,1
2026,8,30,NATIONAL CAPITAL REGION (NCR),71,0
2026,8,30,NEGROS ISLAND REGION (NIR),37,0
2026,8,30,REGION I (ILOCOS REGION),84,1
2026,8,30,REGION II (CAGAYAN VALLEY),30,0
2026,8,30,REGION III (CENTRAL LUZON),158,1
2026,8,30,REGION IV-A (CALABARZON),114,1
2026,8,30,REGION IX (ZAMBOANGA PENINSULA),87,1
2026,8,30,REGION V (BICOL REGION),25,0
2026,8,30,REGION VI (WESTERN VISAYAS),88,0
2026,8,30,REGION VII (CENTRAL VISAYAS),112,1
2026,8,30,REGION VIII (EASTERN VISAYAS),15,0
2026,8,30,REGION X (NORTHERN MINDANAO),57,0
2026,8,30,REGION XI (DAVAO REGION),101,1
2026,8,30,REGION XII (SOCCSKSARGEN),87,0
2026,8,30,REGION XIII (CARAGA),48,0
2026,8,31,BANGSAMORO AUTONOMOUS REGION IN MUSLIM MINDANAO (BARMM),239,1
2026,8,31,CORDILLERA ADMINISTRATIVE REGION (CAR),403,1
2026,8,31,MIMAROPA REGION,301,0
2026,8,31,NATIONAL CAPITAL REGION (NCR),420,2
2026,8,31,NEGROS ISLAND REGION (NIR),267,1
2026,8,31,REGION I (ILOCOS REGION),593,0
2026,8,31,REGION II (CAGAYAN VALLEY),150,1
2026,8,31,REGION III (CENTRAL LUZON),770,1
2026,8,31,REGION IV-A (CALABARZON),606,1
2026,8,31,REGION IX (ZAMBOANGA PENINSULA),486,3
2026,8,31,REGION V (BICOL REGION),147,2
2026,8,31,REGION VI (WESTERN VISAYAS),434,0
2026,8,31,REGION VII (CENTRAL VISAYAS),636,5
2026,8,31,REGION VIII (EASTERN VISAYAS),129,0
2026,8,31,REGION X (NORTHERN MINDANAO),250,1
2026,8,31,REGION XI (DAVAO REGION),678,0
2026,8,31,REGION XII (SOCCSKSARGEN),464,1
2026,8,31,REGION XIII (CARAGA),263,0
2026,8,32,BANGSAMORO AUTONOMOUS REGION IN MUSLIM MINDANAO (BARMM),201,0
2026,8,32,CORDILLERA ADMINISTRATIVE REGION (CAR),380,2
2026,8,32,MIMAROPA REGION,262,0
2026,8,32,NATIONAL CAPITAL REGION (NCR),381,1
2026,8,32,NEGROS ISLAND REGION (NIR),244,1
2026,8,32,REGION I (ILOCOS REGION),545,1
2026,8,32,REGION II (CAGAYAN VALLEY),230,0
2026,8,32,REGION III (CENTRAL LUZON),673,1
2026,8,32,REGION IV-A (CALABARZON),552,2
2026,8,32,REGION IX (ZAMBOANGA PENINSULA),468,3
2026,8,32,REGION V (BICOL REGION),131,0
2026,8,32,REGION VI (WESTERN VISAYAS),503,1
2026,8,32,REGION VII (CENTRAL VISAYAS),842,10
2026,8,32,REGION VIII (EASTERN VISAYAS),107,0
2026,8,32,REGION X (NORTHERN MINDANAO),237,1
2026,8,32,REGION XI (DAVAO REGION),654,1
2026,8,32,REGION XII (SOCCSKSARGEN),401,1
2026,8,32,REGION XIII (CARAGA),229,0
2026,8,33,BANGSAMORO AUTONOMOUS REGION IN MUSLIM MINDANAO (BARMM),72,0
2026,8,33,CORDILLERA ADMINISTRATIVE REGION (CAR),145,0
2026,8,33,MIMAROPA REGION,111,0
2026,8,33,NATIONAL CAPITAL REGION (NCR),135,0
2026,8,33,NEGROS ISLAND REGION (NIR),64,0
2026,8,33,REGION I (ILOCOS REGION),250,0
2026,8,33,REGION II (CAGAYAN VALLEY),99,0
2026,8,33,REGION III (CENTRAL LUZON),250,2
2026,8,33,REGION IV-A (CALABARZON),218,0
2026,8,33,REGION IX (ZAMBOANGA PENINSULA),103,0
2026,8,33,REGION V (BICOL REGION),25,0
2026,8,33,REGION VI (WESTERN VISAYAS),175,2
2026,8,33,REGION VII (CENTRAL VISAYAS),304,1
2026,8,33,REGION VIII (EASTERN VISAYAS),20,0
2026,8,33,REGION X (NORTHERN MINDANAO),81,0
2026,8,33,REGION XI (DAVAO REGION),220,0
2026,8,33,REGION XII (SOCCSKSARGEN),85,0
2026,8,33,REGION XIII (CARAGA),47,0